[2026-05-08T13:59:56.216+0000] {processor.py:161} INFO - Started process (PID=100) to work on /opt/airflow/dags/job_etl_dag.py
[2026-05-08T13:59:56.218+0000] {processor.py:830} INFO - Processing file /opt/airflow/dags/job_etl_dag.py for tasks to queue
[2026-05-08T13:59:56.220+0000] {logging_mixin.py:188} INFO - [2026-05-08T13:59:56.219+0000] {dagbag.py:538} INFO - Filling up the DagBag from /opt/airflow/dags/job_etl_dag.py
[2026-05-08T13:59:56.265+0000] {processor.py:840} INFO - DAG(s) 'job_market_etl' retrieved from /opt/airflow/dags/job_etl_dag.py
[2026-05-08T13:59:56.526+0000] {logging_mixin.py:188} INFO - [2026-05-08T13:59:56.525+0000] {override.py:1769} INFO - Created Permission View: can delete on DAG:job_market_etl
[2026-05-08T13:59:56.549+0000] {logging_mixin.py:188} INFO - [2026-05-08T13:59:56.548+0000] {override.py:1769} INFO - Created Permission View: can edit on DAG:job_market_etl
[2026-05-08T13:59:56.567+0000] {logging_mixin.py:188} INFO - [2026-05-08T13:59:56.566+0000] {override.py:1769} INFO - Created Permission View: can read on DAG:job_market_etl
[2026-05-08T13:59:56.569+0000] {logging_mixin.py:188} INFO - [2026-05-08T13:59:56.568+0000] {dag.py:3036} INFO - Sync 1 DAGs
[2026-05-08T13:59:56.595+0000] {logging_mixin.py:188} INFO - [2026-05-08T13:59:56.595+0000] {dag.py:3058} INFO - Creating ORM DAG for job_market_etl
[2026-05-08T13:59:56.597+0000] {logging_mixin.py:188} INFO - [2026-05-08T13:59:56.597+0000] {dag.py:3823} INFO - Setting next_dagrun for job_market_etl to None, run_after=None
[2026-05-08T13:59:56.639+0000] {processor.py:183} INFO - Processing /opt/airflow/dags/job_etl_dag.py took 0.428 seconds
[2026-05-08T14:00:26.912+0000] {processor.py:161} INFO - Started process (PID=101) to work on /opt/airflow/dags/job_etl_dag.py
[2026-05-08T14:00:26.914+0000] {processor.py:830} INFO - Processing file /opt/airflow/dags/job_etl_dag.py for tasks to queue
[2026-05-08T14:00:26.916+0000] {logging_mixin.py:188} INFO - [2026-05-08T14:00:26.915+0000] {dagbag.py:538} INFO - Filling up the DagBag from /opt/airflow/dags/job_etl_dag.py
[2026-05-08T14:00:26.951+0000] {processor.py:840} INFO - DAG(s) 'job_market_etl' retrieved from /opt/airflow/dags/job_etl_dag.py
[2026-05-08T14:00:27.001+0000] {logging_mixin.py:188} INFO - [2026-05-08T14:00:27.001+0000] {dag.py:3036} INFO - Sync 1 DAGs
[2026-05-08T14:00:27.023+0000] {logging_mixin.py:188} INFO - [2026-05-08T14:00:27.023+0000] {dag.py:3823} INFO - Setting next_dagrun for job_market_etl to None, run_after=None
[2026-05-08T14:00:27.060+0000] {processor.py:183} INFO - Processing /opt/airflow/dags/job_etl_dag.py took 0.154 seconds
[2026-05-08T14:00:57.153+0000] {processor.py:161} INFO - Started process (PID=102) to work on /opt/airflow/dags/job_etl_dag.py
[2026-05-08T14:00:57.155+0000] {processor.py:830} INFO - Processing file /opt/airflow/dags/job_etl_dag.py for tasks to queue
[2026-05-08T14:00:57.158+0000] {logging_mixin.py:188} INFO - [2026-05-08T14:00:57.157+0000] {dagbag.py:538} INFO - Filling up the DagBag from /opt/airflow/dags/job_etl_dag.py
[2026-05-08T14:00:57.191+0000] {processor.py:840} INFO - DAG(s) 'job_market_etl' retrieved from /opt/airflow/dags/job_etl_dag.py
[2026-05-08T14:00:57.242+0000] {logging_mixin.py:188} INFO - [2026-05-08T14:00:57.241+0000] {dag.py:3036} INFO - Sync 1 DAGs
[2026-05-08T14:00:57.262+0000] {logging_mixin.py:188} INFO - [2026-05-08T14:00:57.261+0000] {dag.py:3823} INFO - Setting next_dagrun for job_market_etl to None, run_after=None
[2026-05-08T14:00:57.293+0000] {processor.py:183} INFO - Processing /opt/airflow/dags/job_etl_dag.py took 0.145 seconds
[2026-05-08T14:01:08.405+0000] {processor.py:161} INFO - Started process (PID=103) to work on /opt/airflow/dags/job_etl_dag.py
[2026-05-08T14:01:08.407+0000] {processor.py:830} INFO - Processing file /opt/airflow/dags/job_etl_dag.py for tasks to queue
[2026-05-08T14:01:08.409+0000] {logging_mixin.py:188} INFO - [2026-05-08T14:01:08.409+0000] {dagbag.py:538} INFO - Filling up the DagBag from /opt/airflow/dags/job_etl_dag.py
[2026-05-08T14:01:08.454+0000] {processor.py:840} INFO - DAG(s) 'job_market_etl' retrieved from /opt/airflow/dags/job_etl_dag.py
[2026-05-08T14:01:08.497+0000] {logging_mixin.py:188} INFO - [2026-05-08T14:01:08.497+0000] {dag.py:3036} INFO - Sync 1 DAGs
[2026-05-08T14:01:08.513+0000] {logging_mixin.py:188} INFO - [2026-05-08T14:01:08.512+0000] {dag.py:3823} INFO - Setting next_dagrun for job_market_etl to None, run_after=None
[2026-05-08T14:01:08.550+0000] {processor.py:183} INFO - Processing /opt/airflow/dags/job_etl_dag.py took 0.150 seconds
[2026-05-08T14:01:38.655+0000] {processor.py:161} INFO - Started process (PID=104) to work on /opt/airflow/dags/job_etl_dag.py
[2026-05-08T14:01:38.657+0000] {processor.py:830} INFO - Processing file /opt/airflow/dags/job_etl_dag.py for tasks to queue
[2026-05-08T14:01:38.659+0000] {logging_mixin.py:188} INFO - [2026-05-08T14:01:38.658+0000] {dagbag.py:538} INFO - Filling up the DagBag from /opt/airflow/dags/job_etl_dag.py
[2026-05-08T14:01:38.689+0000] {processor.py:840} INFO - DAG(s) 'job_market_etl' retrieved from /opt/airflow/dags/job_etl_dag.py
[2026-05-08T14:01:38.734+0000] {logging_mixin.py:188} INFO - [2026-05-08T14:01:38.733+0000] {dag.py:3036} INFO - Sync 1 DAGs
[2026-05-08T14:01:38.749+0000] {logging_mixin.py:188} INFO - [2026-05-08T14:01:38.749+0000] {dag.py:3823} INFO - Setting next_dagrun for job_market_etl to None, run_after=None
[2026-05-08T14:01:38.779+0000] {processor.py:183} INFO - Processing /opt/airflow/dags/job_etl_dag.py took 0.129 seconds
[2026-05-08T14:02:09.037+0000] {processor.py:161} INFO - Started process (PID=105) to work on /opt/airflow/dags/job_etl_dag.py
[2026-05-08T14:02:09.040+0000] {processor.py:830} INFO - Processing file /opt/airflow/dags/job_etl_dag.py for tasks to queue
[2026-05-08T14:02:09.042+0000] {logging_mixin.py:188} INFO - [2026-05-08T14:02:09.042+0000] {dagbag.py:538} INFO - Filling up the DagBag from /opt/airflow/dags/job_etl_dag.py
[2026-05-08T14:02:09.077+0000] {processor.py:840} INFO - DAG(s) 'job_market_etl' retrieved from /opt/airflow/dags/job_etl_dag.py
[2026-05-08T14:02:09.121+0000] {logging_mixin.py:188} INFO - [2026-05-08T14:02:09.120+0000] {dag.py:3036} INFO - Sync 1 DAGs
[2026-05-08T14:02:09.137+0000] {logging_mixin.py:188} INFO - [2026-05-08T14:02:09.137+0000] {dag.py:3823} INFO - Setting next_dagrun for job_market_etl to None, run_after=None
[2026-05-08T14:02:09.169+0000] {processor.py:183} INFO - Processing /opt/airflow/dags/job_etl_dag.py took 0.137 seconds
[2026-05-08T14:02:39.282+0000] {processor.py:161} INFO - Started process (PID=106) to work on /opt/airflow/dags/job_etl_dag.py
[2026-05-08T14:02:39.284+0000] {processor.py:830} INFO - Processing file /opt/airflow/dags/job_etl_dag.py for tasks to queue
[2026-05-08T14:02:39.286+0000] {logging_mixin.py:188} INFO - [2026-05-08T14:02:39.286+0000] {dagbag.py:538} INFO - Filling up the DagBag from /opt/airflow/dags/job_etl_dag.py
[2026-05-08T14:02:39.318+0000] {processor.py:840} INFO - DAG(s) 'job_market_etl' retrieved from /opt/airflow/dags/job_etl_dag.py
[2026-05-08T14:02:39.366+0000] {logging_mixin.py:188} INFO - [2026-05-08T14:02:39.365+0000] {dag.py:3036} INFO - Sync 1 DAGs
[2026-05-08T14:02:39.381+0000] {logging_mixin.py:188} INFO - [2026-05-08T14:02:39.381+0000] {dag.py:3823} INFO - Setting next_dagrun for job_market_etl to None, run_after=None
[2026-05-08T14:02:39.428+0000] {processor.py:183} INFO - Processing /opt/airflow/dags/job_etl_dag.py took 0.152 seconds
[2026-05-08T14:02:40.428+0000] {processor.py:161} INFO - Started process (PID=107) to work on /opt/airflow/dags/job_etl_dag.py
[2026-05-08T14:02:40.430+0000] {processor.py:830} INFO - Processing file /opt/airflow/dags/job_etl_dag.py for tasks to queue
[2026-05-08T14:02:40.432+0000] {logging_mixin.py:188} INFO - [2026-05-08T14:02:40.432+0000] {dagbag.py:538} INFO - Filling up the DagBag from /opt/airflow/dags/job_etl_dag.py
[2026-05-08T14:02:40.479+0000] {processor.py:840} INFO - DAG(s) 'job_market_etl' retrieved from /opt/airflow/dags/job_etl_dag.py
[2026-05-08T14:02:40.516+0000] {logging_mixin.py:188} INFO - [2026-05-08T14:02:40.516+0000] {dag.py:3036} INFO - Sync 1 DAGs
[2026-05-08T14:02:40.533+0000] {logging_mixin.py:188} INFO - [2026-05-08T14:02:40.533+0000] {dag.py:3823} INFO - Setting next_dagrun for job_market_etl to None, run_after=None
[2026-05-08T14:02:40.570+0000] {processor.py:183} INFO - Processing /opt/airflow/dags/job_etl_dag.py took 0.147 seconds
[2026-05-08T14:02:41.509+0000] {processor.py:161} INFO - Started process (PID=108) to work on /opt/airflow/dags/job_etl_dag.py
[2026-05-08T14:02:41.511+0000] {processor.py:830} INFO - Processing file /opt/airflow/dags/job_etl_dag.py for tasks to queue
[2026-05-08T14:02:41.513+0000] {logging_mixin.py:188} INFO - [2026-05-08T14:02:41.513+0000] {dagbag.py:538} INFO - Filling up the DagBag from /opt/airflow/dags/job_etl_dag.py
[2026-05-08T14:02:41.560+0000] {processor.py:840} INFO - DAG(s) 'job_market_etl' retrieved from /opt/airflow/dags/job_etl_dag.py
[2026-05-08T14:02:41.605+0000] {logging_mixin.py:188} INFO - [2026-05-08T14:02:41.604+0000] {dag.py:3036} INFO - Sync 1 DAGs
[2026-05-08T14:02:41.623+0000] {logging_mixin.py:188} INFO - [2026-05-08T14:02:41.623+0000] {dag.py:3823} INFO - Setting next_dagrun for job_market_etl to None, run_after=None
[2026-05-08T14:02:41.677+0000] {processor.py:183} INFO - Processing /opt/airflow/dags/job_etl_dag.py took 0.174 seconds
[2026-05-08T14:03:11.865+0000] {processor.py:161} INFO - Started process (PID=109) to work on /opt/airflow/dags/job_etl_dag.py
[2026-05-08T14:03:11.869+0000] {processor.py:830} INFO - Processing file /opt/airflow/dags/job_etl_dag.py for tasks to queue
[2026-05-08T14:03:11.871+0000] {logging_mixin.py:188} INFO - [2026-05-08T14:03:11.870+0000] {dagbag.py:538} INFO - Filling up the DagBag from /opt/airflow/dags/job_etl_dag.py
[2026-05-08T14:03:11.906+0000] {processor.py:840} INFO - DAG(s) 'job_market_etl' retrieved from /opt/airflow/dags/job_etl_dag.py
[2026-05-08T14:03:11.974+0000] {logging_mixin.py:188} INFO - [2026-05-08T14:03:11.974+0000] {dag.py:3036} INFO - Sync 1 DAGs
[2026-05-08T14:03:11.994+0000] {logging_mixin.py:188} INFO - [2026-05-08T14:03:11.994+0000] {dag.py:3823} INFO - Setting next_dagrun for job_market_etl to None, run_after=None
[2026-05-08T14:03:12.030+0000] {processor.py:183} INFO - Processing /opt/airflow/dags/job_etl_dag.py took 0.171 seconds
[2026-05-08T14:03:42.172+0000] {processor.py:161} INFO - Started process (PID=110) to work on /opt/airflow/dags/job_etl_dag.py
[2026-05-08T14:03:42.174+0000] {processor.py:830} INFO - Processing file /opt/airflow/dags/job_etl_dag.py for tasks to queue
[2026-05-08T14:03:42.176+0000] {logging_mixin.py:188} INFO - [2026-05-08T14:03:42.175+0000] {dagbag.py:538} INFO - Filling up the DagBag from /opt/airflow/dags/job_etl_dag.py
[2026-05-08T14:03:42.207+0000] {processor.py:840} INFO - DAG(s) 'job_market_etl' retrieved from /opt/airflow/dags/job_etl_dag.py
[2026-05-08T14:03:42.250+0000] {logging_mixin.py:188} INFO - [2026-05-08T14:03:42.250+0000] {dag.py:3036} INFO - Sync 1 DAGs
[2026-05-08T14:03:42.267+0000] {logging_mixin.py:188} INFO - [2026-05-08T14:03:42.266+0000] {dag.py:3823} INFO - Setting next_dagrun for job_market_etl to None, run_after=None
[2026-05-08T14:03:42.325+0000] {processor.py:183} INFO - Processing /opt/airflow/dags/job_etl_dag.py took 0.157 seconds
[2026-05-08T14:04:12.528+0000] {processor.py:161} INFO - Started process (PID=111) to work on /opt/airflow/dags/job_etl_dag.py
[2026-05-08T14:04:12.530+0000] {processor.py:830} INFO - Processing file /opt/airflow/dags/job_etl_dag.py for tasks to queue
[2026-05-08T14:04:12.532+0000] {logging_mixin.py:188} INFO - [2026-05-08T14:04:12.532+0000] {dagbag.py:538} INFO - Filling up the DagBag from /opt/airflow/dags/job_etl_dag.py
[2026-05-08T14:04:12.564+0000] {processor.py:840} INFO - DAG(s) 'job_market_etl' retrieved from /opt/airflow/dags/job_etl_dag.py
[2026-05-08T14:04:12.607+0000] {logging_mixin.py:188} INFO - [2026-05-08T14:04:12.607+0000] {dag.py:3036} INFO - Sync 1 DAGs
[2026-05-08T14:04:12.643+0000] {logging_mixin.py:188} INFO - [2026-05-08T14:04:12.642+0000] {dag.py:3823} INFO - Setting next_dagrun for job_market_etl to None, run_after=None
[2026-05-08T14:04:12.700+0000] {processor.py:183} INFO - Processing /opt/airflow/dags/job_etl_dag.py took 0.178 seconds
[2026-05-08T14:04:42.812+0000] {processor.py:161} INFO - Started process (PID=112) to work on /opt/airflow/dags/job_etl_dag.py
[2026-05-08T14:04:42.815+0000] {processor.py:830} INFO - Processing file /opt/airflow/dags/job_etl_dag.py for tasks to queue
[2026-05-08T14:04:42.817+0000] {logging_mixin.py:188} INFO - [2026-05-08T14:04:42.816+0000] {dagbag.py:538} INFO - Filling up the DagBag from /opt/airflow/dags/job_etl_dag.py
[2026-05-08T14:04:42.851+0000] {processor.py:840} INFO - DAG(s) 'job_market_etl' retrieved from /opt/airflow/dags/job_etl_dag.py
[2026-05-08T14:04:42.902+0000] {logging_mixin.py:188} INFO - [2026-05-08T14:04:42.901+0000] {dag.py:3036} INFO - Sync 1 DAGs
[2026-05-08T14:04:42.917+0000] {logging_mixin.py:188} INFO - [2026-05-08T14:04:42.917+0000] {dag.py:3823} INFO - Setting next_dagrun for job_market_etl to None, run_after=None
[2026-05-08T14:04:42.976+0000] {processor.py:183} INFO - Processing /opt/airflow/dags/job_etl_dag.py took 0.169 seconds
[2026-05-08T14:05:13.244+0000] {processor.py:161} INFO - Started process (PID=113) to work on /opt/airflow/dags/job_etl_dag.py
[2026-05-08T14:05:13.247+0000] {processor.py:830} INFO - Processing file /opt/airflow/dags/job_etl_dag.py for tasks to queue
[2026-05-08T14:05:13.249+0000] {logging_mixin.py:188} INFO - [2026-05-08T14:05:13.248+0000] {dagbag.py:538} INFO - Filling up the DagBag from /opt/airflow/dags/job_etl_dag.py
[2026-05-08T14:05:13.282+0000] {processor.py:840} INFO - DAG(s) 'job_market_etl' retrieved from /opt/airflow/dags/job_etl_dag.py
[2026-05-08T14:05:13.324+0000] {logging_mixin.py:188} INFO - [2026-05-08T14:05:13.323+0000] {dag.py:3036} INFO - Sync 1 DAGs
[2026-05-08T14:05:13.342+0000] {logging_mixin.py:188} INFO - [2026-05-08T14:05:13.341+0000] {dag.py:3823} INFO - Setting next_dagrun for job_market_etl to None, run_after=None
[2026-05-08T14:05:13.387+0000] {processor.py:183} INFO - Processing /opt/airflow/dags/job_etl_dag.py took 0.147 seconds
[2026-05-08T14:05:43.500+0000] {processor.py:161} INFO - Started process (PID=114) to work on /opt/airflow/dags/job_etl_dag.py
[2026-05-08T14:05:43.503+0000] {processor.py:830} INFO - Processing file /opt/airflow/dags/job_etl_dag.py for tasks to queue
[2026-05-08T14:05:43.504+0000] {logging_mixin.py:188} INFO - [2026-05-08T14:05:43.504+0000] {dagbag.py:538} INFO - Filling up the DagBag from /opt/airflow/dags/job_etl_dag.py
[2026-05-08T14:05:43.536+0000] {processor.py:840} INFO - DAG(s) 'job_market_etl' retrieved from /opt/airflow/dags/job_etl_dag.py
[2026-05-08T14:05:43.579+0000] {logging_mixin.py:188} INFO - [2026-05-08T14:05:43.579+0000] {dag.py:3036} INFO - Sync 1 DAGs
[2026-05-08T14:05:43.597+0000] {logging_mixin.py:188} INFO - [2026-05-08T14:05:43.597+0000] {dag.py:3823} INFO - Setting next_dagrun for job_market_etl to None, run_after=None
[2026-05-08T14:05:43.643+0000] {processor.py:183} INFO - Processing /opt/airflow/dags/job_etl_dag.py took 0.148 seconds
[2026-05-08T14:06:13.898+0000] {processor.py:161} INFO - Started process (PID=115) to work on /opt/airflow/dags/job_etl_dag.py
[2026-05-08T14:06:13.899+0000] {processor.py:830} INFO - Processing file /opt/airflow/dags/job_etl_dag.py for tasks to queue
[2026-05-08T14:06:13.901+0000] {logging_mixin.py:188} INFO - [2026-05-08T14:06:13.901+0000] {dagbag.py:538} INFO - Filling up the DagBag from /opt/airflow/dags/job_etl_dag.py
[2026-05-08T14:06:13.931+0000] {processor.py:840} INFO - DAG(s) 'job_market_etl' retrieved from /opt/airflow/dags/job_etl_dag.py
[2026-05-08T14:06:13.971+0000] {logging_mixin.py:188} INFO - [2026-05-08T14:06:13.970+0000] {dag.py:3036} INFO - Sync 1 DAGs
[2026-05-08T14:06:13.989+0000] {logging_mixin.py:188} INFO - [2026-05-08T14:06:13.989+0000] {dag.py:3823} INFO - Setting next_dagrun for job_market_etl to None, run_after=None
[2026-05-08T14:06:14.019+0000] {processor.py:183} INFO - Processing /opt/airflow/dags/job_etl_dag.py took 0.127 seconds
[2026-05-08T14:06:44.152+0000] {processor.py:161} INFO - Started process (PID=116) to work on /opt/airflow/dags/job_etl_dag.py
[2026-05-08T14:06:44.153+0000] {processor.py:830} INFO - Processing file /opt/airflow/dags/job_etl_dag.py for tasks to queue
[2026-05-08T14:06:44.155+0000] {logging_mixin.py:188} INFO - [2026-05-08T14:06:44.154+0000] {dagbag.py:538} INFO - Filling up the DagBag from /opt/airflow/dags/job_etl_dag.py
[2026-05-08T14:06:44.185+0000] {processor.py:840} INFO - DAG(s) 'job_market_etl' retrieved from /opt/airflow/dags/job_etl_dag.py
[2026-05-08T14:06:44.230+0000] {logging_mixin.py:188} INFO - [2026-05-08T14:06:44.230+0000] {dag.py:3036} INFO - Sync 1 DAGs
[2026-05-08T14:06:44.246+0000] {logging_mixin.py:188} INFO - [2026-05-08T14:06:44.245+0000] {dag.py:3823} INFO - Setting next_dagrun for job_market_etl to None, run_after=None
[2026-05-08T14:06:44.274+0000] {processor.py:183} INFO - Processing /opt/airflow/dags/job_etl_dag.py took 0.127 seconds
[2026-05-08T14:07:14.513+0000] {processor.py:161} INFO - Started process (PID=117) to work on /opt/airflow/dags/job_etl_dag.py
[2026-05-08T14:07:14.515+0000] {processor.py:830} INFO - Processing file /opt/airflow/dags/job_etl_dag.py for tasks to queue
[2026-05-08T14:07:14.518+0000] {logging_mixin.py:188} INFO - [2026-05-08T14:07:14.517+0000] {dagbag.py:538} INFO - Filling up the DagBag from /opt/airflow/dags/job_etl_dag.py
[2026-05-08T14:07:14.549+0000] {processor.py:840} INFO - DAG(s) 'job_market_etl' retrieved from /opt/airflow/dags/job_etl_dag.py
[2026-05-08T14:07:14.597+0000] {logging_mixin.py:188} INFO - [2026-05-08T14:07:14.597+0000] {dag.py:3036} INFO - Sync 1 DAGs
[2026-05-08T14:07:14.613+0000] {logging_mixin.py:188} INFO - [2026-05-08T14:07:14.613+0000] {dag.py:3823} INFO - Setting next_dagrun for job_market_etl to None, run_after=None
[2026-05-08T14:07:14.660+0000] {processor.py:183} INFO - Processing /opt/airflow/dags/job_etl_dag.py took 0.153 seconds
[2026-05-08T14:07:44.768+0000] {processor.py:161} INFO - Started process (PID=118) to work on /opt/airflow/dags/job_etl_dag.py
[2026-05-08T14:07:44.770+0000] {processor.py:830} INFO - Processing file /opt/airflow/dags/job_etl_dag.py for tasks to queue
[2026-05-08T14:07:44.772+0000] {logging_mixin.py:188} INFO - [2026-05-08T14:07:44.771+0000] {dagbag.py:538} INFO - Filling up the DagBag from /opt/airflow/dags/job_etl_dag.py
[2026-05-08T14:07:44.806+0000] {processor.py:840} INFO - DAG(s) 'job_market_etl' retrieved from /opt/airflow/dags/job_etl_dag.py
[2026-05-08T14:07:44.851+0000] {logging_mixin.py:188} INFO - [2026-05-08T14:07:44.850+0000] {dag.py:3036} INFO - Sync 1 DAGs
[2026-05-08T14:07:44.866+0000] {logging_mixin.py:188} INFO - [2026-05-08T14:07:44.866+0000] {dag.py:3823} INFO - Setting next_dagrun for job_market_etl to None, run_after=None
[2026-05-08T14:07:44.908+0000] {processor.py:183} INFO - Processing /opt/airflow/dags/job_etl_dag.py took 0.144 seconds
[2026-05-08T14:08:15.181+0000] {processor.py:161} INFO - Started process (PID=119) to work on /opt/airflow/dags/job_etl_dag.py
[2026-05-08T14:08:15.184+0000] {processor.py:830} INFO - Processing file /opt/airflow/dags/job_etl_dag.py for tasks to queue
[2026-05-08T14:08:15.186+0000] {logging_mixin.py:188} INFO - [2026-05-08T14:08:15.186+0000] {dagbag.py:538} INFO - Filling up the DagBag from /opt/airflow/dags/job_etl_dag.py
[2026-05-08T14:08:15.237+0000] {processor.py:840} INFO - DAG(s) 'job_market_etl' retrieved from /opt/airflow/dags/job_etl_dag.py
[2026-05-08T14:08:15.284+0000] {logging_mixin.py:188} INFO - [2026-05-08T14:08:15.284+0000] {dag.py:3036} INFO - Sync 1 DAGs
[2026-05-08T14:08:15.301+0000] {logging_mixin.py:188} INFO - [2026-05-08T14:08:15.300+0000] {dag.py:3823} INFO - Setting next_dagrun for job_market_etl to None, run_after=None
[2026-05-08T14:08:15.328+0000] {processor.py:183} INFO - Processing /opt/airflow/dags/job_etl_dag.py took 0.152 seconds
[2026-05-08T14:08:45.431+0000] {processor.py:161} INFO - Started process (PID=120) to work on /opt/airflow/dags/job_etl_dag.py
[2026-05-08T14:08:45.433+0000] {processor.py:830} INFO - Processing file /opt/airflow/dags/job_etl_dag.py for tasks to queue
[2026-05-08T14:08:45.435+0000] {logging_mixin.py:188} INFO - [2026-05-08T14:08:45.434+0000] {dagbag.py:538} INFO - Filling up the DagBag from /opt/airflow/dags/job_etl_dag.py
[2026-05-08T14:08:45.466+0000] {processor.py:840} INFO - DAG(s) 'job_market_etl' retrieved from /opt/airflow/dags/job_etl_dag.py
[2026-05-08T14:08:45.515+0000] {logging_mixin.py:188} INFO - [2026-05-08T14:08:45.515+0000] {dag.py:3036} INFO - Sync 1 DAGs
[2026-05-08T14:08:45.534+0000] {logging_mixin.py:188} INFO - [2026-05-08T14:08:45.534+0000] {dag.py:3823} INFO - Setting next_dagrun for job_market_etl to None, run_after=None
[2026-05-08T14:08:45.567+0000] {processor.py:183} INFO - Processing /opt/airflow/dags/job_etl_dag.py took 0.141 seconds
[2026-05-08T14:09:15.830+0000] {processor.py:161} INFO - Started process (PID=121) to work on /opt/airflow/dags/job_etl_dag.py
[2026-05-08T14:09:15.832+0000] {processor.py:830} INFO - Processing file /opt/airflow/dags/job_etl_dag.py for tasks to queue
[2026-05-08T14:09:15.834+0000] {logging_mixin.py:188} INFO - [2026-05-08T14:09:15.833+0000] {dagbag.py:538} INFO - Filling up the DagBag from /opt/airflow/dags/job_etl_dag.py
[2026-05-08T14:09:15.866+0000] {processor.py:840} INFO - DAG(s) 'job_market_etl' retrieved from /opt/airflow/dags/job_etl_dag.py
[2026-05-08T14:09:15.905+0000] {logging_mixin.py:188} INFO - [2026-05-08T14:09:15.905+0000] {dag.py:3036} INFO - Sync 1 DAGs
[2026-05-08T14:09:15.921+0000] {logging_mixin.py:188} INFO - [2026-05-08T14:09:15.921+0000] {dag.py:3823} INFO - Setting next_dagrun for job_market_etl to None, run_after=None
[2026-05-08T14:09:15.976+0000] {processor.py:183} INFO - Processing /opt/airflow/dags/job_etl_dag.py took 0.150 seconds
[2026-05-08T14:09:46.074+0000] {processor.py:161} INFO - Started process (PID=122) to work on /opt/airflow/dags/job_etl_dag.py
[2026-05-08T14:09:46.077+0000] {processor.py:830} INFO - Processing file /opt/airflow/dags/job_etl_dag.py for tasks to queue
[2026-05-08T14:09:46.080+0000] {logging_mixin.py:188} INFO - [2026-05-08T14:09:46.079+0000] {dagbag.py:538} INFO - Filling up the DagBag from /opt/airflow/dags/job_etl_dag.py
[2026-05-08T14:09:46.116+0000] {processor.py:840} INFO - DAG(s) 'job_market_etl' retrieved from /opt/airflow/dags/job_etl_dag.py
[2026-05-08T14:09:46.171+0000] {logging_mixin.py:188} INFO - [2026-05-08T14:09:46.171+0000] {dag.py:3036} INFO - Sync 1 DAGs
[2026-05-08T14:09:46.192+0000] {logging_mixin.py:188} INFO - [2026-05-08T14:09:46.192+0000] {dag.py:3823} INFO - Setting next_dagrun for job_market_etl to None, run_after=None
[2026-05-08T14:09:46.240+0000] {processor.py:183} INFO - Processing /opt/airflow/dags/job_etl_dag.py took 0.172 seconds
[2026-05-08T14:10:16.497+0000] {processor.py:161} INFO - Started process (PID=123) to work on /opt/airflow/dags/job_etl_dag.py
[2026-05-08T14:10:16.499+0000] {processor.py:830} INFO - Processing file /opt/airflow/dags/job_etl_dag.py for tasks to queue
[2026-05-08T14:10:16.502+0000] {logging_mixin.py:188} INFO - [2026-05-08T14:10:16.501+0000] {dagbag.py:538} INFO - Filling up the DagBag from /opt/airflow/dags/job_etl_dag.py
[2026-05-08T14:10:16.534+0000] {processor.py:840} INFO - DAG(s) 'job_market_etl' retrieved from /opt/airflow/dags/job_etl_dag.py
[2026-05-08T14:10:16.571+0000] {logging_mixin.py:188} INFO - [2026-05-08T14:10:16.571+0000] {dag.py:3036} INFO - Sync 1 DAGs
[2026-05-08T14:10:16.589+0000] {logging_mixin.py:188} INFO - [2026-05-08T14:10:16.588+0000] {dag.py:3823} INFO - Setting next_dagrun for job_market_etl to None, run_after=None
[2026-05-08T14:10:16.638+0000] {processor.py:183} INFO - Processing /opt/airflow/dags/job_etl_dag.py took 0.145 seconds
[2026-05-08T14:10:46.780+0000] {processor.py:161} INFO - Started process (PID=124) to work on /opt/airflow/dags/job_etl_dag.py
[2026-05-08T14:10:46.782+0000] {processor.py:830} INFO - Processing file /opt/airflow/dags/job_etl_dag.py for tasks to queue
[2026-05-08T14:10:46.784+0000] {logging_mixin.py:188} INFO - [2026-05-08T14:10:46.783+0000] {dagbag.py:538} INFO - Filling up the DagBag from /opt/airflow/dags/job_etl_dag.py
[2026-05-08T14:10:46.824+0000] {processor.py:840} INFO - DAG(s) 'job_market_etl' retrieved from /opt/airflow/dags/job_etl_dag.py
[2026-05-08T14:10:46.876+0000] {logging_mixin.py:188} INFO - [2026-05-08T14:10:46.875+0000] {dag.py:3036} INFO - Sync 1 DAGs
[2026-05-08T14:10:46.896+0000] {logging_mixin.py:188} INFO - [2026-05-08T14:10:46.895+0000] {dag.py:3823} INFO - Setting next_dagrun for job_market_etl to None, run_after=None
[2026-05-08T14:10:46.931+0000] {processor.py:183} INFO - Processing /opt/airflow/dags/job_etl_dag.py took 0.163 seconds
[2026-05-08T14:11:17.150+0000] {processor.py:161} INFO - Started process (PID=125) to work on /opt/airflow/dags/job_etl_dag.py
[2026-05-08T14:11:17.152+0000] {processor.py:830} INFO - Processing file /opt/airflow/dags/job_etl_dag.py for tasks to queue
[2026-05-08T14:11:17.154+0000] {logging_mixin.py:188} INFO - [2026-05-08T14:11:17.153+0000] {dagbag.py:538} INFO - Filling up the DagBag from /opt/airflow/dags/job_etl_dag.py
[2026-05-08T14:11:17.185+0000] {processor.py:840} INFO - DAG(s) 'job_market_etl' retrieved from /opt/airflow/dags/job_etl_dag.py
[2026-05-08T14:11:17.230+0000] {logging_mixin.py:188} INFO - [2026-05-08T14:11:17.230+0000] {dag.py:3036} INFO - Sync 1 DAGs
[2026-05-08T14:11:17.245+0000] {logging_mixin.py:188} INFO - [2026-05-08T14:11:17.245+0000] {dag.py:3823} INFO - Setting next_dagrun for job_market_etl to None, run_after=None
[2026-05-08T14:11:17.288+0000] {processor.py:183} INFO - Processing /opt/airflow/dags/job_etl_dag.py took 0.142 seconds
[2026-05-08T14:11:47.451+0000] {processor.py:161} INFO - Started process (PID=126) to work on /opt/airflow/dags/job_etl_dag.py
[2026-05-08T14:11:47.453+0000] {processor.py:830} INFO - Processing file /opt/airflow/dags/job_etl_dag.py for tasks to queue
[2026-05-08T14:11:47.455+0000] {logging_mixin.py:188} INFO - [2026-05-08T14:11:47.455+0000] {dagbag.py:538} INFO - Filling up the DagBag from /opt/airflow/dags/job_etl_dag.py
[2026-05-08T14:11:47.488+0000] {processor.py:840} INFO - DAG(s) 'job_market_etl' retrieved from /opt/airflow/dags/job_etl_dag.py
[2026-05-08T14:11:47.533+0000] {logging_mixin.py:188} INFO - [2026-05-08T14:11:47.533+0000] {dag.py:3036} INFO - Sync 1 DAGs
[2026-05-08T14:11:47.550+0000] {logging_mixin.py:188} INFO - [2026-05-08T14:11:47.550+0000] {dag.py:3823} INFO - Setting next_dagrun for job_market_etl to None, run_after=None
[2026-05-08T14:11:47.581+0000] {processor.py:183} INFO - Processing /opt/airflow/dags/job_etl_dag.py took 0.136 seconds
[2026-05-08T14:12:17.788+0000] {processor.py:161} INFO - Started process (PID=127) to work on /opt/airflow/dags/job_etl_dag.py
[2026-05-08T14:12:17.791+0000] {processor.py:830} INFO - Processing file /opt/airflow/dags/job_etl_dag.py for tasks to queue
[2026-05-08T14:12:17.793+0000] {logging_mixin.py:188} INFO - [2026-05-08T14:12:17.793+0000] {dagbag.py:538} INFO - Filling up the DagBag from /opt/airflow/dags/job_etl_dag.py
[2026-05-08T14:12:17.829+0000] {processor.py:840} INFO - DAG(s) 'job_market_etl' retrieved from /opt/airflow/dags/job_etl_dag.py
[2026-05-08T14:12:17.872+0000] {logging_mixin.py:188} INFO - [2026-05-08T14:12:17.871+0000] {dag.py:3036} INFO - Sync 1 DAGs
[2026-05-08T14:12:17.889+0000] {logging_mixin.py:188} INFO - [2026-05-08T14:12:17.889+0000] {dag.py:3823} INFO - Setting next_dagrun for job_market_etl to None, run_after=None
[2026-05-08T14:12:17.925+0000] {processor.py:183} INFO - Processing /opt/airflow/dags/job_etl_dag.py took 0.142 seconds
[2026-05-08T14:12:48.093+0000] {processor.py:161} INFO - Started process (PID=128) to work on /opt/airflow/dags/job_etl_dag.py
[2026-05-08T14:12:48.096+0000] {processor.py:830} INFO - Processing file /opt/airflow/dags/job_etl_dag.py for tasks to queue
[2026-05-08T14:12:48.098+0000] {logging_mixin.py:188} INFO - [2026-05-08T14:12:48.097+0000] {dagbag.py:538} INFO - Filling up the DagBag from /opt/airflow/dags/job_etl_dag.py
[2026-05-08T14:12:48.134+0000] {processor.py:840} INFO - DAG(s) 'job_market_etl' retrieved from /opt/airflow/dags/job_etl_dag.py
[2026-05-08T14:12:48.184+0000] {logging_mixin.py:188} INFO - [2026-05-08T14:12:48.184+0000] {dag.py:3036} INFO - Sync 1 DAGs
[2026-05-08T14:12:48.204+0000] {logging_mixin.py:188} INFO - [2026-05-08T14:12:48.203+0000] {dag.py:3823} INFO - Setting next_dagrun for job_market_etl to None, run_after=None
[2026-05-08T14:12:48.253+0000] {processor.py:183} INFO - Processing /opt/airflow/dags/job_etl_dag.py took 0.167 seconds
[2026-05-08T14:13:18.446+0000] {processor.py:161} INFO - Started process (PID=129) to work on /opt/airflow/dags/job_etl_dag.py
[2026-05-08T14:13:18.448+0000] {processor.py:830} INFO - Processing file /opt/airflow/dags/job_etl_dag.py for tasks to queue
[2026-05-08T14:13:18.450+0000] {logging_mixin.py:188} INFO - [2026-05-08T14:13:18.449+0000] {dagbag.py:538} INFO - Filling up the DagBag from /opt/airflow/dags/job_etl_dag.py
[2026-05-08T14:13:18.483+0000] {processor.py:840} INFO - DAG(s) 'job_market_etl' retrieved from /opt/airflow/dags/job_etl_dag.py
[2026-05-08T14:13:18.521+0000] {logging_mixin.py:188} INFO - [2026-05-08T14:13:18.521+0000] {dag.py:3036} INFO - Sync 1 DAGs
[2026-05-08T14:13:18.537+0000] {logging_mixin.py:188} INFO - [2026-05-08T14:13:18.536+0000] {dag.py:3823} INFO - Setting next_dagrun for job_market_etl to None, run_after=None
[2026-05-08T14:13:18.564+0000] {processor.py:183} INFO - Processing /opt/airflow/dags/job_etl_dag.py took 0.123 seconds
[2026-05-08T14:13:48.766+0000] {processor.py:161} INFO - Started process (PID=130) to work on /opt/airflow/dags/job_etl_dag.py
[2026-05-08T14:13:48.768+0000] {processor.py:830} INFO - Processing file /opt/airflow/dags/job_etl_dag.py for tasks to queue
[2026-05-08T14:13:48.769+0000] {logging_mixin.py:188} INFO - [2026-05-08T14:13:48.769+0000] {dagbag.py:538} INFO - Filling up the DagBag from /opt/airflow/dags/job_etl_dag.py
[2026-05-08T14:13:48.798+0000] {processor.py:840} INFO - DAG(s) 'job_market_etl' retrieved from /opt/airflow/dags/job_etl_dag.py
[2026-05-08T14:13:48.839+0000] {logging_mixin.py:188} INFO - [2026-05-08T14:13:48.839+0000] {dag.py:3036} INFO - Sync 1 DAGs
[2026-05-08T14:13:48.855+0000] {logging_mixin.py:188} INFO - [2026-05-08T14:13:48.855+0000] {dag.py:3823} INFO - Setting next_dagrun for job_market_etl to None, run_after=None
[2026-05-08T14:13:48.901+0000] {processor.py:183} INFO - Processing /opt/airflow/dags/job_etl_dag.py took 0.140 seconds
[2026-05-08T14:14:19.072+0000] {processor.py:161} INFO - Started process (PID=131) to work on /opt/airflow/dags/job_etl_dag.py
[2026-05-08T14:14:19.074+0000] {processor.py:830} INFO - Processing file /opt/airflow/dags/job_etl_dag.py for tasks to queue
[2026-05-08T14:14:19.076+0000] {logging_mixin.py:188} INFO - [2026-05-08T14:14:19.076+0000] {dagbag.py:538} INFO - Filling up the DagBag from /opt/airflow/dags/job_etl_dag.py
[2026-05-08T14:14:19.108+0000] {processor.py:840} INFO - DAG(s) 'job_market_etl' retrieved from /opt/airflow/dags/job_etl_dag.py
[2026-05-08T14:14:19.155+0000] {logging_mixin.py:188} INFO - [2026-05-08T14:14:19.155+0000] {dag.py:3036} INFO - Sync 1 DAGs
[2026-05-08T14:14:19.172+0000] {logging_mixin.py:188} INFO - [2026-05-08T14:14:19.172+0000] {dag.py:3823} INFO - Setting next_dagrun for job_market_etl to None, run_after=None
[2026-05-08T14:14:19.203+0000] {processor.py:183} INFO - Processing /opt/airflow/dags/job_etl_dag.py took 0.136 seconds
[2026-05-08T14:14:49.407+0000] {processor.py:161} INFO - Started process (PID=132) to work on /opt/airflow/dags/job_etl_dag.py
[2026-05-08T14:14:49.409+0000] {processor.py:830} INFO - Processing file /opt/airflow/dags/job_etl_dag.py for tasks to queue
[2026-05-08T14:14:49.411+0000] {logging_mixin.py:188} INFO - [2026-05-08T14:14:49.411+0000] {dagbag.py:538} INFO - Filling up the DagBag from /opt/airflow/dags/job_etl_dag.py
[2026-05-08T14:14:49.444+0000] {processor.py:840} INFO - DAG(s) 'job_market_etl' retrieved from /opt/airflow/dags/job_etl_dag.py
[2026-05-08T14:14:49.486+0000] {logging_mixin.py:188} INFO - [2026-05-08T14:14:49.486+0000] {dag.py:3036} INFO - Sync 1 DAGs
[2026-05-08T14:14:49.503+0000] {logging_mixin.py:188} INFO - [2026-05-08T14:14:49.503+0000] {dag.py:3823} INFO - Setting next_dagrun for job_market_etl to None, run_after=None
[2026-05-08T14:14:49.533+0000] {processor.py:183} INFO - Processing /opt/airflow/dags/job_etl_dag.py took 0.133 seconds
[2026-05-08T14:15:19.741+0000] {processor.py:161} INFO - Started process (PID=133) to work on /opt/airflow/dags/job_etl_dag.py
[2026-05-08T14:15:19.744+0000] {processor.py:830} INFO - Processing file /opt/airflow/dags/job_etl_dag.py for tasks to queue
[2026-05-08T14:15:19.747+0000] {logging_mixin.py:188} INFO - [2026-05-08T14:15:19.746+0000] {dagbag.py:538} INFO - Filling up the DagBag from /opt/airflow/dags/job_etl_dag.py
[2026-05-08T14:15:19.774+0000] {processor.py:840} INFO - DAG(s) 'job_market_etl' retrieved from /opt/airflow/dags/job_etl_dag.py
[2026-05-08T14:15:19.819+0000] {logging_mixin.py:188} INFO - [2026-05-08T14:15:19.819+0000] {dag.py:3036} INFO - Sync 1 DAGs
[2026-05-08T14:15:19.837+0000] {logging_mixin.py:188} INFO - [2026-05-08T14:15:19.837+0000] {dag.py:3823} INFO - Setting next_dagrun for job_market_etl to None, run_after=None
[2026-05-08T14:15:19.870+0000] {processor.py:183} INFO - Processing /opt/airflow/dags/job_etl_dag.py took 0.134 seconds
[2026-05-08T14:15:49.985+0000] {processor.py:161} INFO - Started process (PID=134) to work on /opt/airflow/dags/job_etl_dag.py
[2026-05-08T14:15:49.987+0000] {processor.py:830} INFO - Processing file /opt/airflow/dags/job_etl_dag.py for tasks to queue
[2026-05-08T14:15:49.989+0000] {logging_mixin.py:188} INFO - [2026-05-08T14:15:49.989+0000] {dagbag.py:538} INFO - Filling up the DagBag from /opt/airflow/dags/job_etl_dag.py
[2026-05-08T14:15:50.018+0000] {processor.py:840} INFO - DAG(s) 'job_market_etl' retrieved from /opt/airflow/dags/job_etl_dag.py
[2026-05-08T14:15:50.061+0000] {logging_mixin.py:188} INFO - [2026-05-08T14:15:50.061+0000] {dag.py:3036} INFO - Sync 1 DAGs
[2026-05-08T14:15:50.078+0000] {logging_mixin.py:188} INFO - [2026-05-08T14:15:50.078+0000] {dag.py:3823} INFO - Setting next_dagrun for job_market_etl to None, run_after=None
[2026-05-08T14:15:50.108+0000] {processor.py:183} INFO - Processing /opt/airflow/dags/job_etl_dag.py took 0.128 seconds
[2026-05-08T14:16:20.361+0000] {processor.py:161} INFO - Started process (PID=135) to work on /opt/airflow/dags/job_etl_dag.py
[2026-05-08T14:16:20.364+0000] {processor.py:830} INFO - Processing file /opt/airflow/dags/job_etl_dag.py for tasks to queue
[2026-05-08T14:16:20.365+0000] {logging_mixin.py:188} INFO - [2026-05-08T14:16:20.365+0000] {dagbag.py:538} INFO - Filling up the DagBag from /opt/airflow/dags/job_etl_dag.py
[2026-05-08T14:16:20.394+0000] {processor.py:840} INFO - DAG(s) 'job_market_etl' retrieved from /opt/airflow/dags/job_etl_dag.py
[2026-05-08T14:16:20.446+0000] {logging_mixin.py:188} INFO - [2026-05-08T14:16:20.445+0000] {dag.py:3036} INFO - Sync 1 DAGs
[2026-05-08T14:16:20.468+0000] {logging_mixin.py:188} INFO - [2026-05-08T14:16:20.468+0000] {dag.py:3823} INFO - Setting next_dagrun for job_market_etl to None, run_after=None
[2026-05-08T14:16:20.500+0000] {processor.py:183} INFO - Processing /opt/airflow/dags/job_etl_dag.py took 0.142 seconds
[2026-05-08T14:16:50.600+0000] {processor.py:161} INFO - Started process (PID=136) to work on /opt/airflow/dags/job_etl_dag.py
[2026-05-08T14:16:50.602+0000] {processor.py:830} INFO - Processing file /opt/airflow/dags/job_etl_dag.py for tasks to queue
[2026-05-08T14:16:50.604+0000] {logging_mixin.py:188} INFO - [2026-05-08T14:16:50.604+0000] {dagbag.py:538} INFO - Filling up the DagBag from /opt/airflow/dags/job_etl_dag.py
[2026-05-08T14:16:50.641+0000] {processor.py:840} INFO - DAG(s) 'job_market_etl' retrieved from /opt/airflow/dags/job_etl_dag.py
[2026-05-08T14:16:50.686+0000] {logging_mixin.py:188} INFO - [2026-05-08T14:16:50.686+0000] {dag.py:3036} INFO - Sync 1 DAGs
[2026-05-08T14:16:50.707+0000] {logging_mixin.py:188} INFO - [2026-05-08T14:16:50.707+0000] {dag.py:3823} INFO - Setting next_dagrun for job_market_etl to None, run_after=None
[2026-05-08T14:16:50.744+0000] {processor.py:183} INFO - Processing /opt/airflow/dags/job_etl_dag.py took 0.150 seconds
[2026-05-08T14:17:20.955+0000] {processor.py:161} INFO - Started process (PID=137) to work on /opt/airflow/dags/job_etl_dag.py
[2026-05-08T14:17:20.957+0000] {processor.py:830} INFO - Processing file /opt/airflow/dags/job_etl_dag.py for tasks to queue
[2026-05-08T14:17:20.958+0000] {logging_mixin.py:188} INFO - [2026-05-08T14:17:20.958+0000] {dagbag.py:538} INFO - Filling up the DagBag from /opt/airflow/dags/job_etl_dag.py
[2026-05-08T14:17:20.989+0000] {processor.py:840} INFO - DAG(s) 'job_market_etl' retrieved from /opt/airflow/dags/job_etl_dag.py
[2026-05-08T14:17:21.031+0000] {logging_mixin.py:188} INFO - [2026-05-08T14:17:21.030+0000] {dag.py:3036} INFO - Sync 1 DAGs
[2026-05-08T14:17:21.051+0000] {logging_mixin.py:188} INFO - [2026-05-08T14:17:21.051+0000] {dag.py:3823} INFO - Setting next_dagrun for job_market_etl to None, run_after=None
[2026-05-08T14:17:21.092+0000] {processor.py:183} INFO - Processing /opt/airflow/dags/job_etl_dag.py took 0.141 seconds
[2026-05-08T14:17:51.189+0000] {processor.py:161} INFO - Started process (PID=138) to work on /opt/airflow/dags/job_etl_dag.py
[2026-05-08T14:17:51.192+0000] {processor.py:830} INFO - Processing file /opt/airflow/dags/job_etl_dag.py for tasks to queue
[2026-05-08T14:17:51.193+0000] {logging_mixin.py:188} INFO - [2026-05-08T14:17:51.193+0000] {dagbag.py:538} INFO - Filling up the DagBag from /opt/airflow/dags/job_etl_dag.py
[2026-05-08T14:17:51.222+0000] {processor.py:840} INFO - DAG(s) 'job_market_etl' retrieved from /opt/airflow/dags/job_etl_dag.py
[2026-05-08T14:17:51.262+0000] {logging_mixin.py:188} INFO - [2026-05-08T14:17:51.262+0000] {dag.py:3036} INFO - Sync 1 DAGs
[2026-05-08T14:17:51.280+0000] {logging_mixin.py:188} INFO - [2026-05-08T14:17:51.280+0000] {dag.py:3823} INFO - Setting next_dagrun for job_market_etl to None, run_after=None
[2026-05-08T14:17:51.313+0000] {processor.py:183} INFO - Processing /opt/airflow/dags/job_etl_dag.py took 0.128 seconds
[2026-05-08T14:18:21.560+0000] {processor.py:161} INFO - Started process (PID=139) to work on /opt/airflow/dags/job_etl_dag.py
[2026-05-08T14:18:21.561+0000] {processor.py:830} INFO - Processing file /opt/airflow/dags/job_etl_dag.py for tasks to queue
[2026-05-08T14:18:21.563+0000] {logging_mixin.py:188} INFO - [2026-05-08T14:18:21.563+0000] {dagbag.py:538} INFO - Filling up the DagBag from /opt/airflow/dags/job_etl_dag.py
[2026-05-08T14:18:21.593+0000] {processor.py:840} INFO - DAG(s) 'job_market_etl' retrieved from /opt/airflow/dags/job_etl_dag.py
[2026-05-08T14:18:21.639+0000] {logging_mixin.py:188} INFO - [2026-05-08T14:18:21.639+0000] {dag.py:3036} INFO - Sync 1 DAGs
[2026-05-08T14:18:21.657+0000] {logging_mixin.py:188} INFO - [2026-05-08T14:18:21.657+0000] {dag.py:3823} INFO - Setting next_dagrun for job_market_etl to None, run_after=None
[2026-05-08T14:18:21.692+0000] {processor.py:183} INFO - Processing /opt/airflow/dags/job_etl_dag.py took 0.136 seconds
[2026-05-08T14:18:51.789+0000] {processor.py:161} INFO - Started process (PID=140) to work on /opt/airflow/dags/job_etl_dag.py
[2026-05-08T14:18:51.791+0000] {processor.py:830} INFO - Processing file /opt/airflow/dags/job_etl_dag.py for tasks to queue
[2026-05-08T14:18:51.793+0000] {logging_mixin.py:188} INFO - [2026-05-08T14:18:51.792+0000] {dagbag.py:538} INFO - Filling up the DagBag from /opt/airflow/dags/job_etl_dag.py
[2026-05-08T14:18:51.821+0000] {processor.py:840} INFO - DAG(s) 'job_market_etl' retrieved from /opt/airflow/dags/job_etl_dag.py
[2026-05-08T14:18:51.863+0000] {logging_mixin.py:188} INFO - [2026-05-08T14:18:51.863+0000] {dag.py:3036} INFO - Sync 1 DAGs
[2026-05-08T14:18:51.880+0000] {logging_mixin.py:188} INFO - [2026-05-08T14:18:51.879+0000] {dag.py:3823} INFO - Setting next_dagrun for job_market_etl to None, run_after=None
[2026-05-08T14:18:51.912+0000] {processor.py:183} INFO - Processing /opt/airflow/dags/job_etl_dag.py took 0.127 seconds
[2026-05-08T14:19:22.136+0000] {processor.py:161} INFO - Started process (PID=141) to work on /opt/airflow/dags/job_etl_dag.py
[2026-05-08T14:19:22.138+0000] {processor.py:830} INFO - Processing file /opt/airflow/dags/job_etl_dag.py for tasks to queue
[2026-05-08T14:19:22.140+0000] {logging_mixin.py:188} INFO - [2026-05-08T14:19:22.140+0000] {dagbag.py:538} INFO - Filling up the DagBag from /opt/airflow/dags/job_etl_dag.py
[2026-05-08T14:19:22.171+0000] {processor.py:840} INFO - DAG(s) 'job_market_etl' retrieved from /opt/airflow/dags/job_etl_dag.py
[2026-05-08T14:19:22.218+0000] {logging_mixin.py:188} INFO - [2026-05-08T14:19:22.218+0000] {dag.py:3036} INFO - Sync 1 DAGs
[2026-05-08T14:19:22.237+0000] {logging_mixin.py:188} INFO - [2026-05-08T14:19:22.237+0000] {dag.py:3823} INFO - Setting next_dagrun for job_market_etl to None, run_after=None
[2026-05-08T14:19:22.272+0000] {processor.py:183} INFO - Processing /opt/airflow/dags/job_etl_dag.py took 0.140 seconds
[2026-05-08T14:19:52.357+0000] {processor.py:161} INFO - Started process (PID=142) to work on /opt/airflow/dags/job_etl_dag.py
[2026-05-08T14:19:52.359+0000] {processor.py:830} INFO - Processing file /opt/airflow/dags/job_etl_dag.py for tasks to queue
[2026-05-08T14:19:52.361+0000] {logging_mixin.py:188} INFO - [2026-05-08T14:19:52.360+0000] {dagbag.py:538} INFO - Filling up the DagBag from /opt/airflow/dags/job_etl_dag.py
[2026-05-08T14:19:52.388+0000] {processor.py:840} INFO - DAG(s) 'job_market_etl' retrieved from /opt/airflow/dags/job_etl_dag.py
[2026-05-08T14:19:52.431+0000] {logging_mixin.py:188} INFO - [2026-05-08T14:19:52.431+0000] {dag.py:3036} INFO - Sync 1 DAGs
[2026-05-08T14:19:52.449+0000] {logging_mixin.py:188} INFO - [2026-05-08T14:19:52.449+0000] {dag.py:3823} INFO - Setting next_dagrun for job_market_etl to None, run_after=None
[2026-05-08T14:19:52.483+0000] {processor.py:183} INFO - Processing /opt/airflow/dags/job_etl_dag.py took 0.131 seconds
[2026-05-08T14:20:22.758+0000] {processor.py:161} INFO - Started process (PID=143) to work on /opt/airflow/dags/job_etl_dag.py
[2026-05-08T14:20:22.760+0000] {processor.py:830} INFO - Processing file /opt/airflow/dags/job_etl_dag.py for tasks to queue
[2026-05-08T14:20:22.762+0000] {logging_mixin.py:188} INFO - [2026-05-08T14:20:22.762+0000] {dagbag.py:538} INFO - Filling up the DagBag from /opt/airflow/dags/job_etl_dag.py
[2026-05-08T14:20:22.791+0000] {processor.py:840} INFO - DAG(s) 'job_market_etl' retrieved from /opt/airflow/dags/job_etl_dag.py
[2026-05-08T14:20:22.836+0000] {logging_mixin.py:188} INFO - [2026-05-08T14:20:22.836+0000] {dag.py:3036} INFO - Sync 1 DAGs
[2026-05-08T14:20:22.854+0000] {logging_mixin.py:188} INFO - [2026-05-08T14:20:22.853+0000] {dag.py:3823} INFO - Setting next_dagrun for job_market_etl to None, run_after=None
[2026-05-08T14:20:22.891+0000] {processor.py:183} INFO - Processing /opt/airflow/dags/job_etl_dag.py took 0.136 seconds
[2026-05-08T14:20:52.984+0000] {processor.py:161} INFO - Started process (PID=144) to work on /opt/airflow/dags/job_etl_dag.py
[2026-05-08T14:20:52.986+0000] {processor.py:830} INFO - Processing file /opt/airflow/dags/job_etl_dag.py for tasks to queue
[2026-05-08T14:20:52.988+0000] {logging_mixin.py:188} INFO - [2026-05-08T14:20:52.987+0000] {dagbag.py:538} INFO - Filling up the DagBag from /opt/airflow/dags/job_etl_dag.py
[2026-05-08T14:20:53.015+0000] {processor.py:840} INFO - DAG(s) 'job_market_etl' retrieved from /opt/airflow/dags/job_etl_dag.py
[2026-05-08T14:20:53.069+0000] {logging_mixin.py:188} INFO - [2026-05-08T14:20:53.069+0000] {dag.py:3036} INFO - Sync 1 DAGs
[2026-05-08T14:20:53.088+0000] {logging_mixin.py:188} INFO - [2026-05-08T14:20:53.087+0000] {dag.py:3823} INFO - Setting next_dagrun for job_market_etl to None, run_after=None
[2026-05-08T14:20:53.122+0000] {processor.py:183} INFO - Processing /opt/airflow/dags/job_etl_dag.py took 0.143 seconds
[2026-05-08T14:21:23.340+0000] {processor.py:161} INFO - Started process (PID=145) to work on /opt/airflow/dags/job_etl_dag.py
[2026-05-08T14:21:23.342+0000] {processor.py:830} INFO - Processing file /opt/airflow/dags/job_etl_dag.py for tasks to queue
[2026-05-08T14:21:23.344+0000] {logging_mixin.py:188} INFO - [2026-05-08T14:21:23.344+0000] {dagbag.py:538} INFO - Filling up the DagBag from /opt/airflow/dags/job_etl_dag.py
[2026-05-08T14:21:23.376+0000] {processor.py:840} INFO - DAG(s) 'job_market_etl' retrieved from /opt/airflow/dags/job_etl_dag.py
[2026-05-08T14:21:23.436+0000] {logging_mixin.py:188} INFO - [2026-05-08T14:21:23.435+0000] {dag.py:3036} INFO - Sync 1 DAGs
[2026-05-08T14:21:23.460+0000] {logging_mixin.py:188} INFO - [2026-05-08T14:21:23.460+0000] {dag.py:3823} INFO - Setting next_dagrun for job_market_etl to None, run_after=None
[2026-05-08T14:21:23.506+0000] {processor.py:183} INFO - Processing /opt/airflow/dags/job_etl_dag.py took 0.170 seconds
[2026-05-08T14:21:53.752+0000] {processor.py:161} INFO - Started process (PID=146) to work on /opt/airflow/dags/job_etl_dag.py
[2026-05-08T14:21:53.754+0000] {processor.py:830} INFO - Processing file /opt/airflow/dags/job_etl_dag.py for tasks to queue
[2026-05-08T14:21:53.756+0000] {logging_mixin.py:188} INFO - [2026-05-08T14:21:53.755+0000] {dagbag.py:538} INFO - Filling up the DagBag from /opt/airflow/dags/job_etl_dag.py
[2026-05-08T14:21:53.788+0000] {processor.py:840} INFO - DAG(s) 'job_market_etl' retrieved from /opt/airflow/dags/job_etl_dag.py
[2026-05-08T14:21:53.833+0000] {logging_mixin.py:188} INFO - [2026-05-08T14:21:53.832+0000] {dag.py:3036} INFO - Sync 1 DAGs
[2026-05-08T14:21:53.851+0000] {logging_mixin.py:188} INFO - [2026-05-08T14:21:53.851+0000] {dag.py:3823} INFO - Setting next_dagrun for job_market_etl to None, run_after=None
[2026-05-08T14:21:53.888+0000] {processor.py:183} INFO - Processing /opt/airflow/dags/job_etl_dag.py took 0.140 seconds
[2026-05-08T14:22:24.009+0000] {processor.py:161} INFO - Started process (PID=147) to work on /opt/airflow/dags/job_etl_dag.py
[2026-05-08T14:22:24.012+0000] {processor.py:830} INFO - Processing file /opt/airflow/dags/job_etl_dag.py for tasks to queue
[2026-05-08T14:22:24.014+0000] {logging_mixin.py:188} INFO - [2026-05-08T14:22:24.014+0000] {dagbag.py:538} INFO - Filling up the DagBag from /opt/airflow/dags/job_etl_dag.py
[2026-05-08T14:22:24.047+0000] {processor.py:840} INFO - DAG(s) 'job_market_etl' retrieved from /opt/airflow/dags/job_etl_dag.py
[2026-05-08T14:22:24.098+0000] {logging_mixin.py:188} INFO - [2026-05-08T14:22:24.098+0000] {dag.py:3036} INFO - Sync 1 DAGs
[2026-05-08T14:22:24.116+0000] {logging_mixin.py:188} INFO - [2026-05-08T14:22:24.116+0000] {dag.py:3823} INFO - Setting next_dagrun for job_market_etl to None, run_after=None
[2026-05-08T14:22:24.151+0000] {processor.py:183} INFO - Processing /opt/airflow/dags/job_etl_dag.py took 0.146 seconds
[2026-05-08T14:22:54.438+0000] {processor.py:161} INFO - Started process (PID=148) to work on /opt/airflow/dags/job_etl_dag.py
[2026-05-08T14:22:54.443+0000] {processor.py:830} INFO - Processing file /opt/airflow/dags/job_etl_dag.py for tasks to queue
[2026-05-08T14:22:54.447+0000] {logging_mixin.py:188} INFO - [2026-05-08T14:22:54.446+0000] {dagbag.py:538} INFO - Filling up the DagBag from /opt/airflow/dags/job_etl_dag.py
[2026-05-08T14:22:54.510+0000] {processor.py:840} INFO - DAG(s) 'job_market_etl' retrieved from /opt/airflow/dags/job_etl_dag.py
[2026-05-08T14:22:54.611+0000] {logging_mixin.py:188} INFO - [2026-05-08T14:22:54.611+0000] {dag.py:3036} INFO - Sync 1 DAGs
[2026-05-08T14:22:54.638+0000] {logging_mixin.py:188} INFO - [2026-05-08T14:22:54.638+0000] {dag.py:3823} INFO - Setting next_dagrun for job_market_etl to None, run_after=None
[2026-05-08T14:22:54.729+0000] {processor.py:183} INFO - Processing /opt/airflow/dags/job_etl_dag.py took 0.300 seconds
[2026-05-08T14:23:25.134+0000] {processor.py:161} INFO - Started process (PID=149) to work on /opt/airflow/dags/job_etl_dag.py
[2026-05-08T14:23:25.137+0000] {processor.py:830} INFO - Processing file /opt/airflow/dags/job_etl_dag.py for tasks to queue
[2026-05-08T14:23:25.138+0000] {logging_mixin.py:188} INFO - [2026-05-08T14:23:25.138+0000] {dagbag.py:538} INFO - Filling up the DagBag from /opt/airflow/dags/job_etl_dag.py
[2026-05-08T14:23:25.173+0000] {processor.py:840} INFO - DAG(s) 'job_market_etl' retrieved from /opt/airflow/dags/job_etl_dag.py
[2026-05-08T14:23:25.222+0000] {logging_mixin.py:188} INFO - [2026-05-08T14:23:25.222+0000] {dag.py:3036} INFO - Sync 1 DAGs
[2026-05-08T14:23:25.240+0000] {logging_mixin.py:188} INFO - [2026-05-08T14:23:25.240+0000] {dag.py:3823} INFO - Setting next_dagrun for job_market_etl to None, run_after=None
[2026-05-08T14:23:25.276+0000] {processor.py:183} INFO - Processing /opt/airflow/dags/job_etl_dag.py took 0.148 seconds
[2026-05-08T14:23:55.495+0000] {processor.py:161} INFO - Started process (PID=150) to work on /opt/airflow/dags/job_etl_dag.py
[2026-05-08T14:23:55.498+0000] {processor.py:830} INFO - Processing file /opt/airflow/dags/job_etl_dag.py for tasks to queue
[2026-05-08T14:23:55.501+0000] {logging_mixin.py:188} INFO - [2026-05-08T14:23:55.500+0000] {dagbag.py:538} INFO - Filling up the DagBag from /opt/airflow/dags/job_etl_dag.py
[2026-05-08T14:23:55.533+0000] {processor.py:840} INFO - DAG(s) 'job_market_etl' retrieved from /opt/airflow/dags/job_etl_dag.py
[2026-05-08T14:23:55.585+0000] {logging_mixin.py:188} INFO - [2026-05-08T14:23:55.584+0000] {dag.py:3036} INFO - Sync 1 DAGs
[2026-05-08T14:23:55.604+0000] {logging_mixin.py:188} INFO - [2026-05-08T14:23:55.604+0000] {dag.py:3823} INFO - Setting next_dagrun for job_market_etl to None, run_after=None
[2026-05-08T14:23:55.640+0000] {processor.py:183} INFO - Processing /opt/airflow/dags/job_etl_dag.py took 0.150 seconds
[2026-05-08T14:24:25.800+0000] {processor.py:161} INFO - Started process (PID=151) to work on /opt/airflow/dags/job_etl_dag.py
[2026-05-08T14:24:25.803+0000] {processor.py:830} INFO - Processing file /opt/airflow/dags/job_etl_dag.py for tasks to queue
[2026-05-08T14:24:25.805+0000] {logging_mixin.py:188} INFO - [2026-05-08T14:24:25.804+0000] {dagbag.py:538} INFO - Filling up the DagBag from /opt/airflow/dags/job_etl_dag.py
[2026-05-08T14:24:25.844+0000] {processor.py:840} INFO - DAG(s) 'job_market_etl' retrieved from /opt/airflow/dags/job_etl_dag.py
[2026-05-08T14:24:25.898+0000] {logging_mixin.py:188} INFO - [2026-05-08T14:24:25.898+0000] {dag.py:3036} INFO - Sync 1 DAGs
[2026-05-08T14:24:25.919+0000] {logging_mixin.py:188} INFO - [2026-05-08T14:24:25.919+0000] {dag.py:3823} INFO - Setting next_dagrun for job_market_etl to None, run_after=None
[2026-05-08T14:24:25.974+0000] {processor.py:183} INFO - Processing /opt/airflow/dags/job_etl_dag.py took 0.180 seconds
[2026-05-08T14:24:56.176+0000] {processor.py:161} INFO - Started process (PID=152) to work on /opt/airflow/dags/job_etl_dag.py
[2026-05-08T14:24:56.179+0000] {processor.py:830} INFO - Processing file /opt/airflow/dags/job_etl_dag.py for tasks to queue
[2026-05-08T14:24:56.181+0000] {logging_mixin.py:188} INFO - [2026-05-08T14:24:56.181+0000] {dagbag.py:538} INFO - Filling up the DagBag from /opt/airflow/dags/job_etl_dag.py
[2026-05-08T14:24:56.218+0000] {processor.py:840} INFO - DAG(s) 'job_market_etl' retrieved from /opt/airflow/dags/job_etl_dag.py
[2026-05-08T14:24:56.264+0000] {logging_mixin.py:188} INFO - [2026-05-08T14:24:56.264+0000] {dag.py:3036} INFO - Sync 1 DAGs
[2026-05-08T14:24:56.283+0000] {logging_mixin.py:188} INFO - [2026-05-08T14:24:56.283+0000] {dag.py:3823} INFO - Setting next_dagrun for job_market_etl to None, run_after=None
[2026-05-08T14:24:56.337+0000] {processor.py:183} INFO - Processing /opt/airflow/dags/job_etl_dag.py took 0.165 seconds
[2026-05-08T14:25:26.559+0000] {processor.py:161} INFO - Started process (PID=153) to work on /opt/airflow/dags/job_etl_dag.py
[2026-05-08T14:25:26.561+0000] {processor.py:830} INFO - Processing file /opt/airflow/dags/job_etl_dag.py for tasks to queue
[2026-05-08T14:25:26.563+0000] {logging_mixin.py:188} INFO - [2026-05-08T14:25:26.563+0000] {dagbag.py:538} INFO - Filling up the DagBag from /opt/airflow/dags/job_etl_dag.py
[2026-05-08T14:25:26.610+0000] {processor.py:840} INFO - DAG(s) 'job_market_etl' retrieved from /opt/airflow/dags/job_etl_dag.py
[2026-05-08T14:25:26.658+0000] {logging_mixin.py:188} INFO - [2026-05-08T14:25:26.657+0000] {dag.py:3036} INFO - Sync 1 DAGs
[2026-05-08T14:25:26.677+0000] {logging_mixin.py:188} INFO - [2026-05-08T14:25:26.677+0000] {dag.py:3823} INFO - Setting next_dagrun for job_market_etl to None, run_after=None
[2026-05-08T14:25:26.717+0000] {processor.py:183} INFO - Processing /opt/airflow/dags/job_etl_dag.py took 0.163 seconds
[2026-05-08T14:25:56.854+0000] {processor.py:161} INFO - Started process (PID=154) to work on /opt/airflow/dags/job_etl_dag.py
[2026-05-08T14:25:56.856+0000] {processor.py:830} INFO - Processing file /opt/airflow/dags/job_etl_dag.py for tasks to queue
[2026-05-08T14:25:56.857+0000] {logging_mixin.py:188} INFO - [2026-05-08T14:25:56.857+0000] {dagbag.py:538} INFO - Filling up the DagBag from /opt/airflow/dags/job_etl_dag.py
[2026-05-08T14:25:56.893+0000] {processor.py:840} INFO - DAG(s) 'job_market_etl' retrieved from /opt/airflow/dags/job_etl_dag.py
[2026-05-08T14:25:56.941+0000] {logging_mixin.py:188} INFO - [2026-05-08T14:25:56.941+0000] {dag.py:3036} INFO - Sync 1 DAGs
[2026-05-08T14:25:56.963+0000] {logging_mixin.py:188} INFO - [2026-05-08T14:25:56.963+0000] {dag.py:3823} INFO - Setting next_dagrun for job_market_etl to None, run_after=None
[2026-05-08T14:25:57.001+0000] {processor.py:183} INFO - Processing /opt/airflow/dags/job_etl_dag.py took 0.153 seconds
[2026-05-08T14:26:27.251+0000] {processor.py:161} INFO - Started process (PID=155) to work on /opt/airflow/dags/job_etl_dag.py
[2026-05-08T14:26:27.253+0000] {processor.py:830} INFO - Processing file /opt/airflow/dags/job_etl_dag.py for tasks to queue
[2026-05-08T14:26:27.254+0000] {logging_mixin.py:188} INFO - [2026-05-08T14:26:27.254+0000] {dagbag.py:538} INFO - Filling up the DagBag from /opt/airflow/dags/job_etl_dag.py
[2026-05-08T14:26:27.282+0000] {processor.py:840} INFO - DAG(s) 'job_market_etl' retrieved from /opt/airflow/dags/job_etl_dag.py
[2026-05-08T14:26:27.335+0000] {logging_mixin.py:188} INFO - [2026-05-08T14:26:27.334+0000] {dag.py:3036} INFO - Sync 1 DAGs
[2026-05-08T14:26:27.355+0000] {logging_mixin.py:188} INFO - [2026-05-08T14:26:27.355+0000] {dag.py:3823} INFO - Setting next_dagrun for job_market_etl to None, run_after=None
[2026-05-08T14:26:27.394+0000] {processor.py:183} INFO - Processing /opt/airflow/dags/job_etl_dag.py took 0.147 seconds
[2026-05-08T14:26:57.532+0000] {processor.py:161} INFO - Started process (PID=156) to work on /opt/airflow/dags/job_etl_dag.py
[2026-05-08T14:26:57.535+0000] {processor.py:830} INFO - Processing file /opt/airflow/dags/job_etl_dag.py for tasks to queue
[2026-05-08T14:26:57.538+0000] {logging_mixin.py:188} INFO - [2026-05-08T14:26:57.537+0000] {dagbag.py:538} INFO - Filling up the DagBag from /opt/airflow/dags/job_etl_dag.py
[2026-05-08T14:26:57.570+0000] {processor.py:840} INFO - DAG(s) 'job_market_etl' retrieved from /opt/airflow/dags/job_etl_dag.py
[2026-05-08T14:26:57.640+0000] {logging_mixin.py:188} INFO - [2026-05-08T14:26:57.640+0000] {dag.py:3036} INFO - Sync 1 DAGs
[2026-05-08T14:26:57.659+0000] {logging_mixin.py:188} INFO - [2026-05-08T14:26:57.659+0000] {dag.py:3823} INFO - Setting next_dagrun for job_market_etl to None, run_after=None
[2026-05-08T14:26:57.697+0000] {processor.py:183} INFO - Processing /opt/airflow/dags/job_etl_dag.py took 0.170 seconds
[2026-05-08T14:27:27.953+0000] {processor.py:161} INFO - Started process (PID=157) to work on /opt/airflow/dags/job_etl_dag.py
[2026-05-08T14:27:27.956+0000] {processor.py:830} INFO - Processing file /opt/airflow/dags/job_etl_dag.py for tasks to queue
[2026-05-08T14:27:27.958+0000] {logging_mixin.py:188} INFO - [2026-05-08T14:27:27.958+0000] {dagbag.py:538} INFO - Filling up the DagBag from /opt/airflow/dags/job_etl_dag.py
[2026-05-08T14:27:27.994+0000] {processor.py:840} INFO - DAG(s) 'job_market_etl' retrieved from /opt/airflow/dags/job_etl_dag.py
[2026-05-08T14:27:28.050+0000] {logging_mixin.py:188} INFO - [2026-05-08T14:27:28.049+0000] {dag.py:3036} INFO - Sync 1 DAGs
[2026-05-08T14:27:28.069+0000] {logging_mixin.py:188} INFO - [2026-05-08T14:27:28.069+0000] {dag.py:3823} INFO - Setting next_dagrun for job_market_etl to None, run_after=None
[2026-05-08T14:27:28.107+0000] {processor.py:183} INFO - Processing /opt/airflow/dags/job_etl_dag.py took 0.161 seconds
[2026-05-08T14:27:58.212+0000] {processor.py:161} INFO - Started process (PID=158) to work on /opt/airflow/dags/job_etl_dag.py
[2026-05-08T14:27:58.214+0000] {processor.py:830} INFO - Processing file /opt/airflow/dags/job_etl_dag.py for tasks to queue
[2026-05-08T14:27:58.216+0000] {logging_mixin.py:188} INFO - [2026-05-08T14:27:58.216+0000] {dagbag.py:538} INFO - Filling up the DagBag from /opt/airflow/dags/job_etl_dag.py
[2026-05-08T14:27:58.247+0000] {processor.py:840} INFO - DAG(s) 'job_market_etl' retrieved from /opt/airflow/dags/job_etl_dag.py
[2026-05-08T14:27:58.299+0000] {logging_mixin.py:188} INFO - [2026-05-08T14:27:58.298+0000] {dag.py:3036} INFO - Sync 1 DAGs
[2026-05-08T14:27:58.320+0000] {logging_mixin.py:188} INFO - [2026-05-08T14:27:58.319+0000] {dag.py:3823} INFO - Setting next_dagrun for job_market_etl to None, run_after=None
[2026-05-08T14:27:58.357+0000] {processor.py:183} INFO - Processing /opt/airflow/dags/job_etl_dag.py took 0.149 seconds
[2026-05-08T14:28:28.629+0000] {processor.py:161} INFO - Started process (PID=159) to work on /opt/airflow/dags/job_etl_dag.py
[2026-05-08T14:28:28.631+0000] {processor.py:830} INFO - Processing file /opt/airflow/dags/job_etl_dag.py for tasks to queue
[2026-05-08T14:28:28.634+0000] {logging_mixin.py:188} INFO - [2026-05-08T14:28:28.633+0000] {dagbag.py:538} INFO - Filling up the DagBag from /opt/airflow/dags/job_etl_dag.py
[2026-05-08T14:28:28.672+0000] {processor.py:840} INFO - DAG(s) 'job_market_etl' retrieved from /opt/airflow/dags/job_etl_dag.py
[2026-05-08T14:28:28.722+0000] {logging_mixin.py:188} INFO - [2026-05-08T14:28:28.722+0000] {dag.py:3036} INFO - Sync 1 DAGs
[2026-05-08T14:28:28.742+0000] {logging_mixin.py:188} INFO - [2026-05-08T14:28:28.742+0000] {dag.py:3823} INFO - Setting next_dagrun for job_market_etl to None, run_after=None
[2026-05-08T14:28:28.778+0000] {processor.py:183} INFO - Processing /opt/airflow/dags/job_etl_dag.py took 0.154 seconds
[2026-05-08T14:28:58.894+0000] {processor.py:161} INFO - Started process (PID=160) to work on /opt/airflow/dags/job_etl_dag.py
[2026-05-08T14:28:58.895+0000] {processor.py:830} INFO - Processing file /opt/airflow/dags/job_etl_dag.py for tasks to queue
[2026-05-08T14:28:58.897+0000] {logging_mixin.py:188} INFO - [2026-05-08T14:28:58.897+0000] {dagbag.py:538} INFO - Filling up the DagBag from /opt/airflow/dags/job_etl_dag.py
[2026-05-08T14:28:58.935+0000] {processor.py:840} INFO - DAG(s) 'job_market_etl' retrieved from /opt/airflow/dags/job_etl_dag.py
[2026-05-08T14:28:58.987+0000] {logging_mixin.py:188} INFO - [2026-05-08T14:28:58.986+0000] {dag.py:3036} INFO - Sync 1 DAGs
[2026-05-08T14:28:59.006+0000] {logging_mixin.py:188} INFO - [2026-05-08T14:28:59.006+0000] {dag.py:3823} INFO - Setting next_dagrun for job_market_etl to None, run_after=None
[2026-05-08T14:28:59.055+0000] {processor.py:183} INFO - Processing /opt/airflow/dags/job_etl_dag.py took 0.165 seconds
[2026-05-08T14:29:29.329+0000] {processor.py:161} INFO - Started process (PID=161) to work on /opt/airflow/dags/job_etl_dag.py
[2026-05-08T14:29:29.331+0000] {processor.py:830} INFO - Processing file /opt/airflow/dags/job_etl_dag.py for tasks to queue
[2026-05-08T14:29:29.334+0000] {logging_mixin.py:188} INFO - [2026-05-08T14:29:29.333+0000] {dagbag.py:538} INFO - Filling up the DagBag from /opt/airflow/dags/job_etl_dag.py
[2026-05-08T14:29:29.370+0000] {processor.py:840} INFO - DAG(s) 'job_market_etl' retrieved from /opt/airflow/dags/job_etl_dag.py
[2026-05-08T14:29:29.424+0000] {logging_mixin.py:188} INFO - [2026-05-08T14:29:29.423+0000] {dag.py:3036} INFO - Sync 1 DAGs
[2026-05-08T14:29:29.444+0000] {logging_mixin.py:188} INFO - [2026-05-08T14:29:29.444+0000] {dag.py:3823} INFO - Setting next_dagrun for job_market_etl to None, run_after=None
[2026-05-08T14:29:29.502+0000] {processor.py:183} INFO - Processing /opt/airflow/dags/job_etl_dag.py took 0.176 seconds
[2026-05-08T14:29:59.636+0000] {processor.py:161} INFO - Started process (PID=162) to work on /opt/airflow/dags/job_etl_dag.py
[2026-05-08T14:29:59.639+0000] {processor.py:830} INFO - Processing file /opt/airflow/dags/job_etl_dag.py for tasks to queue
[2026-05-08T14:29:59.641+0000] {logging_mixin.py:188} INFO - [2026-05-08T14:29:59.641+0000] {dagbag.py:538} INFO - Filling up the DagBag from /opt/airflow/dags/job_etl_dag.py
[2026-05-08T14:29:59.676+0000] {processor.py:840} INFO - DAG(s) 'job_market_etl' retrieved from /opt/airflow/dags/job_etl_dag.py
[2026-05-08T14:29:59.731+0000] {logging_mixin.py:188} INFO - [2026-05-08T14:29:59.730+0000] {dag.py:3036} INFO - Sync 1 DAGs
[2026-05-08T14:29:59.754+0000] {logging_mixin.py:188} INFO - [2026-05-08T14:29:59.753+0000] {dag.py:3823} INFO - Setting next_dagrun for job_market_etl to None, run_after=None
[2026-05-08T14:29:59.800+0000] {processor.py:183} INFO - Processing /opt/airflow/dags/job_etl_dag.py took 0.170 seconds
[2026-05-08T14:30:30.053+0000] {processor.py:161} INFO - Started process (PID=163) to work on /opt/airflow/dags/job_etl_dag.py
[2026-05-08T14:30:30.056+0000] {processor.py:830} INFO - Processing file /opt/airflow/dags/job_etl_dag.py for tasks to queue
[2026-05-08T14:30:30.057+0000] {logging_mixin.py:188} INFO - [2026-05-08T14:30:30.057+0000] {dagbag.py:538} INFO - Filling up the DagBag from /opt/airflow/dags/job_etl_dag.py
[2026-05-08T14:30:30.097+0000] {processor.py:840} INFO - DAG(s) 'job_market_etl' retrieved from /opt/airflow/dags/job_etl_dag.py
[2026-05-08T14:30:30.148+0000] {logging_mixin.py:188} INFO - [2026-05-08T14:30:30.148+0000] {dag.py:3036} INFO - Sync 1 DAGs
[2026-05-08T14:30:30.168+0000] {logging_mixin.py:188} INFO - [2026-05-08T14:30:30.168+0000] {dag.py:3823} INFO - Setting next_dagrun for job_market_etl to None, run_after=None
[2026-05-08T14:30:30.202+0000] {processor.py:183} INFO - Processing /opt/airflow/dags/job_etl_dag.py took 0.153 seconds
[2026-05-08T14:31:00.315+0000] {processor.py:161} INFO - Started process (PID=164) to work on /opt/airflow/dags/job_etl_dag.py
[2026-05-08T14:31:00.318+0000] {processor.py:830} INFO - Processing file /opt/airflow/dags/job_etl_dag.py for tasks to queue
[2026-05-08T14:31:00.321+0000] {logging_mixin.py:188} INFO - [2026-05-08T14:31:00.321+0000] {dagbag.py:538} INFO - Filling up the DagBag from /opt/airflow/dags/job_etl_dag.py
[2026-05-08T14:31:00.357+0000] {processor.py:840} INFO - DAG(s) 'job_market_etl' retrieved from /opt/airflow/dags/job_etl_dag.py
[2026-05-08T14:31:00.412+0000] {logging_mixin.py:188} INFO - [2026-05-08T14:31:00.411+0000] {dag.py:3036} INFO - Sync 1 DAGs
[2026-05-08T14:31:00.433+0000] {logging_mixin.py:188} INFO - [2026-05-08T14:31:00.433+0000] {dag.py:3823} INFO - Setting next_dagrun for job_market_etl to None, run_after=None
[2026-05-08T14:31:00.470+0000] {processor.py:183} INFO - Processing /opt/airflow/dags/job_etl_dag.py took 0.160 seconds
[2026-05-08T14:31:30.743+0000] {processor.py:161} INFO - Started process (PID=165) to work on /opt/airflow/dags/job_etl_dag.py
[2026-05-08T14:31:30.745+0000] {processor.py:830} INFO - Processing file /opt/airflow/dags/job_etl_dag.py for tasks to queue
[2026-05-08T14:31:30.748+0000] {logging_mixin.py:188} INFO - [2026-05-08T14:31:30.747+0000] {dagbag.py:538} INFO - Filling up the DagBag from /opt/airflow/dags/job_etl_dag.py
[2026-05-08T14:31:30.784+0000] {processor.py:840} INFO - DAG(s) 'job_market_etl' retrieved from /opt/airflow/dags/job_etl_dag.py
[2026-05-08T14:31:30.832+0000] {logging_mixin.py:188} INFO - [2026-05-08T14:31:30.832+0000] {dag.py:3036} INFO - Sync 1 DAGs
[2026-05-08T14:31:30.852+0000] {logging_mixin.py:188} INFO - [2026-05-08T14:31:30.852+0000] {dag.py:3823} INFO - Setting next_dagrun for job_market_etl to None, run_after=None
[2026-05-08T14:31:30.901+0000] {processor.py:183} INFO - Processing /opt/airflow/dags/job_etl_dag.py took 0.162 seconds
[2026-05-08T14:32:01.012+0000] {processor.py:161} INFO - Started process (PID=166) to work on /opt/airflow/dags/job_etl_dag.py
[2026-05-08T14:32:01.014+0000] {processor.py:830} INFO - Processing file /opt/airflow/dags/job_etl_dag.py for tasks to queue
[2026-05-08T14:32:01.017+0000] {logging_mixin.py:188} INFO - [2026-05-08T14:32:01.016+0000] {dagbag.py:538} INFO - Filling up the DagBag from /opt/airflow/dags/job_etl_dag.py
[2026-05-08T14:32:01.052+0000] {processor.py:840} INFO - DAG(s) 'job_market_etl' retrieved from /opt/airflow/dags/job_etl_dag.py
[2026-05-08T14:32:01.109+0000] {logging_mixin.py:188} INFO - [2026-05-08T14:32:01.108+0000] {dag.py:3036} INFO - Sync 1 DAGs
[2026-05-08T14:32:01.127+0000] {logging_mixin.py:188} INFO - [2026-05-08T14:32:01.127+0000] {dag.py:3823} INFO - Setting next_dagrun for job_market_etl to None, run_after=None
[2026-05-08T14:32:01.178+0000] {processor.py:183} INFO - Processing /opt/airflow/dags/job_etl_dag.py took 0.172 seconds
[2026-05-08T14:32:31.436+0000] {processor.py:161} INFO - Started process (PID=167) to work on /opt/airflow/dags/job_etl_dag.py
[2026-05-08T14:32:31.439+0000] {processor.py:830} INFO - Processing file /opt/airflow/dags/job_etl_dag.py for tasks to queue
[2026-05-08T14:32:31.441+0000] {logging_mixin.py:188} INFO - [2026-05-08T14:32:31.440+0000] {dagbag.py:538} INFO - Filling up the DagBag from /opt/airflow/dags/job_etl_dag.py
[2026-05-08T14:32:31.483+0000] {processor.py:840} INFO - DAG(s) 'job_market_etl' retrieved from /opt/airflow/dags/job_etl_dag.py
[2026-05-08T14:32:31.546+0000] {logging_mixin.py:188} INFO - [2026-05-08T14:32:31.546+0000] {dag.py:3036} INFO - Sync 1 DAGs
[2026-05-08T14:32:31.571+0000] {logging_mixin.py:188} INFO - [2026-05-08T14:32:31.571+0000] {dag.py:3823} INFO - Setting next_dagrun for job_market_etl to None, run_after=None
[2026-05-08T14:32:31.608+0000] {processor.py:183} INFO - Processing /opt/airflow/dags/job_etl_dag.py took 0.176 seconds
[2026-05-08T14:33:01.705+0000] {processor.py:161} INFO - Started process (PID=168) to work on /opt/airflow/dags/job_etl_dag.py
[2026-05-08T14:33:01.708+0000] {processor.py:830} INFO - Processing file /opt/airflow/dags/job_etl_dag.py for tasks to queue
[2026-05-08T14:33:01.710+0000] {logging_mixin.py:188} INFO - [2026-05-08T14:33:01.709+0000] {dagbag.py:538} INFO - Filling up the DagBag from /opt/airflow/dags/job_etl_dag.py
[2026-05-08T14:33:01.744+0000] {processor.py:840} INFO - DAG(s) 'job_market_etl' retrieved from /opt/airflow/dags/job_etl_dag.py
[2026-05-08T14:33:01.798+0000] {logging_mixin.py:188} INFO - [2026-05-08T14:33:01.797+0000] {dag.py:3036} INFO - Sync 1 DAGs
[2026-05-08T14:33:01.817+0000] {logging_mixin.py:188} INFO - [2026-05-08T14:33:01.816+0000] {dag.py:3823} INFO - Setting next_dagrun for job_market_etl to None, run_after=None
[2026-05-08T14:33:01.866+0000] {processor.py:183} INFO - Processing /opt/airflow/dags/job_etl_dag.py took 0.167 seconds
[2026-05-08T14:33:32.144+0000] {processor.py:161} INFO - Started process (PID=169) to work on /opt/airflow/dags/job_etl_dag.py
[2026-05-08T14:33:32.146+0000] {processor.py:830} INFO - Processing file /opt/airflow/dags/job_etl_dag.py for tasks to queue
[2026-05-08T14:33:32.148+0000] {logging_mixin.py:188} INFO - [2026-05-08T14:33:32.148+0000] {dagbag.py:538} INFO - Filling up the DagBag from /opt/airflow/dags/job_etl_dag.py
[2026-05-08T14:33:32.184+0000] {processor.py:840} INFO - DAG(s) 'job_market_etl' retrieved from /opt/airflow/dags/job_etl_dag.py
[2026-05-08T14:33:32.235+0000] {logging_mixin.py:188} INFO - [2026-05-08T14:33:32.234+0000] {dag.py:3036} INFO - Sync 1 DAGs
[2026-05-08T14:33:32.252+0000] {logging_mixin.py:188} INFO - [2026-05-08T14:33:32.252+0000] {dag.py:3823} INFO - Setting next_dagrun for job_market_etl to None, run_after=None
[2026-05-08T14:33:32.285+0000] {processor.py:183} INFO - Processing /opt/airflow/dags/job_etl_dag.py took 0.146 seconds
[2026-05-08T14:34:02.411+0000] {processor.py:161} INFO - Started process (PID=170) to work on /opt/airflow/dags/job_etl_dag.py
[2026-05-08T14:34:02.413+0000] {processor.py:830} INFO - Processing file /opt/airflow/dags/job_etl_dag.py for tasks to queue
[2026-05-08T14:34:02.415+0000] {logging_mixin.py:188} INFO - [2026-05-08T14:34:02.414+0000] {dagbag.py:538} INFO - Filling up the DagBag from /opt/airflow/dags/job_etl_dag.py
[2026-05-08T14:34:02.448+0000] {processor.py:840} INFO - DAG(s) 'job_market_etl' retrieved from /opt/airflow/dags/job_etl_dag.py
[2026-05-08T14:34:02.508+0000] {logging_mixin.py:188} INFO - [2026-05-08T14:34:02.507+0000] {dag.py:3036} INFO - Sync 1 DAGs
[2026-05-08T14:34:02.527+0000] {logging_mixin.py:188} INFO - [2026-05-08T14:34:02.526+0000] {dag.py:3823} INFO - Setting next_dagrun for job_market_etl to None, run_after=None
[2026-05-08T14:34:02.563+0000] {processor.py:183} INFO - Processing /opt/airflow/dags/job_etl_dag.py took 0.157 seconds
[2026-05-08T14:34:32.809+0000] {processor.py:161} INFO - Started process (PID=171) to work on /opt/airflow/dags/job_etl_dag.py
[2026-05-08T14:34:32.811+0000] {processor.py:830} INFO - Processing file /opt/airflow/dags/job_etl_dag.py for tasks to queue
[2026-05-08T14:34:32.814+0000] {logging_mixin.py:188} INFO - [2026-05-08T14:34:32.813+0000] {dagbag.py:538} INFO - Filling up the DagBag from /opt/airflow/dags/job_etl_dag.py
[2026-05-08T14:34:32.851+0000] {processor.py:840} INFO - DAG(s) 'job_market_etl' retrieved from /opt/airflow/dags/job_etl_dag.py
[2026-05-08T14:34:32.902+0000] {logging_mixin.py:188} INFO - [2026-05-08T14:34:32.901+0000] {dag.py:3036} INFO - Sync 1 DAGs
[2026-05-08T14:34:32.919+0000] {logging_mixin.py:188} INFO - [2026-05-08T14:34:32.919+0000] {dag.py:3823} INFO - Setting next_dagrun for job_market_etl to None, run_after=None
[2026-05-08T14:34:32.967+0000] {processor.py:183} INFO - Processing /opt/airflow/dags/job_etl_dag.py took 0.163 seconds
[2026-05-08T14:35:03.126+0000] {processor.py:161} INFO - Started process (PID=172) to work on /opt/airflow/dags/job_etl_dag.py
[2026-05-08T14:35:03.129+0000] {processor.py:830} INFO - Processing file /opt/airflow/dags/job_etl_dag.py for tasks to queue
[2026-05-08T14:35:03.132+0000] {logging_mixin.py:188} INFO - [2026-05-08T14:35:03.132+0000] {dagbag.py:538} INFO - Filling up the DagBag from /opt/airflow/dags/job_etl_dag.py
[2026-05-08T14:35:03.167+0000] {processor.py:840} INFO - DAG(s) 'job_market_etl' retrieved from /opt/airflow/dags/job_etl_dag.py
[2026-05-08T14:35:03.215+0000] {logging_mixin.py:188} INFO - [2026-05-08T14:35:03.215+0000] {dag.py:3036} INFO - Sync 1 DAGs
[2026-05-08T14:35:03.233+0000] {logging_mixin.py:188} INFO - [2026-05-08T14:35:03.233+0000] {dag.py:3823} INFO - Setting next_dagrun for job_market_etl to None, run_after=None
[2026-05-08T14:35:03.287+0000] {processor.py:183} INFO - Processing /opt/airflow/dags/job_etl_dag.py took 0.167 seconds
[2026-05-08T14:35:33.517+0000] {processor.py:161} INFO - Started process (PID=173) to work on /opt/airflow/dags/job_etl_dag.py
[2026-05-08T14:35:33.521+0000] {processor.py:830} INFO - Processing file /opt/airflow/dags/job_etl_dag.py for tasks to queue
[2026-05-08T14:35:33.524+0000] {logging_mixin.py:188} INFO - [2026-05-08T14:35:33.523+0000] {dagbag.py:538} INFO - Filling up the DagBag from /opt/airflow/dags/job_etl_dag.py
[2026-05-08T14:35:33.558+0000] {processor.py:840} INFO - DAG(s) 'job_market_etl' retrieved from /opt/airflow/dags/job_etl_dag.py
[2026-05-08T14:35:33.622+0000] {logging_mixin.py:188} INFO - [2026-05-08T14:35:33.621+0000] {dag.py:3036} INFO - Sync 1 DAGs
[2026-05-08T14:35:33.640+0000] {logging_mixin.py:188} INFO - [2026-05-08T14:35:33.640+0000] {dag.py:3823} INFO - Setting next_dagrun for job_market_etl to None, run_after=None
[2026-05-08T14:35:33.679+0000] {processor.py:183} INFO - Processing /opt/airflow/dags/job_etl_dag.py took 0.167 seconds
[2026-05-08T14:36:03.812+0000] {processor.py:161} INFO - Started process (PID=174) to work on /opt/airflow/dags/job_etl_dag.py
[2026-05-08T14:36:03.814+0000] {processor.py:830} INFO - Processing file /opt/airflow/dags/job_etl_dag.py for tasks to queue
[2026-05-08T14:36:03.815+0000] {logging_mixin.py:188} INFO - [2026-05-08T14:36:03.815+0000] {dagbag.py:538} INFO - Filling up the DagBag from /opt/airflow/dags/job_etl_dag.py
[2026-05-08T14:36:03.859+0000] {processor.py:840} INFO - DAG(s) 'job_market_etl' retrieved from /opt/airflow/dags/job_etl_dag.py
[2026-05-08T14:36:03.919+0000] {logging_mixin.py:188} INFO - [2026-05-08T14:36:03.918+0000] {dag.py:3036} INFO - Sync 1 DAGs
[2026-05-08T14:36:03.943+0000] {logging_mixin.py:188} INFO - [2026-05-08T14:36:03.942+0000] {dag.py:3823} INFO - Setting next_dagrun for job_market_etl to None, run_after=None
[2026-05-08T14:36:04.001+0000] {processor.py:183} INFO - Processing /opt/airflow/dags/job_etl_dag.py took 0.195 seconds
[2026-05-08T14:36:34.215+0000] {processor.py:161} INFO - Started process (PID=175) to work on /opt/airflow/dags/job_etl_dag.py
[2026-05-08T14:36:34.218+0000] {processor.py:830} INFO - Processing file /opt/airflow/dags/job_etl_dag.py for tasks to queue
[2026-05-08T14:36:34.220+0000] {logging_mixin.py:188} INFO - [2026-05-08T14:36:34.219+0000] {dagbag.py:538} INFO - Filling up the DagBag from /opt/airflow/dags/job_etl_dag.py
[2026-05-08T14:36:34.253+0000] {processor.py:840} INFO - DAG(s) 'job_market_etl' retrieved from /opt/airflow/dags/job_etl_dag.py
[2026-05-08T14:36:34.300+0000] {logging_mixin.py:188} INFO - [2026-05-08T14:36:34.299+0000] {dag.py:3036} INFO - Sync 1 DAGs
[2026-05-08T14:36:34.323+0000] {logging_mixin.py:188} INFO - [2026-05-08T14:36:34.323+0000] {dag.py:3823} INFO - Setting next_dagrun for job_market_etl to None, run_after=None
[2026-05-08T14:36:34.362+0000] {processor.py:183} INFO - Processing /opt/airflow/dags/job_etl_dag.py took 0.152 seconds
[2026-05-08T14:37:04.535+0000] {processor.py:161} INFO - Started process (PID=176) to work on /opt/airflow/dags/job_etl_dag.py
[2026-05-08T14:37:04.538+0000] {processor.py:830} INFO - Processing file /opt/airflow/dags/job_etl_dag.py for tasks to queue
[2026-05-08T14:37:04.541+0000] {logging_mixin.py:188} INFO - [2026-05-08T14:37:04.540+0000] {dagbag.py:538} INFO - Filling up the DagBag from /opt/airflow/dags/job_etl_dag.py
[2026-05-08T14:37:04.576+0000] {processor.py:840} INFO - DAG(s) 'job_market_etl' retrieved from /opt/airflow/dags/job_etl_dag.py
[2026-05-08T14:37:04.631+0000] {logging_mixin.py:188} INFO - [2026-05-08T14:37:04.631+0000] {dag.py:3036} INFO - Sync 1 DAGs
[2026-05-08T14:37:04.650+0000] {logging_mixin.py:188} INFO - [2026-05-08T14:37:04.649+0000] {dag.py:3823} INFO - Setting next_dagrun for job_market_etl to None, run_after=None
[2026-05-08T14:37:04.684+0000] {processor.py:183} INFO - Processing /opt/airflow/dags/job_etl_dag.py took 0.154 seconds
[2026-05-08T14:37:34.919+0000] {processor.py:161} INFO - Started process (PID=177) to work on /opt/airflow/dags/job_etl_dag.py
[2026-05-08T14:37:34.924+0000] {processor.py:830} INFO - Processing file /opt/airflow/dags/job_etl_dag.py for tasks to queue
[2026-05-08T14:37:34.927+0000] {logging_mixin.py:188} INFO - [2026-05-08T14:37:34.927+0000] {dagbag.py:538} INFO - Filling up the DagBag from /opt/airflow/dags/job_etl_dag.py
[2026-05-08T14:37:34.969+0000] {processor.py:840} INFO - DAG(s) 'job_market_etl' retrieved from /opt/airflow/dags/job_etl_dag.py
[2026-05-08T14:37:35.029+0000] {logging_mixin.py:188} INFO - [2026-05-08T14:37:35.029+0000] {dag.py:3036} INFO - Sync 1 DAGs
[2026-05-08T14:37:35.050+0000] {logging_mixin.py:188} INFO - [2026-05-08T14:37:35.049+0000] {dag.py:3823} INFO - Setting next_dagrun for job_market_etl to None, run_after=None
[2026-05-08T14:37:35.097+0000] {processor.py:183} INFO - Processing /opt/airflow/dags/job_etl_dag.py took 0.188 seconds
[2026-05-08T14:38:05.234+0000] {processor.py:161} INFO - Started process (PID=178) to work on /opt/airflow/dags/job_etl_dag.py
[2026-05-08T14:38:05.239+0000] {processor.py:830} INFO - Processing file /opt/airflow/dags/job_etl_dag.py for tasks to queue
[2026-05-08T14:38:05.242+0000] {logging_mixin.py:188} INFO - [2026-05-08T14:38:05.241+0000] {dagbag.py:538} INFO - Filling up the DagBag from /opt/airflow/dags/job_etl_dag.py
[2026-05-08T14:38:05.282+0000] {processor.py:840} INFO - DAG(s) 'job_market_etl' retrieved from /opt/airflow/dags/job_etl_dag.py
[2026-05-08T14:38:05.346+0000] {logging_mixin.py:188} INFO - [2026-05-08T14:38:05.345+0000] {dag.py:3036} INFO - Sync 1 DAGs
[2026-05-08T14:38:05.368+0000] {logging_mixin.py:188} INFO - [2026-05-08T14:38:05.368+0000] {dag.py:3823} INFO - Setting next_dagrun for job_market_etl to None, run_after=None
[2026-05-08T14:38:05.408+0000] {processor.py:183} INFO - Processing /opt/airflow/dags/job_etl_dag.py took 0.186 seconds
[2026-05-08T14:38:35.620+0000] {processor.py:161} INFO - Started process (PID=179) to work on /opt/airflow/dags/job_etl_dag.py
[2026-05-08T14:38:35.625+0000] {processor.py:830} INFO - Processing file /opt/airflow/dags/job_etl_dag.py for tasks to queue
[2026-05-08T14:38:35.627+0000] {logging_mixin.py:188} INFO - [2026-05-08T14:38:35.627+0000] {dagbag.py:538} INFO - Filling up the DagBag from /opt/airflow/dags/job_etl_dag.py
[2026-05-08T14:38:35.668+0000] {processor.py:840} INFO - DAG(s) 'job_market_etl' retrieved from /opt/airflow/dags/job_etl_dag.py
[2026-05-08T14:38:35.719+0000] {logging_mixin.py:188} INFO - [2026-05-08T14:38:35.719+0000] {dag.py:3036} INFO - Sync 1 DAGs
[2026-05-08T14:38:35.740+0000] {logging_mixin.py:188} INFO - [2026-05-08T14:38:35.739+0000] {dag.py:3823} INFO - Setting next_dagrun for job_market_etl to None, run_after=None
[2026-05-08T14:38:35.793+0000] {processor.py:183} INFO - Processing /opt/airflow/dags/job_etl_dag.py took 0.179 seconds
[2026-05-08T14:39:05.935+0000] {processor.py:161} INFO - Started process (PID=180) to work on /opt/airflow/dags/job_etl_dag.py
[2026-05-08T14:39:05.939+0000] {processor.py:830} INFO - Processing file /opt/airflow/dags/job_etl_dag.py for tasks to queue
[2026-05-08T14:39:05.943+0000] {logging_mixin.py:188} INFO - [2026-05-08T14:39:05.942+0000] {dagbag.py:538} INFO - Filling up the DagBag from /opt/airflow/dags/job_etl_dag.py
[2026-05-08T14:39:05.978+0000] {processor.py:840} INFO - DAG(s) 'job_market_etl' retrieved from /opt/airflow/dags/job_etl_dag.py
[2026-05-08T14:39:06.032+0000] {logging_mixin.py:188} INFO - [2026-05-08T14:39:06.032+0000] {dag.py:3036} INFO - Sync 1 DAGs
[2026-05-08T14:39:06.051+0000] {logging_mixin.py:188} INFO - [2026-05-08T14:39:06.050+0000] {dag.py:3823} INFO - Setting next_dagrun for job_market_etl to None, run_after=None
[2026-05-08T14:39:06.091+0000] {processor.py:183} INFO - Processing /opt/airflow/dags/job_etl_dag.py took 0.162 seconds
[2026-05-08T14:39:36.327+0000] {processor.py:161} INFO - Started process (PID=181) to work on /opt/airflow/dags/job_etl_dag.py
[2026-05-08T14:39:36.329+0000] {processor.py:830} INFO - Processing file /opt/airflow/dags/job_etl_dag.py for tasks to queue
[2026-05-08T14:39:36.330+0000] {logging_mixin.py:188} INFO - [2026-05-08T14:39:36.330+0000] {dagbag.py:538} INFO - Filling up the DagBag from /opt/airflow/dags/job_etl_dag.py
[2026-05-08T14:39:36.368+0000] {processor.py:840} INFO - DAG(s) 'job_market_etl' retrieved from /opt/airflow/dags/job_etl_dag.py
[2026-05-08T14:39:36.422+0000] {logging_mixin.py:188} INFO - [2026-05-08T14:39:36.422+0000] {dag.py:3036} INFO - Sync 1 DAGs
[2026-05-08T14:39:36.445+0000] {logging_mixin.py:188} INFO - [2026-05-08T14:39:36.445+0000] {dag.py:3823} INFO - Setting next_dagrun for job_market_etl to None, run_after=None
[2026-05-08T14:39:36.485+0000] {processor.py:183} INFO - Processing /opt/airflow/dags/job_etl_dag.py took 0.164 seconds
[2026-05-08T14:40:06.660+0000] {processor.py:161} INFO - Started process (PID=182) to work on /opt/airflow/dags/job_etl_dag.py
[2026-05-08T14:40:06.662+0000] {processor.py:830} INFO - Processing file /opt/airflow/dags/job_etl_dag.py for tasks to queue
[2026-05-08T14:40:06.664+0000] {logging_mixin.py:188} INFO - [2026-05-08T14:40:06.663+0000] {dagbag.py:538} INFO - Filling up the DagBag from /opt/airflow/dags/job_etl_dag.py
[2026-05-08T14:40:06.699+0000] {processor.py:840} INFO - DAG(s) 'job_market_etl' retrieved from /opt/airflow/dags/job_etl_dag.py
[2026-05-08T14:40:06.753+0000] {logging_mixin.py:188} INFO - [2026-05-08T14:40:06.753+0000] {dag.py:3036} INFO - Sync 1 DAGs
[2026-05-08T14:40:06.774+0000] {logging_mixin.py:188} INFO - [2026-05-08T14:40:06.773+0000] {dag.py:3823} INFO - Setting next_dagrun for job_market_etl to None, run_after=None
[2026-05-08T14:40:06.827+0000] {processor.py:183} INFO - Processing /opt/airflow/dags/job_etl_dag.py took 0.175 seconds
[2026-05-08T14:40:37.014+0000] {processor.py:161} INFO - Started process (PID=183) to work on /opt/airflow/dags/job_etl_dag.py
[2026-05-08T14:40:37.016+0000] {processor.py:830} INFO - Processing file /opt/airflow/dags/job_etl_dag.py for tasks to queue
[2026-05-08T14:40:37.019+0000] {logging_mixin.py:188} INFO - [2026-05-08T14:40:37.018+0000] {dagbag.py:538} INFO - Filling up the DagBag from /opt/airflow/dags/job_etl_dag.py
[2026-05-08T14:40:37.071+0000] {processor.py:840} INFO - DAG(s) 'job_market_etl' retrieved from /opt/airflow/dags/job_etl_dag.py
[2026-05-08T14:40:37.122+0000] {logging_mixin.py:188} INFO - [2026-05-08T14:40:37.121+0000] {dag.py:3036} INFO - Sync 1 DAGs
[2026-05-08T14:40:37.141+0000] {logging_mixin.py:188} INFO - [2026-05-08T14:40:37.140+0000] {dag.py:3823} INFO - Setting next_dagrun for job_market_etl to None, run_after=None
[2026-05-08T14:40:37.178+0000] {processor.py:183} INFO - Processing /opt/airflow/dags/job_etl_dag.py took 0.169 seconds
[2026-05-08T14:41:07.351+0000] {processor.py:161} INFO - Started process (PID=184) to work on /opt/airflow/dags/job_etl_dag.py
[2026-05-08T14:41:07.353+0000] {processor.py:830} INFO - Processing file /opt/airflow/dags/job_etl_dag.py for tasks to queue
[2026-05-08T14:41:07.355+0000] {logging_mixin.py:188} INFO - [2026-05-08T14:41:07.354+0000] {dagbag.py:538} INFO - Filling up the DagBag from /opt/airflow/dags/job_etl_dag.py
[2026-05-08T14:41:07.393+0000] {processor.py:840} INFO - DAG(s) 'job_market_etl' retrieved from /opt/airflow/dags/job_etl_dag.py
[2026-05-08T14:41:07.446+0000] {logging_mixin.py:188} INFO - [2026-05-08T14:41:07.446+0000] {dag.py:3036} INFO - Sync 1 DAGs
[2026-05-08T14:41:07.465+0000] {logging_mixin.py:188} INFO - [2026-05-08T14:41:07.465+0000] {dag.py:3823} INFO - Setting next_dagrun for job_market_etl to None, run_after=None
[2026-05-08T14:41:07.505+0000] {processor.py:183} INFO - Processing /opt/airflow/dags/job_etl_dag.py took 0.159 seconds
[2026-05-08T14:41:37.702+0000] {processor.py:161} INFO - Started process (PID=185) to work on /opt/airflow/dags/job_etl_dag.py
[2026-05-08T14:41:37.705+0000] {processor.py:830} INFO - Processing file /opt/airflow/dags/job_etl_dag.py for tasks to queue
[2026-05-08T14:41:37.708+0000] {logging_mixin.py:188} INFO - [2026-05-08T14:41:37.707+0000] {dagbag.py:538} INFO - Filling up the DagBag from /opt/airflow/dags/job_etl_dag.py
[2026-05-08T14:41:37.748+0000] {processor.py:840} INFO - DAG(s) 'job_market_etl' retrieved from /opt/airflow/dags/job_etl_dag.py
[2026-05-08T14:41:37.799+0000] {logging_mixin.py:188} INFO - [2026-05-08T14:41:37.799+0000] {dag.py:3036} INFO - Sync 1 DAGs
[2026-05-08T14:41:37.819+0000] {logging_mixin.py:188} INFO - [2026-05-08T14:41:37.819+0000] {dag.py:3823} INFO - Setting next_dagrun for job_market_etl to None, run_after=None
[2026-05-08T14:41:37.867+0000] {processor.py:183} INFO - Processing /opt/airflow/dags/job_etl_dag.py took 0.171 seconds
[2026-05-08T14:42:08.009+0000] {processor.py:161} INFO - Started process (PID=186) to work on /opt/airflow/dags/job_etl_dag.py
[2026-05-08T14:42:08.012+0000] {processor.py:830} INFO - Processing file /opt/airflow/dags/job_etl_dag.py for tasks to queue
[2026-05-08T14:42:08.014+0000] {logging_mixin.py:188} INFO - [2026-05-08T14:42:08.014+0000] {dagbag.py:538} INFO - Filling up the DagBag from /opt/airflow/dags/job_etl_dag.py
[2026-05-08T14:42:08.051+0000] {processor.py:840} INFO - DAG(s) 'job_market_etl' retrieved from /opt/airflow/dags/job_etl_dag.py
[2026-05-08T14:42:08.105+0000] {logging_mixin.py:188} INFO - [2026-05-08T14:42:08.105+0000] {dag.py:3036} INFO - Sync 1 DAGs
[2026-05-08T14:42:08.125+0000] {logging_mixin.py:188} INFO - [2026-05-08T14:42:08.123+0000] {dag.py:3823} INFO - Setting next_dagrun for job_market_etl to None, run_after=None
[2026-05-08T14:42:08.172+0000] {processor.py:183} INFO - Processing /opt/airflow/dags/job_etl_dag.py took 0.168 seconds
[2026-05-08T14:42:38.386+0000] {processor.py:161} INFO - Started process (PID=187) to work on /opt/airflow/dags/job_etl_dag.py
[2026-05-08T14:42:38.388+0000] {processor.py:830} INFO - Processing file /opt/airflow/dags/job_etl_dag.py for tasks to queue
[2026-05-08T14:42:38.391+0000] {logging_mixin.py:188} INFO - [2026-05-08T14:42:38.391+0000] {dagbag.py:538} INFO - Filling up the DagBag from /opt/airflow/dags/job_etl_dag.py
[2026-05-08T14:42:38.431+0000] {processor.py:840} INFO - DAG(s) 'job_market_etl' retrieved from /opt/airflow/dags/job_etl_dag.py
[2026-05-08T14:42:38.478+0000] {logging_mixin.py:188} INFO - [2026-05-08T14:42:38.477+0000] {dag.py:3036} INFO - Sync 1 DAGs
[2026-05-08T14:42:38.499+0000] {logging_mixin.py:188} INFO - [2026-05-08T14:42:38.498+0000] {dag.py:3823} INFO - Setting next_dagrun for job_market_etl to None, run_after=None
[2026-05-08T14:42:38.549+0000] {processor.py:183} INFO - Processing /opt/airflow/dags/job_etl_dag.py took 0.168 seconds
[2026-05-08T14:43:08.689+0000] {processor.py:161} INFO - Started process (PID=188) to work on /opt/airflow/dags/job_etl_dag.py
[2026-05-08T14:43:08.692+0000] {processor.py:830} INFO - Processing file /opt/airflow/dags/job_etl_dag.py for tasks to queue
[2026-05-08T14:43:08.695+0000] {logging_mixin.py:188} INFO - [2026-05-08T14:43:08.694+0000] {dagbag.py:538} INFO - Filling up the DagBag from /opt/airflow/dags/job_etl_dag.py
[2026-05-08T14:43:08.733+0000] {processor.py:840} INFO - DAG(s) 'job_market_etl' retrieved from /opt/airflow/dags/job_etl_dag.py
[2026-05-08T14:43:08.786+0000] {logging_mixin.py:188} INFO - [2026-05-08T14:43:08.785+0000] {dag.py:3036} INFO - Sync 1 DAGs
[2026-05-08T14:43:08.807+0000] {logging_mixin.py:188} INFO - [2026-05-08T14:43:08.807+0000] {dag.py:3823} INFO - Setting next_dagrun for job_market_etl to None, run_after=None
[2026-05-08T14:43:08.848+0000] {processor.py:183} INFO - Processing /opt/airflow/dags/job_etl_dag.py took 0.164 seconds
[2026-05-08T14:43:39.075+0000] {processor.py:161} INFO - Started process (PID=189) to work on /opt/airflow/dags/job_etl_dag.py
[2026-05-08T14:43:39.078+0000] {processor.py:830} INFO - Processing file /opt/airflow/dags/job_etl_dag.py for tasks to queue
[2026-05-08T14:43:39.080+0000] {logging_mixin.py:188} INFO - [2026-05-08T14:43:39.080+0000] {dagbag.py:538} INFO - Filling up the DagBag from /opt/airflow/dags/job_etl_dag.py
[2026-05-08T14:43:39.115+0000] {processor.py:840} INFO - DAG(s) 'job_market_etl' retrieved from /opt/airflow/dags/job_etl_dag.py
[2026-05-08T14:43:39.165+0000] {logging_mixin.py:188} INFO - [2026-05-08T14:43:39.164+0000] {dag.py:3036} INFO - Sync 1 DAGs
[2026-05-08T14:43:39.185+0000] {logging_mixin.py:188} INFO - [2026-05-08T14:43:39.185+0000] {dag.py:3823} INFO - Setting next_dagrun for job_market_etl to None, run_after=None
[2026-05-08T14:43:39.219+0000] {processor.py:183} INFO - Processing /opt/airflow/dags/job_etl_dag.py took 0.151 seconds
[2026-05-08T14:44:09.372+0000] {processor.py:161} INFO - Started process (PID=190) to work on /opt/airflow/dags/job_etl_dag.py
[2026-05-08T14:44:09.375+0000] {processor.py:830} INFO - Processing file /opt/airflow/dags/job_etl_dag.py for tasks to queue
[2026-05-08T14:44:09.378+0000] {logging_mixin.py:188} INFO - [2026-05-08T14:44:09.377+0000] {dagbag.py:538} INFO - Filling up the DagBag from /opt/airflow/dags/job_etl_dag.py
[2026-05-08T14:44:09.415+0000] {processor.py:840} INFO - DAG(s) 'job_market_etl' retrieved from /opt/airflow/dags/job_etl_dag.py
[2026-05-08T14:44:09.470+0000] {logging_mixin.py:188} INFO - [2026-05-08T14:44:09.470+0000] {dag.py:3036} INFO - Sync 1 DAGs
[2026-05-08T14:44:09.489+0000] {logging_mixin.py:188} INFO - [2026-05-08T14:44:09.488+0000] {dag.py:3823} INFO - Setting next_dagrun for job_market_etl to None, run_after=None
[2026-05-08T14:44:09.526+0000] {processor.py:183} INFO - Processing /opt/airflow/dags/job_etl_dag.py took 0.159 seconds
[2026-05-08T14:44:39.745+0000] {processor.py:161} INFO - Started process (PID=191) to work on /opt/airflow/dags/job_etl_dag.py
[2026-05-08T14:44:39.747+0000] {processor.py:830} INFO - Processing file /opt/airflow/dags/job_etl_dag.py for tasks to queue
[2026-05-08T14:44:39.750+0000] {logging_mixin.py:188} INFO - [2026-05-08T14:44:39.749+0000] {dagbag.py:538} INFO - Filling up the DagBag from /opt/airflow/dags/job_etl_dag.py
[2026-05-08T14:44:39.788+0000] {processor.py:840} INFO - DAG(s) 'job_market_etl' retrieved from /opt/airflow/dags/job_etl_dag.py
[2026-05-08T14:44:39.838+0000] {logging_mixin.py:188} INFO - [2026-05-08T14:44:39.838+0000] {dag.py:3036} INFO - Sync 1 DAGs
[2026-05-08T14:44:39.857+0000] {logging_mixin.py:188} INFO - [2026-05-08T14:44:39.857+0000] {dag.py:3823} INFO - Setting next_dagrun for job_market_etl to None, run_after=None
[2026-05-08T14:44:39.916+0000] {processor.py:183} INFO - Processing /opt/airflow/dags/job_etl_dag.py took 0.178 seconds
[2026-05-08T14:45:10.105+0000] {processor.py:161} INFO - Started process (PID=192) to work on /opt/airflow/dags/job_etl_dag.py
[2026-05-08T14:45:10.108+0000] {processor.py:830} INFO - Processing file /opt/airflow/dags/job_etl_dag.py for tasks to queue
[2026-05-08T14:45:10.110+0000] {logging_mixin.py:188} INFO - [2026-05-08T14:45:10.109+0000] {dagbag.py:538} INFO - Filling up the DagBag from /opt/airflow/dags/job_etl_dag.py
[2026-05-08T14:45:10.147+0000] {processor.py:840} INFO - DAG(s) 'job_market_etl' retrieved from /opt/airflow/dags/job_etl_dag.py
[2026-05-08T14:45:10.194+0000] {logging_mixin.py:188} INFO - [2026-05-08T14:45:10.193+0000] {dag.py:3036} INFO - Sync 1 DAGs
[2026-05-08T14:45:10.212+0000] {logging_mixin.py:188} INFO - [2026-05-08T14:45:10.212+0000] {dag.py:3823} INFO - Setting next_dagrun for job_market_etl to None, run_after=None
[2026-05-08T14:45:10.259+0000] {processor.py:183} INFO - Processing /opt/airflow/dags/job_etl_dag.py took 0.159 seconds
[2026-05-08T14:45:40.438+0000] {processor.py:161} INFO - Started process (PID=193) to work on /opt/airflow/dags/job_etl_dag.py
[2026-05-08T14:45:40.440+0000] {processor.py:830} INFO - Processing file /opt/airflow/dags/job_etl_dag.py for tasks to queue
[2026-05-08T14:45:40.441+0000] {logging_mixin.py:188} INFO - [2026-05-08T14:45:40.441+0000] {dagbag.py:538} INFO - Filling up the DagBag from /opt/airflow/dags/job_etl_dag.py
[2026-05-08T14:45:40.484+0000] {processor.py:840} INFO - DAG(s) 'job_market_etl' retrieved from /opt/airflow/dags/job_etl_dag.py
[2026-05-08T14:45:40.536+0000] {logging_mixin.py:188} INFO - [2026-05-08T14:45:40.536+0000] {dag.py:3036} INFO - Sync 1 DAGs
[2026-05-08T14:45:40.557+0000] {logging_mixin.py:188} INFO - [2026-05-08T14:45:40.556+0000] {dag.py:3823} INFO - Setting next_dagrun for job_market_etl to None, run_after=None
[2026-05-08T14:45:40.593+0000] {processor.py:183} INFO - Processing /opt/airflow/dags/job_etl_dag.py took 0.159 seconds
[2026-05-08T14:46:10.782+0000] {processor.py:161} INFO - Started process (PID=194) to work on /opt/airflow/dags/job_etl_dag.py
[2026-05-08T14:46:10.785+0000] {processor.py:830} INFO - Processing file /opt/airflow/dags/job_etl_dag.py for tasks to queue
[2026-05-08T14:46:10.787+0000] {logging_mixin.py:188} INFO - [2026-05-08T14:46:10.786+0000] {dagbag.py:538} INFO - Filling up the DagBag from /opt/airflow/dags/job_etl_dag.py
[2026-05-08T14:46:10.825+0000] {processor.py:840} INFO - DAG(s) 'job_market_etl' retrieved from /opt/airflow/dags/job_etl_dag.py
[2026-05-08T14:46:10.890+0000] {logging_mixin.py:188} INFO - [2026-05-08T14:46:10.890+0000] {dag.py:3036} INFO - Sync 1 DAGs
[2026-05-08T14:46:10.914+0000] {logging_mixin.py:188} INFO - [2026-05-08T14:46:10.913+0000] {dag.py:3823} INFO - Setting next_dagrun for job_market_etl to None, run_after=None
[2026-05-08T14:46:10.952+0000] {processor.py:183} INFO - Processing /opt/airflow/dags/job_etl_dag.py took 0.178 seconds
[2026-05-08T14:46:41.116+0000] {processor.py:161} INFO - Started process (PID=195) to work on /opt/airflow/dags/job_etl_dag.py
[2026-05-08T14:46:41.119+0000] {processor.py:830} INFO - Processing file /opt/airflow/dags/job_etl_dag.py for tasks to queue
[2026-05-08T14:46:41.120+0000] {logging_mixin.py:188} INFO - [2026-05-08T14:46:41.120+0000] {dagbag.py:538} INFO - Filling up the DagBag from /opt/airflow/dags/job_etl_dag.py
[2026-05-08T14:46:41.155+0000] {processor.py:840} INFO - DAG(s) 'job_market_etl' retrieved from /opt/airflow/dags/job_etl_dag.py
[2026-05-08T14:46:41.204+0000] {logging_mixin.py:188} INFO - [2026-05-08T14:46:41.204+0000] {dag.py:3036} INFO - Sync 1 DAGs
[2026-05-08T14:46:41.224+0000] {logging_mixin.py:188} INFO - [2026-05-08T14:46:41.224+0000] {dag.py:3823} INFO - Setting next_dagrun for job_market_etl to None, run_after=None
[2026-05-08T14:46:41.274+0000] {processor.py:183} INFO - Processing /opt/airflow/dags/job_etl_dag.py took 0.162 seconds
[2026-05-08T14:47:11.501+0000] {processor.py:161} INFO - Started process (PID=196) to work on /opt/airflow/dags/job_etl_dag.py
[2026-05-08T14:47:11.503+0000] {processor.py:830} INFO - Processing file /opt/airflow/dags/job_etl_dag.py for tasks to queue
[2026-05-08T14:47:11.505+0000] {logging_mixin.py:188} INFO - [2026-05-08T14:47:11.505+0000] {dagbag.py:538} INFO - Filling up the DagBag from /opt/airflow/dags/job_etl_dag.py
[2026-05-08T14:47:11.549+0000] {processor.py:840} INFO - DAG(s) 'job_market_etl' retrieved from /opt/airflow/dags/job_etl_dag.py
[2026-05-08T14:47:11.602+0000] {logging_mixin.py:188} INFO - [2026-05-08T14:47:11.602+0000] {dag.py:3036} INFO - Sync 1 DAGs
[2026-05-08T14:47:11.621+0000] {logging_mixin.py:188} INFO - [2026-05-08T14:47:11.621+0000] {dag.py:3823} INFO - Setting next_dagrun for job_market_etl to None, run_after=None
[2026-05-08T14:47:11.659+0000] {processor.py:183} INFO - Processing /opt/airflow/dags/job_etl_dag.py took 0.162 seconds
[2026-05-08T14:47:41.817+0000] {processor.py:161} INFO - Started process (PID=197) to work on /opt/airflow/dags/job_etl_dag.py
[2026-05-08T14:47:41.819+0000] {processor.py:830} INFO - Processing file /opt/airflow/dags/job_etl_dag.py for tasks to queue
[2026-05-08T14:47:41.821+0000] {logging_mixin.py:188} INFO - [2026-05-08T14:47:41.821+0000] {dagbag.py:538} INFO - Filling up the DagBag from /opt/airflow/dags/job_etl_dag.py
[2026-05-08T14:47:41.856+0000] {processor.py:840} INFO - DAG(s) 'job_market_etl' retrieved from /opt/airflow/dags/job_etl_dag.py
[2026-05-08T14:47:41.910+0000] {logging_mixin.py:188} INFO - [2026-05-08T14:47:41.910+0000] {dag.py:3036} INFO - Sync 1 DAGs
[2026-05-08T14:47:41.932+0000] {logging_mixin.py:188} INFO - [2026-05-08T14:47:41.931+0000] {dag.py:3823} INFO - Setting next_dagrun for job_market_etl to None, run_after=None
[2026-05-08T14:47:41.971+0000] {processor.py:183} INFO - Processing /opt/airflow/dags/job_etl_dag.py took 0.161 seconds
[2026-05-08T14:48:12.178+0000] {processor.py:161} INFO - Started process (PID=198) to work on /opt/airflow/dags/job_etl_dag.py
[2026-05-08T14:48:12.181+0000] {processor.py:830} INFO - Processing file /opt/airflow/dags/job_etl_dag.py for tasks to queue
[2026-05-08T14:48:12.183+0000] {logging_mixin.py:188} INFO - [2026-05-08T14:48:12.183+0000] {dagbag.py:538} INFO - Filling up the DagBag from /opt/airflow/dags/job_etl_dag.py
[2026-05-08T14:48:12.220+0000] {processor.py:840} INFO - DAG(s) 'job_market_etl' retrieved from /opt/airflow/dags/job_etl_dag.py
[2026-05-08T14:48:12.267+0000] {logging_mixin.py:188} INFO - [2026-05-08T14:48:12.267+0000] {dag.py:3036} INFO - Sync 1 DAGs
[2026-05-08T14:48:12.286+0000] {logging_mixin.py:188} INFO - [2026-05-08T14:48:12.285+0000] {dag.py:3823} INFO - Setting next_dagrun for job_market_etl to None, run_after=None
[2026-05-08T14:48:12.325+0000] {processor.py:183} INFO - Processing /opt/airflow/dags/job_etl_dag.py took 0.153 seconds
[2026-05-08T14:48:42.528+0000] {processor.py:161} INFO - Started process (PID=199) to work on /opt/airflow/dags/job_etl_dag.py
[2026-05-08T14:48:42.536+0000] {processor.py:830} INFO - Processing file /opt/airflow/dags/job_etl_dag.py for tasks to queue
[2026-05-08T14:48:42.540+0000] {logging_mixin.py:188} INFO - [2026-05-08T14:48:42.540+0000] {dagbag.py:538} INFO - Filling up the DagBag from /opt/airflow/dags/job_etl_dag.py
[2026-05-08T14:48:42.584+0000] {processor.py:840} INFO - DAG(s) 'job_market_etl' retrieved from /opt/airflow/dags/job_etl_dag.py
[2026-05-08T14:48:42.636+0000] {logging_mixin.py:188} INFO - [2026-05-08T14:48:42.636+0000] {dag.py:3036} INFO - Sync 1 DAGs
[2026-05-08T14:48:42.656+0000] {logging_mixin.py:188} INFO - [2026-05-08T14:48:42.656+0000] {dag.py:3823} INFO - Setting next_dagrun for job_market_etl to None, run_after=None
[2026-05-08T14:48:42.707+0000] {processor.py:183} INFO - Processing /opt/airflow/dags/job_etl_dag.py took 0.194 seconds
[2026-05-08T14:49:12.854+0000] {processor.py:161} INFO - Started process (PID=200) to work on /opt/airflow/dags/job_etl_dag.py
[2026-05-08T14:49:12.856+0000] {processor.py:830} INFO - Processing file /opt/airflow/dags/job_etl_dag.py for tasks to queue
[2026-05-08T14:49:12.858+0000] {logging_mixin.py:188} INFO - [2026-05-08T14:49:12.858+0000] {dagbag.py:538} INFO - Filling up the DagBag from /opt/airflow/dags/job_etl_dag.py
[2026-05-08T14:49:12.890+0000] {processor.py:840} INFO - DAG(s) 'job_market_etl' retrieved from /opt/airflow/dags/job_etl_dag.py
[2026-05-08T14:49:12.941+0000] {logging_mixin.py:188} INFO - [2026-05-08T14:49:12.941+0000] {dag.py:3036} INFO - Sync 1 DAGs
[2026-05-08T14:49:12.961+0000] {logging_mixin.py:188} INFO - [2026-05-08T14:49:12.961+0000] {dag.py:3823} INFO - Setting next_dagrun for job_market_etl to None, run_after=None
[2026-05-08T14:49:12.998+0000] {processor.py:183} INFO - Processing /opt/airflow/dags/job_etl_dag.py took 0.149 seconds
[2026-05-08T14:49:43.230+0000] {processor.py:161} INFO - Started process (PID=201) to work on /opt/airflow/dags/job_etl_dag.py
[2026-05-08T14:49:43.232+0000] {processor.py:830} INFO - Processing file /opt/airflow/dags/job_etl_dag.py for tasks to queue
[2026-05-08T14:49:43.234+0000] {logging_mixin.py:188} INFO - [2026-05-08T14:49:43.233+0000] {dagbag.py:538} INFO - Filling up the DagBag from /opt/airflow/dags/job_etl_dag.py
[2026-05-08T14:49:43.270+0000] {processor.py:840} INFO - DAG(s) 'job_market_etl' retrieved from /opt/airflow/dags/job_etl_dag.py
[2026-05-08T14:49:43.321+0000] {logging_mixin.py:188} INFO - [2026-05-08T14:49:43.320+0000] {dag.py:3036} INFO - Sync 1 DAGs
[2026-05-08T14:49:43.344+0000] {logging_mixin.py:188} INFO - [2026-05-08T14:49:43.344+0000] {dag.py:3823} INFO - Setting next_dagrun for job_market_etl to None, run_after=None
[2026-05-08T14:49:43.385+0000] {processor.py:183} INFO - Processing /opt/airflow/dags/job_etl_dag.py took 0.160 seconds
[2026-05-08T14:50:13.567+0000] {processor.py:161} INFO - Started process (PID=202) to work on /opt/airflow/dags/job_etl_dag.py
[2026-05-08T14:50:13.570+0000] {processor.py:830} INFO - Processing file /opt/airflow/dags/job_etl_dag.py for tasks to queue
[2026-05-08T14:50:13.572+0000] {logging_mixin.py:188} INFO - [2026-05-08T14:50:13.571+0000] {dagbag.py:538} INFO - Filling up the DagBag from /opt/airflow/dags/job_etl_dag.py
[2026-05-08T14:50:13.627+0000] {processor.py:840} INFO - DAG(s) 'job_market_etl' retrieved from /opt/airflow/dags/job_etl_dag.py
[2026-05-08T14:50:13.679+0000] {logging_mixin.py:188} INFO - [2026-05-08T14:50:13.678+0000] {dag.py:3036} INFO - Sync 1 DAGs
[2026-05-08T14:50:13.704+0000] {logging_mixin.py:188} INFO - [2026-05-08T14:50:13.703+0000] {dag.py:3823} INFO - Setting next_dagrun for job_market_etl to None, run_after=None
[2026-05-08T14:50:13.740+0000] {processor.py:183} INFO - Processing /opt/airflow/dags/job_etl_dag.py took 0.181 seconds
[2026-05-08T14:50:43.907+0000] {processor.py:161} INFO - Started process (PID=203) to work on /opt/airflow/dags/job_etl_dag.py
[2026-05-08T14:50:43.909+0000] {processor.py:830} INFO - Processing file /opt/airflow/dags/job_etl_dag.py for tasks to queue
[2026-05-08T14:50:43.911+0000] {logging_mixin.py:188} INFO - [2026-05-08T14:50:43.911+0000] {dagbag.py:538} INFO - Filling up the DagBag from /opt/airflow/dags/job_etl_dag.py
[2026-05-08T14:50:43.952+0000] {processor.py:840} INFO - DAG(s) 'job_market_etl' retrieved from /opt/airflow/dags/job_etl_dag.py
[2026-05-08T14:50:44.003+0000] {logging_mixin.py:188} INFO - [2026-05-08T14:50:44.002+0000] {dag.py:3036} INFO - Sync 1 DAGs
[2026-05-08T14:50:44.022+0000] {logging_mixin.py:188} INFO - [2026-05-08T14:50:44.022+0000] {dag.py:3823} INFO - Setting next_dagrun for job_market_etl to None, run_after=None
[2026-05-08T14:50:44.072+0000] {processor.py:183} INFO - Processing /opt/airflow/dags/job_etl_dag.py took 0.169 seconds
[2026-05-08T14:51:14.257+0000] {processor.py:161} INFO - Started process (PID=204) to work on /opt/airflow/dags/job_etl_dag.py
[2026-05-08T14:51:14.259+0000] {processor.py:830} INFO - Processing file /opt/airflow/dags/job_etl_dag.py for tasks to queue
[2026-05-08T14:51:14.261+0000] {logging_mixin.py:188} INFO - [2026-05-08T14:51:14.260+0000] {dagbag.py:538} INFO - Filling up the DagBag from /opt/airflow/dags/job_etl_dag.py
[2026-05-08T14:51:14.293+0000] {processor.py:840} INFO - DAG(s) 'job_market_etl' retrieved from /opt/airflow/dags/job_etl_dag.py
[2026-05-08T14:51:14.349+0000] {logging_mixin.py:188} INFO - [2026-05-08T14:51:14.348+0000] {dag.py:3036} INFO - Sync 1 DAGs
[2026-05-08T14:51:14.369+0000] {logging_mixin.py:188} INFO - [2026-05-08T14:51:14.368+0000] {dag.py:3823} INFO - Setting next_dagrun for job_market_etl to None, run_after=None
[2026-05-08T14:51:14.408+0000] {processor.py:183} INFO - Processing /opt/airflow/dags/job_etl_dag.py took 0.157 seconds
[2026-05-08T14:51:44.616+0000] {processor.py:161} INFO - Started process (PID=205) to work on /opt/airflow/dags/job_etl_dag.py
[2026-05-08T14:51:44.620+0000] {processor.py:830} INFO - Processing file /opt/airflow/dags/job_etl_dag.py for tasks to queue
[2026-05-08T14:51:44.624+0000] {logging_mixin.py:188} INFO - [2026-05-08T14:51:44.622+0000] {dagbag.py:538} INFO - Filling up the DagBag from /opt/airflow/dags/job_etl_dag.py
[2026-05-08T14:51:44.682+0000] {processor.py:840} INFO - DAG(s) 'job_market_etl' retrieved from /opt/airflow/dags/job_etl_dag.py
[2026-05-08T14:51:44.744+0000] {logging_mixin.py:188} INFO - [2026-05-08T14:51:44.744+0000] {dag.py:3036} INFO - Sync 1 DAGs
[2026-05-08T14:51:44.767+0000] {logging_mixin.py:188} INFO - [2026-05-08T14:51:44.767+0000] {dag.py:3823} INFO - Setting next_dagrun for job_market_etl to None, run_after=None
[2026-05-08T14:51:44.805+0000] {processor.py:183} INFO - Processing /opt/airflow/dags/job_etl_dag.py took 0.196 seconds
[2026-05-08T14:52:15.020+0000] {processor.py:161} INFO - Started process (PID=206) to work on /opt/airflow/dags/job_etl_dag.py
[2026-05-08T14:52:15.024+0000] {processor.py:830} INFO - Processing file /opt/airflow/dags/job_etl_dag.py for tasks to queue
[2026-05-08T14:52:15.027+0000] {logging_mixin.py:188} INFO - [2026-05-08T14:52:15.026+0000] {dagbag.py:538} INFO - Filling up the DagBag from /opt/airflow/dags/job_etl_dag.py
[2026-05-08T14:52:15.079+0000] {processor.py:840} INFO - DAG(s) 'job_market_etl' retrieved from /opt/airflow/dags/job_etl_dag.py
[2026-05-08T14:52:15.166+0000] {logging_mixin.py:188} INFO - [2026-05-08T14:52:15.164+0000] {dag.py:3036} INFO - Sync 1 DAGs
[2026-05-08T14:52:15.194+0000] {logging_mixin.py:188} INFO - [2026-05-08T14:52:15.194+0000] {dag.py:3823} INFO - Setting next_dagrun for job_market_etl to None, run_after=None
[2026-05-08T14:52:15.247+0000] {processor.py:183} INFO - Processing /opt/airflow/dags/job_etl_dag.py took 0.238 seconds
[2026-05-08T14:52:45.321+0000] {processor.py:161} INFO - Started process (PID=207) to work on /opt/airflow/dags/job_etl_dag.py
[2026-05-08T14:52:45.323+0000] {processor.py:830} INFO - Processing file /opt/airflow/dags/job_etl_dag.py for tasks to queue
[2026-05-08T14:52:45.325+0000] {logging_mixin.py:188} INFO - [2026-05-08T14:52:45.324+0000] {dagbag.py:538} INFO - Filling up the DagBag from /opt/airflow/dags/job_etl_dag.py
[2026-05-08T14:52:45.360+0000] {processor.py:840} INFO - DAG(s) 'job_market_etl' retrieved from /opt/airflow/dags/job_etl_dag.py
[2026-05-08T14:52:45.413+0000] {logging_mixin.py:188} INFO - [2026-05-08T14:52:45.413+0000] {dag.py:3036} INFO - Sync 1 DAGs
[2026-05-08T14:52:45.437+0000] {logging_mixin.py:188} INFO - [2026-05-08T14:52:45.437+0000] {dag.py:3823} INFO - Setting next_dagrun for job_market_etl to None, run_after=None
[2026-05-08T14:52:45.474+0000] {processor.py:183} INFO - Processing /opt/airflow/dags/job_etl_dag.py took 0.160 seconds
[2026-05-08T14:53:15.564+0000] {processor.py:161} INFO - Started process (PID=208) to work on /opt/airflow/dags/job_etl_dag.py
[2026-05-08T14:53:15.566+0000] {processor.py:830} INFO - Processing file /opt/airflow/dags/job_etl_dag.py for tasks to queue
[2026-05-08T14:53:15.569+0000] {logging_mixin.py:188} INFO - [2026-05-08T14:53:15.569+0000] {dagbag.py:538} INFO - Filling up the DagBag from /opt/airflow/dags/job_etl_dag.py
[2026-05-08T14:53:15.604+0000] {processor.py:840} INFO - DAG(s) 'job_market_etl' retrieved from /opt/airflow/dags/job_etl_dag.py
[2026-05-08T14:53:15.658+0000] {logging_mixin.py:188} INFO - [2026-05-08T14:53:15.658+0000] {dag.py:3036} INFO - Sync 1 DAGs
[2026-05-08T14:53:15.678+0000] {logging_mixin.py:188} INFO - [2026-05-08T14:53:15.678+0000] {dag.py:3823} INFO - Setting next_dagrun for job_market_etl to None, run_after=None
[2026-05-08T14:53:15.719+0000] {processor.py:183} INFO - Processing /opt/airflow/dags/job_etl_dag.py took 0.159 seconds
[2026-05-08T14:53:46.020+0000] {processor.py:161} INFO - Started process (PID=209) to work on /opt/airflow/dags/job_etl_dag.py
[2026-05-08T14:53:46.022+0000] {processor.py:830} INFO - Processing file /opt/airflow/dags/job_etl_dag.py for tasks to queue
[2026-05-08T14:53:46.024+0000] {logging_mixin.py:188} INFO - [2026-05-08T14:53:46.024+0000] {dagbag.py:538} INFO - Filling up the DagBag from /opt/airflow/dags/job_etl_dag.py
[2026-05-08T14:53:46.062+0000] {processor.py:840} INFO - DAG(s) 'job_market_etl' retrieved from /opt/airflow/dags/job_etl_dag.py
[2026-05-08T14:53:46.109+0000] {logging_mixin.py:188} INFO - [2026-05-08T14:53:46.109+0000] {dag.py:3036} INFO - Sync 1 DAGs
[2026-05-08T14:53:46.130+0000] {logging_mixin.py:188} INFO - [2026-05-08T14:53:46.130+0000] {dag.py:3823} INFO - Setting next_dagrun for job_market_etl to None, run_after=None
[2026-05-08T14:53:46.181+0000] {processor.py:183} INFO - Processing /opt/airflow/dags/job_etl_dag.py took 0.169 seconds
[2026-05-08T14:54:16.334+0000] {processor.py:161} INFO - Started process (PID=210) to work on /opt/airflow/dags/job_etl_dag.py
[2026-05-08T14:54:16.339+0000] {processor.py:830} INFO - Processing file /opt/airflow/dags/job_etl_dag.py for tasks to queue
[2026-05-08T14:54:16.343+0000] {logging_mixin.py:188} INFO - [2026-05-08T14:54:16.341+0000] {dagbag.py:538} INFO - Filling up the DagBag from /opt/airflow/dags/job_etl_dag.py
[2026-05-08T14:54:16.400+0000] {processor.py:840} INFO - DAG(s) 'job_market_etl' retrieved from /opt/airflow/dags/job_etl_dag.py
[2026-05-08T14:54:16.461+0000] {logging_mixin.py:188} INFO - [2026-05-08T14:54:16.461+0000] {dag.py:3036} INFO - Sync 1 DAGs
[2026-05-08T14:54:16.480+0000] {logging_mixin.py:188} INFO - [2026-05-08T14:54:16.479+0000] {dag.py:3823} INFO - Setting next_dagrun for job_market_etl to None, run_after=None
[2026-05-08T14:54:16.529+0000] {processor.py:183} INFO - Processing /opt/airflow/dags/job_etl_dag.py took 0.213 seconds
[2026-05-08T14:54:46.714+0000] {processor.py:161} INFO - Started process (PID=211) to work on /opt/airflow/dags/job_etl_dag.py
[2026-05-08T14:54:46.717+0000] {processor.py:830} INFO - Processing file /opt/airflow/dags/job_etl_dag.py for tasks to queue
[2026-05-08T14:54:46.720+0000] {logging_mixin.py:188} INFO - [2026-05-08T14:54:46.719+0000] {dagbag.py:538} INFO - Filling up the DagBag from /opt/airflow/dags/job_etl_dag.py
[2026-05-08T14:54:46.756+0000] {processor.py:840} INFO - DAG(s) 'job_market_etl' retrieved from /opt/airflow/dags/job_etl_dag.py
[2026-05-08T14:54:46.814+0000] {logging_mixin.py:188} INFO - [2026-05-08T14:54:46.813+0000] {dag.py:3036} INFO - Sync 1 DAGs
[2026-05-08T14:54:46.842+0000] {logging_mixin.py:188} INFO - [2026-05-08T14:54:46.842+0000] {dag.py:3823} INFO - Setting next_dagrun for job_market_etl to None, run_after=None
[2026-05-08T14:54:46.893+0000] {processor.py:183} INFO - Processing /opt/airflow/dags/job_etl_dag.py took 0.183 seconds
[2026-05-08T14:55:17.131+0000] {processor.py:161} INFO - Started process (PID=212) to work on /opt/airflow/dags/job_etl_dag.py
[2026-05-08T14:55:17.133+0000] {processor.py:830} INFO - Processing file /opt/airflow/dags/job_etl_dag.py for tasks to queue
[2026-05-08T14:55:17.135+0000] {logging_mixin.py:188} INFO - [2026-05-08T14:55:17.134+0000] {dagbag.py:538} INFO - Filling up the DagBag from /opt/airflow/dags/job_etl_dag.py
[2026-05-08T14:55:17.164+0000] {processor.py:840} INFO - DAG(s) 'job_market_etl' retrieved from /opt/airflow/dags/job_etl_dag.py
[2026-05-08T14:55:17.213+0000] {logging_mixin.py:188} INFO - [2026-05-08T14:55:17.212+0000] {dag.py:3036} INFO - Sync 1 DAGs
[2026-05-08T14:55:17.232+0000] {logging_mixin.py:188} INFO - [2026-05-08T14:55:17.232+0000] {dag.py:3823} INFO - Setting next_dagrun for job_market_etl to None, run_after=None
[2026-05-08T14:55:17.270+0000] {processor.py:183} INFO - Processing /opt/airflow/dags/job_etl_dag.py took 0.143 seconds
[2026-05-08T14:55:47.404+0000] {processor.py:161} INFO - Started process (PID=213) to work on /opt/airflow/dags/job_etl_dag.py
[2026-05-08T14:55:47.407+0000] {processor.py:830} INFO - Processing file /opt/airflow/dags/job_etl_dag.py for tasks to queue
[2026-05-08T14:55:47.409+0000] {logging_mixin.py:188} INFO - [2026-05-08T14:55:47.409+0000] {dagbag.py:538} INFO - Filling up the DagBag from /opt/airflow/dags/job_etl_dag.py
[2026-05-08T14:55:47.444+0000] {processor.py:840} INFO - DAG(s) 'job_market_etl' retrieved from /opt/airflow/dags/job_etl_dag.py
[2026-05-08T14:55:47.489+0000] {logging_mixin.py:188} INFO - [2026-05-08T14:55:47.489+0000] {dag.py:3036} INFO - Sync 1 DAGs
[2026-05-08T14:55:47.514+0000] {logging_mixin.py:188} INFO - [2026-05-08T14:55:47.513+0000] {dag.py:3823} INFO - Setting next_dagrun for job_market_etl to None, run_after=None
[2026-05-08T14:55:47.552+0000] {processor.py:183} INFO - Processing /opt/airflow/dags/job_etl_dag.py took 0.155 seconds
[2026-05-08T14:56:17.789+0000] {processor.py:161} INFO - Started process (PID=214) to work on /opt/airflow/dags/job_etl_dag.py
[2026-05-08T14:56:17.791+0000] {processor.py:830} INFO - Processing file /opt/airflow/dags/job_etl_dag.py for tasks to queue
[2026-05-08T14:56:17.793+0000] {logging_mixin.py:188} INFO - [2026-05-08T14:56:17.793+0000] {dagbag.py:538} INFO - Filling up the DagBag from /opt/airflow/dags/job_etl_dag.py
[2026-05-08T14:56:17.823+0000] {processor.py:840} INFO - DAG(s) 'job_market_etl' retrieved from /opt/airflow/dags/job_etl_dag.py
[2026-05-08T14:56:17.876+0000] {logging_mixin.py:188} INFO - [2026-05-08T14:56:17.876+0000] {dag.py:3036} INFO - Sync 1 DAGs
[2026-05-08T14:56:17.896+0000] {logging_mixin.py:188} INFO - [2026-05-08T14:56:17.896+0000] {dag.py:3823} INFO - Setting next_dagrun for job_market_etl to None, run_after=None
[2026-05-08T14:56:17.949+0000] {processor.py:183} INFO - Processing /opt/airflow/dags/job_etl_dag.py took 0.166 seconds
[2026-05-08T14:56:48.066+0000] {processor.py:161} INFO - Started process (PID=215) to work on /opt/airflow/dags/job_etl_dag.py
[2026-05-08T14:56:48.068+0000] {processor.py:830} INFO - Processing file /opt/airflow/dags/job_etl_dag.py for tasks to queue
[2026-05-08T14:56:48.070+0000] {logging_mixin.py:188} INFO - [2026-05-08T14:56:48.069+0000] {dagbag.py:538} INFO - Filling up the DagBag from /opt/airflow/dags/job_etl_dag.py
[2026-05-08T14:56:48.100+0000] {processor.py:840} INFO - DAG(s) 'job_market_etl' retrieved from /opt/airflow/dags/job_etl_dag.py
[2026-05-08T14:56:48.148+0000] {logging_mixin.py:188} INFO - [2026-05-08T14:56:48.148+0000] {dag.py:3036} INFO - Sync 1 DAGs
[2026-05-08T14:56:48.167+0000] {logging_mixin.py:188} INFO - [2026-05-08T14:56:48.167+0000] {dag.py:3823} INFO - Setting next_dagrun for job_market_etl to None, run_after=None
[2026-05-08T14:56:48.207+0000] {processor.py:183} INFO - Processing /opt/airflow/dags/job_etl_dag.py took 0.146 seconds
[2026-05-08T14:57:18.477+0000] {processor.py:161} INFO - Started process (PID=216) to work on /opt/airflow/dags/job_etl_dag.py
[2026-05-08T14:57:18.480+0000] {processor.py:830} INFO - Processing file /opt/airflow/dags/job_etl_dag.py for tasks to queue
[2026-05-08T14:57:18.482+0000] {logging_mixin.py:188} INFO - [2026-05-08T14:57:18.481+0000] {dagbag.py:538} INFO - Filling up the DagBag from /opt/airflow/dags/job_etl_dag.py
[2026-05-08T14:57:18.519+0000] {processor.py:840} INFO - DAG(s) 'job_market_etl' retrieved from /opt/airflow/dags/job_etl_dag.py
[2026-05-08T14:57:18.571+0000] {logging_mixin.py:188} INFO - [2026-05-08T14:57:18.570+0000] {dag.py:3036} INFO - Sync 1 DAGs
[2026-05-08T14:57:18.593+0000] {logging_mixin.py:188} INFO - [2026-05-08T14:57:18.592+0000] {dag.py:3823} INFO - Setting next_dagrun for job_market_etl to None, run_after=None
[2026-05-08T14:57:18.629+0000] {processor.py:183} INFO - Processing /opt/airflow/dags/job_etl_dag.py took 0.159 seconds
[2026-05-08T14:57:48.743+0000] {processor.py:161} INFO - Started process (PID=217) to work on /opt/airflow/dags/job_etl_dag.py
[2026-05-08T14:57:48.744+0000] {processor.py:830} INFO - Processing file /opt/airflow/dags/job_etl_dag.py for tasks to queue
[2026-05-08T14:57:48.747+0000] {logging_mixin.py:188} INFO - [2026-05-08T14:57:48.746+0000] {dagbag.py:538} INFO - Filling up the DagBag from /opt/airflow/dags/job_etl_dag.py
[2026-05-08T14:57:48.782+0000] {processor.py:840} INFO - DAG(s) 'job_market_etl' retrieved from /opt/airflow/dags/job_etl_dag.py
[2026-05-08T14:57:48.836+0000] {logging_mixin.py:188} INFO - [2026-05-08T14:57:48.836+0000] {dag.py:3036} INFO - Sync 1 DAGs
[2026-05-08T14:57:48.858+0000] {logging_mixin.py:188} INFO - [2026-05-08T14:57:48.858+0000] {dag.py:3823} INFO - Setting next_dagrun for job_market_etl to None, run_after=None
[2026-05-08T14:57:48.898+0000] {processor.py:183} INFO - Processing /opt/airflow/dags/job_etl_dag.py took 0.162 seconds
[2026-05-08T14:58:19.155+0000] {processor.py:161} INFO - Started process (PID=218) to work on /opt/airflow/dags/job_etl_dag.py
[2026-05-08T14:58:19.157+0000] {processor.py:830} INFO - Processing file /opt/airflow/dags/job_etl_dag.py for tasks to queue
[2026-05-08T14:58:19.159+0000] {logging_mixin.py:188} INFO - [2026-05-08T14:58:19.159+0000] {dagbag.py:538} INFO - Filling up the DagBag from /opt/airflow/dags/job_etl_dag.py
[2026-05-08T14:58:19.194+0000] {processor.py:840} INFO - DAG(s) 'job_market_etl' retrieved from /opt/airflow/dags/job_etl_dag.py
[2026-05-08T14:58:19.246+0000] {logging_mixin.py:188} INFO - [2026-05-08T14:58:19.245+0000] {dag.py:3036} INFO - Sync 1 DAGs
[2026-05-08T14:58:19.266+0000] {logging_mixin.py:188} INFO - [2026-05-08T14:58:19.265+0000] {dag.py:3823} INFO - Setting next_dagrun for job_market_etl to None, run_after=None
[2026-05-08T14:58:19.305+0000] {processor.py:183} INFO - Processing /opt/airflow/dags/job_etl_dag.py took 0.154 seconds
[2026-05-08T14:58:49.433+0000] {processor.py:161} INFO - Started process (PID=219) to work on /opt/airflow/dags/job_etl_dag.py
[2026-05-08T14:58:49.435+0000] {processor.py:830} INFO - Processing file /opt/airflow/dags/job_etl_dag.py for tasks to queue
[2026-05-08T14:58:49.438+0000] {logging_mixin.py:188} INFO - [2026-05-08T14:58:49.437+0000] {dagbag.py:538} INFO - Filling up the DagBag from /opt/airflow/dags/job_etl_dag.py
[2026-05-08T14:58:49.469+0000] {processor.py:840} INFO - DAG(s) 'job_market_etl' retrieved from /opt/airflow/dags/job_etl_dag.py
[2026-05-08T14:58:49.521+0000] {logging_mixin.py:188} INFO - [2026-05-08T14:58:49.520+0000] {dag.py:3036} INFO - Sync 1 DAGs
[2026-05-08T14:58:49.541+0000] {logging_mixin.py:188} INFO - [2026-05-08T14:58:49.540+0000] {dag.py:3823} INFO - Setting next_dagrun for job_market_etl to None, run_after=None
[2026-05-08T14:58:49.595+0000] {processor.py:183} INFO - Processing /opt/airflow/dags/job_etl_dag.py took 0.166 seconds
[2026-05-08T14:59:19.868+0000] {processor.py:161} INFO - Started process (PID=220) to work on /opt/airflow/dags/job_etl_dag.py
[2026-05-08T14:59:19.870+0000] {processor.py:830} INFO - Processing file /opt/airflow/dags/job_etl_dag.py for tasks to queue
[2026-05-08T14:59:19.872+0000] {logging_mixin.py:188} INFO - [2026-05-08T14:59:19.872+0000] {dagbag.py:538} INFO - Filling up the DagBag from /opt/airflow/dags/job_etl_dag.py
[2026-05-08T14:59:19.914+0000] {processor.py:840} INFO - DAG(s) 'job_market_etl' retrieved from /opt/airflow/dags/job_etl_dag.py
[2026-05-08T14:59:19.965+0000] {logging_mixin.py:188} INFO - [2026-05-08T14:59:19.964+0000] {dag.py:3036} INFO - Sync 1 DAGs
[2026-05-08T14:59:19.984+0000] {logging_mixin.py:188} INFO - [2026-05-08T14:59:19.984+0000] {dag.py:3823} INFO - Setting next_dagrun for job_market_etl to None, run_after=None
[2026-05-08T14:59:20.022+0000] {processor.py:183} INFO - Processing /opt/airflow/dags/job_etl_dag.py took 0.159 seconds
[2026-05-08T14:59:50.144+0000] {processor.py:161} INFO - Started process (PID=221) to work on /opt/airflow/dags/job_etl_dag.py
[2026-05-08T14:59:50.146+0000] {processor.py:830} INFO - Processing file /opt/airflow/dags/job_etl_dag.py for tasks to queue
[2026-05-08T14:59:50.149+0000] {logging_mixin.py:188} INFO - [2026-05-08T14:59:50.148+0000] {dagbag.py:538} INFO - Filling up the DagBag from /opt/airflow/dags/job_etl_dag.py
[2026-05-08T14:59:50.183+0000] {processor.py:840} INFO - DAG(s) 'job_market_etl' retrieved from /opt/airflow/dags/job_etl_dag.py
[2026-05-08T14:59:50.234+0000] {logging_mixin.py:188} INFO - [2026-05-08T14:59:50.233+0000] {dag.py:3036} INFO - Sync 1 DAGs
[2026-05-08T14:59:50.253+0000] {logging_mixin.py:188} INFO - [2026-05-08T14:59:50.252+0000] {dag.py:3823} INFO - Setting next_dagrun for job_market_etl to None, run_after=None
[2026-05-08T14:59:50.305+0000] {processor.py:183} INFO - Processing /opt/airflow/dags/job_etl_dag.py took 0.168 seconds
[2026-05-08T15:00:20.593+0000] {processor.py:161} INFO - Started process (PID=222) to work on /opt/airflow/dags/job_etl_dag.py
[2026-05-08T15:00:20.596+0000] {processor.py:830} INFO - Processing file /opt/airflow/dags/job_etl_dag.py for tasks to queue
[2026-05-08T15:00:20.598+0000] {logging_mixin.py:188} INFO - [2026-05-08T15:00:20.598+0000] {dagbag.py:538} INFO - Filling up the DagBag from /opt/airflow/dags/job_etl_dag.py
[2026-05-08T15:00:20.636+0000] {processor.py:840} INFO - DAG(s) 'job_market_etl' retrieved from /opt/airflow/dags/job_etl_dag.py
[2026-05-08T15:00:20.687+0000] {logging_mixin.py:188} INFO - [2026-05-08T15:00:20.686+0000] {dag.py:3036} INFO - Sync 1 DAGs
[2026-05-08T15:00:20.707+0000] {logging_mixin.py:188} INFO - [2026-05-08T15:00:20.707+0000] {dag.py:3823} INFO - Setting next_dagrun for job_market_etl to None, run_after=None
[2026-05-08T15:00:20.758+0000] {processor.py:183} INFO - Processing /opt/airflow/dags/job_etl_dag.py took 0.172 seconds
[2026-05-08T15:00:50.871+0000] {processor.py:161} INFO - Started process (PID=223) to work on /opt/airflow/dags/job_etl_dag.py
[2026-05-08T15:00:50.873+0000] {processor.py:830} INFO - Processing file /opt/airflow/dags/job_etl_dag.py for tasks to queue
[2026-05-08T15:00:50.876+0000] {logging_mixin.py:188} INFO - [2026-05-08T15:00:50.875+0000] {dagbag.py:538} INFO - Filling up the DagBag from /opt/airflow/dags/job_etl_dag.py
[2026-05-08T15:00:50.906+0000] {processor.py:840} INFO - DAG(s) 'job_market_etl' retrieved from /opt/airflow/dags/job_etl_dag.py
[2026-05-08T15:00:50.957+0000] {logging_mixin.py:188} INFO - [2026-05-08T15:00:50.957+0000] {dag.py:3036} INFO - Sync 1 DAGs
[2026-05-08T15:00:50.976+0000] {logging_mixin.py:188} INFO - [2026-05-08T15:00:50.976+0000] {dag.py:3823} INFO - Setting next_dagrun for job_market_etl to None, run_after=None
[2026-05-08T15:00:51.015+0000] {processor.py:183} INFO - Processing /opt/airflow/dags/job_etl_dag.py took 0.148 seconds
[2026-05-08T15:01:21.266+0000] {processor.py:161} INFO - Started process (PID=224) to work on /opt/airflow/dags/job_etl_dag.py
[2026-05-08T15:01:21.268+0000] {processor.py:830} INFO - Processing file /opt/airflow/dags/job_etl_dag.py for tasks to queue
[2026-05-08T15:01:21.270+0000] {logging_mixin.py:188} INFO - [2026-05-08T15:01:21.269+0000] {dagbag.py:538} INFO - Filling up the DagBag from /opt/airflow/dags/job_etl_dag.py
[2026-05-08T15:01:21.303+0000] {processor.py:840} INFO - DAG(s) 'job_market_etl' retrieved from /opt/airflow/dags/job_etl_dag.py
[2026-05-08T15:01:21.352+0000] {logging_mixin.py:188} INFO - [2026-05-08T15:01:21.351+0000] {dag.py:3036} INFO - Sync 1 DAGs
[2026-05-08T15:01:21.371+0000] {logging_mixin.py:188} INFO - [2026-05-08T15:01:21.370+0000] {dag.py:3823} INFO - Setting next_dagrun for job_market_etl to None, run_after=None
[2026-05-08T15:01:21.421+0000] {processor.py:183} INFO - Processing /opt/airflow/dags/job_etl_dag.py took 0.159 seconds
[2026-05-08T15:01:51.528+0000] {processor.py:161} INFO - Started process (PID=225) to work on /opt/airflow/dags/job_etl_dag.py
[2026-05-08T15:01:51.531+0000] {processor.py:830} INFO - Processing file /opt/airflow/dags/job_etl_dag.py for tasks to queue
[2026-05-08T15:01:51.533+0000] {logging_mixin.py:188} INFO - [2026-05-08T15:01:51.533+0000] {dagbag.py:538} INFO - Filling up the DagBag from /opt/airflow/dags/job_etl_dag.py
[2026-05-08T15:01:51.569+0000] {processor.py:840} INFO - DAG(s) 'job_market_etl' retrieved from /opt/airflow/dags/job_etl_dag.py
[2026-05-08T15:01:51.617+0000] {logging_mixin.py:188} INFO - [2026-05-08T15:01:51.617+0000] {dag.py:3036} INFO - Sync 1 DAGs
[2026-05-08T15:01:51.639+0000] {logging_mixin.py:188} INFO - [2026-05-08T15:01:51.638+0000] {dag.py:3823} INFO - Setting next_dagrun for job_market_etl to None, run_after=None
[2026-05-08T15:01:51.689+0000] {processor.py:183} INFO - Processing /opt/airflow/dags/job_etl_dag.py took 0.168 seconds
[2026-05-08T15:02:21.937+0000] {processor.py:161} INFO - Started process (PID=226) to work on /opt/airflow/dags/job_etl_dag.py
[2026-05-08T15:02:21.938+0000] {processor.py:830} INFO - Processing file /opt/airflow/dags/job_etl_dag.py for tasks to queue
[2026-05-08T15:02:21.940+0000] {logging_mixin.py:188} INFO - [2026-05-08T15:02:21.940+0000] {dagbag.py:538} INFO - Filling up the DagBag from /opt/airflow/dags/job_etl_dag.py
[2026-05-08T15:02:21.974+0000] {processor.py:840} INFO - DAG(s) 'job_market_etl' retrieved from /opt/airflow/dags/job_etl_dag.py
[2026-05-08T15:02:22.025+0000] {logging_mixin.py:188} INFO - [2026-05-08T15:02:22.024+0000] {dag.py:3036} INFO - Sync 1 DAGs
[2026-05-08T15:02:22.045+0000] {logging_mixin.py:188} INFO - [2026-05-08T15:02:22.045+0000] {dag.py:3823} INFO - Setting next_dagrun for job_market_etl to None, run_after=None
[2026-05-08T15:02:22.085+0000] {processor.py:183} INFO - Processing /opt/airflow/dags/job_etl_dag.py took 0.153 seconds
[2026-05-08T15:02:52.206+0000] {processor.py:161} INFO - Started process (PID=227) to work on /opt/airflow/dags/job_etl_dag.py
[2026-05-08T15:02:52.209+0000] {processor.py:830} INFO - Processing file /opt/airflow/dags/job_etl_dag.py for tasks to queue
[2026-05-08T15:02:52.212+0000] {logging_mixin.py:188} INFO - [2026-05-08T15:02:52.211+0000] {dagbag.py:538} INFO - Filling up the DagBag from /opt/airflow/dags/job_etl_dag.py
[2026-05-08T15:02:52.247+0000] {processor.py:840} INFO - DAG(s) 'job_market_etl' retrieved from /opt/airflow/dags/job_etl_dag.py
[2026-05-08T15:02:52.303+0000] {logging_mixin.py:188} INFO - [2026-05-08T15:02:52.303+0000] {dag.py:3036} INFO - Sync 1 DAGs
[2026-05-08T15:02:52.326+0000] {logging_mixin.py:188} INFO - [2026-05-08T15:02:52.325+0000] {dag.py:3823} INFO - Setting next_dagrun for job_market_etl to None, run_after=None
[2026-05-08T15:02:52.368+0000] {processor.py:183} INFO - Processing /opt/airflow/dags/job_etl_dag.py took 0.170 seconds
[2026-05-08T15:03:22.621+0000] {processor.py:161} INFO - Started process (PID=228) to work on /opt/airflow/dags/job_etl_dag.py
[2026-05-08T15:03:22.624+0000] {processor.py:830} INFO - Processing file /opt/airflow/dags/job_etl_dag.py for tasks to queue
[2026-05-08T15:03:22.626+0000] {logging_mixin.py:188} INFO - [2026-05-08T15:03:22.625+0000] {dagbag.py:538} INFO - Filling up the DagBag from /opt/airflow/dags/job_etl_dag.py
[2026-05-08T15:03:22.664+0000] {processor.py:840} INFO - DAG(s) 'job_market_etl' retrieved from /opt/airflow/dags/job_etl_dag.py
[2026-05-08T15:03:22.715+0000] {logging_mixin.py:188} INFO - [2026-05-08T15:03:22.715+0000] {dag.py:3036} INFO - Sync 1 DAGs
[2026-05-08T15:03:22.733+0000] {logging_mixin.py:188} INFO - [2026-05-08T15:03:22.733+0000] {dag.py:3823} INFO - Setting next_dagrun for job_market_etl to None, run_after=None
[2026-05-08T15:03:22.771+0000] {processor.py:183} INFO - Processing /opt/airflow/dags/job_etl_dag.py took 0.155 seconds
[2026-05-08T15:03:52.900+0000] {processor.py:161} INFO - Started process (PID=229) to work on /opt/airflow/dags/job_etl_dag.py
[2026-05-08T15:03:52.903+0000] {processor.py:830} INFO - Processing file /opt/airflow/dags/job_etl_dag.py for tasks to queue
[2026-05-08T15:03:52.905+0000] {logging_mixin.py:188} INFO - [2026-05-08T15:03:52.905+0000] {dagbag.py:538} INFO - Filling up the DagBag from /opt/airflow/dags/job_etl_dag.py
[2026-05-08T15:03:52.941+0000] {processor.py:840} INFO - DAG(s) 'job_market_etl' retrieved from /opt/airflow/dags/job_etl_dag.py
[2026-05-08T15:03:52.998+0000] {logging_mixin.py:188} INFO - [2026-05-08T15:03:52.997+0000] {dag.py:3036} INFO - Sync 1 DAGs
[2026-05-08T15:03:53.018+0000] {logging_mixin.py:188} INFO - [2026-05-08T15:03:53.018+0000] {dag.py:3823} INFO - Setting next_dagrun for job_market_etl to None, run_after=None
[2026-05-08T15:03:53.057+0000] {processor.py:183} INFO - Processing /opt/airflow/dags/job_etl_dag.py took 0.164 seconds
[2026-05-08T15:04:23.301+0000] {processor.py:161} INFO - Started process (PID=230) to work on /opt/airflow/dags/job_etl_dag.py
[2026-05-08T15:04:23.303+0000] {processor.py:830} INFO - Processing file /opt/airflow/dags/job_etl_dag.py for tasks to queue
[2026-05-08T15:04:23.306+0000] {logging_mixin.py:188} INFO - [2026-05-08T15:04:23.305+0000] {dagbag.py:538} INFO - Filling up the DagBag from /opt/airflow/dags/job_etl_dag.py
[2026-05-08T15:04:23.341+0000] {processor.py:840} INFO - DAG(s) 'job_market_etl' retrieved from /opt/airflow/dags/job_etl_dag.py
[2026-05-08T15:04:23.393+0000] {logging_mixin.py:188} INFO - [2026-05-08T15:04:23.393+0000] {dag.py:3036} INFO - Sync 1 DAGs
[2026-05-08T15:04:23.414+0000] {logging_mixin.py:188} INFO - [2026-05-08T15:04:23.414+0000] {dag.py:3823} INFO - Setting next_dagrun for job_market_etl to None, run_after=None
[2026-05-08T15:04:23.468+0000] {processor.py:183} INFO - Processing /opt/airflow/dags/job_etl_dag.py took 0.173 seconds
[2026-05-08T15:04:53.591+0000] {processor.py:161} INFO - Started process (PID=231) to work on /opt/airflow/dags/job_etl_dag.py
[2026-05-08T15:04:53.594+0000] {processor.py:830} INFO - Processing file /opt/airflow/dags/job_etl_dag.py for tasks to queue
[2026-05-08T15:04:53.597+0000] {logging_mixin.py:188} INFO - [2026-05-08T15:04:53.597+0000] {dagbag.py:538} INFO - Filling up the DagBag from /opt/airflow/dags/job_etl_dag.py
[2026-05-08T15:04:53.640+0000] {processor.py:840} INFO - DAG(s) 'job_market_etl' retrieved from /opt/airflow/dags/job_etl_dag.py
[2026-05-08T15:04:53.707+0000] {logging_mixin.py:188} INFO - [2026-05-08T15:04:53.706+0000] {dag.py:3036} INFO - Sync 1 DAGs
[2026-05-08T15:04:53.726+0000] {logging_mixin.py:188} INFO - [2026-05-08T15:04:53.725+0000] {dag.py:3823} INFO - Setting next_dagrun for job_market_etl to None, run_after=None
[2026-05-08T15:04:53.767+0000] {processor.py:183} INFO - Processing /opt/airflow/dags/job_etl_dag.py took 0.182 seconds
[2026-05-08T15:05:24.037+0000] {processor.py:161} INFO - Started process (PID=232) to work on /opt/airflow/dags/job_etl_dag.py
[2026-05-08T15:05:24.039+0000] {processor.py:830} INFO - Processing file /opt/airflow/dags/job_etl_dag.py for tasks to queue
[2026-05-08T15:05:24.041+0000] {logging_mixin.py:188} INFO - [2026-05-08T15:05:24.041+0000] {dagbag.py:538} INFO - Filling up the DagBag from /opt/airflow/dags/job_etl_dag.py
[2026-05-08T15:05:24.075+0000] {processor.py:840} INFO - DAG(s) 'job_market_etl' retrieved from /opt/airflow/dags/job_etl_dag.py
[2026-05-08T15:05:24.122+0000] {logging_mixin.py:188} INFO - [2026-05-08T15:05:24.122+0000] {dag.py:3036} INFO - Sync 1 DAGs
[2026-05-08T15:05:24.140+0000] {logging_mixin.py:188} INFO - [2026-05-08T15:05:24.140+0000] {dag.py:3823} INFO - Setting next_dagrun for job_market_etl to None, run_after=None
[2026-05-08T15:05:24.175+0000] {processor.py:183} INFO - Processing /opt/airflow/dags/job_etl_dag.py took 0.141 seconds
[2026-05-08T15:05:54.316+0000] {processor.py:161} INFO - Started process (PID=233) to work on /opt/airflow/dags/job_etl_dag.py
[2026-05-08T15:05:54.319+0000] {processor.py:830} INFO - Processing file /opt/airflow/dags/job_etl_dag.py for tasks to queue
[2026-05-08T15:05:54.321+0000] {logging_mixin.py:188} INFO - [2026-05-08T15:05:54.320+0000] {dagbag.py:538} INFO - Filling up the DagBag from /opt/airflow/dags/job_etl_dag.py
[2026-05-08T15:05:54.359+0000] {processor.py:840} INFO - DAG(s) 'job_market_etl' retrieved from /opt/airflow/dags/job_etl_dag.py
[2026-05-08T15:05:54.418+0000] {logging_mixin.py:188} INFO - [2026-05-08T15:05:54.417+0000] {dag.py:3036} INFO - Sync 1 DAGs
[2026-05-08T15:05:54.437+0000] {logging_mixin.py:188} INFO - [2026-05-08T15:05:54.436+0000] {dag.py:3823} INFO - Setting next_dagrun for job_market_etl to None, run_after=None
[2026-05-08T15:05:54.492+0000] {processor.py:183} INFO - Processing /opt/airflow/dags/job_etl_dag.py took 0.185 seconds
[2026-05-08T15:06:24.696+0000] {processor.py:161} INFO - Started process (PID=234) to work on /opt/airflow/dags/job_etl_dag.py
[2026-05-08T15:06:24.698+0000] {processor.py:830} INFO - Processing file /opt/airflow/dags/job_etl_dag.py for tasks to queue
[2026-05-08T15:06:24.702+0000] {logging_mixin.py:188} INFO - [2026-05-08T15:06:24.701+0000] {dagbag.py:538} INFO - Filling up the DagBag from /opt/airflow/dags/job_etl_dag.py
[2026-05-08T15:06:24.735+0000] {processor.py:840} INFO - DAG(s) 'job_market_etl' retrieved from /opt/airflow/dags/job_etl_dag.py
[2026-05-08T15:06:24.783+0000] {logging_mixin.py:188} INFO - [2026-05-08T15:06:24.782+0000] {dag.py:3036} INFO - Sync 1 DAGs
[2026-05-08T15:06:24.804+0000] {logging_mixin.py:188} INFO - [2026-05-08T15:06:24.804+0000] {dag.py:3823} INFO - Setting next_dagrun for job_market_etl to None, run_after=None
[2026-05-08T15:06:24.856+0000] {processor.py:183} INFO - Processing /opt/airflow/dags/job_etl_dag.py took 0.164 seconds
[2026-05-08T15:06:55.011+0000] {processor.py:161} INFO - Started process (PID=235) to work on /opt/airflow/dags/job_etl_dag.py
[2026-05-08T15:06:55.013+0000] {processor.py:830} INFO - Processing file /opt/airflow/dags/job_etl_dag.py for tasks to queue
[2026-05-08T15:06:55.016+0000] {logging_mixin.py:188} INFO - [2026-05-08T15:06:55.015+0000] {dagbag.py:538} INFO - Filling up the DagBag from /opt/airflow/dags/job_etl_dag.py
[2026-05-08T15:06:55.053+0000] {processor.py:840} INFO - DAG(s) 'job_market_etl' retrieved from /opt/airflow/dags/job_etl_dag.py
[2026-05-08T15:06:55.104+0000] {logging_mixin.py:188} INFO - [2026-05-08T15:06:55.104+0000] {dag.py:3036} INFO - Sync 1 DAGs
[2026-05-08T15:06:55.126+0000] {logging_mixin.py:188} INFO - [2026-05-08T15:06:55.126+0000] {dag.py:3823} INFO - Setting next_dagrun for job_market_etl to None, run_after=None
[2026-05-08T15:06:55.175+0000] {processor.py:183} INFO - Processing /opt/airflow/dags/job_etl_dag.py took 0.170 seconds
[2026-05-08T15:07:25.388+0000] {processor.py:161} INFO - Started process (PID=236) to work on /opt/airflow/dags/job_etl_dag.py
[2026-05-08T15:07:25.390+0000] {processor.py:830} INFO - Processing file /opt/airflow/dags/job_etl_dag.py for tasks to queue
[2026-05-08T15:07:25.393+0000] {logging_mixin.py:188} INFO - [2026-05-08T15:07:25.391+0000] {dagbag.py:538} INFO - Filling up the DagBag from /opt/airflow/dags/job_etl_dag.py
[2026-05-08T15:07:25.424+0000] {processor.py:840} INFO - DAG(s) 'job_market_etl' retrieved from /opt/airflow/dags/job_etl_dag.py
[2026-05-08T15:07:25.471+0000] {logging_mixin.py:188} INFO - [2026-05-08T15:07:25.470+0000] {dag.py:3036} INFO - Sync 1 DAGs
[2026-05-08T15:07:25.491+0000] {logging_mixin.py:188} INFO - [2026-05-08T15:07:25.491+0000] {dag.py:3823} INFO - Setting next_dagrun for job_market_etl to None, run_after=None
[2026-05-08T15:07:25.527+0000] {processor.py:183} INFO - Processing /opt/airflow/dags/job_etl_dag.py took 0.147 seconds
[2026-05-08T15:07:55.708+0000] {processor.py:161} INFO - Started process (PID=237) to work on /opt/airflow/dags/job_etl_dag.py
[2026-05-08T15:07:55.710+0000] {processor.py:830} INFO - Processing file /opt/airflow/dags/job_etl_dag.py for tasks to queue
[2026-05-08T15:07:55.712+0000] {logging_mixin.py:188} INFO - [2026-05-08T15:07:55.712+0000] {dagbag.py:538} INFO - Filling up the DagBag from /opt/airflow/dags/job_etl_dag.py
[2026-05-08T15:07:55.745+0000] {processor.py:840} INFO - DAG(s) 'job_market_etl' retrieved from /opt/airflow/dags/job_etl_dag.py
[2026-05-08T15:07:55.792+0000] {logging_mixin.py:188} INFO - [2026-05-08T15:07:55.792+0000] {dag.py:3036} INFO - Sync 1 DAGs
[2026-05-08T15:07:55.812+0000] {logging_mixin.py:188} INFO - [2026-05-08T15:07:55.812+0000] {dag.py:3823} INFO - Setting next_dagrun for job_market_etl to None, run_after=None
[2026-05-08T15:07:55.850+0000] {processor.py:183} INFO - Processing /opt/airflow/dags/job_etl_dag.py took 0.148 seconds
[2026-05-08T15:08:26.044+0000] {processor.py:161} INFO - Started process (PID=238) to work on /opt/airflow/dags/job_etl_dag.py
[2026-05-08T15:08:26.046+0000] {processor.py:830} INFO - Processing file /opt/airflow/dags/job_etl_dag.py for tasks to queue
[2026-05-08T15:08:26.047+0000] {logging_mixin.py:188} INFO - [2026-05-08T15:08:26.047+0000] {dagbag.py:538} INFO - Filling up the DagBag from /opt/airflow/dags/job_etl_dag.py
[2026-05-08T15:08:26.086+0000] {processor.py:840} INFO - DAG(s) 'job_market_etl' retrieved from /opt/airflow/dags/job_etl_dag.py
[2026-05-08T15:08:26.142+0000] {logging_mixin.py:188} INFO - [2026-05-08T15:08:26.141+0000] {dag.py:3036} INFO - Sync 1 DAGs
[2026-05-08T15:08:26.159+0000] {logging_mixin.py:188} INFO - [2026-05-08T15:08:26.159+0000] {dag.py:3823} INFO - Setting next_dagrun for job_market_etl to None, run_after=None
[2026-05-08T15:08:26.206+0000] {processor.py:183} INFO - Processing /opt/airflow/dags/job_etl_dag.py took 0.172 seconds
[2026-05-08T15:08:56.380+0000] {processor.py:161} INFO - Started process (PID=239) to work on /opt/airflow/dags/job_etl_dag.py
[2026-05-08T15:08:56.381+0000] {processor.py:830} INFO - Processing file /opt/airflow/dags/job_etl_dag.py for tasks to queue
[2026-05-08T15:08:56.383+0000] {logging_mixin.py:188} INFO - [2026-05-08T15:08:56.382+0000] {dagbag.py:538} INFO - Filling up the DagBag from /opt/airflow/dags/job_etl_dag.py
[2026-05-08T15:08:56.414+0000] {processor.py:840} INFO - DAG(s) 'job_market_etl' retrieved from /opt/airflow/dags/job_etl_dag.py
[2026-05-08T15:08:56.464+0000] {logging_mixin.py:188} INFO - [2026-05-08T15:08:56.463+0000] {dag.py:3036} INFO - Sync 1 DAGs
[2026-05-08T15:08:56.484+0000] {logging_mixin.py:188} INFO - [2026-05-08T15:08:56.484+0000] {dag.py:3823} INFO - Setting next_dagrun for job_market_etl to None, run_after=None
[2026-05-08T15:08:56.521+0000] {processor.py:183} INFO - Processing /opt/airflow/dags/job_etl_dag.py took 0.145 seconds
[2026-05-08T15:09:26.740+0000] {processor.py:161} INFO - Started process (PID=240) to work on /opt/airflow/dags/job_etl_dag.py
[2026-05-08T15:09:26.743+0000] {processor.py:830} INFO - Processing file /opt/airflow/dags/job_etl_dag.py for tasks to queue
[2026-05-08T15:09:26.746+0000] {logging_mixin.py:188} INFO - [2026-05-08T15:09:26.745+0000] {dagbag.py:538} INFO - Filling up the DagBag from /opt/airflow/dags/job_etl_dag.py
[2026-05-08T15:09:26.787+0000] {processor.py:840} INFO - DAG(s) 'job_market_etl' retrieved from /opt/airflow/dags/job_etl_dag.py
[2026-05-08T15:09:26.837+0000] {logging_mixin.py:188} INFO - [2026-05-08T15:09:26.836+0000] {dag.py:3036} INFO - Sync 1 DAGs
[2026-05-08T15:09:26.858+0000] {logging_mixin.py:188} INFO - [2026-05-08T15:09:26.857+0000] {dag.py:3823} INFO - Setting next_dagrun for job_market_etl to None, run_after=None
[2026-05-08T15:09:26.908+0000] {processor.py:183} INFO - Processing /opt/airflow/dags/job_etl_dag.py took 0.176 seconds
[2026-05-08T15:09:57.040+0000] {processor.py:161} INFO - Started process (PID=241) to work on /opt/airflow/dags/job_etl_dag.py
[2026-05-08T15:09:57.042+0000] {processor.py:830} INFO - Processing file /opt/airflow/dags/job_etl_dag.py for tasks to queue
[2026-05-08T15:09:57.044+0000] {logging_mixin.py:188} INFO - [2026-05-08T15:09:57.044+0000] {dagbag.py:538} INFO - Filling up the DagBag from /opt/airflow/dags/job_etl_dag.py
[2026-05-08T15:09:57.078+0000] {processor.py:840} INFO - DAG(s) 'job_market_etl' retrieved from /opt/airflow/dags/job_etl_dag.py
[2026-05-08T15:09:57.131+0000] {logging_mixin.py:188} INFO - [2026-05-08T15:09:57.130+0000] {dag.py:3036} INFO - Sync 1 DAGs
[2026-05-08T15:09:57.149+0000] {logging_mixin.py:188} INFO - [2026-05-08T15:09:57.149+0000] {dag.py:3823} INFO - Setting next_dagrun for job_market_etl to None, run_after=None
[2026-05-08T15:09:57.196+0000] {processor.py:183} INFO - Processing /opt/airflow/dags/job_etl_dag.py took 0.162 seconds
[2026-05-08T15:10:27.495+0000] {processor.py:161} INFO - Started process (PID=242) to work on /opt/airflow/dags/job_etl_dag.py
[2026-05-08T15:10:27.498+0000] {processor.py:830} INFO - Processing file /opt/airflow/dags/job_etl_dag.py for tasks to queue
[2026-05-08T15:10:27.500+0000] {logging_mixin.py:188} INFO - [2026-05-08T15:10:27.499+0000] {dagbag.py:538} INFO - Filling up the DagBag from /opt/airflow/dags/job_etl_dag.py
[2026-05-08T15:10:27.542+0000] {processor.py:840} INFO - DAG(s) 'job_market_etl' retrieved from /opt/airflow/dags/job_etl_dag.py
[2026-05-08T15:10:27.596+0000] {logging_mixin.py:188} INFO - [2026-05-08T15:10:27.595+0000] {dag.py:3036} INFO - Sync 1 DAGs
[2026-05-08T15:10:27.618+0000] {logging_mixin.py:188} INFO - [2026-05-08T15:10:27.617+0000] {dag.py:3823} INFO - Setting next_dagrun for job_market_etl to None, run_after=None
[2026-05-08T15:10:27.672+0000] {processor.py:183} INFO - Processing /opt/airflow/dags/job_etl_dag.py took 0.182 seconds
[2026-05-08T15:10:57.781+0000] {processor.py:161} INFO - Started process (PID=243) to work on /opt/airflow/dags/job_etl_dag.py
[2026-05-08T15:10:57.783+0000] {processor.py:830} INFO - Processing file /opt/airflow/dags/job_etl_dag.py for tasks to queue
[2026-05-08T15:10:57.784+0000] {logging_mixin.py:188} INFO - [2026-05-08T15:10:57.784+0000] {dagbag.py:538} INFO - Filling up the DagBag from /opt/airflow/dags/job_etl_dag.py
[2026-05-08T15:10:57.826+0000] {processor.py:840} INFO - DAG(s) 'job_market_etl' retrieved from /opt/airflow/dags/job_etl_dag.py
[2026-05-08T15:10:57.882+0000] {logging_mixin.py:188} INFO - [2026-05-08T15:10:57.882+0000] {dag.py:3036} INFO - Sync 1 DAGs
[2026-05-08T15:10:57.905+0000] {logging_mixin.py:188} INFO - [2026-05-08T15:10:57.904+0000] {dag.py:3823} INFO - Setting next_dagrun for job_market_etl to None, run_after=None
[2026-05-08T15:10:57.945+0000] {processor.py:183} INFO - Processing /opt/airflow/dags/job_etl_dag.py took 0.171 seconds
[2026-05-08T15:11:28.197+0000] {processor.py:161} INFO - Started process (PID=244) to work on /opt/airflow/dags/job_etl_dag.py
[2026-05-08T15:11:28.199+0000] {processor.py:830} INFO - Processing file /opt/airflow/dags/job_etl_dag.py for tasks to queue
[2026-05-08T15:11:28.200+0000] {logging_mixin.py:188} INFO - [2026-05-08T15:11:28.200+0000] {dagbag.py:538} INFO - Filling up the DagBag from /opt/airflow/dags/job_etl_dag.py
[2026-05-08T15:11:28.233+0000] {processor.py:840} INFO - DAG(s) 'job_market_etl' retrieved from /opt/airflow/dags/job_etl_dag.py
[2026-05-08T15:11:28.283+0000] {logging_mixin.py:188} INFO - [2026-05-08T15:11:28.283+0000] {dag.py:3036} INFO - Sync 1 DAGs
[2026-05-08T15:11:28.301+0000] {logging_mixin.py:188} INFO - [2026-05-08T15:11:28.301+0000] {dag.py:3823} INFO - Setting next_dagrun for job_market_etl to None, run_after=None
[2026-05-08T15:11:28.343+0000] {processor.py:183} INFO - Processing /opt/airflow/dags/job_etl_dag.py took 0.151 seconds
[2026-05-08T15:11:58.479+0000] {processor.py:161} INFO - Started process (PID=245) to work on /opt/airflow/dags/job_etl_dag.py
[2026-05-08T15:11:58.481+0000] {processor.py:830} INFO - Processing file /opt/airflow/dags/job_etl_dag.py for tasks to queue
[2026-05-08T15:11:58.482+0000] {logging_mixin.py:188} INFO - [2026-05-08T15:11:58.482+0000] {dagbag.py:538} INFO - Filling up the DagBag from /opt/airflow/dags/job_etl_dag.py
[2026-05-08T15:11:58.519+0000] {processor.py:840} INFO - DAG(s) 'job_market_etl' retrieved from /opt/airflow/dags/job_etl_dag.py
[2026-05-08T15:11:58.575+0000] {logging_mixin.py:188} INFO - [2026-05-08T15:11:58.574+0000] {dag.py:3036} INFO - Sync 1 DAGs
[2026-05-08T15:11:58.594+0000] {logging_mixin.py:188} INFO - [2026-05-08T15:11:58.593+0000] {dag.py:3823} INFO - Setting next_dagrun for job_market_etl to None, run_after=None
[2026-05-08T15:11:58.645+0000] {processor.py:183} INFO - Processing /opt/airflow/dags/job_etl_dag.py took 0.171 seconds
[2026-05-08T15:12:28.859+0000] {processor.py:161} INFO - Started process (PID=246) to work on /opt/airflow/dags/job_etl_dag.py
[2026-05-08T15:12:28.862+0000] {processor.py:830} INFO - Processing file /opt/airflow/dags/job_etl_dag.py for tasks to queue
[2026-05-08T15:12:28.864+0000] {logging_mixin.py:188} INFO - [2026-05-08T15:12:28.863+0000] {dagbag.py:538} INFO - Filling up the DagBag from /opt/airflow/dags/job_etl_dag.py
[2026-05-08T15:12:28.898+0000] {processor.py:840} INFO - DAG(s) 'job_market_etl' retrieved from /opt/airflow/dags/job_etl_dag.py
[2026-05-08T15:12:28.947+0000] {logging_mixin.py:188} INFO - [2026-05-08T15:12:28.946+0000] {dag.py:3036} INFO - Sync 1 DAGs
[2026-05-08T15:12:28.966+0000] {logging_mixin.py:188} INFO - [2026-05-08T15:12:28.966+0000] {dag.py:3823} INFO - Setting next_dagrun for job_market_etl to None, run_after=None
[2026-05-08T15:12:29.017+0000] {processor.py:183} INFO - Processing /opt/airflow/dags/job_etl_dag.py took 0.164 seconds
[2026-05-08T15:12:59.166+0000] {processor.py:161} INFO - Started process (PID=247) to work on /opt/airflow/dags/job_etl_dag.py
[2026-05-08T15:12:59.170+0000] {processor.py:830} INFO - Processing file /opt/airflow/dags/job_etl_dag.py for tasks to queue
[2026-05-08T15:12:59.172+0000] {logging_mixin.py:188} INFO - [2026-05-08T15:12:59.171+0000] {dagbag.py:538} INFO - Filling up the DagBag from /opt/airflow/dags/job_etl_dag.py
[2026-05-08T15:12:59.207+0000] {processor.py:840} INFO - DAG(s) 'job_market_etl' retrieved from /opt/airflow/dags/job_etl_dag.py
[2026-05-08T15:12:59.260+0000] {logging_mixin.py:188} INFO - [2026-05-08T15:12:59.260+0000] {dag.py:3036} INFO - Sync 1 DAGs
[2026-05-08T15:12:59.282+0000] {logging_mixin.py:188} INFO - [2026-05-08T15:12:59.282+0000] {dag.py:3823} INFO - Setting next_dagrun for job_market_etl to None, run_after=None
[2026-05-08T15:12:59.335+0000] {processor.py:183} INFO - Processing /opt/airflow/dags/job_etl_dag.py took 0.175 seconds
[2026-05-08T15:13:29.554+0000] {processor.py:161} INFO - Started process (PID=248) to work on /opt/airflow/dags/job_etl_dag.py
[2026-05-08T15:13:29.556+0000] {processor.py:830} INFO - Processing file /opt/airflow/dags/job_etl_dag.py for tasks to queue
[2026-05-08T15:13:29.558+0000] {logging_mixin.py:188} INFO - [2026-05-08T15:13:29.558+0000] {dagbag.py:538} INFO - Filling up the DagBag from /opt/airflow/dags/job_etl_dag.py
[2026-05-08T15:13:29.597+0000] {processor.py:840} INFO - DAG(s) 'job_market_etl' retrieved from /opt/airflow/dags/job_etl_dag.py
[2026-05-08T15:13:29.665+0000] {logging_mixin.py:188} INFO - [2026-05-08T15:13:29.665+0000] {dag.py:3036} INFO - Sync 1 DAGs
[2026-05-08T15:13:29.686+0000] {logging_mixin.py:188} INFO - [2026-05-08T15:13:29.686+0000] {dag.py:3823} INFO - Setting next_dagrun for job_market_etl to None, run_after=None
[2026-05-08T15:13:29.724+0000] {processor.py:183} INFO - Processing /opt/airflow/dags/job_etl_dag.py took 0.175 seconds
[2026-05-08T15:13:59.879+0000] {processor.py:161} INFO - Started process (PID=249) to work on /opt/airflow/dags/job_etl_dag.py
[2026-05-08T15:13:59.883+0000] {processor.py:830} INFO - Processing file /opt/airflow/dags/job_etl_dag.py for tasks to queue
[2026-05-08T15:13:59.885+0000] {logging_mixin.py:188} INFO - [2026-05-08T15:13:59.884+0000] {dagbag.py:538} INFO - Filling up the DagBag from /opt/airflow/dags/job_etl_dag.py
[2026-05-08T15:13:59.923+0000] {processor.py:840} INFO - DAG(s) 'job_market_etl' retrieved from /opt/airflow/dags/job_etl_dag.py
[2026-05-08T15:13:59.976+0000] {logging_mixin.py:188} INFO - [2026-05-08T15:13:59.976+0000] {dag.py:3036} INFO - Sync 1 DAGs
[2026-05-08T15:13:59.995+0000] {logging_mixin.py:188} INFO - [2026-05-08T15:13:59.995+0000] {dag.py:3823} INFO - Setting next_dagrun for job_market_etl to None, run_after=None
[2026-05-08T15:14:00.035+0000] {processor.py:183} INFO - Processing /opt/airflow/dags/job_etl_dag.py took 0.166 seconds
[2026-05-08T15:14:30.238+0000] {processor.py:161} INFO - Started process (PID=250) to work on /opt/airflow/dags/job_etl_dag.py
[2026-05-08T15:14:30.239+0000] {processor.py:830} INFO - Processing file /opt/airflow/dags/job_etl_dag.py for tasks to queue
[2026-05-08T15:14:30.242+0000] {logging_mixin.py:188} INFO - [2026-05-08T15:14:30.241+0000] {dagbag.py:538} INFO - Filling up the DagBag from /opt/airflow/dags/job_etl_dag.py
[2026-05-08T15:14:30.276+0000] {processor.py:840} INFO - DAG(s) 'job_market_etl' retrieved from /opt/airflow/dags/job_etl_dag.py
[2026-05-08T15:14:30.342+0000] {logging_mixin.py:188} INFO - [2026-05-08T15:14:30.342+0000] {dag.py:3036} INFO - Sync 1 DAGs
[2026-05-08T15:14:30.361+0000] {logging_mixin.py:188} INFO - [2026-05-08T15:14:30.360+0000] {dag.py:3823} INFO - Setting next_dagrun for job_market_etl to None, run_after=None
[2026-05-08T15:14:30.409+0000] {processor.py:183} INFO - Processing /opt/airflow/dags/job_etl_dag.py took 0.176 seconds
[2026-05-08T15:15:00.553+0000] {processor.py:161} INFO - Started process (PID=251) to work on /opt/airflow/dags/job_etl_dag.py
[2026-05-08T15:15:00.555+0000] {processor.py:830} INFO - Processing file /opt/airflow/dags/job_etl_dag.py for tasks to queue
[2026-05-08T15:15:00.557+0000] {logging_mixin.py:188} INFO - [2026-05-08T15:15:00.557+0000] {dagbag.py:538} INFO - Filling up the DagBag from /opt/airflow/dags/job_etl_dag.py
[2026-05-08T15:15:00.588+0000] {processor.py:840} INFO - DAG(s) 'job_market_etl' retrieved from /opt/airflow/dags/job_etl_dag.py
[2026-05-08T15:15:00.641+0000] {logging_mixin.py:188} INFO - [2026-05-08T15:15:00.641+0000] {dag.py:3036} INFO - Sync 1 DAGs
[2026-05-08T15:15:00.661+0000] {logging_mixin.py:188} INFO - [2026-05-08T15:15:00.661+0000] {dag.py:3823} INFO - Setting next_dagrun for job_market_etl to None, run_after=None
[2026-05-08T15:15:00.714+0000] {processor.py:183} INFO - Processing /opt/airflow/dags/job_etl_dag.py took 0.168 seconds
[2026-05-08T15:15:30.971+0000] {processor.py:161} INFO - Started process (PID=252) to work on /opt/airflow/dags/job_etl_dag.py
[2026-05-08T15:15:30.973+0000] {processor.py:830} INFO - Processing file /opt/airflow/dags/job_etl_dag.py for tasks to queue
[2026-05-08T15:15:30.976+0000] {logging_mixin.py:188} INFO - [2026-05-08T15:15:30.975+0000] {dagbag.py:538} INFO - Filling up the DagBag from /opt/airflow/dags/job_etl_dag.py
[2026-05-08T15:15:31.012+0000] {processor.py:840} INFO - DAG(s) 'job_market_etl' retrieved from /opt/airflow/dags/job_etl_dag.py
[2026-05-08T15:15:31.062+0000] {logging_mixin.py:188} INFO - [2026-05-08T15:15:31.062+0000] {dag.py:3036} INFO - Sync 1 DAGs
[2026-05-08T15:15:31.082+0000] {logging_mixin.py:188} INFO - [2026-05-08T15:15:31.082+0000] {dag.py:3823} INFO - Setting next_dagrun for job_market_etl to None, run_after=None
[2026-05-08T15:15:31.132+0000] {processor.py:183} INFO - Processing /opt/airflow/dags/job_etl_dag.py took 0.165 seconds
[2026-05-08T15:16:01.247+0000] {processor.py:161} INFO - Started process (PID=253) to work on /opt/airflow/dags/job_etl_dag.py
[2026-05-08T15:16:01.249+0000] {processor.py:830} INFO - Processing file /opt/airflow/dags/job_etl_dag.py for tasks to queue
[2026-05-08T15:16:01.250+0000] {logging_mixin.py:188} INFO - [2026-05-08T15:16:01.250+0000] {dagbag.py:538} INFO - Filling up the DagBag from /opt/airflow/dags/job_etl_dag.py
[2026-05-08T15:16:01.286+0000] {processor.py:840} INFO - DAG(s) 'job_market_etl' retrieved from /opt/airflow/dags/job_etl_dag.py
[2026-05-08T15:16:01.337+0000] {logging_mixin.py:188} INFO - [2026-05-08T15:16:01.337+0000] {dag.py:3036} INFO - Sync 1 DAGs
[2026-05-08T15:16:01.356+0000] {logging_mixin.py:188} INFO - [2026-05-08T15:16:01.355+0000] {dag.py:3823} INFO - Setting next_dagrun for job_market_etl to None, run_after=None
[2026-05-08T15:16:01.396+0000] {processor.py:183} INFO - Processing /opt/airflow/dags/job_etl_dag.py took 0.154 seconds
[2026-05-08T15:16:31.647+0000] {processor.py:161} INFO - Started process (PID=254) to work on /opt/airflow/dags/job_etl_dag.py
[2026-05-08T15:16:31.649+0000] {processor.py:830} INFO - Processing file /opt/airflow/dags/job_etl_dag.py for tasks to queue
[2026-05-08T15:16:31.650+0000] {logging_mixin.py:188} INFO - [2026-05-08T15:16:31.650+0000] {dagbag.py:538} INFO - Filling up the DagBag from /opt/airflow/dags/job_etl_dag.py
[2026-05-08T15:16:31.690+0000] {processor.py:840} INFO - DAG(s) 'job_market_etl' retrieved from /opt/airflow/dags/job_etl_dag.py
[2026-05-08T15:16:31.755+0000] {logging_mixin.py:188} INFO - [2026-05-08T15:16:31.755+0000] {dag.py:3036} INFO - Sync 1 DAGs
[2026-05-08T15:16:31.786+0000] {logging_mixin.py:188} INFO - [2026-05-08T15:16:31.786+0000] {dag.py:3823} INFO - Setting next_dagrun for job_market_etl to None, run_after=None
[2026-05-08T15:16:31.820+0000] {processor.py:183} INFO - Processing /opt/airflow/dags/job_etl_dag.py took 0.177 seconds
[2026-05-08T15:17:01.913+0000] {processor.py:161} INFO - Started process (PID=255) to work on /opt/airflow/dags/job_etl_dag.py
[2026-05-08T15:17:01.915+0000] {processor.py:830} INFO - Processing file /opt/airflow/dags/job_etl_dag.py for tasks to queue
[2026-05-08T15:17:01.917+0000] {logging_mixin.py:188} INFO - [2026-05-08T15:17:01.917+0000] {dagbag.py:538} INFO - Filling up the DagBag from /opt/airflow/dags/job_etl_dag.py
[2026-05-08T15:17:01.951+0000] {processor.py:840} INFO - DAG(s) 'job_market_etl' retrieved from /opt/airflow/dags/job_etl_dag.py
[2026-05-08T15:17:02.016+0000] {logging_mixin.py:188} INFO - [2026-05-08T15:17:02.015+0000] {dag.py:3036} INFO - Sync 1 DAGs
[2026-05-08T15:17:02.045+0000] {logging_mixin.py:188} INFO - [2026-05-08T15:17:02.044+0000] {dag.py:3823} INFO - Setting next_dagrun for job_market_etl to None, run_after=None
[2026-05-08T15:17:02.080+0000] {processor.py:183} INFO - Processing /opt/airflow/dags/job_etl_dag.py took 0.174 seconds
[2026-05-08T15:17:32.324+0000] {processor.py:161} INFO - Started process (PID=256) to work on /opt/airflow/dags/job_etl_dag.py
[2026-05-08T15:17:32.326+0000] {processor.py:830} INFO - Processing file /opt/airflow/dags/job_etl_dag.py for tasks to queue
[2026-05-08T15:17:32.329+0000] {logging_mixin.py:188} INFO - [2026-05-08T15:17:32.328+0000] {dagbag.py:538} INFO - Filling up the DagBag from /opt/airflow/dags/job_etl_dag.py
[2026-05-08T15:17:32.371+0000] {processor.py:840} INFO - DAG(s) 'job_market_etl' retrieved from /opt/airflow/dags/job_etl_dag.py
[2026-05-08T15:17:32.420+0000] {logging_mixin.py:188} INFO - [2026-05-08T15:17:32.419+0000] {dag.py:3036} INFO - Sync 1 DAGs
[2026-05-08T15:17:32.441+0000] {logging_mixin.py:188} INFO - [2026-05-08T15:17:32.441+0000] {dag.py:3823} INFO - Setting next_dagrun for job_market_etl to None, run_after=None
[2026-05-08T15:17:32.483+0000] {processor.py:183} INFO - Processing /opt/airflow/dags/job_etl_dag.py took 0.165 seconds
[2026-05-08T15:18:02.576+0000] {processor.py:161} INFO - Started process (PID=257) to work on /opt/airflow/dags/job_etl_dag.py
[2026-05-08T15:18:02.578+0000] {processor.py:830} INFO - Processing file /opt/airflow/dags/job_etl_dag.py for tasks to queue
[2026-05-08T15:18:02.582+0000] {logging_mixin.py:188} INFO - [2026-05-08T15:18:02.581+0000] {dagbag.py:538} INFO - Filling up the DagBag from /opt/airflow/dags/job_etl_dag.py
[2026-05-08T15:18:02.619+0000] {processor.py:840} INFO - DAG(s) 'job_market_etl' retrieved from /opt/airflow/dags/job_etl_dag.py
[2026-05-08T15:18:02.673+0000] {logging_mixin.py:188} INFO - [2026-05-08T15:18:02.672+0000] {dag.py:3036} INFO - Sync 1 DAGs
[2026-05-08T15:18:02.691+0000] {logging_mixin.py:188} INFO - [2026-05-08T15:18:02.691+0000] {dag.py:3823} INFO - Setting next_dagrun for job_market_etl to None, run_after=None
[2026-05-08T15:18:02.743+0000] {processor.py:183} INFO - Processing /opt/airflow/dags/job_etl_dag.py took 0.173 seconds
[2026-05-08T15:18:32.986+0000] {processor.py:161} INFO - Started process (PID=258) to work on /opt/airflow/dags/job_etl_dag.py
[2026-05-08T15:18:32.989+0000] {processor.py:830} INFO - Processing file /opt/airflow/dags/job_etl_dag.py for tasks to queue
[2026-05-08T15:18:32.990+0000] {logging_mixin.py:188} INFO - [2026-05-08T15:18:32.990+0000] {dagbag.py:538} INFO - Filling up the DagBag from /opt/airflow/dags/job_etl_dag.py
[2026-05-08T15:18:33.026+0000] {processor.py:840} INFO - DAG(s) 'job_market_etl' retrieved from /opt/airflow/dags/job_etl_dag.py
[2026-05-08T15:18:33.077+0000] {logging_mixin.py:188} INFO - [2026-05-08T15:18:33.076+0000] {dag.py:3036} INFO - Sync 1 DAGs
[2026-05-08T15:18:33.100+0000] {logging_mixin.py:188} INFO - [2026-05-08T15:18:33.099+0000] {dag.py:3823} INFO - Setting next_dagrun for job_market_etl to None, run_after=None
[2026-05-08T15:18:33.135+0000] {processor.py:183} INFO - Processing /opt/airflow/dags/job_etl_dag.py took 0.154 seconds
[2026-05-08T15:19:03.253+0000] {processor.py:161} INFO - Started process (PID=259) to work on /opt/airflow/dags/job_etl_dag.py
[2026-05-08T15:19:03.255+0000] {processor.py:830} INFO - Processing file /opt/airflow/dags/job_etl_dag.py for tasks to queue
[2026-05-08T15:19:03.257+0000] {logging_mixin.py:188} INFO - [2026-05-08T15:19:03.257+0000] {dagbag.py:538} INFO - Filling up the DagBag from /opt/airflow/dags/job_etl_dag.py
[2026-05-08T15:19:03.302+0000] {processor.py:840} INFO - DAG(s) 'job_market_etl' retrieved from /opt/airflow/dags/job_etl_dag.py
[2026-05-08T15:19:03.361+0000] {logging_mixin.py:188} INFO - [2026-05-08T15:19:03.360+0000] {dag.py:3036} INFO - Sync 1 DAGs
[2026-05-08T15:19:03.382+0000] {logging_mixin.py:188} INFO - [2026-05-08T15:19:03.381+0000] {dag.py:3823} INFO - Setting next_dagrun for job_market_etl to None, run_after=None
[2026-05-08T15:19:03.435+0000] {processor.py:183} INFO - Processing /opt/airflow/dags/job_etl_dag.py took 0.189 seconds
[2026-05-08T15:19:33.644+0000] {processor.py:161} INFO - Started process (PID=260) to work on /opt/airflow/dags/job_etl_dag.py
[2026-05-08T15:19:33.647+0000] {processor.py:830} INFO - Processing file /opt/airflow/dags/job_etl_dag.py for tasks to queue
[2026-05-08T15:19:33.650+0000] {logging_mixin.py:188} INFO - [2026-05-08T15:19:33.649+0000] {dagbag.py:538} INFO - Filling up the DagBag from /opt/airflow/dags/job_etl_dag.py
[2026-05-08T15:19:33.687+0000] {processor.py:840} INFO - DAG(s) 'job_market_etl' retrieved from /opt/airflow/dags/job_etl_dag.py
[2026-05-08T15:19:33.736+0000] {logging_mixin.py:188} INFO - [2026-05-08T15:19:33.735+0000] {dag.py:3036} INFO - Sync 1 DAGs
[2026-05-08T15:19:33.756+0000] {logging_mixin.py:188} INFO - [2026-05-08T15:19:33.755+0000] {dag.py:3823} INFO - Setting next_dagrun for job_market_etl to None, run_after=None
[2026-05-08T15:19:33.807+0000] {processor.py:183} INFO - Processing /opt/airflow/dags/job_etl_dag.py took 0.168 seconds
[2026-05-08T15:20:03.988+0000] {processor.py:161} INFO - Started process (PID=261) to work on /opt/airflow/dags/job_etl_dag.py
[2026-05-08T15:20:03.990+0000] {processor.py:830} INFO - Processing file /opt/airflow/dags/job_etl_dag.py for tasks to queue
[2026-05-08T15:20:03.991+0000] {logging_mixin.py:188} INFO - [2026-05-08T15:20:03.991+0000] {dagbag.py:538} INFO - Filling up the DagBag from /opt/airflow/dags/job_etl_dag.py
[2026-05-08T15:20:04.029+0000] {processor.py:840} INFO - DAG(s) 'job_market_etl' retrieved from /opt/airflow/dags/job_etl_dag.py
[2026-05-08T15:20:04.078+0000] {logging_mixin.py:188} INFO - [2026-05-08T15:20:04.077+0000] {dag.py:3036} INFO - Sync 1 DAGs
[2026-05-08T15:20:04.095+0000] {logging_mixin.py:188} INFO - [2026-05-08T15:20:04.094+0000] {dag.py:3823} INFO - Setting next_dagrun for job_market_etl to None, run_after=None
[2026-05-08T15:20:04.144+0000] {processor.py:183} INFO - Processing /opt/airflow/dags/job_etl_dag.py took 0.162 seconds
[2026-05-08T15:20:34.322+0000] {processor.py:161} INFO - Started process (PID=262) to work on /opt/airflow/dags/job_etl_dag.py
[2026-05-08T15:20:34.323+0000] {processor.py:830} INFO - Processing file /opt/airflow/dags/job_etl_dag.py for tasks to queue
[2026-05-08T15:20:34.325+0000] {logging_mixin.py:188} INFO - [2026-05-08T15:20:34.324+0000] {dagbag.py:538} INFO - Filling up the DagBag from /opt/airflow/dags/job_etl_dag.py
[2026-05-08T15:20:34.359+0000] {processor.py:840} INFO - DAG(s) 'job_market_etl' retrieved from /opt/airflow/dags/job_etl_dag.py
[2026-05-08T15:20:34.412+0000] {logging_mixin.py:188} INFO - [2026-05-08T15:20:34.411+0000] {dag.py:3036} INFO - Sync 1 DAGs
[2026-05-08T15:20:34.434+0000] {logging_mixin.py:188} INFO - [2026-05-08T15:20:34.433+0000] {dag.py:3823} INFO - Setting next_dagrun for job_market_etl to None, run_after=None
[2026-05-08T15:20:34.476+0000] {processor.py:183} INFO - Processing /opt/airflow/dags/job_etl_dag.py took 0.160 seconds
[2026-05-08T15:21:04.660+0000] {processor.py:161} INFO - Started process (PID=263) to work on /opt/airflow/dags/job_etl_dag.py
[2026-05-08T15:21:04.662+0000] {processor.py:830} INFO - Processing file /opt/airflow/dags/job_etl_dag.py for tasks to queue
[2026-05-08T15:21:04.664+0000] {logging_mixin.py:188} INFO - [2026-05-08T15:21:04.664+0000] {dagbag.py:538} INFO - Filling up the DagBag from /opt/airflow/dags/job_etl_dag.py
[2026-05-08T15:21:04.698+0000] {processor.py:840} INFO - DAG(s) 'job_market_etl' retrieved from /opt/airflow/dags/job_etl_dag.py
[2026-05-08T15:21:04.749+0000] {logging_mixin.py:188} INFO - [2026-05-08T15:21:04.748+0000] {dag.py:3036} INFO - Sync 1 DAGs
[2026-05-08T15:21:04.771+0000] {logging_mixin.py:188} INFO - [2026-05-08T15:21:04.771+0000] {dag.py:3823} INFO - Setting next_dagrun for job_market_etl to None, run_after=None
[2026-05-08T15:21:04.823+0000] {processor.py:183} INFO - Processing /opt/airflow/dags/job_etl_dag.py took 0.167 seconds
[2026-05-08T15:21:35.000+0000] {processor.py:161} INFO - Started process (PID=264) to work on /opt/airflow/dags/job_etl_dag.py
[2026-05-08T15:21:35.003+0000] {processor.py:830} INFO - Processing file /opt/airflow/dags/job_etl_dag.py for tasks to queue
[2026-05-08T15:21:35.005+0000] {logging_mixin.py:188} INFO - [2026-05-08T15:21:35.004+0000] {dagbag.py:538} INFO - Filling up the DagBag from /opt/airflow/dags/job_etl_dag.py
[2026-05-08T15:21:35.038+0000] {processor.py:840} INFO - DAG(s) 'job_market_etl' retrieved from /opt/airflow/dags/job_etl_dag.py
[2026-05-08T15:21:35.087+0000] {logging_mixin.py:188} INFO - [2026-05-08T15:21:35.086+0000] {dag.py:3036} INFO - Sync 1 DAGs
[2026-05-08T15:21:35.108+0000] {logging_mixin.py:188} INFO - [2026-05-08T15:21:35.107+0000] {dag.py:3823} INFO - Setting next_dagrun for job_market_etl to None, run_after=None
[2026-05-08T15:21:35.153+0000] {processor.py:183} INFO - Processing /opt/airflow/dags/job_etl_dag.py took 0.159 seconds
[2026-05-08T15:22:05.386+0000] {processor.py:161} INFO - Started process (PID=265) to work on /opt/airflow/dags/job_etl_dag.py
[2026-05-08T15:22:05.388+0000] {processor.py:830} INFO - Processing file /opt/airflow/dags/job_etl_dag.py for tasks to queue
[2026-05-08T15:22:05.390+0000] {logging_mixin.py:188} INFO - [2026-05-08T15:22:05.390+0000] {dagbag.py:538} INFO - Filling up the DagBag from /opt/airflow/dags/job_etl_dag.py
[2026-05-08T15:22:05.424+0000] {processor.py:840} INFO - DAG(s) 'job_market_etl' retrieved from /opt/airflow/dags/job_etl_dag.py
[2026-05-08T15:22:05.474+0000] {logging_mixin.py:188} INFO - [2026-05-08T15:22:05.473+0000] {dag.py:3036} INFO - Sync 1 DAGs
[2026-05-08T15:22:05.491+0000] {logging_mixin.py:188} INFO - [2026-05-08T15:22:05.491+0000] {dag.py:3823} INFO - Setting next_dagrun for job_market_etl to None, run_after=None
[2026-05-08T15:22:05.530+0000] {processor.py:183} INFO - Processing /opt/airflow/dags/job_etl_dag.py took 0.151 seconds
[2026-05-08T15:22:35.666+0000] {processor.py:161} INFO - Started process (PID=266) to work on /opt/airflow/dags/job_etl_dag.py
[2026-05-08T15:22:35.670+0000] {processor.py:830} INFO - Processing file /opt/airflow/dags/job_etl_dag.py for tasks to queue
[2026-05-08T15:22:35.673+0000] {logging_mixin.py:188} INFO - [2026-05-08T15:22:35.672+0000] {dagbag.py:538} INFO - Filling up the DagBag from /opt/airflow/dags/job_etl_dag.py
[2026-05-08T15:22:35.717+0000] {processor.py:840} INFO - DAG(s) 'job_market_etl' retrieved from /opt/airflow/dags/job_etl_dag.py
[2026-05-08T15:22:35.798+0000] {logging_mixin.py:188} INFO - [2026-05-08T15:22:35.797+0000] {dag.py:3036} INFO - Sync 1 DAGs
[2026-05-08T15:22:35.841+0000] {logging_mixin.py:188} INFO - [2026-05-08T15:22:35.840+0000] {dag.py:3823} INFO - Setting next_dagrun for job_market_etl to None, run_after=None
[2026-05-08T15:22:35.883+0000] {processor.py:183} INFO - Processing /opt/airflow/dags/job_etl_dag.py took 0.223 seconds
[2026-05-08T15:23:06.066+0000] {processor.py:161} INFO - Started process (PID=267) to work on /opt/airflow/dags/job_etl_dag.py
[2026-05-08T15:23:06.068+0000] {processor.py:830} INFO - Processing file /opt/airflow/dags/job_etl_dag.py for tasks to queue
[2026-05-08T15:23:06.070+0000] {logging_mixin.py:188} INFO - [2026-05-08T15:23:06.070+0000] {dagbag.py:538} INFO - Filling up the DagBag from /opt/airflow/dags/job_etl_dag.py
[2026-05-08T15:23:06.113+0000] {processor.py:840} INFO - DAG(s) 'job_market_etl' retrieved from /opt/airflow/dags/job_etl_dag.py
[2026-05-08T15:23:06.172+0000] {logging_mixin.py:188} INFO - [2026-05-08T15:23:06.171+0000] {dag.py:3036} INFO - Sync 1 DAGs
[2026-05-08T15:23:06.192+0000] {logging_mixin.py:188} INFO - [2026-05-08T15:23:06.191+0000] {dag.py:3823} INFO - Setting next_dagrun for job_market_etl to None, run_after=None
[2026-05-08T15:23:06.245+0000] {processor.py:183} INFO - Processing /opt/airflow/dags/job_etl_dag.py took 0.186 seconds
[2026-05-08T15:23:36.419+0000] {processor.py:161} INFO - Started process (PID=268) to work on /opt/airflow/dags/job_etl_dag.py
[2026-05-08T15:23:36.422+0000] {processor.py:830} INFO - Processing file /opt/airflow/dags/job_etl_dag.py for tasks to queue
[2026-05-08T15:23:36.425+0000] {logging_mixin.py:188} INFO - [2026-05-08T15:23:36.424+0000] {dagbag.py:538} INFO - Filling up the DagBag from /opt/airflow/dags/job_etl_dag.py
[2026-05-08T15:23:36.465+0000] {processor.py:840} INFO - DAG(s) 'job_market_etl' retrieved from /opt/airflow/dags/job_etl_dag.py
[2026-05-08T15:23:36.516+0000] {logging_mixin.py:188} INFO - [2026-05-08T15:23:36.516+0000] {dag.py:3036} INFO - Sync 1 DAGs
[2026-05-08T15:23:36.537+0000] {logging_mixin.py:188} INFO - [2026-05-08T15:23:36.536+0000] {dag.py:3823} INFO - Setting next_dagrun for job_market_etl to None, run_after=None
[2026-05-08T15:23:36.580+0000] {processor.py:183} INFO - Processing /opt/airflow/dags/job_etl_dag.py took 0.170 seconds
[2026-05-08T15:24:06.758+0000] {processor.py:161} INFO - Started process (PID=269) to work on /opt/airflow/dags/job_etl_dag.py
[2026-05-08T15:24:06.761+0000] {processor.py:830} INFO - Processing file /opt/airflow/dags/job_etl_dag.py for tasks to queue
[2026-05-08T15:24:06.763+0000] {logging_mixin.py:188} INFO - [2026-05-08T15:24:06.762+0000] {dagbag.py:538} INFO - Filling up the DagBag from /opt/airflow/dags/job_etl_dag.py
[2026-05-08T15:24:06.797+0000] {processor.py:840} INFO - DAG(s) 'job_market_etl' retrieved from /opt/airflow/dags/job_etl_dag.py
[2026-05-08T15:24:06.852+0000] {logging_mixin.py:188} INFO - [2026-05-08T15:24:06.851+0000] {dag.py:3036} INFO - Sync 1 DAGs
[2026-05-08T15:24:06.873+0000] {logging_mixin.py:188} INFO - [2026-05-08T15:24:06.872+0000] {dag.py:3823} INFO - Setting next_dagrun for job_market_etl to None, run_after=None
[2026-05-08T15:24:06.912+0000] {processor.py:183} INFO - Processing /opt/airflow/dags/job_etl_dag.py took 0.160 seconds
[2026-05-08T15:24:37.081+0000] {processor.py:161} INFO - Started process (PID=270) to work on /opt/airflow/dags/job_etl_dag.py
[2026-05-08T15:24:37.083+0000] {processor.py:830} INFO - Processing file /opt/airflow/dags/job_etl_dag.py for tasks to queue
[2026-05-08T15:24:37.086+0000] {logging_mixin.py:188} INFO - [2026-05-08T15:24:37.085+0000] {dagbag.py:538} INFO - Filling up the DagBag from /opt/airflow/dags/job_etl_dag.py
[2026-05-08T15:24:37.115+0000] {processor.py:840} INFO - DAG(s) 'job_market_etl' retrieved from /opt/airflow/dags/job_etl_dag.py
[2026-05-08T15:24:37.167+0000] {logging_mixin.py:188} INFO - [2026-05-08T15:24:37.166+0000] {dag.py:3036} INFO - Sync 1 DAGs
[2026-05-08T15:24:37.189+0000] {logging_mixin.py:188} INFO - [2026-05-08T15:24:37.189+0000] {dag.py:3823} INFO - Setting next_dagrun for job_market_etl to None, run_after=None
[2026-05-08T15:24:37.226+0000] {processor.py:183} INFO - Processing /opt/airflow/dags/job_etl_dag.py took 0.149 seconds
[2026-05-08T15:25:07.463+0000] {processor.py:161} INFO - Started process (PID=271) to work on /opt/airflow/dags/job_etl_dag.py
[2026-05-08T15:25:07.465+0000] {processor.py:830} INFO - Processing file /opt/airflow/dags/job_etl_dag.py for tasks to queue
[2026-05-08T15:25:07.466+0000] {logging_mixin.py:188} INFO - [2026-05-08T15:25:07.466+0000] {dagbag.py:538} INFO - Filling up the DagBag from /opt/airflow/dags/job_etl_dag.py
[2026-05-08T15:25:07.499+0000] {processor.py:840} INFO - DAG(s) 'job_market_etl' retrieved from /opt/airflow/dags/job_etl_dag.py
[2026-05-08T15:25:07.550+0000] {logging_mixin.py:188} INFO - [2026-05-08T15:25:07.549+0000] {dag.py:3036} INFO - Sync 1 DAGs
[2026-05-08T15:25:07.572+0000] {logging_mixin.py:188} INFO - [2026-05-08T15:25:07.571+0000] {dag.py:3823} INFO - Setting next_dagrun for job_market_etl to None, run_after=None
[2026-05-08T15:25:07.613+0000] {processor.py:183} INFO - Processing /opt/airflow/dags/job_etl_dag.py took 0.153 seconds
[2026-05-08T15:25:37.744+0000] {processor.py:161} INFO - Started process (PID=272) to work on /opt/airflow/dags/job_etl_dag.py
[2026-05-08T15:25:37.746+0000] {processor.py:830} INFO - Processing file /opt/airflow/dags/job_etl_dag.py for tasks to queue
[2026-05-08T15:25:37.748+0000] {logging_mixin.py:188} INFO - [2026-05-08T15:25:37.748+0000] {dagbag.py:538} INFO - Filling up the DagBag from /opt/airflow/dags/job_etl_dag.py
[2026-05-08T15:25:37.780+0000] {processor.py:840} INFO - DAG(s) 'job_market_etl' retrieved from /opt/airflow/dags/job_etl_dag.py
[2026-05-08T15:25:37.835+0000] {logging_mixin.py:188} INFO - [2026-05-08T15:25:37.835+0000] {dag.py:3036} INFO - Sync 1 DAGs
[2026-05-08T15:25:37.857+0000] {logging_mixin.py:188} INFO - [2026-05-08T15:25:37.856+0000] {dag.py:3823} INFO - Setting next_dagrun for job_market_etl to None, run_after=None
[2026-05-08T15:25:37.908+0000] {processor.py:183} INFO - Processing /opt/airflow/dags/job_etl_dag.py took 0.171 seconds
[2026-05-08T15:26:08.153+0000] {processor.py:161} INFO - Started process (PID=273) to work on /opt/airflow/dags/job_etl_dag.py
[2026-05-08T15:26:08.155+0000] {processor.py:830} INFO - Processing file /opt/airflow/dags/job_etl_dag.py for tasks to queue
[2026-05-08T15:26:08.157+0000] {logging_mixin.py:188} INFO - [2026-05-08T15:26:08.157+0000] {dagbag.py:538} INFO - Filling up the DagBag from /opt/airflow/dags/job_etl_dag.py
[2026-05-08T15:26:08.195+0000] {processor.py:840} INFO - DAG(s) 'job_market_etl' retrieved from /opt/airflow/dags/job_etl_dag.py
[2026-05-08T15:26:08.242+0000] {logging_mixin.py:188} INFO - [2026-05-08T15:26:08.242+0000] {dag.py:3036} INFO - Sync 1 DAGs
[2026-05-08T15:26:08.262+0000] {logging_mixin.py:188} INFO - [2026-05-08T15:26:08.262+0000] {dag.py:3823} INFO - Setting next_dagrun for job_market_etl to None, run_after=None
[2026-05-08T15:26:08.298+0000] {processor.py:183} INFO - Processing /opt/airflow/dags/job_etl_dag.py took 0.150 seconds
[2026-05-08T15:26:38.434+0000] {processor.py:161} INFO - Started process (PID=274) to work on /opt/airflow/dags/job_etl_dag.py
[2026-05-08T15:26:38.437+0000] {processor.py:830} INFO - Processing file /opt/airflow/dags/job_etl_dag.py for tasks to queue
[2026-05-08T15:26:38.439+0000] {logging_mixin.py:188} INFO - [2026-05-08T15:26:38.438+0000] {dagbag.py:538} INFO - Filling up the DagBag from /opt/airflow/dags/job_etl_dag.py
[2026-05-08T15:26:38.476+0000] {processor.py:840} INFO - DAG(s) 'job_market_etl' retrieved from /opt/airflow/dags/job_etl_dag.py
[2026-05-08T15:26:38.531+0000] {logging_mixin.py:188} INFO - [2026-05-08T15:26:38.531+0000] {dag.py:3036} INFO - Sync 1 DAGs
[2026-05-08T15:26:38.551+0000] {logging_mixin.py:188} INFO - [2026-05-08T15:26:38.551+0000] {dag.py:3823} INFO - Setting next_dagrun for job_market_etl to None, run_after=None
[2026-05-08T15:26:38.586+0000] {processor.py:183} INFO - Processing /opt/airflow/dags/job_etl_dag.py took 0.156 seconds
[2026-05-08T15:27:08.821+0000] {processor.py:161} INFO - Started process (PID=275) to work on /opt/airflow/dags/job_etl_dag.py
[2026-05-08T15:27:08.823+0000] {processor.py:830} INFO - Processing file /opt/airflow/dags/job_etl_dag.py for tasks to queue
[2026-05-08T15:27:08.827+0000] {logging_mixin.py:188} INFO - [2026-05-08T15:27:08.825+0000] {dagbag.py:538} INFO - Filling up the DagBag from /opt/airflow/dags/job_etl_dag.py
[2026-05-08T15:27:08.861+0000] {processor.py:840} INFO - DAG(s) 'job_market_etl' retrieved from /opt/airflow/dags/job_etl_dag.py
[2026-05-08T15:27:08.906+0000] {logging_mixin.py:188} INFO - [2026-05-08T15:27:08.906+0000] {dag.py:3036} INFO - Sync 1 DAGs
[2026-05-08T15:27:08.927+0000] {logging_mixin.py:188} INFO - [2026-05-08T15:27:08.927+0000] {dag.py:3823} INFO - Setting next_dagrun for job_market_etl to None, run_after=None
[2026-05-08T15:27:08.979+0000] {processor.py:183} INFO - Processing /opt/airflow/dags/job_etl_dag.py took 0.163 seconds
[2026-05-08T15:27:39.109+0000] {processor.py:161} INFO - Started process (PID=276) to work on /opt/airflow/dags/job_etl_dag.py
[2026-05-08T15:27:39.112+0000] {processor.py:830} INFO - Processing file /opt/airflow/dags/job_etl_dag.py for tasks to queue
[2026-05-08T15:27:39.114+0000] {logging_mixin.py:188} INFO - [2026-05-08T15:27:39.114+0000] {dagbag.py:538} INFO - Filling up the DagBag from /opt/airflow/dags/job_etl_dag.py
[2026-05-08T15:27:39.149+0000] {processor.py:840} INFO - DAG(s) 'job_market_etl' retrieved from /opt/airflow/dags/job_etl_dag.py
[2026-05-08T15:27:39.197+0000] {logging_mixin.py:188} INFO - [2026-05-08T15:27:39.197+0000] {dag.py:3036} INFO - Sync 1 DAGs
[2026-05-08T15:27:39.218+0000] {logging_mixin.py:188} INFO - [2026-05-08T15:27:39.218+0000] {dag.py:3823} INFO - Setting next_dagrun for job_market_etl to None, run_after=None
[2026-05-08T15:27:39.271+0000] {processor.py:183} INFO - Processing /opt/airflow/dags/job_etl_dag.py took 0.169 seconds
[2026-05-08T15:28:09.492+0000] {processor.py:161} INFO - Started process (PID=277) to work on /opt/airflow/dags/job_etl_dag.py
[2026-05-08T15:28:09.495+0000] {processor.py:830} INFO - Processing file /opt/airflow/dags/job_etl_dag.py for tasks to queue
[2026-05-08T15:28:09.498+0000] {logging_mixin.py:188} INFO - [2026-05-08T15:28:09.497+0000] {dagbag.py:538} INFO - Filling up the DagBag from /opt/airflow/dags/job_etl_dag.py
[2026-05-08T15:28:09.532+0000] {processor.py:840} INFO - DAG(s) 'job_market_etl' retrieved from /opt/airflow/dags/job_etl_dag.py
[2026-05-08T15:28:09.581+0000] {logging_mixin.py:188} INFO - [2026-05-08T15:28:09.580+0000] {dag.py:3036} INFO - Sync 1 DAGs
[2026-05-08T15:28:09.600+0000] {logging_mixin.py:188} INFO - [2026-05-08T15:28:09.600+0000] {dag.py:3823} INFO - Setting next_dagrun for job_market_etl to None, run_after=None
[2026-05-08T15:28:09.637+0000] {processor.py:183} INFO - Processing /opt/airflow/dags/job_etl_dag.py took 0.150 seconds
[2026-05-08T15:28:39.787+0000] {processor.py:161} INFO - Started process (PID=278) to work on /opt/airflow/dags/job_etl_dag.py
[2026-05-08T15:28:39.789+0000] {processor.py:830} INFO - Processing file /opt/airflow/dags/job_etl_dag.py for tasks to queue
[2026-05-08T15:28:39.792+0000] {logging_mixin.py:188} INFO - [2026-05-08T15:28:39.791+0000] {dagbag.py:538} INFO - Filling up the DagBag from /opt/airflow/dags/job_etl_dag.py
[2026-05-08T15:28:39.832+0000] {processor.py:840} INFO - DAG(s) 'job_market_etl' retrieved from /opt/airflow/dags/job_etl_dag.py
[2026-05-08T15:28:39.886+0000] {logging_mixin.py:188} INFO - [2026-05-08T15:28:39.886+0000] {dag.py:3036} INFO - Sync 1 DAGs
[2026-05-08T15:28:39.904+0000] {logging_mixin.py:188} INFO - [2026-05-08T15:28:39.904+0000] {dag.py:3823} INFO - Setting next_dagrun for job_market_etl to None, run_after=None
[2026-05-08T15:28:39.961+0000] {processor.py:183} INFO - Processing /opt/airflow/dags/job_etl_dag.py took 0.180 seconds
[2026-05-08T15:29:10.156+0000] {processor.py:161} INFO - Started process (PID=279) to work on /opt/airflow/dags/job_etl_dag.py
[2026-05-08T15:29:10.158+0000] {processor.py:830} INFO - Processing file /opt/airflow/dags/job_etl_dag.py for tasks to queue
[2026-05-08T15:29:10.162+0000] {logging_mixin.py:188} INFO - [2026-05-08T15:29:10.161+0000] {dagbag.py:538} INFO - Filling up the DagBag from /opt/airflow/dags/job_etl_dag.py
[2026-05-08T15:29:10.190+0000] {processor.py:840} INFO - DAG(s) 'job_market_etl' retrieved from /opt/airflow/dags/job_etl_dag.py
[2026-05-08T15:29:10.235+0000] {logging_mixin.py:188} INFO - [2026-05-08T15:29:10.234+0000] {dag.py:3036} INFO - Sync 1 DAGs
[2026-05-08T15:29:10.255+0000] {logging_mixin.py:188} INFO - [2026-05-08T15:29:10.254+0000] {dag.py:3823} INFO - Setting next_dagrun for job_market_etl to None, run_after=None
[2026-05-08T15:29:10.295+0000] {processor.py:183} INFO - Processing /opt/airflow/dags/job_etl_dag.py took 0.144 seconds
[2026-05-08T15:29:40.487+0000] {processor.py:161} INFO - Started process (PID=280) to work on /opt/airflow/dags/job_etl_dag.py
[2026-05-08T15:29:40.489+0000] {processor.py:830} INFO - Processing file /opt/airflow/dags/job_etl_dag.py for tasks to queue
[2026-05-08T15:29:40.492+0000] {logging_mixin.py:188} INFO - [2026-05-08T15:29:40.491+0000] {dagbag.py:538} INFO - Filling up the DagBag from /opt/airflow/dags/job_etl_dag.py
[2026-05-08T15:29:40.526+0000] {processor.py:840} INFO - DAG(s) 'job_market_etl' retrieved from /opt/airflow/dags/job_etl_dag.py
[2026-05-08T15:29:40.574+0000] {logging_mixin.py:188} INFO - [2026-05-08T15:29:40.574+0000] {dag.py:3036} INFO - Sync 1 DAGs
[2026-05-08T15:29:40.595+0000] {logging_mixin.py:188} INFO - [2026-05-08T15:29:40.595+0000] {dag.py:3823} INFO - Setting next_dagrun for job_market_etl to None, run_after=None
[2026-05-08T15:29:40.633+0000] {processor.py:183} INFO - Processing /opt/airflow/dags/job_etl_dag.py took 0.150 seconds
[2026-05-08T15:30:10.871+0000] {processor.py:161} INFO - Started process (PID=281) to work on /opt/airflow/dags/job_etl_dag.py
[2026-05-08T15:30:10.873+0000] {processor.py:830} INFO - Processing file /opt/airflow/dags/job_etl_dag.py for tasks to queue
[2026-05-08T15:30:10.875+0000] {logging_mixin.py:188} INFO - [2026-05-08T15:30:10.875+0000] {dagbag.py:538} INFO - Filling up the DagBag from /opt/airflow/dags/job_etl_dag.py
[2026-05-08T15:30:10.907+0000] {processor.py:840} INFO - DAG(s) 'job_market_etl' retrieved from /opt/airflow/dags/job_etl_dag.py
[2026-05-08T15:30:10.957+0000] {logging_mixin.py:188} INFO - [2026-05-08T15:30:10.957+0000] {dag.py:3036} INFO - Sync 1 DAGs
[2026-05-08T15:30:10.979+0000] {logging_mixin.py:188} INFO - [2026-05-08T15:30:10.979+0000] {dag.py:3823} INFO - Setting next_dagrun for job_market_etl to None, run_after=None
[2026-05-08T15:30:11.016+0000] {processor.py:183} INFO - Processing /opt/airflow/dags/job_etl_dag.py took 0.148 seconds
[2026-05-08T15:30:41.162+0000] {processor.py:161} INFO - Started process (PID=282) to work on /opt/airflow/dags/job_etl_dag.py
[2026-05-08T15:30:41.165+0000] {processor.py:830} INFO - Processing file /opt/airflow/dags/job_etl_dag.py for tasks to queue
[2026-05-08T15:30:41.167+0000] {logging_mixin.py:188} INFO - [2026-05-08T15:30:41.166+0000] {dagbag.py:538} INFO - Filling up the DagBag from /opt/airflow/dags/job_etl_dag.py
[2026-05-08T15:30:41.202+0000] {processor.py:840} INFO - DAG(s) 'job_market_etl' retrieved from /opt/airflow/dags/job_etl_dag.py
[2026-05-08T15:30:41.251+0000] {logging_mixin.py:188} INFO - [2026-05-08T15:30:41.251+0000] {dag.py:3036} INFO - Sync 1 DAGs
[2026-05-08T15:30:41.270+0000] {logging_mixin.py:188} INFO - [2026-05-08T15:30:41.270+0000] {dag.py:3823} INFO - Setting next_dagrun for job_market_etl to None, run_after=None
[2026-05-08T15:30:41.305+0000] {processor.py:183} INFO - Processing /opt/airflow/dags/job_etl_dag.py took 0.149 seconds
[2026-05-08T15:31:11.542+0000] {processor.py:161} INFO - Started process (PID=283) to work on /opt/airflow/dags/job_etl_dag.py
[2026-05-08T15:31:11.544+0000] {processor.py:830} INFO - Processing file /opt/airflow/dags/job_etl_dag.py for tasks to queue
[2026-05-08T15:31:11.546+0000] {logging_mixin.py:188} INFO - [2026-05-08T15:31:11.546+0000] {dagbag.py:538} INFO - Filling up the DagBag from /opt/airflow/dags/job_etl_dag.py
[2026-05-08T15:31:11.584+0000] {processor.py:840} INFO - DAG(s) 'job_market_etl' retrieved from /opt/airflow/dags/job_etl_dag.py
[2026-05-08T15:31:11.636+0000] {logging_mixin.py:188} INFO - [2026-05-08T15:31:11.636+0000] {dag.py:3036} INFO - Sync 1 DAGs
[2026-05-08T15:31:11.654+0000] {logging_mixin.py:188} INFO - [2026-05-08T15:31:11.654+0000] {dag.py:3823} INFO - Setting next_dagrun for job_market_etl to None, run_after=None
[2026-05-08T15:31:11.725+0000] {processor.py:183} INFO - Processing /opt/airflow/dags/job_etl_dag.py took 0.187 seconds
[2026-05-08T15:31:41.821+0000] {processor.py:161} INFO - Started process (PID=284) to work on /opt/airflow/dags/job_etl_dag.py
[2026-05-08T15:31:41.824+0000] {processor.py:830} INFO - Processing file /opt/airflow/dags/job_etl_dag.py for tasks to queue
[2026-05-08T15:31:41.826+0000] {logging_mixin.py:188} INFO - [2026-05-08T15:31:41.826+0000] {dagbag.py:538} INFO - Filling up the DagBag from /opt/airflow/dags/job_etl_dag.py
[2026-05-08T15:31:41.868+0000] {processor.py:840} INFO - DAG(s) 'job_market_etl' retrieved from /opt/airflow/dags/job_etl_dag.py
[2026-05-08T15:31:41.919+0000] {logging_mixin.py:188} INFO - [2026-05-08T15:31:41.918+0000] {dag.py:3036} INFO - Sync 1 DAGs
[2026-05-08T15:31:41.937+0000] {logging_mixin.py:188} INFO - [2026-05-08T15:31:41.937+0000] {dag.py:3823} INFO - Setting next_dagrun for job_market_etl to None, run_after=None
[2026-05-08T15:31:41.987+0000] {processor.py:183} INFO - Processing /opt/airflow/dags/job_etl_dag.py took 0.172 seconds
[2026-05-08T15:32:12.238+0000] {processor.py:161} INFO - Started process (PID=285) to work on /opt/airflow/dags/job_etl_dag.py
[2026-05-08T15:32:12.240+0000] {processor.py:830} INFO - Processing file /opt/airflow/dags/job_etl_dag.py for tasks to queue
[2026-05-08T15:32:12.242+0000] {logging_mixin.py:188} INFO - [2026-05-08T15:32:12.242+0000] {dagbag.py:538} INFO - Filling up the DagBag from /opt/airflow/dags/job_etl_dag.py
[2026-05-08T15:32:12.276+0000] {processor.py:840} INFO - DAG(s) 'job_market_etl' retrieved from /opt/airflow/dags/job_etl_dag.py
[2026-05-08T15:32:12.331+0000] {logging_mixin.py:188} INFO - [2026-05-08T15:32:12.331+0000] {dag.py:3036} INFO - Sync 1 DAGs
[2026-05-08T15:32:12.356+0000] {logging_mixin.py:188} INFO - [2026-05-08T15:32:12.356+0000] {dag.py:3823} INFO - Setting next_dagrun for job_market_etl to None, run_after=None
[2026-05-08T15:32:12.392+0000] {processor.py:183} INFO - Processing /opt/airflow/dags/job_etl_dag.py took 0.159 seconds
[2026-05-08T15:32:42.520+0000] {processor.py:161} INFO - Started process (PID=287) to work on /opt/airflow/dags/job_etl_dag.py
[2026-05-08T15:32:42.523+0000] {processor.py:830} INFO - Processing file /opt/airflow/dags/job_etl_dag.py for tasks to queue
[2026-05-08T15:32:42.526+0000] {logging_mixin.py:188} INFO - [2026-05-08T15:32:42.525+0000] {dagbag.py:538} INFO - Filling up the DagBag from /opt/airflow/dags/job_etl_dag.py
[2026-05-08T15:32:42.574+0000] {processor.py:840} INFO - DAG(s) 'job_market_etl' retrieved from /opt/airflow/dags/job_etl_dag.py
[2026-05-08T15:32:42.653+0000] {logging_mixin.py:188} INFO - [2026-05-08T15:32:42.653+0000] {dag.py:3036} INFO - Sync 1 DAGs
[2026-05-08T15:32:42.677+0000] {logging_mixin.py:188} INFO - [2026-05-08T15:32:42.677+0000] {dag.py:3823} INFO - Setting next_dagrun for job_market_etl to None, run_after=None
[2026-05-08T15:32:42.719+0000] {processor.py:183} INFO - Processing /opt/airflow/dags/job_etl_dag.py took 0.207 seconds
[2026-05-08T15:33:12.911+0000] {processor.py:161} INFO - Started process (PID=288) to work on /opt/airflow/dags/job_etl_dag.py
[2026-05-08T15:33:12.913+0000] {processor.py:830} INFO - Processing file /opt/airflow/dags/job_etl_dag.py for tasks to queue
[2026-05-08T15:33:12.917+0000] {logging_mixin.py:188} INFO - [2026-05-08T15:33:12.916+0000] {dagbag.py:538} INFO - Filling up the DagBag from /opt/airflow/dags/job_etl_dag.py
[2026-05-08T15:33:12.955+0000] {processor.py:840} INFO - DAG(s) 'job_market_etl' retrieved from /opt/airflow/dags/job_etl_dag.py
[2026-05-08T15:33:13.002+0000] {logging_mixin.py:188} INFO - [2026-05-08T15:33:13.002+0000] {dag.py:3036} INFO - Sync 1 DAGs
[2026-05-08T15:33:13.020+0000] {logging_mixin.py:188} INFO - [2026-05-08T15:33:13.020+0000] {dag.py:3823} INFO - Setting next_dagrun for job_market_etl to None, run_after=None
[2026-05-08T15:33:13.072+0000] {processor.py:183} INFO - Processing /opt/airflow/dags/job_etl_dag.py took 0.168 seconds
[2026-05-08T15:33:43.249+0000] {processor.py:161} INFO - Started process (PID=289) to work on /opt/airflow/dags/job_etl_dag.py
[2026-05-08T15:33:43.253+0000] {processor.py:830} INFO - Processing file /opt/airflow/dags/job_etl_dag.py for tasks to queue
[2026-05-08T15:33:43.256+0000] {logging_mixin.py:188} INFO - [2026-05-08T15:33:43.255+0000] {dagbag.py:538} INFO - Filling up the DagBag from /opt/airflow/dags/job_etl_dag.py
[2026-05-08T15:33:43.293+0000] {processor.py:840} INFO - DAG(s) 'job_market_etl' retrieved from /opt/airflow/dags/job_etl_dag.py
[2026-05-08T15:33:43.346+0000] {logging_mixin.py:188} INFO - [2026-05-08T15:33:43.346+0000] {dag.py:3036} INFO - Sync 1 DAGs
[2026-05-08T15:33:43.366+0000] {logging_mixin.py:188} INFO - [2026-05-08T15:33:43.365+0000] {dag.py:3823} INFO - Setting next_dagrun for job_market_etl to None, run_after=None
[2026-05-08T15:33:43.408+0000] {processor.py:183} INFO - Processing /opt/airflow/dags/job_etl_dag.py took 0.165 seconds
[2026-05-08T15:34:13.599+0000] {processor.py:161} INFO - Started process (PID=290) to work on /opt/airflow/dags/job_etl_dag.py
[2026-05-08T15:34:13.603+0000] {processor.py:830} INFO - Processing file /opt/airflow/dags/job_etl_dag.py for tasks to queue
[2026-05-08T15:34:13.606+0000] {logging_mixin.py:188} INFO - [2026-05-08T15:34:13.606+0000] {dagbag.py:538} INFO - Filling up the DagBag from /opt/airflow/dags/job_etl_dag.py
[2026-05-08T15:34:13.640+0000] {processor.py:840} INFO - DAG(s) 'job_market_etl' retrieved from /opt/airflow/dags/job_etl_dag.py
[2026-05-08T15:34:13.689+0000] {logging_mixin.py:188} INFO - [2026-05-08T15:34:13.688+0000] {dag.py:3036} INFO - Sync 1 DAGs
[2026-05-08T15:34:13.710+0000] {logging_mixin.py:188} INFO - [2026-05-08T15:34:13.710+0000] {dag.py:3823} INFO - Setting next_dagrun for job_market_etl to None, run_after=None
[2026-05-08T15:34:13.746+0000] {processor.py:183} INFO - Processing /opt/airflow/dags/job_etl_dag.py took 0.154 seconds
[2026-05-08T15:34:43.925+0000] {processor.py:161} INFO - Started process (PID=291) to work on /opt/airflow/dags/job_etl_dag.py
[2026-05-08T15:34:43.927+0000] {processor.py:830} INFO - Processing file /opt/airflow/dags/job_etl_dag.py for tasks to queue
[2026-05-08T15:34:43.929+0000] {logging_mixin.py:188} INFO - [2026-05-08T15:34:43.929+0000] {dagbag.py:538} INFO - Filling up the DagBag from /opt/airflow/dags/job_etl_dag.py
[2026-05-08T15:34:43.967+0000] {processor.py:840} INFO - DAG(s) 'job_market_etl' retrieved from /opt/airflow/dags/job_etl_dag.py
[2026-05-08T15:34:44.022+0000] {logging_mixin.py:188} INFO - [2026-05-08T15:34:44.022+0000] {dag.py:3036} INFO - Sync 1 DAGs
[2026-05-08T15:34:44.042+0000] {logging_mixin.py:188} INFO - [2026-05-08T15:34:44.042+0000] {dag.py:3823} INFO - Setting next_dagrun for job_market_etl to None, run_after=None
[2026-05-08T15:34:44.076+0000] {processor.py:183} INFO - Processing /opt/airflow/dags/job_etl_dag.py took 0.156 seconds
[2026-05-08T15:35:14.340+0000] {processor.py:161} INFO - Started process (PID=292) to work on /opt/airflow/dags/job_etl_dag.py
[2026-05-08T15:35:14.342+0000] {processor.py:830} INFO - Processing file /opt/airflow/dags/job_etl_dag.py for tasks to queue
[2026-05-08T15:35:14.344+0000] {logging_mixin.py:188} INFO - [2026-05-08T15:35:14.344+0000] {dagbag.py:538} INFO - Filling up the DagBag from /opt/airflow/dags/job_etl_dag.py
[2026-05-08T15:35:14.380+0000] {processor.py:840} INFO - DAG(s) 'job_market_etl' retrieved from /opt/airflow/dags/job_etl_dag.py
[2026-05-08T15:35:14.431+0000] {logging_mixin.py:188} INFO - [2026-05-08T15:35:14.431+0000] {dag.py:3036} INFO - Sync 1 DAGs
[2026-05-08T15:35:14.451+0000] {logging_mixin.py:188} INFO - [2026-05-08T15:35:14.451+0000] {dag.py:3823} INFO - Setting next_dagrun for job_market_etl to None, run_after=None
[2026-05-08T15:35:14.490+0000] {processor.py:183} INFO - Processing /opt/airflow/dags/job_etl_dag.py took 0.156 seconds
[2026-05-08T15:35:44.598+0000] {processor.py:161} INFO - Started process (PID=293) to work on /opt/airflow/dags/job_etl_dag.py
[2026-05-08T15:35:44.601+0000] {processor.py:830} INFO - Processing file /opt/airflow/dags/job_etl_dag.py for tasks to queue
[2026-05-08T15:35:44.603+0000] {logging_mixin.py:188} INFO - [2026-05-08T15:35:44.603+0000] {dagbag.py:538} INFO - Filling up the DagBag from /opt/airflow/dags/job_etl_dag.py
[2026-05-08T15:35:44.643+0000] {processor.py:840} INFO - DAG(s) 'job_market_etl' retrieved from /opt/airflow/dags/job_etl_dag.py
[2026-05-08T15:35:44.707+0000] {logging_mixin.py:188} INFO - [2026-05-08T15:35:44.706+0000] {dag.py:3036} INFO - Sync 1 DAGs
[2026-05-08T15:35:44.728+0000] {logging_mixin.py:188} INFO - [2026-05-08T15:35:44.727+0000] {dag.py:3823} INFO - Setting next_dagrun for job_market_etl to None, run_after=None
[2026-05-08T15:35:44.761+0000] {processor.py:183} INFO - Processing /opt/airflow/dags/job_etl_dag.py took 0.168 seconds
[2026-05-08T15:36:15.011+0000] {processor.py:161} INFO - Started process (PID=294) to work on /opt/airflow/dags/job_etl_dag.py
[2026-05-08T15:36:15.014+0000] {processor.py:830} INFO - Processing file /opt/airflow/dags/job_etl_dag.py for tasks to queue
[2026-05-08T15:36:15.016+0000] {logging_mixin.py:188} INFO - [2026-05-08T15:36:15.015+0000] {dagbag.py:538} INFO - Filling up the DagBag from /opt/airflow/dags/job_etl_dag.py
[2026-05-08T15:36:15.056+0000] {processor.py:840} INFO - DAG(s) 'job_market_etl' retrieved from /opt/airflow/dags/job_etl_dag.py
[2026-05-08T15:36:15.107+0000] {logging_mixin.py:188} INFO - [2026-05-08T15:36:15.106+0000] {dag.py:3036} INFO - Sync 1 DAGs
[2026-05-08T15:36:15.125+0000] {logging_mixin.py:188} INFO - [2026-05-08T15:36:15.125+0000] {dag.py:3823} INFO - Setting next_dagrun for job_market_etl to None, run_after=None
[2026-05-08T15:36:15.157+0000] {processor.py:183} INFO - Processing /opt/airflow/dags/job_etl_dag.py took 0.152 seconds
[2026-05-08T15:36:45.297+0000] {processor.py:161} INFO - Started process (PID=295) to work on /opt/airflow/dags/job_etl_dag.py
[2026-05-08T15:36:45.300+0000] {processor.py:830} INFO - Processing file /opt/airflow/dags/job_etl_dag.py for tasks to queue
[2026-05-08T15:36:45.302+0000] {logging_mixin.py:188} INFO - [2026-05-08T15:36:45.301+0000] {dagbag.py:538} INFO - Filling up the DagBag from /opt/airflow/dags/job_etl_dag.py
[2026-05-08T15:36:45.356+0000] {processor.py:840} INFO - DAG(s) 'job_market_etl' retrieved from /opt/airflow/dags/job_etl_dag.py
[2026-05-08T15:36:45.449+0000] {logging_mixin.py:188} INFO - [2026-05-08T15:36:45.449+0000] {dag.py:3036} INFO - Sync 1 DAGs
[2026-05-08T15:36:45.489+0000] {logging_mixin.py:188} INFO - [2026-05-08T15:36:45.488+0000] {dag.py:3823} INFO - Setting next_dagrun for job_market_etl to None, run_after=None
[2026-05-08T15:36:45.548+0000] {processor.py:183} INFO - Processing /opt/airflow/dags/job_etl_dag.py took 0.263 seconds
[2026-05-08T15:37:15.685+0000] {processor.py:161} INFO - Started process (PID=296) to work on /opt/airflow/dags/job_etl_dag.py
[2026-05-08T15:37:15.688+0000] {processor.py:830} INFO - Processing file /opt/airflow/dags/job_etl_dag.py for tasks to queue
[2026-05-08T15:37:15.691+0000] {logging_mixin.py:188} INFO - [2026-05-08T15:37:15.690+0000] {dagbag.py:538} INFO - Filling up the DagBag from /opt/airflow/dags/job_etl_dag.py
[2026-05-08T15:37:15.731+0000] {processor.py:840} INFO - DAG(s) 'job_market_etl' retrieved from /opt/airflow/dags/job_etl_dag.py
[2026-05-08T15:37:15.783+0000] {logging_mixin.py:188} INFO - [2026-05-08T15:37:15.782+0000] {dag.py:3036} INFO - Sync 1 DAGs
[2026-05-08T15:37:15.804+0000] {logging_mixin.py:188} INFO - [2026-05-08T15:37:15.804+0000] {dag.py:3823} INFO - Setting next_dagrun for job_market_etl to None, run_after=None
[2026-05-08T15:37:15.843+0000] {processor.py:183} INFO - Processing /opt/airflow/dags/job_etl_dag.py took 0.163 seconds
[2026-05-08T15:37:46.069+0000] {processor.py:161} INFO - Started process (PID=297) to work on /opt/airflow/dags/job_etl_dag.py
[2026-05-08T15:37:46.072+0000] {processor.py:830} INFO - Processing file /opt/airflow/dags/job_etl_dag.py for tasks to queue
[2026-05-08T15:37:46.074+0000] {logging_mixin.py:188} INFO - [2026-05-08T15:37:46.073+0000] {dagbag.py:538} INFO - Filling up the DagBag from /opt/airflow/dags/job_etl_dag.py
[2026-05-08T15:37:46.115+0000] {processor.py:840} INFO - DAG(s) 'job_market_etl' retrieved from /opt/airflow/dags/job_etl_dag.py
[2026-05-08T15:37:46.163+0000] {logging_mixin.py:188} INFO - [2026-05-08T15:37:46.163+0000] {dag.py:3036} INFO - Sync 1 DAGs
[2026-05-08T15:37:46.183+0000] {logging_mixin.py:188} INFO - [2026-05-08T15:37:46.183+0000] {dag.py:3823} INFO - Setting next_dagrun for job_market_etl to None, run_after=None
[2026-05-08T15:37:46.221+0000] {processor.py:183} INFO - Processing /opt/airflow/dags/job_etl_dag.py took 0.157 seconds
[2026-05-08T15:38:16.386+0000] {processor.py:161} INFO - Started process (PID=298) to work on /opt/airflow/dags/job_etl_dag.py
[2026-05-08T15:38:16.389+0000] {processor.py:830} INFO - Processing file /opt/airflow/dags/job_etl_dag.py for tasks to queue
[2026-05-08T15:38:16.393+0000] {logging_mixin.py:188} INFO - [2026-05-08T15:38:16.392+0000] {dagbag.py:538} INFO - Filling up the DagBag from /opt/airflow/dags/job_etl_dag.py
[2026-05-08T15:38:16.458+0000] {processor.py:840} INFO - DAG(s) 'job_market_etl' retrieved from /opt/airflow/dags/job_etl_dag.py
[2026-05-08T15:38:16.555+0000] {logging_mixin.py:188} INFO - [2026-05-08T15:38:16.555+0000] {dag.py:3036} INFO - Sync 1 DAGs
[2026-05-08T15:38:16.590+0000] {logging_mixin.py:188} INFO - [2026-05-08T15:38:16.589+0000] {dag.py:3823} INFO - Setting next_dagrun for job_market_etl to None, run_after=None
[2026-05-08T15:38:16.649+0000] {processor.py:183} INFO - Processing /opt/airflow/dags/job_etl_dag.py took 0.275 seconds
[2026-05-08T15:38:46.764+0000] {processor.py:161} INFO - Started process (PID=299) to work on /opt/airflow/dags/job_etl_dag.py
[2026-05-08T15:38:46.767+0000] {processor.py:830} INFO - Processing file /opt/airflow/dags/job_etl_dag.py for tasks to queue
[2026-05-08T15:38:46.769+0000] {logging_mixin.py:188} INFO - [2026-05-08T15:38:46.768+0000] {dagbag.py:538} INFO - Filling up the DagBag from /opt/airflow/dags/job_etl_dag.py
[2026-05-08T15:38:46.812+0000] {processor.py:840} INFO - DAG(s) 'job_market_etl' retrieved from /opt/airflow/dags/job_etl_dag.py
[2026-05-08T15:38:46.867+0000] {logging_mixin.py:188} INFO - [2026-05-08T15:38:46.867+0000] {dag.py:3036} INFO - Sync 1 DAGs
[2026-05-08T15:38:46.887+0000] {logging_mixin.py:188} INFO - [2026-05-08T15:38:46.887+0000] {dag.py:3823} INFO - Setting next_dagrun for job_market_etl to None, run_after=None
[2026-05-08T15:38:46.927+0000] {processor.py:183} INFO - Processing /opt/airflow/dags/job_etl_dag.py took 0.174 seconds
[2026-05-08T15:39:17.173+0000] {processor.py:161} INFO - Started process (PID=300) to work on /opt/airflow/dags/job_etl_dag.py
[2026-05-08T15:39:17.176+0000] {processor.py:830} INFO - Processing file /opt/airflow/dags/job_etl_dag.py for tasks to queue
[2026-05-08T15:39:17.179+0000] {logging_mixin.py:188} INFO - [2026-05-08T15:39:17.178+0000] {dagbag.py:538} INFO - Filling up the DagBag from /opt/airflow/dags/job_etl_dag.py
[2026-05-08T15:39:17.212+0000] {processor.py:840} INFO - DAG(s) 'job_market_etl' retrieved from /opt/airflow/dags/job_etl_dag.py
[2026-05-08T15:39:17.265+0000] {logging_mixin.py:188} INFO - [2026-05-08T15:39:17.265+0000] {dag.py:3036} INFO - Sync 1 DAGs
[2026-05-08T15:39:17.287+0000] {logging_mixin.py:188} INFO - [2026-05-08T15:39:17.286+0000] {dag.py:3823} INFO - Setting next_dagrun for job_market_etl to None, run_after=None
[2026-05-08T15:39:17.341+0000] {processor.py:183} INFO - Processing /opt/airflow/dags/job_etl_dag.py took 0.172 seconds
[2026-05-08T15:39:47.445+0000] {processor.py:161} INFO - Started process (PID=301) to work on /opt/airflow/dags/job_etl_dag.py
[2026-05-08T15:39:47.447+0000] {processor.py:830} INFO - Processing file /opt/airflow/dags/job_etl_dag.py for tasks to queue
[2026-05-08T15:39:47.449+0000] {logging_mixin.py:188} INFO - [2026-05-08T15:39:47.449+0000] {dagbag.py:538} INFO - Filling up the DagBag from /opt/airflow/dags/job_etl_dag.py
[2026-05-08T15:39:47.487+0000] {processor.py:840} INFO - DAG(s) 'job_market_etl' retrieved from /opt/airflow/dags/job_etl_dag.py
[2026-05-08T15:39:47.542+0000] {logging_mixin.py:188} INFO - [2026-05-08T15:39:47.541+0000] {dag.py:3036} INFO - Sync 1 DAGs
[2026-05-08T15:39:47.564+0000] {logging_mixin.py:188} INFO - [2026-05-08T15:39:47.564+0000] {dag.py:3823} INFO - Setting next_dagrun for job_market_etl to None, run_after=None
[2026-05-08T15:39:47.599+0000] {processor.py:183} INFO - Processing /opt/airflow/dags/job_etl_dag.py took 0.161 seconds
[2026-05-08T15:40:17.900+0000] {processor.py:161} INFO - Started process (PID=302) to work on /opt/airflow/dags/job_etl_dag.py
[2026-05-08T15:40:17.902+0000] {processor.py:830} INFO - Processing file /opt/airflow/dags/job_etl_dag.py for tasks to queue
[2026-05-08T15:40:17.904+0000] {logging_mixin.py:188} INFO - [2026-05-08T15:40:17.904+0000] {dagbag.py:538} INFO - Filling up the DagBag from /opt/airflow/dags/job_etl_dag.py
[2026-05-08T15:40:17.943+0000] {processor.py:840} INFO - DAG(s) 'job_market_etl' retrieved from /opt/airflow/dags/job_etl_dag.py
[2026-05-08T15:40:17.994+0000] {logging_mixin.py:188} INFO - [2026-05-08T15:40:17.993+0000] {dag.py:3036} INFO - Sync 1 DAGs
[2026-05-08T15:40:18.012+0000] {logging_mixin.py:188} INFO - [2026-05-08T15:40:18.012+0000] {dag.py:3823} INFO - Setting next_dagrun for job_market_etl to None, run_after=None
[2026-05-08T15:40:18.061+0000] {processor.py:183} INFO - Processing /opt/airflow/dags/job_etl_dag.py took 0.166 seconds
[2026-05-08T15:40:48.161+0000] {processor.py:161} INFO - Started process (PID=303) to work on /opt/airflow/dags/job_etl_dag.py
[2026-05-08T15:40:48.163+0000] {processor.py:830} INFO - Processing file /opt/airflow/dags/job_etl_dag.py for tasks to queue
[2026-05-08T15:40:48.165+0000] {logging_mixin.py:188} INFO - [2026-05-08T15:40:48.164+0000] {dagbag.py:538} INFO - Filling up the DagBag from /opt/airflow/dags/job_etl_dag.py
[2026-05-08T15:40:48.198+0000] {processor.py:840} INFO - DAG(s) 'job_market_etl' retrieved from /opt/airflow/dags/job_etl_dag.py
[2026-05-08T15:40:48.249+0000] {logging_mixin.py:188} INFO - [2026-05-08T15:40:48.249+0000] {dag.py:3036} INFO - Sync 1 DAGs
[2026-05-08T15:40:48.268+0000] {logging_mixin.py:188} INFO - [2026-05-08T15:40:48.267+0000] {dag.py:3823} INFO - Setting next_dagrun for job_market_etl to None, run_after=None
[2026-05-08T15:40:48.319+0000] {processor.py:183} INFO - Processing /opt/airflow/dags/job_etl_dag.py took 0.163 seconds
[2026-05-08T15:41:18.601+0000] {processor.py:161} INFO - Started process (PID=304) to work on /opt/airflow/dags/job_etl_dag.py
[2026-05-08T15:41:18.604+0000] {processor.py:830} INFO - Processing file /opt/airflow/dags/job_etl_dag.py for tasks to queue
[2026-05-08T15:41:18.605+0000] {logging_mixin.py:188} INFO - [2026-05-08T15:41:18.605+0000] {dagbag.py:538} INFO - Filling up the DagBag from /opt/airflow/dags/job_etl_dag.py
[2026-05-08T15:41:18.648+0000] {processor.py:840} INFO - DAG(s) 'job_market_etl' retrieved from /opt/airflow/dags/job_etl_dag.py
[2026-05-08T15:41:18.701+0000] {logging_mixin.py:188} INFO - [2026-05-08T15:41:18.700+0000] {dag.py:3036} INFO - Sync 1 DAGs
[2026-05-08T15:41:18.723+0000] {logging_mixin.py:188} INFO - [2026-05-08T15:41:18.722+0000] {dag.py:3823} INFO - Setting next_dagrun for job_market_etl to None, run_after=None
[2026-05-08T15:41:18.775+0000] {processor.py:183} INFO - Processing /opt/airflow/dags/job_etl_dag.py took 0.180 seconds
[2026-05-08T15:41:48.868+0000] {processor.py:161} INFO - Started process (PID=305) to work on /opt/airflow/dags/job_etl_dag.py
[2026-05-08T15:41:48.870+0000] {processor.py:830} INFO - Processing file /opt/airflow/dags/job_etl_dag.py for tasks to queue
[2026-05-08T15:41:48.871+0000] {logging_mixin.py:188} INFO - [2026-05-08T15:41:48.871+0000] {dagbag.py:538} INFO - Filling up the DagBag from /opt/airflow/dags/job_etl_dag.py
[2026-05-08T15:41:48.907+0000] {processor.py:840} INFO - DAG(s) 'job_market_etl' retrieved from /opt/airflow/dags/job_etl_dag.py
[2026-05-08T15:41:48.958+0000] {logging_mixin.py:188} INFO - [2026-05-08T15:41:48.958+0000] {dag.py:3036} INFO - Sync 1 DAGs
[2026-05-08T15:41:48.979+0000] {logging_mixin.py:188} INFO - [2026-05-08T15:41:48.979+0000] {dag.py:3823} INFO - Setting next_dagrun for job_market_etl to None, run_after=None
[2026-05-08T15:41:49.018+0000] {processor.py:183} INFO - Processing /opt/airflow/dags/job_etl_dag.py took 0.156 seconds
[2026-05-08T15:42:19.302+0000] {processor.py:161} INFO - Started process (PID=306) to work on /opt/airflow/dags/job_etl_dag.py
[2026-05-08T15:42:19.305+0000] {processor.py:830} INFO - Processing file /opt/airflow/dags/job_etl_dag.py for tasks to queue
[2026-05-08T15:42:19.307+0000] {logging_mixin.py:188} INFO - [2026-05-08T15:42:19.307+0000] {dagbag.py:538} INFO - Filling up the DagBag from /opt/airflow/dags/job_etl_dag.py
[2026-05-08T15:42:19.344+0000] {processor.py:840} INFO - DAG(s) 'job_market_etl' retrieved from /opt/airflow/dags/job_etl_dag.py
[2026-05-08T15:42:19.397+0000] {logging_mixin.py:188} INFO - [2026-05-08T15:42:19.395+0000] {dag.py:3036} INFO - Sync 1 DAGs
[2026-05-08T15:42:19.417+0000] {logging_mixin.py:188} INFO - [2026-05-08T15:42:19.416+0000] {dag.py:3823} INFO - Setting next_dagrun for job_market_etl to None, run_after=None
[2026-05-08T15:42:19.466+0000] {processor.py:183} INFO - Processing /opt/airflow/dags/job_etl_dag.py took 0.170 seconds
[2026-05-08T15:42:49.559+0000] {processor.py:161} INFO - Started process (PID=307) to work on /opt/airflow/dags/job_etl_dag.py
[2026-05-08T15:42:49.562+0000] {processor.py:830} INFO - Processing file /opt/airflow/dags/job_etl_dag.py for tasks to queue
[2026-05-08T15:42:49.564+0000] {logging_mixin.py:188} INFO - [2026-05-08T15:42:49.563+0000] {dagbag.py:538} INFO - Filling up the DagBag from /opt/airflow/dags/job_etl_dag.py
[2026-05-08T15:42:49.604+0000] {processor.py:840} INFO - DAG(s) 'job_market_etl' retrieved from /opt/airflow/dags/job_etl_dag.py
[2026-05-08T15:42:49.654+0000] {logging_mixin.py:188} INFO - [2026-05-08T15:42:49.654+0000] {dag.py:3036} INFO - Sync 1 DAGs
[2026-05-08T15:42:49.675+0000] {logging_mixin.py:188} INFO - [2026-05-08T15:42:49.675+0000] {dag.py:3823} INFO - Setting next_dagrun for job_market_etl to None, run_after=None
[2026-05-08T15:42:49.724+0000] {processor.py:183} INFO - Processing /opt/airflow/dags/job_etl_dag.py took 0.171 seconds
[2026-05-08T15:43:19.987+0000] {processor.py:161} INFO - Started process (PID=308) to work on /opt/airflow/dags/job_etl_dag.py
[2026-05-08T15:43:19.989+0000] {processor.py:830} INFO - Processing file /opt/airflow/dags/job_etl_dag.py for tasks to queue
[2026-05-08T15:43:19.991+0000] {logging_mixin.py:188} INFO - [2026-05-08T15:43:19.991+0000] {dagbag.py:538} INFO - Filling up the DagBag from /opt/airflow/dags/job_etl_dag.py
[2026-05-08T15:43:20.028+0000] {processor.py:840} INFO - DAG(s) 'job_market_etl' retrieved from /opt/airflow/dags/job_etl_dag.py
[2026-05-08T15:43:20.077+0000] {logging_mixin.py:188} INFO - [2026-05-08T15:43:20.077+0000] {dag.py:3036} INFO - Sync 1 DAGs
[2026-05-08T15:43:20.098+0000] {logging_mixin.py:188} INFO - [2026-05-08T15:43:20.097+0000] {dag.py:3823} INFO - Setting next_dagrun for job_market_etl to None, run_after=None
[2026-05-08T15:43:20.147+0000] {processor.py:183} INFO - Processing /opt/airflow/dags/job_etl_dag.py took 0.166 seconds
[2026-05-08T15:43:50.264+0000] {processor.py:161} INFO - Started process (PID=309) to work on /opt/airflow/dags/job_etl_dag.py
[2026-05-08T15:43:50.269+0000] {processor.py:830} INFO - Processing file /opt/airflow/dags/job_etl_dag.py for tasks to queue
[2026-05-08T15:43:50.271+0000] {logging_mixin.py:188} INFO - [2026-05-08T15:43:50.271+0000] {dagbag.py:538} INFO - Filling up the DagBag from /opt/airflow/dags/job_etl_dag.py
[2026-05-08T15:43:50.309+0000] {processor.py:840} INFO - DAG(s) 'job_market_etl' retrieved from /opt/airflow/dags/job_etl_dag.py
[2026-05-08T15:43:50.358+0000] {logging_mixin.py:188} INFO - [2026-05-08T15:43:50.357+0000] {dag.py:3036} INFO - Sync 1 DAGs
[2026-05-08T15:43:50.374+0000] {logging_mixin.py:188} INFO - [2026-05-08T15:43:50.374+0000] {dag.py:3823} INFO - Setting next_dagrun for job_market_etl to None, run_after=None
[2026-05-08T15:43:50.409+0000] {processor.py:183} INFO - Processing /opt/airflow/dags/job_etl_dag.py took 0.154 seconds
[2026-05-08T15:44:20.680+0000] {processor.py:161} INFO - Started process (PID=310) to work on /opt/airflow/dags/job_etl_dag.py
[2026-05-08T15:44:20.683+0000] {processor.py:830} INFO - Processing file /opt/airflow/dags/job_etl_dag.py for tasks to queue
[2026-05-08T15:44:20.684+0000] {logging_mixin.py:188} INFO - [2026-05-08T15:44:20.684+0000] {dagbag.py:538} INFO - Filling up the DagBag from /opt/airflow/dags/job_etl_dag.py
[2026-05-08T15:44:20.732+0000] {processor.py:840} INFO - DAG(s) 'job_market_etl' retrieved from /opt/airflow/dags/job_etl_dag.py
[2026-05-08T15:44:20.783+0000] {logging_mixin.py:188} INFO - [2026-05-08T15:44:20.782+0000] {dag.py:3036} INFO - Sync 1 DAGs
[2026-05-08T15:44:20.801+0000] {logging_mixin.py:188} INFO - [2026-05-08T15:44:20.801+0000] {dag.py:3823} INFO - Setting next_dagrun for job_market_etl to None, run_after=None
[2026-05-08T15:44:20.836+0000] {processor.py:183} INFO - Processing /opt/airflow/dags/job_etl_dag.py took 0.159 seconds
[2026-05-08T15:44:50.914+0000] {processor.py:161} INFO - Started process (PID=311) to work on /opt/airflow/dags/job_etl_dag.py
[2026-05-08T15:44:50.916+0000] {processor.py:830} INFO - Processing file /opt/airflow/dags/job_etl_dag.py for tasks to queue
[2026-05-08T15:44:50.918+0000] {logging_mixin.py:188} INFO - [2026-05-08T15:44:50.918+0000] {dagbag.py:538} INFO - Filling up the DagBag from /opt/airflow/dags/job_etl_dag.py
[2026-05-08T15:44:50.947+0000] {processor.py:840} INFO - DAG(s) 'job_market_etl' retrieved from /opt/airflow/dags/job_etl_dag.py
[2026-05-08T15:44:51.003+0000] {logging_mixin.py:188} INFO - [2026-05-08T15:44:51.002+0000] {dag.py:3036} INFO - Sync 1 DAGs
[2026-05-08T15:44:51.023+0000] {logging_mixin.py:188} INFO - [2026-05-08T15:44:51.023+0000] {dag.py:3823} INFO - Setting next_dagrun for job_market_etl to None, run_after=None
[2026-05-08T15:44:51.059+0000] {processor.py:183} INFO - Processing /opt/airflow/dags/job_etl_dag.py took 0.150 seconds
[2026-05-08T15:45:21.351+0000] {processor.py:161} INFO - Started process (PID=312) to work on /opt/airflow/dags/job_etl_dag.py
[2026-05-08T15:45:21.354+0000] {processor.py:830} INFO - Processing file /opt/airflow/dags/job_etl_dag.py for tasks to queue
[2026-05-08T15:45:21.356+0000] {logging_mixin.py:188} INFO - [2026-05-08T15:45:21.355+0000] {dagbag.py:538} INFO - Filling up the DagBag from /opt/airflow/dags/job_etl_dag.py
[2026-05-08T15:45:21.398+0000] {processor.py:840} INFO - DAG(s) 'job_market_etl' retrieved from /opt/airflow/dags/job_etl_dag.py
[2026-05-08T15:45:21.443+0000] {logging_mixin.py:188} INFO - [2026-05-08T15:45:21.443+0000] {dag.py:3036} INFO - Sync 1 DAGs
[2026-05-08T15:45:21.462+0000] {logging_mixin.py:188} INFO - [2026-05-08T15:45:21.461+0000] {dag.py:3823} INFO - Setting next_dagrun for job_market_etl to None, run_after=None
[2026-05-08T15:45:21.518+0000] {processor.py:183} INFO - Processing /opt/airflow/dags/job_etl_dag.py took 0.171 seconds
[2026-05-08T15:45:51.605+0000] {processor.py:161} INFO - Started process (PID=313) to work on /opt/airflow/dags/job_etl_dag.py
[2026-05-08T15:45:51.607+0000] {processor.py:830} INFO - Processing file /opt/airflow/dags/job_etl_dag.py for tasks to queue
[2026-05-08T15:45:51.609+0000] {logging_mixin.py:188} INFO - [2026-05-08T15:45:51.608+0000] {dagbag.py:538} INFO - Filling up the DagBag from /opt/airflow/dags/job_etl_dag.py
[2026-05-08T15:45:51.638+0000] {processor.py:840} INFO - DAG(s) 'job_market_etl' retrieved from /opt/airflow/dags/job_etl_dag.py
[2026-05-08T15:45:51.691+0000] {logging_mixin.py:188} INFO - [2026-05-08T15:45:51.691+0000] {dag.py:3036} INFO - Sync 1 DAGs
[2026-05-08T15:45:51.710+0000] {logging_mixin.py:188} INFO - [2026-05-08T15:45:51.709+0000] {dag.py:3823} INFO - Setting next_dagrun for job_market_etl to None, run_after=None
[2026-05-08T15:45:51.795+0000] {processor.py:183} INFO - Processing /opt/airflow/dags/job_etl_dag.py took 0.195 seconds
[2026-05-08T15:46:22.008+0000] {processor.py:161} INFO - Started process (PID=314) to work on /opt/airflow/dags/job_etl_dag.py
[2026-05-08T15:46:22.010+0000] {processor.py:830} INFO - Processing file /opt/airflow/dags/job_etl_dag.py for tasks to queue
[2026-05-08T15:46:22.012+0000] {logging_mixin.py:188} INFO - [2026-05-08T15:46:22.011+0000] {dagbag.py:538} INFO - Filling up the DagBag from /opt/airflow/dags/job_etl_dag.py
[2026-05-08T15:46:22.047+0000] {processor.py:840} INFO - DAG(s) 'job_market_etl' retrieved from /opt/airflow/dags/job_etl_dag.py
[2026-05-08T15:46:22.094+0000] {logging_mixin.py:188} INFO - [2026-05-08T15:46:22.094+0000] {dag.py:3036} INFO - Sync 1 DAGs
[2026-05-08T15:46:22.113+0000] {logging_mixin.py:188} INFO - [2026-05-08T15:46:22.113+0000] {dag.py:3823} INFO - Setting next_dagrun for job_market_etl to None, run_after=None
[2026-05-08T15:46:22.146+0000] {processor.py:183} INFO - Processing /opt/airflow/dags/job_etl_dag.py took 0.143 seconds
[2026-05-08T15:46:52.247+0000] {processor.py:161} INFO - Started process (PID=315) to work on /opt/airflow/dags/job_etl_dag.py
[2026-05-08T15:46:52.249+0000] {processor.py:830} INFO - Processing file /opt/airflow/dags/job_etl_dag.py for tasks to queue
[2026-05-08T15:46:52.251+0000] {logging_mixin.py:188} INFO - [2026-05-08T15:46:52.250+0000] {dagbag.py:538} INFO - Filling up the DagBag from /opt/airflow/dags/job_etl_dag.py
[2026-05-08T15:46:52.294+0000] {processor.py:840} INFO - DAG(s) 'job_market_etl' retrieved from /opt/airflow/dags/job_etl_dag.py
[2026-05-08T15:46:52.347+0000] {logging_mixin.py:188} INFO - [2026-05-08T15:46:52.347+0000] {dag.py:3036} INFO - Sync 1 DAGs
[2026-05-08T15:46:52.366+0000] {logging_mixin.py:188} INFO - [2026-05-08T15:46:52.365+0000] {dag.py:3823} INFO - Setting next_dagrun for job_market_etl to None, run_after=None
[2026-05-08T15:46:52.402+0000] {processor.py:183} INFO - Processing /opt/airflow/dags/job_etl_dag.py took 0.160 seconds
[2026-05-08T15:47:22.615+0000] {processor.py:161} INFO - Started process (PID=316) to work on /opt/airflow/dags/job_etl_dag.py
[2026-05-08T15:47:22.617+0000] {processor.py:830} INFO - Processing file /opt/airflow/dags/job_etl_dag.py for tasks to queue
[2026-05-08T15:47:22.619+0000] {logging_mixin.py:188} INFO - [2026-05-08T15:47:22.619+0000] {dagbag.py:538} INFO - Filling up the DagBag from /opt/airflow/dags/job_etl_dag.py
[2026-05-08T15:47:22.653+0000] {processor.py:840} INFO - DAG(s) 'job_market_etl' retrieved from /opt/airflow/dags/job_etl_dag.py
[2026-05-08T15:47:22.702+0000] {logging_mixin.py:188} INFO - [2026-05-08T15:47:22.702+0000] {dag.py:3036} INFO - Sync 1 DAGs
[2026-05-08T15:47:22.721+0000] {logging_mixin.py:188} INFO - [2026-05-08T15:47:22.721+0000] {dag.py:3823} INFO - Setting next_dagrun for job_market_etl to None, run_after=None
[2026-05-08T15:47:22.761+0000] {processor.py:183} INFO - Processing /opt/airflow/dags/job_etl_dag.py took 0.151 seconds
[2026-05-08T15:47:52.869+0000] {processor.py:161} INFO - Started process (PID=317) to work on /opt/airflow/dags/job_etl_dag.py
[2026-05-08T15:47:52.872+0000] {processor.py:830} INFO - Processing file /opt/airflow/dags/job_etl_dag.py for tasks to queue
[2026-05-08T15:47:52.874+0000] {logging_mixin.py:188} INFO - [2026-05-08T15:47:52.873+0000] {dagbag.py:538} INFO - Filling up the DagBag from /opt/airflow/dags/job_etl_dag.py
[2026-05-08T15:47:52.907+0000] {processor.py:840} INFO - DAG(s) 'job_market_etl' retrieved from /opt/airflow/dags/job_etl_dag.py
[2026-05-08T15:47:52.953+0000] {logging_mixin.py:188} INFO - [2026-05-08T15:47:52.952+0000] {dag.py:3036} INFO - Sync 1 DAGs
[2026-05-08T15:47:52.972+0000] {logging_mixin.py:188} INFO - [2026-05-08T15:47:52.972+0000] {dag.py:3823} INFO - Setting next_dagrun for job_market_etl to None, run_after=None
[2026-05-08T15:47:53.009+0000] {processor.py:183} INFO - Processing /opt/airflow/dags/job_etl_dag.py took 0.144 seconds
[2026-05-08T15:48:23.224+0000] {processor.py:161} INFO - Started process (PID=318) to work on /opt/airflow/dags/job_etl_dag.py
[2026-05-08T15:48:23.225+0000] {processor.py:830} INFO - Processing file /opt/airflow/dags/job_etl_dag.py for tasks to queue
[2026-05-08T15:48:23.227+0000] {logging_mixin.py:188} INFO - [2026-05-08T15:48:23.227+0000] {dagbag.py:538} INFO - Filling up the DagBag from /opt/airflow/dags/job_etl_dag.py
[2026-05-08T15:48:23.257+0000] {processor.py:840} INFO - DAG(s) 'job_market_etl' retrieved from /opt/airflow/dags/job_etl_dag.py
[2026-05-08T15:48:23.304+0000] {logging_mixin.py:188} INFO - [2026-05-08T15:48:23.304+0000] {dag.py:3036} INFO - Sync 1 DAGs
[2026-05-08T15:48:23.323+0000] {logging_mixin.py:188} INFO - [2026-05-08T15:48:23.323+0000] {dag.py:3823} INFO - Setting next_dagrun for job_market_etl to None, run_after=None
[2026-05-08T15:48:23.360+0000] {processor.py:183} INFO - Processing /opt/airflow/dags/job_etl_dag.py took 0.140 seconds
[2026-05-08T15:48:53.468+0000] {processor.py:161} INFO - Started process (PID=319) to work on /opt/airflow/dags/job_etl_dag.py
[2026-05-08T15:48:53.470+0000] {processor.py:830} INFO - Processing file /opt/airflow/dags/job_etl_dag.py for tasks to queue
[2026-05-08T15:48:53.471+0000] {logging_mixin.py:188} INFO - [2026-05-08T15:48:53.471+0000] {dagbag.py:538} INFO - Filling up the DagBag from /opt/airflow/dags/job_etl_dag.py
[2026-05-08T15:48:53.509+0000] {processor.py:840} INFO - DAG(s) 'job_market_etl' retrieved from /opt/airflow/dags/job_etl_dag.py
[2026-05-08T15:48:53.557+0000] {logging_mixin.py:188} INFO - [2026-05-08T15:48:53.556+0000] {dag.py:3036} INFO - Sync 1 DAGs
[2026-05-08T15:48:53.575+0000] {logging_mixin.py:188} INFO - [2026-05-08T15:48:53.575+0000] {dag.py:3823} INFO - Setting next_dagrun for job_market_etl to None, run_after=None
[2026-05-08T15:48:53.614+0000] {processor.py:183} INFO - Processing /opt/airflow/dags/job_etl_dag.py took 0.152 seconds
[2026-05-08T15:49:23.819+0000] {processor.py:161} INFO - Started process (PID=320) to work on /opt/airflow/dags/job_etl_dag.py
[2026-05-08T15:49:23.821+0000] {processor.py:830} INFO - Processing file /opt/airflow/dags/job_etl_dag.py for tasks to queue
[2026-05-08T15:49:23.823+0000] {logging_mixin.py:188} INFO - [2026-05-08T15:49:23.822+0000] {dagbag.py:538} INFO - Filling up the DagBag from /opt/airflow/dags/job_etl_dag.py
[2026-05-08T15:49:23.854+0000] {processor.py:840} INFO - DAG(s) 'job_market_etl' retrieved from /opt/airflow/dags/job_etl_dag.py
[2026-05-08T15:49:23.905+0000] {logging_mixin.py:188} INFO - [2026-05-08T15:49:23.905+0000] {dag.py:3036} INFO - Sync 1 DAGs
[2026-05-08T15:49:23.923+0000] {logging_mixin.py:188} INFO - [2026-05-08T15:49:23.923+0000] {dag.py:3823} INFO - Setting next_dagrun for job_market_etl to None, run_after=None
[2026-05-08T15:49:23.981+0000] {processor.py:183} INFO - Processing /opt/airflow/dags/job_etl_dag.py took 0.167 seconds
[2026-05-08T15:49:54.078+0000] {processor.py:161} INFO - Started process (PID=321) to work on /opt/airflow/dags/job_etl_dag.py
[2026-05-08T15:49:54.080+0000] {processor.py:830} INFO - Processing file /opt/airflow/dags/job_etl_dag.py for tasks to queue
[2026-05-08T15:49:54.081+0000] {logging_mixin.py:188} INFO - [2026-05-08T15:49:54.081+0000] {dagbag.py:538} INFO - Filling up the DagBag from /opt/airflow/dags/job_etl_dag.py
[2026-05-08T15:49:54.114+0000] {processor.py:840} INFO - DAG(s) 'job_market_etl' retrieved from /opt/airflow/dags/job_etl_dag.py
[2026-05-08T15:49:54.160+0000] {logging_mixin.py:188} INFO - [2026-05-08T15:49:54.160+0000] {dag.py:3036} INFO - Sync 1 DAGs
[2026-05-08T15:49:54.178+0000] {logging_mixin.py:188} INFO - [2026-05-08T15:49:54.178+0000] {dag.py:3823} INFO - Setting next_dagrun for job_market_etl to None, run_after=None
[2026-05-08T15:49:54.227+0000] {processor.py:183} INFO - Processing /opt/airflow/dags/job_etl_dag.py took 0.154 seconds
[2026-05-08T15:50:24.497+0000] {processor.py:161} INFO - Started process (PID=322) to work on /opt/airflow/dags/job_etl_dag.py
[2026-05-08T15:50:24.499+0000] {processor.py:830} INFO - Processing file /opt/airflow/dags/job_etl_dag.py for tasks to queue
[2026-05-08T15:50:24.501+0000] {logging_mixin.py:188} INFO - [2026-05-08T15:50:24.500+0000] {dagbag.py:538} INFO - Filling up the DagBag from /opt/airflow/dags/job_etl_dag.py
[2026-05-08T15:50:24.535+0000] {processor.py:840} INFO - DAG(s) 'job_market_etl' retrieved from /opt/airflow/dags/job_etl_dag.py
[2026-05-08T15:50:24.581+0000] {logging_mixin.py:188} INFO - [2026-05-08T15:50:24.581+0000] {dag.py:3036} INFO - Sync 1 DAGs
[2026-05-08T15:50:24.601+0000] {logging_mixin.py:188} INFO - [2026-05-08T15:50:24.600+0000] {dag.py:3823} INFO - Setting next_dagrun for job_market_etl to None, run_after=None
[2026-05-08T15:50:24.636+0000] {processor.py:183} INFO - Processing /opt/airflow/dags/job_etl_dag.py took 0.143 seconds
[2026-05-08T15:50:54.740+0000] {processor.py:161} INFO - Started process (PID=323) to work on /opt/airflow/dags/job_etl_dag.py
[2026-05-08T15:50:54.741+0000] {processor.py:830} INFO - Processing file /opt/airflow/dags/job_etl_dag.py for tasks to queue
[2026-05-08T15:50:54.745+0000] {logging_mixin.py:188} INFO - [2026-05-08T15:50:54.743+0000] {dagbag.py:538} INFO - Filling up the DagBag from /opt/airflow/dags/job_etl_dag.py
[2026-05-08T15:50:54.775+0000] {processor.py:840} INFO - DAG(s) 'job_market_etl' retrieved from /opt/airflow/dags/job_etl_dag.py
[2026-05-08T15:50:54.824+0000] {logging_mixin.py:188} INFO - [2026-05-08T15:50:54.824+0000] {dag.py:3036} INFO - Sync 1 DAGs
[2026-05-08T15:50:54.843+0000] {logging_mixin.py:188} INFO - [2026-05-08T15:50:54.843+0000] {dag.py:3823} INFO - Setting next_dagrun for job_market_etl to None, run_after=None
[2026-05-08T15:50:54.878+0000] {processor.py:183} INFO - Processing /opt/airflow/dags/job_etl_dag.py took 0.142 seconds
[2026-05-08T15:51:25.105+0000] {processor.py:161} INFO - Started process (PID=324) to work on /opt/airflow/dags/job_etl_dag.py
[2026-05-08T15:51:25.107+0000] {processor.py:830} INFO - Processing file /opt/airflow/dags/job_etl_dag.py for tasks to queue
[2026-05-08T15:51:25.110+0000] {logging_mixin.py:188} INFO - [2026-05-08T15:51:25.109+0000] {dagbag.py:538} INFO - Filling up the DagBag from /opt/airflow/dags/job_etl_dag.py
[2026-05-08T15:51:25.143+0000] {processor.py:840} INFO - DAG(s) 'job_market_etl' retrieved from /opt/airflow/dags/job_etl_dag.py
[2026-05-08T15:51:25.184+0000] {logging_mixin.py:188} INFO - [2026-05-08T15:51:25.184+0000] {dag.py:3036} INFO - Sync 1 DAGs
[2026-05-08T15:51:25.203+0000] {logging_mixin.py:188} INFO - [2026-05-08T15:51:25.203+0000] {dag.py:3823} INFO - Setting next_dagrun for job_market_etl to None, run_after=None
[2026-05-08T15:51:25.251+0000] {processor.py:183} INFO - Processing /opt/airflow/dags/job_etl_dag.py took 0.150 seconds
[2026-05-08T15:51:55.338+0000] {processor.py:161} INFO - Started process (PID=325) to work on /opt/airflow/dags/job_etl_dag.py
[2026-05-08T15:51:55.340+0000] {processor.py:830} INFO - Processing file /opt/airflow/dags/job_etl_dag.py for tasks to queue
[2026-05-08T15:51:55.342+0000] {logging_mixin.py:188} INFO - [2026-05-08T15:51:55.341+0000] {dagbag.py:538} INFO - Filling up the DagBag from /opt/airflow/dags/job_etl_dag.py
[2026-05-08T15:51:55.372+0000] {processor.py:840} INFO - DAG(s) 'job_market_etl' retrieved from /opt/airflow/dags/job_etl_dag.py
[2026-05-08T15:51:55.425+0000] {logging_mixin.py:188} INFO - [2026-05-08T15:51:55.425+0000] {dag.py:3036} INFO - Sync 1 DAGs
[2026-05-08T15:51:55.446+0000] {logging_mixin.py:188} INFO - [2026-05-08T15:51:55.446+0000] {dag.py:3823} INFO - Setting next_dagrun for job_market_etl to None, run_after=None
[2026-05-08T15:51:55.479+0000] {processor.py:183} INFO - Processing /opt/airflow/dags/job_etl_dag.py took 0.146 seconds
[2026-05-08T15:52:25.723+0000] {processor.py:161} INFO - Started process (PID=326) to work on /opt/airflow/dags/job_etl_dag.py
[2026-05-08T15:52:25.725+0000] {processor.py:830} INFO - Processing file /opt/airflow/dags/job_etl_dag.py for tasks to queue
[2026-05-08T15:52:25.727+0000] {logging_mixin.py:188} INFO - [2026-05-08T15:52:25.726+0000] {dagbag.py:538} INFO - Filling up the DagBag from /opt/airflow/dags/job_etl_dag.py
[2026-05-08T15:52:25.760+0000] {processor.py:840} INFO - DAG(s) 'job_market_etl' retrieved from /opt/airflow/dags/job_etl_dag.py
[2026-05-08T15:52:25.811+0000] {logging_mixin.py:188} INFO - [2026-05-08T15:52:25.811+0000] {dag.py:3036} INFO - Sync 1 DAGs
[2026-05-08T15:52:25.831+0000] {logging_mixin.py:188} INFO - [2026-05-08T15:52:25.831+0000] {dag.py:3823} INFO - Setting next_dagrun for job_market_etl to None, run_after=None
[2026-05-08T15:52:25.865+0000] {processor.py:183} INFO - Processing /opt/airflow/dags/job_etl_dag.py took 0.146 seconds
[2026-05-08T15:52:55.965+0000] {processor.py:161} INFO - Started process (PID=327) to work on /opt/airflow/dags/job_etl_dag.py
[2026-05-08T15:52:55.968+0000] {processor.py:830} INFO - Processing file /opt/airflow/dags/job_etl_dag.py for tasks to queue
[2026-05-08T15:52:55.970+0000] {logging_mixin.py:188} INFO - [2026-05-08T15:52:55.970+0000] {dagbag.py:538} INFO - Filling up the DagBag from /opt/airflow/dags/job_etl_dag.py
[2026-05-08T15:52:56.003+0000] {processor.py:840} INFO - DAG(s) 'job_market_etl' retrieved from /opt/airflow/dags/job_etl_dag.py
[2026-05-08T15:52:56.052+0000] {logging_mixin.py:188} INFO - [2026-05-08T15:52:56.052+0000] {dag.py:3036} INFO - Sync 1 DAGs
[2026-05-08T15:52:56.069+0000] {logging_mixin.py:188} INFO - [2026-05-08T15:52:56.069+0000] {dag.py:3823} INFO - Setting next_dagrun for job_market_etl to None, run_after=None
[2026-05-08T15:52:56.106+0000] {processor.py:183} INFO - Processing /opt/airflow/dags/job_etl_dag.py took 0.152 seconds
[2026-05-08T15:53:26.349+0000] {processor.py:161} INFO - Started process (PID=328) to work on /opt/airflow/dags/job_etl_dag.py
[2026-05-08T15:53:26.352+0000] {processor.py:830} INFO - Processing file /opt/airflow/dags/job_etl_dag.py for tasks to queue
[2026-05-08T15:53:26.354+0000] {logging_mixin.py:188} INFO - [2026-05-08T15:53:26.353+0000] {dagbag.py:538} INFO - Filling up the DagBag from /opt/airflow/dags/job_etl_dag.py
[2026-05-08T15:53:26.387+0000] {processor.py:840} INFO - DAG(s) 'job_market_etl' retrieved from /opt/airflow/dags/job_etl_dag.py
[2026-05-08T15:53:26.434+0000] {logging_mixin.py:188} INFO - [2026-05-08T15:53:26.433+0000] {dag.py:3036} INFO - Sync 1 DAGs
[2026-05-08T15:53:26.452+0000] {logging_mixin.py:188} INFO - [2026-05-08T15:53:26.452+0000] {dag.py:3823} INFO - Setting next_dagrun for job_market_etl to None, run_after=None
[2026-05-08T15:53:26.503+0000] {processor.py:183} INFO - Processing /opt/airflow/dags/job_etl_dag.py took 0.161 seconds
[2026-05-08T15:53:56.590+0000] {processor.py:161} INFO - Started process (PID=329) to work on /opt/airflow/dags/job_etl_dag.py
[2026-05-08T15:53:56.592+0000] {processor.py:830} INFO - Processing file /opt/airflow/dags/job_etl_dag.py for tasks to queue
[2026-05-08T15:53:56.594+0000] {logging_mixin.py:188} INFO - [2026-05-08T15:53:56.594+0000] {dagbag.py:538} INFO - Filling up the DagBag from /opt/airflow/dags/job_etl_dag.py
[2026-05-08T15:53:56.626+0000] {processor.py:840} INFO - DAG(s) 'job_market_etl' retrieved from /opt/airflow/dags/job_etl_dag.py
[2026-05-08T15:53:56.681+0000] {logging_mixin.py:188} INFO - [2026-05-08T15:53:56.681+0000] {dag.py:3036} INFO - Sync 1 DAGs
[2026-05-08T15:53:56.703+0000] {logging_mixin.py:188} INFO - [2026-05-08T15:53:56.703+0000] {dag.py:3823} INFO - Setting next_dagrun for job_market_etl to None, run_after=None
[2026-05-08T15:53:56.741+0000] {processor.py:183} INFO - Processing /opt/airflow/dags/job_etl_dag.py took 0.155 seconds
[2026-05-08T15:54:26.983+0000] {processor.py:161} INFO - Started process (PID=330) to work on /opt/airflow/dags/job_etl_dag.py
[2026-05-08T15:54:26.985+0000] {processor.py:830} INFO - Processing file /opt/airflow/dags/job_etl_dag.py for tasks to queue
[2026-05-08T15:54:26.987+0000] {logging_mixin.py:188} INFO - [2026-05-08T15:54:26.986+0000] {dagbag.py:538} INFO - Filling up the DagBag from /opt/airflow/dags/job_etl_dag.py
[2026-05-08T15:54:27.027+0000] {processor.py:840} INFO - DAG(s) 'job_market_etl' retrieved from /opt/airflow/dags/job_etl_dag.py
[2026-05-08T15:54:27.086+0000] {logging_mixin.py:188} INFO - [2026-05-08T15:54:27.086+0000] {dag.py:3036} INFO - Sync 1 DAGs
[2026-05-08T15:54:27.112+0000] {logging_mixin.py:188} INFO - [2026-05-08T15:54:27.111+0000] {dag.py:3823} INFO - Setting next_dagrun for job_market_etl to None, run_after=None
[2026-05-08T15:54:27.145+0000] {processor.py:183} INFO - Processing /opt/airflow/dags/job_etl_dag.py took 0.166 seconds
[2026-05-08T15:54:57.225+0000] {processor.py:161} INFO - Started process (PID=331) to work on /opt/airflow/dags/job_etl_dag.py
[2026-05-08T15:54:57.227+0000] {processor.py:830} INFO - Processing file /opt/airflow/dags/job_etl_dag.py for tasks to queue
[2026-05-08T15:54:57.230+0000] {logging_mixin.py:188} INFO - [2026-05-08T15:54:57.229+0000] {dagbag.py:538} INFO - Filling up the DagBag from /opt/airflow/dags/job_etl_dag.py
[2026-05-08T15:54:57.267+0000] {processor.py:840} INFO - DAG(s) 'job_market_etl' retrieved from /opt/airflow/dags/job_etl_dag.py
[2026-05-08T15:54:57.320+0000] {logging_mixin.py:188} INFO - [2026-05-08T15:54:57.320+0000] {dag.py:3036} INFO - Sync 1 DAGs
[2026-05-08T15:54:57.341+0000] {logging_mixin.py:188} INFO - [2026-05-08T15:54:57.341+0000] {dag.py:3823} INFO - Setting next_dagrun for job_market_etl to None, run_after=None
[2026-05-08T15:54:57.380+0000] {processor.py:183} INFO - Processing /opt/airflow/dags/job_etl_dag.py took 0.162 seconds
[2026-05-08T15:55:27.765+0000] {processor.py:161} INFO - Started process (PID=332) to work on /opt/airflow/dags/job_etl_dag.py
[2026-05-08T15:55:27.768+0000] {processor.py:830} INFO - Processing file /opt/airflow/dags/job_etl_dag.py for tasks to queue
[2026-05-08T15:55:27.771+0000] {logging_mixin.py:188} INFO - [2026-05-08T15:55:27.770+0000] {dagbag.py:538} INFO - Filling up the DagBag from /opt/airflow/dags/job_etl_dag.py
[2026-05-08T15:55:27.834+0000] {processor.py:840} INFO - DAG(s) 'job_market_etl' retrieved from /opt/airflow/dags/job_etl_dag.py
[2026-05-08T15:55:27.914+0000] {logging_mixin.py:188} INFO - [2026-05-08T15:55:27.913+0000] {dag.py:3036} INFO - Sync 1 DAGs
[2026-05-08T15:55:27.941+0000] {logging_mixin.py:188} INFO - [2026-05-08T15:55:27.941+0000] {dag.py:3823} INFO - Setting next_dagrun for job_market_etl to None, run_after=None
[2026-05-08T15:55:27.984+0000] {processor.py:183} INFO - Processing /opt/airflow/dags/job_etl_dag.py took 0.230 seconds
[2026-05-08T15:55:58.258+0000] {processor.py:161} INFO - Started process (PID=333) to work on /opt/airflow/dags/job_etl_dag.py
[2026-05-08T15:55:58.260+0000] {processor.py:830} INFO - Processing file /opt/airflow/dags/job_etl_dag.py for tasks to queue
[2026-05-08T15:55:58.262+0000] {logging_mixin.py:188} INFO - [2026-05-08T15:55:58.262+0000] {dagbag.py:538} INFO - Filling up the DagBag from /opt/airflow/dags/job_etl_dag.py
[2026-05-08T15:55:58.296+0000] {processor.py:840} INFO - DAG(s) 'job_market_etl' retrieved from /opt/airflow/dags/job_etl_dag.py
[2026-05-08T15:55:58.341+0000] {logging_mixin.py:188} INFO - [2026-05-08T15:55:58.341+0000] {dag.py:3036} INFO - Sync 1 DAGs
[2026-05-08T15:55:58.358+0000] {logging_mixin.py:188} INFO - [2026-05-08T15:55:58.357+0000] {dag.py:3823} INFO - Setting next_dagrun for job_market_etl to None, run_after=None
[2026-05-08T15:55:58.406+0000] {processor.py:183} INFO - Processing /opt/airflow/dags/job_etl_dag.py took 0.152 seconds
[2026-05-08T15:56:28.515+0000] {processor.py:161} INFO - Started process (PID=334) to work on /opt/airflow/dags/job_etl_dag.py
[2026-05-08T15:56:28.518+0000] {processor.py:830} INFO - Processing file /opt/airflow/dags/job_etl_dag.py for tasks to queue
[2026-05-08T15:56:28.520+0000] {logging_mixin.py:188} INFO - [2026-05-08T15:56:28.520+0000] {dagbag.py:538} INFO - Filling up the DagBag from /opt/airflow/dags/job_etl_dag.py
[2026-05-08T15:56:28.551+0000] {processor.py:840} INFO - DAG(s) 'job_market_etl' retrieved from /opt/airflow/dags/job_etl_dag.py
[2026-05-08T15:56:28.597+0000] {logging_mixin.py:188} INFO - [2026-05-08T15:56:28.597+0000] {dag.py:3036} INFO - Sync 1 DAGs
[2026-05-08T15:56:28.615+0000] {logging_mixin.py:188} INFO - [2026-05-08T15:56:28.615+0000] {dag.py:3823} INFO - Setting next_dagrun for job_market_etl to None, run_after=None
[2026-05-08T15:56:28.663+0000] {processor.py:183} INFO - Processing /opt/airflow/dags/job_etl_dag.py took 0.152 seconds
[2026-05-08T15:56:58.947+0000] {processor.py:161} INFO - Started process (PID=335) to work on /opt/airflow/dags/job_etl_dag.py
[2026-05-08T15:56:58.950+0000] {processor.py:830} INFO - Processing file /opt/airflow/dags/job_etl_dag.py for tasks to queue
[2026-05-08T15:56:58.952+0000] {logging_mixin.py:188} INFO - [2026-05-08T15:56:58.952+0000] {dagbag.py:538} INFO - Filling up the DagBag from /opt/airflow/dags/job_etl_dag.py
[2026-05-08T15:56:58.984+0000] {processor.py:840} INFO - DAG(s) 'job_market_etl' retrieved from /opt/airflow/dags/job_etl_dag.py
[2026-05-08T15:56:59.035+0000] {logging_mixin.py:188} INFO - [2026-05-08T15:56:59.034+0000] {dag.py:3036} INFO - Sync 1 DAGs
[2026-05-08T15:56:59.054+0000] {logging_mixin.py:188} INFO - [2026-05-08T15:56:59.053+0000] {dag.py:3823} INFO - Setting next_dagrun for job_market_etl to None, run_after=None
[2026-05-08T15:56:59.085+0000] {processor.py:183} INFO - Processing /opt/airflow/dags/job_etl_dag.py took 0.142 seconds
[2026-05-08T15:57:29.191+0000] {processor.py:161} INFO - Started process (PID=336) to work on /opt/airflow/dags/job_etl_dag.py
[2026-05-08T15:57:29.193+0000] {processor.py:830} INFO - Processing file /opt/airflow/dags/job_etl_dag.py for tasks to queue
[2026-05-08T15:57:29.195+0000] {logging_mixin.py:188} INFO - [2026-05-08T15:57:29.195+0000] {dagbag.py:538} INFO - Filling up the DagBag from /opt/airflow/dags/job_etl_dag.py
[2026-05-08T15:57:29.229+0000] {processor.py:840} INFO - DAG(s) 'job_market_etl' retrieved from /opt/airflow/dags/job_etl_dag.py
[2026-05-08T15:57:29.279+0000] {logging_mixin.py:188} INFO - [2026-05-08T15:57:29.278+0000] {dag.py:3036} INFO - Sync 1 DAGs
[2026-05-08T15:57:29.299+0000] {logging_mixin.py:188} INFO - [2026-05-08T15:57:29.299+0000] {dag.py:3823} INFO - Setting next_dagrun for job_market_etl to None, run_after=None
[2026-05-08T15:57:29.334+0000] {processor.py:183} INFO - Processing /opt/airflow/dags/job_etl_dag.py took 0.148 seconds
[2026-05-08T15:57:59.609+0000] {processor.py:161} INFO - Started process (PID=337) to work on /opt/airflow/dags/job_etl_dag.py
[2026-05-08T15:57:59.612+0000] {processor.py:830} INFO - Processing file /opt/airflow/dags/job_etl_dag.py for tasks to queue
[2026-05-08T15:57:59.614+0000] {logging_mixin.py:188} INFO - [2026-05-08T15:57:59.614+0000] {dagbag.py:538} INFO - Filling up the DagBag from /opt/airflow/dags/job_etl_dag.py
[2026-05-08T15:57:59.653+0000] {processor.py:840} INFO - DAG(s) 'job_market_etl' retrieved from /opt/airflow/dags/job_etl_dag.py
[2026-05-08T15:57:59.710+0000] {logging_mixin.py:188} INFO - [2026-05-08T15:57:59.709+0000] {dag.py:3036} INFO - Sync 1 DAGs
[2026-05-08T15:57:59.737+0000] {logging_mixin.py:188} INFO - [2026-05-08T15:57:59.736+0000] {dag.py:3823} INFO - Setting next_dagrun for job_market_etl to None, run_after=None
[2026-05-08T15:57:59.782+0000] {processor.py:183} INFO - Processing /opt/airflow/dags/job_etl_dag.py took 0.180 seconds
[2026-05-08T15:58:29.872+0000] {processor.py:161} INFO - Started process (PID=338) to work on /opt/airflow/dags/job_etl_dag.py
[2026-05-08T15:58:29.874+0000] {processor.py:830} INFO - Processing file /opt/airflow/dags/job_etl_dag.py for tasks to queue
[2026-05-08T15:58:29.875+0000] {logging_mixin.py:188} INFO - [2026-05-08T15:58:29.875+0000] {dagbag.py:538} INFO - Filling up the DagBag from /opt/airflow/dags/job_etl_dag.py
[2026-05-08T15:58:29.905+0000] {processor.py:840} INFO - DAG(s) 'job_market_etl' retrieved from /opt/airflow/dags/job_etl_dag.py
[2026-05-08T15:58:29.948+0000] {logging_mixin.py:188} INFO - [2026-05-08T15:58:29.948+0000] {dag.py:3036} INFO - Sync 1 DAGs
[2026-05-08T15:58:29.967+0000] {logging_mixin.py:188} INFO - [2026-05-08T15:58:29.967+0000] {dag.py:3823} INFO - Setting next_dagrun for job_market_etl to None, run_after=None
[2026-05-08T15:58:29.999+0000] {processor.py:183} INFO - Processing /opt/airflow/dags/job_etl_dag.py took 0.132 seconds
[2026-05-08T15:59:00.130+0000] {processor.py:161} INFO - Started process (PID=339) to work on /opt/airflow/dags/job_etl_dag.py
[2026-05-08T15:59:00.132+0000] {processor.py:830} INFO - Processing file /opt/airflow/dags/job_etl_dag.py for tasks to queue
[2026-05-08T15:59:00.135+0000] {logging_mixin.py:188} INFO - [2026-05-08T15:59:00.134+0000] {dagbag.py:538} INFO - Filling up the DagBag from /opt/airflow/dags/job_etl_dag.py
[2026-05-08T15:59:00.167+0000] {processor.py:840} INFO - DAG(s) 'job_market_etl' retrieved from /opt/airflow/dags/job_etl_dag.py
[2026-05-08T15:59:00.212+0000] {logging_mixin.py:188} INFO - [2026-05-08T15:59:00.212+0000] {dag.py:3036} INFO - Sync 1 DAGs
[2026-05-08T15:59:00.230+0000] {logging_mixin.py:188} INFO - [2026-05-08T15:59:00.229+0000] {dag.py:3823} INFO - Setting next_dagrun for job_market_etl to None, run_after=None
[2026-05-08T15:59:00.264+0000] {processor.py:183} INFO - Processing /opt/airflow/dags/job_etl_dag.py took 0.138 seconds
[2026-05-08T15:59:30.507+0000] {processor.py:161} INFO - Started process (PID=340) to work on /opt/airflow/dags/job_etl_dag.py
[2026-05-08T15:59:30.509+0000] {processor.py:830} INFO - Processing file /opt/airflow/dags/job_etl_dag.py for tasks to queue
[2026-05-08T15:59:30.512+0000] {logging_mixin.py:188} INFO - [2026-05-08T15:59:30.510+0000] {dagbag.py:538} INFO - Filling up the DagBag from /opt/airflow/dags/job_etl_dag.py
[2026-05-08T15:59:30.545+0000] {processor.py:840} INFO - DAG(s) 'job_market_etl' retrieved from /opt/airflow/dags/job_etl_dag.py
[2026-05-08T15:59:30.589+0000] {logging_mixin.py:188} INFO - [2026-05-08T15:59:30.588+0000] {dag.py:3036} INFO - Sync 1 DAGs
[2026-05-08T15:59:30.606+0000] {logging_mixin.py:188} INFO - [2026-05-08T15:59:30.606+0000] {dag.py:3823} INFO - Setting next_dagrun for job_market_etl to None, run_after=None
[2026-05-08T15:59:30.638+0000] {processor.py:183} INFO - Processing /opt/airflow/dags/job_etl_dag.py took 0.136 seconds
[2026-05-08T16:00:00.779+0000] {processor.py:161} INFO - Started process (PID=341) to work on /opt/airflow/dags/job_etl_dag.py
[2026-05-08T16:00:00.781+0000] {processor.py:830} INFO - Processing file /opt/airflow/dags/job_etl_dag.py for tasks to queue
[2026-05-08T16:00:00.783+0000] {logging_mixin.py:188} INFO - [2026-05-08T16:00:00.782+0000] {dagbag.py:538} INFO - Filling up the DagBag from /opt/airflow/dags/job_etl_dag.py
[2026-05-08T16:00:00.812+0000] {processor.py:840} INFO - DAG(s) 'job_market_etl' retrieved from /opt/airflow/dags/job_etl_dag.py
[2026-05-08T16:00:00.873+0000] {logging_mixin.py:188} INFO - [2026-05-08T16:00:00.873+0000] {dag.py:3036} INFO - Sync 1 DAGs
[2026-05-08T16:00:00.891+0000] {logging_mixin.py:188} INFO - [2026-05-08T16:00:00.891+0000] {dag.py:3823} INFO - Setting next_dagrun for job_market_etl to None, run_after=None
[2026-05-08T16:00:00.924+0000] {processor.py:183} INFO - Processing /opt/airflow/dags/job_etl_dag.py took 0.151 seconds
[2026-05-08T16:00:31.184+0000] {processor.py:161} INFO - Started process (PID=342) to work on /opt/airflow/dags/job_etl_dag.py
[2026-05-08T16:00:31.186+0000] {processor.py:830} INFO - Processing file /opt/airflow/dags/job_etl_dag.py for tasks to queue
[2026-05-08T16:00:31.188+0000] {logging_mixin.py:188} INFO - [2026-05-08T16:00:31.188+0000] {dagbag.py:538} INFO - Filling up the DagBag from /opt/airflow/dags/job_etl_dag.py
[2026-05-08T16:00:31.219+0000] {processor.py:840} INFO - DAG(s) 'job_market_etl' retrieved from /opt/airflow/dags/job_etl_dag.py
[2026-05-08T16:00:31.260+0000] {logging_mixin.py:188} INFO - [2026-05-08T16:00:31.260+0000] {dag.py:3036} INFO - Sync 1 DAGs
[2026-05-08T16:00:31.279+0000] {logging_mixin.py:188} INFO - [2026-05-08T16:00:31.279+0000] {dag.py:3823} INFO - Setting next_dagrun for job_market_etl to None, run_after=None
[2026-05-08T16:00:31.322+0000] {processor.py:183} INFO - Processing /opt/airflow/dags/job_etl_dag.py took 0.143 seconds
[2026-05-08T16:01:01.448+0000] {processor.py:161} INFO - Started process (PID=343) to work on /opt/airflow/dags/job_etl_dag.py
[2026-05-08T16:01:01.450+0000] {processor.py:830} INFO - Processing file /opt/airflow/dags/job_etl_dag.py for tasks to queue
[2026-05-08T16:01:01.452+0000] {logging_mixin.py:188} INFO - [2026-05-08T16:01:01.452+0000] {dagbag.py:538} INFO - Filling up the DagBag from /opt/airflow/dags/job_etl_dag.py
[2026-05-08T16:01:01.486+0000] {processor.py:840} INFO - DAG(s) 'job_market_etl' retrieved from /opt/airflow/dags/job_etl_dag.py
[2026-05-08T16:01:01.535+0000] {logging_mixin.py:188} INFO - [2026-05-08T16:01:01.534+0000] {dag.py:3036} INFO - Sync 1 DAGs
[2026-05-08T16:01:01.553+0000] {logging_mixin.py:188} INFO - [2026-05-08T16:01:01.553+0000] {dag.py:3823} INFO - Setting next_dagrun for job_market_etl to None, run_after=None
[2026-05-08T16:01:01.602+0000] {processor.py:183} INFO - Processing /opt/airflow/dags/job_etl_dag.py took 0.159 seconds
[2026-05-08T16:01:31.838+0000] {processor.py:161} INFO - Started process (PID=344) to work on /opt/airflow/dags/job_etl_dag.py
[2026-05-08T16:01:31.839+0000] {processor.py:830} INFO - Processing file /opt/airflow/dags/job_etl_dag.py for tasks to queue
[2026-05-08T16:01:31.841+0000] {logging_mixin.py:188} INFO - [2026-05-08T16:01:31.841+0000] {dagbag.py:538} INFO - Filling up the DagBag from /opt/airflow/dags/job_etl_dag.py
[2026-05-08T16:01:31.880+0000] {processor.py:840} INFO - DAG(s) 'job_market_etl' retrieved from /opt/airflow/dags/job_etl_dag.py
[2026-05-08T16:01:31.931+0000] {logging_mixin.py:188} INFO - [2026-05-08T16:01:31.931+0000] {dag.py:3036} INFO - Sync 1 DAGs
[2026-05-08T16:01:31.949+0000] {logging_mixin.py:188} INFO - [2026-05-08T16:01:31.949+0000] {dag.py:3823} INFO - Setting next_dagrun for job_market_etl to None, run_after=None
[2026-05-08T16:01:31.982+0000] {processor.py:183} INFO - Processing /opt/airflow/dags/job_etl_dag.py took 0.149 seconds
[2026-05-08T16:02:02.103+0000] {processor.py:161} INFO - Started process (PID=345) to work on /opt/airflow/dags/job_etl_dag.py
[2026-05-08T16:02:02.105+0000] {processor.py:830} INFO - Processing file /opt/airflow/dags/job_etl_dag.py for tasks to queue
[2026-05-08T16:02:02.108+0000] {logging_mixin.py:188} INFO - [2026-05-08T16:02:02.107+0000] {dagbag.py:538} INFO - Filling up the DagBag from /opt/airflow/dags/job_etl_dag.py
[2026-05-08T16:02:02.137+0000] {processor.py:840} INFO - DAG(s) 'job_market_etl' retrieved from /opt/airflow/dags/job_etl_dag.py
[2026-05-08T16:02:02.186+0000] {logging_mixin.py:188} INFO - [2026-05-08T16:02:02.185+0000] {dag.py:3036} INFO - Sync 1 DAGs
[2026-05-08T16:02:02.204+0000] {logging_mixin.py:188} INFO - [2026-05-08T16:02:02.203+0000] {dag.py:3823} INFO - Setting next_dagrun for job_market_etl to None, run_after=None
[2026-05-08T16:02:02.237+0000] {processor.py:183} INFO - Processing /opt/airflow/dags/job_etl_dag.py took 0.138 seconds
[2026-05-08T16:02:32.488+0000] {processor.py:161} INFO - Started process (PID=346) to work on /opt/airflow/dags/job_etl_dag.py
[2026-05-08T16:02:32.490+0000] {processor.py:830} INFO - Processing file /opt/airflow/dags/job_etl_dag.py for tasks to queue
[2026-05-08T16:02:32.492+0000] {logging_mixin.py:188} INFO - [2026-05-08T16:02:32.492+0000] {dagbag.py:538} INFO - Filling up the DagBag from /opt/airflow/dags/job_etl_dag.py
[2026-05-08T16:02:32.523+0000] {processor.py:840} INFO - DAG(s) 'job_market_etl' retrieved from /opt/airflow/dags/job_etl_dag.py
[2026-05-08T16:02:32.565+0000] {logging_mixin.py:188} INFO - [2026-05-08T16:02:32.564+0000] {dag.py:3036} INFO - Sync 1 DAGs
[2026-05-08T16:02:32.588+0000] {logging_mixin.py:188} INFO - [2026-05-08T16:02:32.588+0000] {dag.py:3823} INFO - Setting next_dagrun for job_market_etl to None, run_after=None
[2026-05-08T16:02:32.636+0000] {processor.py:183} INFO - Processing /opt/airflow/dags/job_etl_dag.py took 0.152 seconds
[2026-05-08T16:03:02.753+0000] {processor.py:161} INFO - Started process (PID=347) to work on /opt/airflow/dags/job_etl_dag.py
[2026-05-08T16:03:02.755+0000] {processor.py:830} INFO - Processing file /opt/airflow/dags/job_etl_dag.py for tasks to queue
[2026-05-08T16:03:02.756+0000] {logging_mixin.py:188} INFO - [2026-05-08T16:03:02.756+0000] {dagbag.py:538} INFO - Filling up the DagBag from /opt/airflow/dags/job_etl_dag.py
[2026-05-08T16:03:02.786+0000] {processor.py:840} INFO - DAG(s) 'job_market_etl' retrieved from /opt/airflow/dags/job_etl_dag.py
[2026-05-08T16:03:02.830+0000] {logging_mixin.py:188} INFO - [2026-05-08T16:03:02.829+0000] {dag.py:3036} INFO - Sync 1 DAGs
[2026-05-08T16:03:02.846+0000] {logging_mixin.py:188} INFO - [2026-05-08T16:03:02.846+0000] {dag.py:3823} INFO - Setting next_dagrun for job_market_etl to None, run_after=None
[2026-05-08T16:03:02.893+0000] {processor.py:183} INFO - Processing /opt/airflow/dags/job_etl_dag.py took 0.144 seconds
[2026-05-08T16:03:33.163+0000] {processor.py:161} INFO - Started process (PID=348) to work on /opt/airflow/dags/job_etl_dag.py
[2026-05-08T16:03:33.165+0000] {processor.py:830} INFO - Processing file /opt/airflow/dags/job_etl_dag.py for tasks to queue
[2026-05-08T16:03:33.166+0000] {logging_mixin.py:188} INFO - [2026-05-08T16:03:33.166+0000] {dagbag.py:538} INFO - Filling up the DagBag from /opt/airflow/dags/job_etl_dag.py
[2026-05-08T16:03:33.191+0000] {processor.py:840} INFO - DAG(s) 'job_market_etl' retrieved from /opt/airflow/dags/job_etl_dag.py
[2026-05-08T16:03:33.231+0000] {logging_mixin.py:188} INFO - [2026-05-08T16:03:33.230+0000] {dag.py:3036} INFO - Sync 1 DAGs
[2026-05-08T16:03:33.252+0000] {logging_mixin.py:188} INFO - [2026-05-08T16:03:33.252+0000] {dag.py:3823} INFO - Setting next_dagrun for job_market_etl to None, run_after=None
[2026-05-08T16:03:33.291+0000] {processor.py:183} INFO - Processing /opt/airflow/dags/job_etl_dag.py took 0.132 seconds
[2026-05-08T16:04:03.429+0000] {processor.py:161} INFO - Started process (PID=349) to work on /opt/airflow/dags/job_etl_dag.py
[2026-05-08T16:04:03.432+0000] {processor.py:830} INFO - Processing file /opt/airflow/dags/job_etl_dag.py for tasks to queue
[2026-05-08T16:04:03.433+0000] {logging_mixin.py:188} INFO - [2026-05-08T16:04:03.433+0000] {dagbag.py:538} INFO - Filling up the DagBag from /opt/airflow/dags/job_etl_dag.py
[2026-05-08T16:04:03.460+0000] {processor.py:840} INFO - DAG(s) 'job_market_etl' retrieved from /opt/airflow/dags/job_etl_dag.py
[2026-05-08T16:04:03.505+0000] {logging_mixin.py:188} INFO - [2026-05-08T16:04:03.505+0000] {dag.py:3036} INFO - Sync 1 DAGs
[2026-05-08T16:04:03.522+0000] {logging_mixin.py:188} INFO - [2026-05-08T16:04:03.521+0000] {dag.py:3823} INFO - Setting next_dagrun for job_market_etl to None, run_after=None
[2026-05-08T16:04:03.567+0000] {processor.py:183} INFO - Processing /opt/airflow/dags/job_etl_dag.py took 0.142 seconds
[2026-05-08T16:04:33.811+0000] {processor.py:161} INFO - Started process (PID=350) to work on /opt/airflow/dags/job_etl_dag.py
[2026-05-08T16:04:33.813+0000] {processor.py:830} INFO - Processing file /opt/airflow/dags/job_etl_dag.py for tasks to queue
[2026-05-08T16:04:33.814+0000] {logging_mixin.py:188} INFO - [2026-05-08T16:04:33.814+0000] {dagbag.py:538} INFO - Filling up the DagBag from /opt/airflow/dags/job_etl_dag.py
[2026-05-08T16:04:33.846+0000] {processor.py:840} INFO - DAG(s) 'job_market_etl' retrieved from /opt/airflow/dags/job_etl_dag.py
[2026-05-08T16:04:33.892+0000] {logging_mixin.py:188} INFO - [2026-05-08T16:04:33.891+0000] {dag.py:3036} INFO - Sync 1 DAGs
[2026-05-08T16:04:33.908+0000] {logging_mixin.py:188} INFO - [2026-05-08T16:04:33.908+0000] {dag.py:3823} INFO - Setting next_dagrun for job_market_etl to None, run_after=None
[2026-05-08T16:04:33.964+0000] {processor.py:183} INFO - Processing /opt/airflow/dags/job_etl_dag.py took 0.157 seconds
[2026-05-08T16:05:04.085+0000] {processor.py:161} INFO - Started process (PID=351) to work on /opt/airflow/dags/job_etl_dag.py
[2026-05-08T16:05:04.087+0000] {processor.py:830} INFO - Processing file /opt/airflow/dags/job_etl_dag.py for tasks to queue
[2026-05-08T16:05:04.089+0000] {logging_mixin.py:188} INFO - [2026-05-08T16:05:04.088+0000] {dagbag.py:538} INFO - Filling up the DagBag from /opt/airflow/dags/job_etl_dag.py
[2026-05-08T16:05:04.119+0000] {processor.py:840} INFO - DAG(s) 'job_market_etl' retrieved from /opt/airflow/dags/job_etl_dag.py
[2026-05-08T16:05:04.164+0000] {logging_mixin.py:188} INFO - [2026-05-08T16:05:04.163+0000] {dag.py:3036} INFO - Sync 1 DAGs
[2026-05-08T16:05:04.178+0000] {logging_mixin.py:188} INFO - [2026-05-08T16:05:04.178+0000] {dag.py:3823} INFO - Setting next_dagrun for job_market_etl to None, run_after=None
[2026-05-08T16:05:04.212+0000] {processor.py:183} INFO - Processing /opt/airflow/dags/job_etl_dag.py took 0.132 seconds
[2026-05-08T16:05:34.537+0000] {processor.py:161} INFO - Started process (PID=352) to work on /opt/airflow/dags/job_etl_dag.py
[2026-05-08T16:05:34.539+0000] {processor.py:830} INFO - Processing file /opt/airflow/dags/job_etl_dag.py for tasks to queue
[2026-05-08T16:05:34.540+0000] {logging_mixin.py:188} INFO - [2026-05-08T16:05:34.539+0000] {dagbag.py:538} INFO - Filling up the DagBag from /opt/airflow/dags/job_etl_dag.py
[2026-05-08T16:05:34.573+0000] {processor.py:840} INFO - DAG(s) 'job_market_etl' retrieved from /opt/airflow/dags/job_etl_dag.py
[2026-05-08T16:05:34.616+0000] {logging_mixin.py:188} INFO - [2026-05-08T16:05:34.615+0000] {dag.py:3036} INFO - Sync 1 DAGs
[2026-05-08T16:05:34.633+0000] {logging_mixin.py:188} INFO - [2026-05-08T16:05:34.633+0000] {dag.py:3823} INFO - Setting next_dagrun for job_market_etl to None, run_after=None
[2026-05-08T16:05:34.666+0000] {processor.py:183} INFO - Processing /opt/airflow/dags/job_etl_dag.py took 0.133 seconds
[2026-05-08T16:06:04.814+0000] {processor.py:161} INFO - Started process (PID=353) to work on /opt/airflow/dags/job_etl_dag.py
[2026-05-08T16:06:04.817+0000] {processor.py:830} INFO - Processing file /opt/airflow/dags/job_etl_dag.py for tasks to queue
[2026-05-08T16:06:04.819+0000] {logging_mixin.py:188} INFO - [2026-05-08T16:06:04.818+0000] {dagbag.py:538} INFO - Filling up the DagBag from /opt/airflow/dags/job_etl_dag.py
[2026-05-08T16:06:04.846+0000] {processor.py:840} INFO - DAG(s) 'job_market_etl' retrieved from /opt/airflow/dags/job_etl_dag.py
[2026-05-08T16:06:04.894+0000] {logging_mixin.py:188} INFO - [2026-05-08T16:06:04.893+0000] {dag.py:3036} INFO - Sync 1 DAGs
[2026-05-08T16:06:04.911+0000] {logging_mixin.py:188} INFO - [2026-05-08T16:06:04.911+0000] {dag.py:3823} INFO - Setting next_dagrun for job_market_etl to None, run_after=None
[2026-05-08T16:06:04.959+0000] {processor.py:183} INFO - Processing /opt/airflow/dags/job_etl_dag.py took 0.149 seconds
[2026-05-08T16:06:35.196+0000] {processor.py:161} INFO - Started process (PID=354) to work on /opt/airflow/dags/job_etl_dag.py
[2026-05-08T16:06:35.198+0000] {processor.py:830} INFO - Processing file /opt/airflow/dags/job_etl_dag.py for tasks to queue
[2026-05-08T16:06:35.200+0000] {logging_mixin.py:188} INFO - [2026-05-08T16:06:35.200+0000] {dagbag.py:538} INFO - Filling up the DagBag from /opt/airflow/dags/job_etl_dag.py
[2026-05-08T16:06:35.231+0000] {processor.py:840} INFO - DAG(s) 'job_market_etl' retrieved from /opt/airflow/dags/job_etl_dag.py
[2026-05-08T16:06:35.280+0000] {logging_mixin.py:188} INFO - [2026-05-08T16:06:35.280+0000] {dag.py:3036} INFO - Sync 1 DAGs
[2026-05-08T16:06:35.298+0000] {logging_mixin.py:188} INFO - [2026-05-08T16:06:35.298+0000] {dag.py:3823} INFO - Setting next_dagrun for job_market_etl to None, run_after=None
[2026-05-08T16:06:35.332+0000] {processor.py:183} INFO - Processing /opt/airflow/dags/job_etl_dag.py took 0.141 seconds
[2026-05-08T16:07:05.458+0000] {processor.py:161} INFO - Started process (PID=355) to work on /opt/airflow/dags/job_etl_dag.py
[2026-05-08T16:07:05.460+0000] {processor.py:830} INFO - Processing file /opt/airflow/dags/job_etl_dag.py for tasks to queue
[2026-05-08T16:07:05.461+0000] {logging_mixin.py:188} INFO - [2026-05-08T16:07:05.461+0000] {dagbag.py:538} INFO - Filling up the DagBag from /opt/airflow/dags/job_etl_dag.py
[2026-05-08T16:07:05.491+0000] {processor.py:840} INFO - DAG(s) 'job_market_etl' retrieved from /opt/airflow/dags/job_etl_dag.py
[2026-05-08T16:07:05.536+0000] {logging_mixin.py:188} INFO - [2026-05-08T16:07:05.536+0000] {dag.py:3036} INFO - Sync 1 DAGs
[2026-05-08T16:07:05.552+0000] {logging_mixin.py:188} INFO - [2026-05-08T16:07:05.552+0000] {dag.py:3823} INFO - Setting next_dagrun for job_market_etl to None, run_after=None
[2026-05-08T16:07:05.589+0000] {processor.py:183} INFO - Processing /opt/airflow/dags/job_etl_dag.py took 0.135 seconds
[2026-05-08T16:07:35.843+0000] {processor.py:161} INFO - Started process (PID=356) to work on /opt/airflow/dags/job_etl_dag.py
[2026-05-08T16:07:35.846+0000] {processor.py:830} INFO - Processing file /opt/airflow/dags/job_etl_dag.py for tasks to queue
[2026-05-08T16:07:35.848+0000] {logging_mixin.py:188} INFO - [2026-05-08T16:07:35.848+0000] {dagbag.py:538} INFO - Filling up the DagBag from /opt/airflow/dags/job_etl_dag.py
[2026-05-08T16:07:35.879+0000] {processor.py:840} INFO - DAG(s) 'job_market_etl' retrieved from /opt/airflow/dags/job_etl_dag.py
[2026-05-08T16:07:35.923+0000] {logging_mixin.py:188} INFO - [2026-05-08T16:07:35.923+0000] {dag.py:3036} INFO - Sync 1 DAGs
[2026-05-08T16:07:35.941+0000] {logging_mixin.py:188} INFO - [2026-05-08T16:07:35.940+0000] {dag.py:3823} INFO - Setting next_dagrun for job_market_etl to None, run_after=None
[2026-05-08T16:07:35.972+0000] {processor.py:183} INFO - Processing /opt/airflow/dags/job_etl_dag.py took 0.132 seconds
[2026-05-08T16:08:06.110+0000] {processor.py:161} INFO - Started process (PID=357) to work on /opt/airflow/dags/job_etl_dag.py
[2026-05-08T16:08:06.112+0000] {processor.py:830} INFO - Processing file /opt/airflow/dags/job_etl_dag.py for tasks to queue
[2026-05-08T16:08:06.113+0000] {logging_mixin.py:188} INFO - [2026-05-08T16:08:06.113+0000] {dagbag.py:538} INFO - Filling up the DagBag from /opt/airflow/dags/job_etl_dag.py
[2026-05-08T16:08:06.144+0000] {processor.py:840} INFO - DAG(s) 'job_market_etl' retrieved from /opt/airflow/dags/job_etl_dag.py
[2026-05-08T16:08:06.188+0000] {logging_mixin.py:188} INFO - [2026-05-08T16:08:06.188+0000] {dag.py:3036} INFO - Sync 1 DAGs
[2026-05-08T16:08:06.205+0000] {logging_mixin.py:188} INFO - [2026-05-08T16:08:06.205+0000] {dag.py:3823} INFO - Setting next_dagrun for job_market_etl to None, run_after=None
[2026-05-08T16:08:06.237+0000] {processor.py:183} INFO - Processing /opt/airflow/dags/job_etl_dag.py took 0.131 seconds
[2026-05-08T16:08:36.489+0000] {processor.py:161} INFO - Started process (PID=358) to work on /opt/airflow/dags/job_etl_dag.py
[2026-05-08T16:08:36.491+0000] {processor.py:830} INFO - Processing file /opt/airflow/dags/job_etl_dag.py for tasks to queue
[2026-05-08T16:08:36.492+0000] {logging_mixin.py:188} INFO - [2026-05-08T16:08:36.492+0000] {dagbag.py:538} INFO - Filling up the DagBag from /opt/airflow/dags/job_etl_dag.py
[2026-05-08T16:08:36.524+0000] {processor.py:840} INFO - DAG(s) 'job_market_etl' retrieved from /opt/airflow/dags/job_etl_dag.py
[2026-05-08T16:08:36.568+0000] {logging_mixin.py:188} INFO - [2026-05-08T16:08:36.568+0000] {dag.py:3036} INFO - Sync 1 DAGs
[2026-05-08T16:08:36.590+0000] {logging_mixin.py:188} INFO - [2026-05-08T16:08:36.589+0000] {dag.py:3823} INFO - Setting next_dagrun for job_market_etl to None, run_after=None
[2026-05-08T16:08:36.634+0000] {processor.py:183} INFO - Processing /opt/airflow/dags/job_etl_dag.py took 0.150 seconds
[2026-05-08T16:09:06.761+0000] {processor.py:161} INFO - Started process (PID=359) to work on /opt/airflow/dags/job_etl_dag.py
[2026-05-08T16:09:06.764+0000] {processor.py:830} INFO - Processing file /opt/airflow/dags/job_etl_dag.py for tasks to queue
[2026-05-08T16:09:06.766+0000] {logging_mixin.py:188} INFO - [2026-05-08T16:09:06.766+0000] {dagbag.py:538} INFO - Filling up the DagBag from /opt/airflow/dags/job_etl_dag.py
[2026-05-08T16:09:06.797+0000] {processor.py:840} INFO - DAG(s) 'job_market_etl' retrieved from /opt/airflow/dags/job_etl_dag.py
[2026-05-08T16:09:06.845+0000] {logging_mixin.py:188} INFO - [2026-05-08T16:09:06.844+0000] {dag.py:3036} INFO - Sync 1 DAGs
[2026-05-08T16:09:06.864+0000] {logging_mixin.py:188} INFO - [2026-05-08T16:09:06.863+0000] {dag.py:3823} INFO - Setting next_dagrun for job_market_etl to None, run_after=None
[2026-05-08T16:09:06.911+0000] {processor.py:183} INFO - Processing /opt/airflow/dags/job_etl_dag.py took 0.155 seconds
[2026-05-08T16:09:37.162+0000] {processor.py:161} INFO - Started process (PID=360) to work on /opt/airflow/dags/job_etl_dag.py
[2026-05-08T16:09:37.164+0000] {processor.py:830} INFO - Processing file /opt/airflow/dags/job_etl_dag.py for tasks to queue
[2026-05-08T16:09:37.165+0000] {logging_mixin.py:188} INFO - [2026-05-08T16:09:37.165+0000] {dagbag.py:538} INFO - Filling up the DagBag from /opt/airflow/dags/job_etl_dag.py
[2026-05-08T16:09:37.197+0000] {processor.py:840} INFO - DAG(s) 'job_market_etl' retrieved from /opt/airflow/dags/job_etl_dag.py
[2026-05-08T16:09:37.238+0000] {logging_mixin.py:188} INFO - [2026-05-08T16:09:37.238+0000] {dag.py:3036} INFO - Sync 1 DAGs
[2026-05-08T16:09:37.257+0000] {logging_mixin.py:188} INFO - [2026-05-08T16:09:37.256+0000] {dag.py:3823} INFO - Setting next_dagrun for job_market_etl to None, run_after=None
[2026-05-08T16:09:37.292+0000] {processor.py:183} INFO - Processing /opt/airflow/dags/job_etl_dag.py took 0.135 seconds
[2026-05-08T16:10:07.479+0000] {processor.py:161} INFO - Started process (PID=361) to work on /opt/airflow/dags/job_etl_dag.py
[2026-05-08T16:10:07.481+0000] {processor.py:830} INFO - Processing file /opt/airflow/dags/job_etl_dag.py for tasks to queue
[2026-05-08T16:10:07.484+0000] {logging_mixin.py:188} INFO - [2026-05-08T16:10:07.483+0000] {dagbag.py:538} INFO - Filling up the DagBag from /opt/airflow/dags/job_etl_dag.py
[2026-05-08T16:10:07.518+0000] {processor.py:840} INFO - DAG(s) 'job_market_etl' retrieved from /opt/airflow/dags/job_etl_dag.py
[2026-05-08T16:10:07.575+0000] {logging_mixin.py:188} INFO - [2026-05-08T16:10:07.575+0000] {dag.py:3036} INFO - Sync 1 DAGs
[2026-05-08T16:10:07.598+0000] {logging_mixin.py:188} INFO - [2026-05-08T16:10:07.598+0000] {dag.py:3823} INFO - Setting next_dagrun for job_market_etl to None, run_after=None
[2026-05-08T16:10:07.634+0000] {processor.py:183} INFO - Processing /opt/airflow/dags/job_etl_dag.py took 0.160 seconds
[2026-05-08T16:10:37.810+0000] {processor.py:161} INFO - Started process (PID=362) to work on /opt/airflow/dags/job_etl_dag.py
[2026-05-08T16:10:37.812+0000] {processor.py:830} INFO - Processing file /opt/airflow/dags/job_etl_dag.py for tasks to queue
[2026-05-08T16:10:37.814+0000] {logging_mixin.py:188} INFO - [2026-05-08T16:10:37.813+0000] {dagbag.py:538} INFO - Filling up the DagBag from /opt/airflow/dags/job_etl_dag.py
[2026-05-08T16:10:37.849+0000] {processor.py:840} INFO - DAG(s) 'job_market_etl' retrieved from /opt/airflow/dags/job_etl_dag.py
[2026-05-08T16:10:37.899+0000] {logging_mixin.py:188} INFO - [2026-05-08T16:10:37.899+0000] {dag.py:3036} INFO - Sync 1 DAGs
[2026-05-08T16:10:37.916+0000] {logging_mixin.py:188} INFO - [2026-05-08T16:10:37.916+0000] {dag.py:3823} INFO - Setting next_dagrun for job_market_etl to None, run_after=None
[2026-05-08T16:10:37.948+0000] {processor.py:183} INFO - Processing /opt/airflow/dags/job_etl_dag.py took 0.144 seconds
[2026-05-08T16:11:08.163+0000] {processor.py:161} INFO - Started process (PID=363) to work on /opt/airflow/dags/job_etl_dag.py
[2026-05-08T16:11:08.165+0000] {processor.py:830} INFO - Processing file /opt/airflow/dags/job_etl_dag.py for tasks to queue
[2026-05-08T16:11:08.167+0000] {logging_mixin.py:188} INFO - [2026-05-08T16:11:08.166+0000] {dagbag.py:538} INFO - Filling up the DagBag from /opt/airflow/dags/job_etl_dag.py
[2026-05-08T16:11:08.198+0000] {processor.py:840} INFO - DAG(s) 'job_market_etl' retrieved from /opt/airflow/dags/job_etl_dag.py
[2026-05-08T16:11:08.243+0000] {logging_mixin.py:188} INFO - [2026-05-08T16:11:08.242+0000] {dag.py:3036} INFO - Sync 1 DAGs
[2026-05-08T16:11:08.260+0000] {logging_mixin.py:188} INFO - [2026-05-08T16:11:08.260+0000] {dag.py:3823} INFO - Setting next_dagrun for job_market_etl to None, run_after=None
[2026-05-08T16:11:08.296+0000] {processor.py:183} INFO - Processing /opt/airflow/dags/job_etl_dag.py took 0.136 seconds
[2026-05-08T16:11:38.469+0000] {processor.py:161} INFO - Started process (PID=364) to work on /opt/airflow/dags/job_etl_dag.py
[2026-05-08T16:11:38.472+0000] {processor.py:830} INFO - Processing file /opt/airflow/dags/job_etl_dag.py for tasks to queue
[2026-05-08T16:11:38.475+0000] {logging_mixin.py:188} INFO - [2026-05-08T16:11:38.474+0000] {dagbag.py:538} INFO - Filling up the DagBag from /opt/airflow/dags/job_etl_dag.py
[2026-05-08T16:11:38.510+0000] {processor.py:840} INFO - DAG(s) 'job_market_etl' retrieved from /opt/airflow/dags/job_etl_dag.py
[2026-05-08T16:11:38.556+0000] {logging_mixin.py:188} INFO - [2026-05-08T16:11:38.556+0000] {dag.py:3036} INFO - Sync 1 DAGs
[2026-05-08T16:11:38.576+0000] {logging_mixin.py:188} INFO - [2026-05-08T16:11:38.575+0000] {dag.py:3823} INFO - Setting next_dagrun for job_market_etl to None, run_after=None
[2026-05-08T16:11:38.610+0000] {processor.py:183} INFO - Processing /opt/airflow/dags/job_etl_dag.py took 0.146 seconds
[2026-05-08T16:12:08.805+0000] {processor.py:161} INFO - Started process (PID=365) to work on /opt/airflow/dags/job_etl_dag.py
[2026-05-08T16:12:08.808+0000] {processor.py:830} INFO - Processing file /opt/airflow/dags/job_etl_dag.py for tasks to queue
[2026-05-08T16:12:08.811+0000] {logging_mixin.py:188} INFO - [2026-05-08T16:12:08.810+0000] {dagbag.py:538} INFO - Filling up the DagBag from /opt/airflow/dags/job_etl_dag.py
[2026-05-08T16:12:08.842+0000] {processor.py:840} INFO - DAG(s) 'job_market_etl' retrieved from /opt/airflow/dags/job_etl_dag.py
[2026-05-08T16:12:08.887+0000] {logging_mixin.py:188} INFO - [2026-05-08T16:12:08.887+0000] {dag.py:3036} INFO - Sync 1 DAGs
[2026-05-08T16:12:08.905+0000] {logging_mixin.py:188} INFO - [2026-05-08T16:12:08.904+0000] {dag.py:3823} INFO - Setting next_dagrun for job_market_etl to None, run_after=None
[2026-05-08T16:12:08.951+0000] {processor.py:183} INFO - Processing /opt/airflow/dags/job_etl_dag.py took 0.150 seconds
[2026-05-08T16:12:39.135+0000] {processor.py:161} INFO - Started process (PID=366) to work on /opt/airflow/dags/job_etl_dag.py
[2026-05-08T16:12:39.137+0000] {processor.py:830} INFO - Processing file /opt/airflow/dags/job_etl_dag.py for tasks to queue
[2026-05-08T16:12:39.139+0000] {logging_mixin.py:188} INFO - [2026-05-08T16:12:39.139+0000] {dagbag.py:538} INFO - Filling up the DagBag from /opt/airflow/dags/job_etl_dag.py
[2026-05-08T16:12:39.169+0000] {processor.py:840} INFO - DAG(s) 'job_market_etl' retrieved from /opt/airflow/dags/job_etl_dag.py
[2026-05-08T16:12:39.211+0000] {logging_mixin.py:188} INFO - [2026-05-08T16:12:39.211+0000] {dag.py:3036} INFO - Sync 1 DAGs
[2026-05-08T16:12:39.227+0000] {logging_mixin.py:188} INFO - [2026-05-08T16:12:39.227+0000] {dag.py:3823} INFO - Setting next_dagrun for job_market_etl to None, run_after=None
[2026-05-08T16:12:39.273+0000] {processor.py:183} INFO - Processing /opt/airflow/dags/job_etl_dag.py took 0.142 seconds
[2026-05-08T16:13:09.462+0000] {processor.py:161} INFO - Started process (PID=367) to work on /opt/airflow/dags/job_etl_dag.py
[2026-05-08T16:13:09.465+0000] {processor.py:830} INFO - Processing file /opt/airflow/dags/job_etl_dag.py for tasks to queue
[2026-05-08T16:13:09.468+0000] {logging_mixin.py:188} INFO - [2026-05-08T16:13:09.467+0000] {dagbag.py:538} INFO - Filling up the DagBag from /opt/airflow/dags/job_etl_dag.py
[2026-05-08T16:13:09.501+0000] {processor.py:840} INFO - DAG(s) 'job_market_etl' retrieved from /opt/airflow/dags/job_etl_dag.py
[2026-05-08T16:13:09.551+0000] {logging_mixin.py:188} INFO - [2026-05-08T16:13:09.551+0000] {dag.py:3036} INFO - Sync 1 DAGs
[2026-05-08T16:13:09.569+0000] {logging_mixin.py:188} INFO - [2026-05-08T16:13:09.568+0000] {dag.py:3823} INFO - Setting next_dagrun for job_market_etl to None, run_after=None
[2026-05-08T16:13:09.616+0000] {processor.py:183} INFO - Processing /opt/airflow/dags/job_etl_dag.py took 0.158 seconds
[2026-05-08T16:13:39.785+0000] {processor.py:161} INFO - Started process (PID=368) to work on /opt/airflow/dags/job_etl_dag.py
[2026-05-08T16:13:39.787+0000] {processor.py:830} INFO - Processing file /opt/airflow/dags/job_etl_dag.py for tasks to queue
[2026-05-08T16:13:39.790+0000] {logging_mixin.py:188} INFO - [2026-05-08T16:13:39.789+0000] {dagbag.py:538} INFO - Filling up the DagBag from /opt/airflow/dags/job_etl_dag.py
[2026-05-08T16:13:39.819+0000] {processor.py:840} INFO - DAG(s) 'job_market_etl' retrieved from /opt/airflow/dags/job_etl_dag.py
[2026-05-08T16:13:39.864+0000] {logging_mixin.py:188} INFO - [2026-05-08T16:13:39.863+0000] {dag.py:3036} INFO - Sync 1 DAGs
[2026-05-08T16:13:39.882+0000] {logging_mixin.py:188} INFO - [2026-05-08T16:13:39.881+0000] {dag.py:3823} INFO - Setting next_dagrun for job_market_etl to None, run_after=None
[2026-05-08T16:13:39.913+0000] {processor.py:183} INFO - Processing /opt/airflow/dags/job_etl_dag.py took 0.134 seconds
[2026-05-08T16:14:10.128+0000] {processor.py:161} INFO - Started process (PID=369) to work on /opt/airflow/dags/job_etl_dag.py
[2026-05-08T16:14:10.130+0000] {processor.py:830} INFO - Processing file /opt/airflow/dags/job_etl_dag.py for tasks to queue
[2026-05-08T16:14:10.131+0000] {logging_mixin.py:188} INFO - [2026-05-08T16:14:10.131+0000] {dagbag.py:538} INFO - Filling up the DagBag from /opt/airflow/dags/job_etl_dag.py
[2026-05-08T16:14:10.162+0000] {processor.py:840} INFO - DAG(s) 'job_market_etl' retrieved from /opt/airflow/dags/job_etl_dag.py
[2026-05-08T16:14:10.206+0000] {logging_mixin.py:188} INFO - [2026-05-08T16:14:10.205+0000] {dag.py:3036} INFO - Sync 1 DAGs
[2026-05-08T16:14:10.223+0000] {logging_mixin.py:188} INFO - [2026-05-08T16:14:10.222+0000] {dag.py:3823} INFO - Setting next_dagrun for job_market_etl to None, run_after=None
[2026-05-08T16:14:10.256+0000] {processor.py:183} INFO - Processing /opt/airflow/dags/job_etl_dag.py took 0.134 seconds
[2026-05-08T16:14:40.428+0000] {processor.py:161} INFO - Started process (PID=370) to work on /opt/airflow/dags/job_etl_dag.py
[2026-05-08T16:14:40.431+0000] {processor.py:830} INFO - Processing file /opt/airflow/dags/job_etl_dag.py for tasks to queue
[2026-05-08T16:14:40.433+0000] {logging_mixin.py:188} INFO - [2026-05-08T16:14:40.432+0000] {dagbag.py:538} INFO - Filling up the DagBag from /opt/airflow/dags/job_etl_dag.py
[2026-05-08T16:14:40.466+0000] {processor.py:840} INFO - DAG(s) 'job_market_etl' retrieved from /opt/airflow/dags/job_etl_dag.py
[2026-05-08T16:14:40.512+0000] {logging_mixin.py:188} INFO - [2026-05-08T16:14:40.511+0000] {dag.py:3036} INFO - Sync 1 DAGs
[2026-05-08T16:14:40.529+0000] {logging_mixin.py:188} INFO - [2026-05-08T16:14:40.529+0000] {dag.py:3823} INFO - Setting next_dagrun for job_market_etl to None, run_after=None
[2026-05-08T16:14:40.578+0000] {processor.py:183} INFO - Processing /opt/airflow/dags/job_etl_dag.py took 0.154 seconds
[2026-05-08T16:15:10.813+0000] {processor.py:161} INFO - Started process (PID=371) to work on /opt/airflow/dags/job_etl_dag.py
[2026-05-08T16:15:10.816+0000] {processor.py:830} INFO - Processing file /opt/airflow/dags/job_etl_dag.py for tasks to queue
[2026-05-08T16:15:10.818+0000] {logging_mixin.py:188} INFO - [2026-05-08T16:15:10.817+0000] {dagbag.py:538} INFO - Filling up the DagBag from /opt/airflow/dags/job_etl_dag.py
[2026-05-08T16:15:10.849+0000] {processor.py:840} INFO - DAG(s) 'job_market_etl' retrieved from /opt/airflow/dags/job_etl_dag.py
[2026-05-08T16:15:10.905+0000] {logging_mixin.py:188} INFO - [2026-05-08T16:15:10.904+0000] {dag.py:3036} INFO - Sync 1 DAGs
[2026-05-08T16:15:10.924+0000] {logging_mixin.py:188} INFO - [2026-05-08T16:15:10.924+0000] {dag.py:3823} INFO - Setting next_dagrun for job_market_etl to None, run_after=None
[2026-05-08T16:15:10.957+0000] {processor.py:183} INFO - Processing /opt/airflow/dags/job_etl_dag.py took 0.148 seconds
[2026-05-08T16:15:41.099+0000] {processor.py:161} INFO - Started process (PID=372) to work on /opt/airflow/dags/job_etl_dag.py
[2026-05-08T16:15:41.101+0000] {processor.py:830} INFO - Processing file /opt/airflow/dags/job_etl_dag.py for tasks to queue
[2026-05-08T16:15:41.103+0000] {logging_mixin.py:188} INFO - [2026-05-08T16:15:41.102+0000] {dagbag.py:538} INFO - Filling up the DagBag from /opt/airflow/dags/job_etl_dag.py
[2026-05-08T16:15:41.145+0000] {processor.py:840} INFO - DAG(s) 'job_market_etl' retrieved from /opt/airflow/dags/job_etl_dag.py
[2026-05-08T16:15:41.194+0000] {logging_mixin.py:188} INFO - [2026-05-08T16:15:41.193+0000] {dag.py:3036} INFO - Sync 1 DAGs
[2026-05-08T16:15:41.210+0000] {logging_mixin.py:188} INFO - [2026-05-08T16:15:41.209+0000] {dag.py:3823} INFO - Setting next_dagrun for job_market_etl to None, run_after=None
[2026-05-08T16:15:41.251+0000] {processor.py:183} INFO - Processing /opt/airflow/dags/job_etl_dag.py took 0.158 seconds
[2026-05-08T16:16:11.474+0000] {processor.py:161} INFO - Started process (PID=373) to work on /opt/airflow/dags/job_etl_dag.py
[2026-05-08T16:16:11.476+0000] {processor.py:830} INFO - Processing file /opt/airflow/dags/job_etl_dag.py for tasks to queue
[2026-05-08T16:16:11.477+0000] {logging_mixin.py:188} INFO - [2026-05-08T16:16:11.477+0000] {dagbag.py:538} INFO - Filling up the DagBag from /opt/airflow/dags/job_etl_dag.py
[2026-05-08T16:16:11.514+0000] {processor.py:840} INFO - DAG(s) 'job_market_etl' retrieved from /opt/airflow/dags/job_etl_dag.py
[2026-05-08T16:16:11.576+0000] {logging_mixin.py:188} INFO - [2026-05-08T16:16:11.576+0000] {dag.py:3036} INFO - Sync 1 DAGs
[2026-05-08T16:16:11.595+0000] {logging_mixin.py:188} INFO - [2026-05-08T16:16:11.594+0000] {dag.py:3823} INFO - Setting next_dagrun for job_market_etl to None, run_after=None
[2026-05-08T16:16:11.627+0000] {processor.py:183} INFO - Processing /opt/airflow/dags/job_etl_dag.py took 0.157 seconds
[2026-05-08T16:16:41.759+0000] {processor.py:161} INFO - Started process (PID=374) to work on /opt/airflow/dags/job_etl_dag.py
[2026-05-08T16:16:41.761+0000] {processor.py:830} INFO - Processing file /opt/airflow/dags/job_etl_dag.py for tasks to queue
[2026-05-08T16:16:41.763+0000] {logging_mixin.py:188} INFO - [2026-05-08T16:16:41.763+0000] {dagbag.py:538} INFO - Filling up the DagBag from /opt/airflow/dags/job_etl_dag.py
[2026-05-08T16:16:41.793+0000] {processor.py:840} INFO - DAG(s) 'job_market_etl' retrieved from /opt/airflow/dags/job_etl_dag.py
[2026-05-08T16:16:41.841+0000] {logging_mixin.py:188} INFO - [2026-05-08T16:16:41.841+0000] {dag.py:3036} INFO - Sync 1 DAGs
[2026-05-08T16:16:41.858+0000] {logging_mixin.py:188} INFO - [2026-05-08T16:16:41.857+0000] {dag.py:3823} INFO - Setting next_dagrun for job_market_etl to None, run_after=None
[2026-05-08T16:16:41.901+0000] {processor.py:183} INFO - Processing /opt/airflow/dags/job_etl_dag.py took 0.147 seconds
[2026-05-08T16:17:12.152+0000] {processor.py:161} INFO - Started process (PID=375) to work on /opt/airflow/dags/job_etl_dag.py
[2026-05-08T16:17:12.153+0000] {processor.py:830} INFO - Processing file /opt/airflow/dags/job_etl_dag.py for tasks to queue
[2026-05-08T16:17:12.155+0000] {logging_mixin.py:188} INFO - [2026-05-08T16:17:12.154+0000] {dagbag.py:538} INFO - Filling up the DagBag from /opt/airflow/dags/job_etl_dag.py
[2026-05-08T16:17:12.185+0000] {processor.py:840} INFO - DAG(s) 'job_market_etl' retrieved from /opt/airflow/dags/job_etl_dag.py
[2026-05-08T16:17:12.229+0000] {logging_mixin.py:188} INFO - [2026-05-08T16:17:12.229+0000] {dag.py:3036} INFO - Sync 1 DAGs
[2026-05-08T16:17:12.247+0000] {logging_mixin.py:188} INFO - [2026-05-08T16:17:12.247+0000] {dag.py:3823} INFO - Setting next_dagrun for job_market_etl to None, run_after=None
[2026-05-08T16:17:12.295+0000] {processor.py:183} INFO - Processing /opt/airflow/dags/job_etl_dag.py took 0.147 seconds
[2026-05-08T16:17:42.430+0000] {processor.py:161} INFO - Started process (PID=376) to work on /opt/airflow/dags/job_etl_dag.py
[2026-05-08T16:17:42.432+0000] {processor.py:830} INFO - Processing file /opt/airflow/dags/job_etl_dag.py for tasks to queue
[2026-05-08T16:17:42.434+0000] {logging_mixin.py:188} INFO - [2026-05-08T16:17:42.434+0000] {dagbag.py:538} INFO - Filling up the DagBag from /opt/airflow/dags/job_etl_dag.py
[2026-05-08T16:17:42.464+0000] {processor.py:840} INFO - DAG(s) 'job_market_etl' retrieved from /opt/airflow/dags/job_etl_dag.py
[2026-05-08T16:17:42.514+0000] {logging_mixin.py:188} INFO - [2026-05-08T16:17:42.514+0000] {dag.py:3036} INFO - Sync 1 DAGs
[2026-05-08T16:17:42.532+0000] {logging_mixin.py:188} INFO - [2026-05-08T16:17:42.532+0000] {dag.py:3823} INFO - Setting next_dagrun for job_market_etl to None, run_after=None
[2026-05-08T16:17:42.566+0000] {processor.py:183} INFO - Processing /opt/airflow/dags/job_etl_dag.py took 0.140 seconds
[2026-05-08T16:18:12.806+0000] {processor.py:161} INFO - Started process (PID=377) to work on /opt/airflow/dags/job_etl_dag.py
[2026-05-08T16:18:12.809+0000] {processor.py:830} INFO - Processing file /opt/airflow/dags/job_etl_dag.py for tasks to queue
[2026-05-08T16:18:12.811+0000] {logging_mixin.py:188} INFO - [2026-05-08T16:18:12.810+0000] {dagbag.py:538} INFO - Filling up the DagBag from /opt/airflow/dags/job_etl_dag.py
[2026-05-08T16:18:12.844+0000] {processor.py:840} INFO - DAG(s) 'job_market_etl' retrieved from /opt/airflow/dags/job_etl_dag.py
[2026-05-08T16:18:12.904+0000] {logging_mixin.py:188} INFO - [2026-05-08T16:18:12.903+0000] {dag.py:3036} INFO - Sync 1 DAGs
[2026-05-08T16:18:12.922+0000] {logging_mixin.py:188} INFO - [2026-05-08T16:18:12.922+0000] {dag.py:3823} INFO - Setting next_dagrun for job_market_etl to None, run_after=None
[2026-05-08T16:18:12.971+0000] {processor.py:183} INFO - Processing /opt/airflow/dags/job_etl_dag.py took 0.171 seconds
[2026-05-08T16:18:43.075+0000] {processor.py:161} INFO - Started process (PID=378) to work on /opt/airflow/dags/job_etl_dag.py
[2026-05-08T16:18:43.078+0000] {processor.py:830} INFO - Processing file /opt/airflow/dags/job_etl_dag.py for tasks to queue
[2026-05-08T16:18:43.080+0000] {logging_mixin.py:188} INFO - [2026-05-08T16:18:43.080+0000] {dagbag.py:538} INFO - Filling up the DagBag from /opt/airflow/dags/job_etl_dag.py
[2026-05-08T16:18:43.112+0000] {processor.py:840} INFO - DAG(s) 'job_market_etl' retrieved from /opt/airflow/dags/job_etl_dag.py
[2026-05-08T16:18:43.157+0000] {logging_mixin.py:188} INFO - [2026-05-08T16:18:43.157+0000] {dag.py:3036} INFO - Sync 1 DAGs
[2026-05-08T16:18:43.175+0000] {logging_mixin.py:188} INFO - [2026-05-08T16:18:43.175+0000] {dag.py:3823} INFO - Setting next_dagrun for job_market_etl to None, run_after=None
[2026-05-08T16:18:43.217+0000] {processor.py:183} INFO - Processing /opt/airflow/dags/job_etl_dag.py took 0.146 seconds
[2026-05-08T16:19:13.510+0000] {processor.py:161} INFO - Started process (PID=379) to work on /opt/airflow/dags/job_etl_dag.py
[2026-05-08T16:19:13.512+0000] {processor.py:830} INFO - Processing file /opt/airflow/dags/job_etl_dag.py for tasks to queue
[2026-05-08T16:19:13.514+0000] {logging_mixin.py:188} INFO - [2026-05-08T16:19:13.514+0000] {dagbag.py:538} INFO - Filling up the DagBag from /opt/airflow/dags/job_etl_dag.py
[2026-05-08T16:19:13.546+0000] {processor.py:840} INFO - DAG(s) 'job_market_etl' retrieved from /opt/airflow/dags/job_etl_dag.py
[2026-05-08T16:19:13.589+0000] {logging_mixin.py:188} INFO - [2026-05-08T16:19:13.589+0000] {dag.py:3036} INFO - Sync 1 DAGs
[2026-05-08T16:19:13.607+0000] {logging_mixin.py:188} INFO - [2026-05-08T16:19:13.606+0000] {dag.py:3823} INFO - Setting next_dagrun for job_market_etl to None, run_after=None
[2026-05-08T16:19:13.654+0000] {processor.py:183} INFO - Processing /opt/airflow/dags/job_etl_dag.py took 0.149 seconds
[2026-05-08T16:19:43.775+0000] {processor.py:161} INFO - Started process (PID=380) to work on /opt/airflow/dags/job_etl_dag.py
[2026-05-08T16:19:43.778+0000] {processor.py:830} INFO - Processing file /opt/airflow/dags/job_etl_dag.py for tasks to queue
[2026-05-08T16:19:43.780+0000] {logging_mixin.py:188} INFO - [2026-05-08T16:19:43.779+0000] {dagbag.py:538} INFO - Filling up the DagBag from /opt/airflow/dags/job_etl_dag.py
[2026-05-08T16:19:43.814+0000] {processor.py:840} INFO - DAG(s) 'job_market_etl' retrieved from /opt/airflow/dags/job_etl_dag.py
[2026-05-08T16:19:43.863+0000] {logging_mixin.py:188} INFO - [2026-05-08T16:19:43.863+0000] {dag.py:3036} INFO - Sync 1 DAGs
[2026-05-08T16:19:43.881+0000] {logging_mixin.py:188} INFO - [2026-05-08T16:19:43.881+0000] {dag.py:3823} INFO - Setting next_dagrun for job_market_etl to None, run_after=None
[2026-05-08T16:19:43.912+0000] {processor.py:183} INFO - Processing /opt/airflow/dags/job_etl_dag.py took 0.142 seconds
[2026-05-08T16:20:14.216+0000] {processor.py:161} INFO - Started process (PID=381) to work on /opt/airflow/dags/job_etl_dag.py
[2026-05-08T16:20:14.218+0000] {processor.py:830} INFO - Processing file /opt/airflow/dags/job_etl_dag.py for tasks to queue
[2026-05-08T16:20:14.220+0000] {logging_mixin.py:188} INFO - [2026-05-08T16:20:14.219+0000] {dagbag.py:538} INFO - Filling up the DagBag from /opt/airflow/dags/job_etl_dag.py
[2026-05-08T16:20:14.269+0000] {processor.py:840} INFO - DAG(s) 'job_market_etl' retrieved from /opt/airflow/dags/job_etl_dag.py
[2026-05-08T16:20:14.312+0000] {logging_mixin.py:188} INFO - [2026-05-08T16:20:14.312+0000] {dag.py:3036} INFO - Sync 1 DAGs
[2026-05-08T16:20:14.330+0000] {logging_mixin.py:188} INFO - [2026-05-08T16:20:14.330+0000] {dag.py:3823} INFO - Setting next_dagrun for job_market_etl to None, run_after=None
[2026-05-08T16:20:14.364+0000] {processor.py:183} INFO - Processing /opt/airflow/dags/job_etl_dag.py took 0.152 seconds
[2026-05-08T16:20:44.505+0000] {processor.py:161} INFO - Started process (PID=382) to work on /opt/airflow/dags/job_etl_dag.py
[2026-05-08T16:20:44.507+0000] {processor.py:830} INFO - Processing file /opt/airflow/dags/job_etl_dag.py for tasks to queue
[2026-05-08T16:20:44.510+0000] {logging_mixin.py:188} INFO - [2026-05-08T16:20:44.509+0000] {dagbag.py:538} INFO - Filling up the DagBag from /opt/airflow/dags/job_etl_dag.py
[2026-05-08T16:20:44.542+0000] {processor.py:840} INFO - DAG(s) 'job_market_etl' retrieved from /opt/airflow/dags/job_etl_dag.py
[2026-05-08T16:20:44.589+0000] {logging_mixin.py:188} INFO - [2026-05-08T16:20:44.588+0000] {dag.py:3036} INFO - Sync 1 DAGs
[2026-05-08T16:20:44.611+0000] {logging_mixin.py:188} INFO - [2026-05-08T16:20:44.610+0000] {dag.py:3823} INFO - Setting next_dagrun for job_market_etl to None, run_after=None
[2026-05-08T16:20:44.647+0000] {processor.py:183} INFO - Processing /opt/airflow/dags/job_etl_dag.py took 0.147 seconds
[2026-05-08T16:21:14.883+0000] {processor.py:161} INFO - Started process (PID=383) to work on /opt/airflow/dags/job_etl_dag.py
[2026-05-08T16:21:14.885+0000] {processor.py:830} INFO - Processing file /opt/airflow/dags/job_etl_dag.py for tasks to queue
[2026-05-08T16:21:14.887+0000] {logging_mixin.py:188} INFO - [2026-05-08T16:21:14.886+0000] {dagbag.py:538} INFO - Filling up the DagBag from /opt/airflow/dags/job_etl_dag.py
[2026-05-08T16:21:14.924+0000] {processor.py:840} INFO - DAG(s) 'job_market_etl' retrieved from /opt/airflow/dags/job_etl_dag.py
[2026-05-08T16:21:14.969+0000] {logging_mixin.py:188} INFO - [2026-05-08T16:21:14.968+0000] {dag.py:3036} INFO - Sync 1 DAGs
[2026-05-08T16:21:14.986+0000] {logging_mixin.py:188} INFO - [2026-05-08T16:21:14.986+0000] {dag.py:3823} INFO - Setting next_dagrun for job_market_etl to None, run_after=None
[2026-05-08T16:21:15.036+0000] {processor.py:183} INFO - Processing /opt/airflow/dags/job_etl_dag.py took 0.156 seconds
[2026-05-08T16:21:45.131+0000] {processor.py:161} INFO - Started process (PID=384) to work on /opt/airflow/dags/job_etl_dag.py
[2026-05-08T16:21:45.134+0000] {processor.py:830} INFO - Processing file /opt/airflow/dags/job_etl_dag.py for tasks to queue
[2026-05-08T16:21:45.136+0000] {logging_mixin.py:188} INFO - [2026-05-08T16:21:45.135+0000] {dagbag.py:538} INFO - Filling up the DagBag from /opt/airflow/dags/job_etl_dag.py
[2026-05-08T16:21:45.165+0000] {processor.py:840} INFO - DAG(s) 'job_market_etl' retrieved from /opt/airflow/dags/job_etl_dag.py
[2026-05-08T16:21:45.209+0000] {logging_mixin.py:188} INFO - [2026-05-08T16:21:45.209+0000] {dag.py:3036} INFO - Sync 1 DAGs
[2026-05-08T16:21:45.227+0000] {logging_mixin.py:188} INFO - [2026-05-08T16:21:45.227+0000] {dag.py:3823} INFO - Setting next_dagrun for job_market_etl to None, run_after=None
[2026-05-08T16:21:45.264+0000] {processor.py:183} INFO - Processing /opt/airflow/dags/job_etl_dag.py took 0.137 seconds
[2026-05-08T16:22:15.542+0000] {processor.py:161} INFO - Started process (PID=385) to work on /opt/airflow/dags/job_etl_dag.py
[2026-05-08T16:22:15.544+0000] {processor.py:830} INFO - Processing file /opt/airflow/dags/job_etl_dag.py for tasks to queue
[2026-05-08T16:22:15.546+0000] {logging_mixin.py:188} INFO - [2026-05-08T16:22:15.546+0000] {dagbag.py:538} INFO - Filling up the DagBag from /opt/airflow/dags/job_etl_dag.py
[2026-05-08T16:22:15.582+0000] {processor.py:840} INFO - DAG(s) 'job_market_etl' retrieved from /opt/airflow/dags/job_etl_dag.py
[2026-05-08T16:22:15.628+0000] {logging_mixin.py:188} INFO - [2026-05-08T16:22:15.628+0000] {dag.py:3036} INFO - Sync 1 DAGs
[2026-05-08T16:22:15.646+0000] {logging_mixin.py:188} INFO - [2026-05-08T16:22:15.645+0000] {dag.py:3823} INFO - Setting next_dagrun for job_market_etl to None, run_after=None
[2026-05-08T16:22:15.693+0000] {processor.py:183} INFO - Processing /opt/airflow/dags/job_etl_dag.py took 0.155 seconds
[2026-05-08T16:22:45.803+0000] {processor.py:161} INFO - Started process (PID=386) to work on /opt/airflow/dags/job_etl_dag.py
[2026-05-08T16:22:45.805+0000] {processor.py:830} INFO - Processing file /opt/airflow/dags/job_etl_dag.py for tasks to queue
[2026-05-08T16:22:45.807+0000] {logging_mixin.py:188} INFO - [2026-05-08T16:22:45.807+0000] {dagbag.py:538} INFO - Filling up the DagBag from /opt/airflow/dags/job_etl_dag.py
[2026-05-08T16:22:45.841+0000] {processor.py:840} INFO - DAG(s) 'job_market_etl' retrieved from /opt/airflow/dags/job_etl_dag.py
[2026-05-08T16:22:45.887+0000] {logging_mixin.py:188} INFO - [2026-05-08T16:22:45.887+0000] {dag.py:3036} INFO - Sync 1 DAGs
[2026-05-08T16:22:45.906+0000] {logging_mixin.py:188} INFO - [2026-05-08T16:22:45.905+0000] {dag.py:3823} INFO - Setting next_dagrun for job_market_etl to None, run_after=None
[2026-05-08T16:22:45.939+0000] {processor.py:183} INFO - Processing /opt/airflow/dags/job_etl_dag.py took 0.140 seconds
[2026-05-08T16:23:16.189+0000] {processor.py:161} INFO - Started process (PID=387) to work on /opt/airflow/dags/job_etl_dag.py
[2026-05-08T16:23:16.191+0000] {processor.py:830} INFO - Processing file /opt/airflow/dags/job_etl_dag.py for tasks to queue
[2026-05-08T16:23:16.193+0000] {logging_mixin.py:188} INFO - [2026-05-08T16:23:16.193+0000] {dagbag.py:538} INFO - Filling up the DagBag from /opt/airflow/dags/job_etl_dag.py
[2026-05-08T16:23:16.223+0000] {processor.py:840} INFO - DAG(s) 'job_market_etl' retrieved from /opt/airflow/dags/job_etl_dag.py
[2026-05-08T16:23:16.274+0000] {logging_mixin.py:188} INFO - [2026-05-08T16:23:16.273+0000] {dag.py:3036} INFO - Sync 1 DAGs
[2026-05-08T16:23:16.291+0000] {logging_mixin.py:188} INFO - [2026-05-08T16:23:16.291+0000] {dag.py:3823} INFO - Setting next_dagrun for job_market_etl to None, run_after=None
[2026-05-08T16:23:16.325+0000] {processor.py:183} INFO - Processing /opt/airflow/dags/job_etl_dag.py took 0.140 seconds
[2026-05-08T16:23:46.473+0000] {processor.py:161} INFO - Started process (PID=388) to work on /opt/airflow/dags/job_etl_dag.py
[2026-05-08T16:23:46.476+0000] {processor.py:830} INFO - Processing file /opt/airflow/dags/job_etl_dag.py for tasks to queue
[2026-05-08T16:23:46.477+0000] {logging_mixin.py:188} INFO - [2026-05-08T16:23:46.477+0000] {dagbag.py:538} INFO - Filling up the DagBag from /opt/airflow/dags/job_etl_dag.py
[2026-05-08T16:23:46.508+0000] {processor.py:840} INFO - DAG(s) 'job_market_etl' retrieved from /opt/airflow/dags/job_etl_dag.py
[2026-05-08T16:23:46.557+0000] {logging_mixin.py:188} INFO - [2026-05-08T16:23:46.557+0000] {dag.py:3036} INFO - Sync 1 DAGs
[2026-05-08T16:23:46.577+0000] {logging_mixin.py:188} INFO - [2026-05-08T16:23:46.576+0000] {dag.py:3823} INFO - Setting next_dagrun for job_market_etl to None, run_after=None
[2026-05-08T16:23:46.608+0000] {processor.py:183} INFO - Processing /opt/airflow/dags/job_etl_dag.py took 0.140 seconds
[2026-05-08T16:24:16.843+0000] {processor.py:161} INFO - Started process (PID=389) to work on /opt/airflow/dags/job_etl_dag.py
[2026-05-08T16:24:16.846+0000] {processor.py:830} INFO - Processing file /opt/airflow/dags/job_etl_dag.py for tasks to queue
[2026-05-08T16:24:16.848+0000] {logging_mixin.py:188} INFO - [2026-05-08T16:24:16.848+0000] {dagbag.py:538} INFO - Filling up the DagBag from /opt/airflow/dags/job_etl_dag.py
[2026-05-08T16:24:16.886+0000] {processor.py:840} INFO - DAG(s) 'job_market_etl' retrieved from /opt/airflow/dags/job_etl_dag.py
[2026-05-08T16:24:16.931+0000] {logging_mixin.py:188} INFO - [2026-05-08T16:24:16.930+0000] {dag.py:3036} INFO - Sync 1 DAGs
[2026-05-08T16:24:16.948+0000] {logging_mixin.py:188} INFO - [2026-05-08T16:24:16.948+0000] {dag.py:3823} INFO - Setting next_dagrun for job_market_etl to None, run_after=None
[2026-05-08T16:24:16.987+0000] {processor.py:183} INFO - Processing /opt/airflow/dags/job_etl_dag.py took 0.148 seconds
[2026-05-08T16:24:47.122+0000] {processor.py:161} INFO - Started process (PID=390) to work on /opt/airflow/dags/job_etl_dag.py
[2026-05-08T16:24:47.124+0000] {processor.py:830} INFO - Processing file /opt/airflow/dags/job_etl_dag.py for tasks to queue
[2026-05-08T16:24:47.125+0000] {logging_mixin.py:188} INFO - [2026-05-08T16:24:47.125+0000] {dagbag.py:538} INFO - Filling up the DagBag from /opt/airflow/dags/job_etl_dag.py
[2026-05-08T16:24:47.156+0000] {processor.py:840} INFO - DAG(s) 'job_market_etl' retrieved from /opt/airflow/dags/job_etl_dag.py
[2026-05-08T16:24:47.200+0000] {logging_mixin.py:188} INFO - [2026-05-08T16:24:47.199+0000] {dag.py:3036} INFO - Sync 1 DAGs
[2026-05-08T16:24:47.216+0000] {logging_mixin.py:188} INFO - [2026-05-08T16:24:47.216+0000] {dag.py:3823} INFO - Setting next_dagrun for job_market_etl to None, run_after=None
[2026-05-08T16:24:47.267+0000] {processor.py:183} INFO - Processing /opt/airflow/dags/job_etl_dag.py took 0.150 seconds
[2026-05-08T16:25:17.547+0000] {processor.py:161} INFO - Started process (PID=391) to work on /opt/airflow/dags/job_etl_dag.py
[2026-05-08T16:25:17.549+0000] {processor.py:830} INFO - Processing file /opt/airflow/dags/job_etl_dag.py for tasks to queue
[2026-05-08T16:25:17.551+0000] {logging_mixin.py:188} INFO - [2026-05-08T16:25:17.550+0000] {dagbag.py:538} INFO - Filling up the DagBag from /opt/airflow/dags/job_etl_dag.py
[2026-05-08T16:25:17.587+0000] {processor.py:840} INFO - DAG(s) 'job_market_etl' retrieved from /opt/airflow/dags/job_etl_dag.py
[2026-05-08T16:25:17.633+0000] {logging_mixin.py:188} INFO - [2026-05-08T16:25:17.633+0000] {dag.py:3036} INFO - Sync 1 DAGs
[2026-05-08T16:25:17.651+0000] {logging_mixin.py:188} INFO - [2026-05-08T16:25:17.651+0000] {dag.py:3823} INFO - Setting next_dagrun for job_market_etl to None, run_after=None
[2026-05-08T16:25:17.682+0000] {processor.py:183} INFO - Processing /opt/airflow/dags/job_etl_dag.py took 0.140 seconds
[2026-05-08T16:25:47.826+0000] {processor.py:161} INFO - Started process (PID=392) to work on /opt/airflow/dags/job_etl_dag.py
[2026-05-08T16:25:47.828+0000] {processor.py:830} INFO - Processing file /opt/airflow/dags/job_etl_dag.py for tasks to queue
[2026-05-08T16:25:47.830+0000] {logging_mixin.py:188} INFO - [2026-05-08T16:25:47.829+0000] {dagbag.py:538} INFO - Filling up the DagBag from /opt/airflow/dags/job_etl_dag.py
[2026-05-08T16:25:47.870+0000] {processor.py:840} INFO - DAG(s) 'job_market_etl' retrieved from /opt/airflow/dags/job_etl_dag.py
[2026-05-08T16:25:47.921+0000] {logging_mixin.py:188} INFO - [2026-05-08T16:25:47.921+0000] {dag.py:3036} INFO - Sync 1 DAGs
[2026-05-08T16:25:47.940+0000] {logging_mixin.py:188} INFO - [2026-05-08T16:25:47.940+0000] {dag.py:3823} INFO - Setting next_dagrun for job_market_etl to None, run_after=None
[2026-05-08T16:25:47.984+0000] {processor.py:183} INFO - Processing /opt/airflow/dags/job_etl_dag.py took 0.163 seconds
[2026-05-08T16:26:18.168+0000] {processor.py:161} INFO - Started process (PID=393) to work on /opt/airflow/dags/job_etl_dag.py
[2026-05-08T16:26:18.171+0000] {processor.py:830} INFO - Processing file /opt/airflow/dags/job_etl_dag.py for tasks to queue
[2026-05-08T16:26:18.172+0000] {logging_mixin.py:188} INFO - [2026-05-08T16:26:18.172+0000] {dagbag.py:538} INFO - Filling up the DagBag from /opt/airflow/dags/job_etl_dag.py
[2026-05-08T16:26:18.205+0000] {processor.py:840} INFO - DAG(s) 'job_market_etl' retrieved from /opt/airflow/dags/job_etl_dag.py
[2026-05-08T16:26:18.250+0000] {logging_mixin.py:188} INFO - [2026-05-08T16:26:18.249+0000] {dag.py:3036} INFO - Sync 1 DAGs
[2026-05-08T16:26:18.267+0000] {logging_mixin.py:188} INFO - [2026-05-08T16:26:18.267+0000] {dag.py:3823} INFO - Setting next_dagrun for job_market_etl to None, run_after=None
[2026-05-08T16:26:18.307+0000] {processor.py:183} INFO - Processing /opt/airflow/dags/job_etl_dag.py took 0.143 seconds
[2026-05-08T16:26:48.508+0000] {processor.py:161} INFO - Started process (PID=394) to work on /opt/airflow/dags/job_etl_dag.py
[2026-05-08T16:26:48.510+0000] {processor.py:830} INFO - Processing file /opt/airflow/dags/job_etl_dag.py for tasks to queue
[2026-05-08T16:26:48.512+0000] {logging_mixin.py:188} INFO - [2026-05-08T16:26:48.511+0000] {dagbag.py:538} INFO - Filling up the DagBag from /opt/airflow/dags/job_etl_dag.py
[2026-05-08T16:26:48.544+0000] {processor.py:840} INFO - DAG(s) 'job_market_etl' retrieved from /opt/airflow/dags/job_etl_dag.py
[2026-05-08T16:26:48.590+0000] {logging_mixin.py:188} INFO - [2026-05-08T16:26:48.590+0000] {dag.py:3036} INFO - Sync 1 DAGs
[2026-05-08T16:26:48.607+0000] {logging_mixin.py:188} INFO - [2026-05-08T16:26:48.607+0000] {dag.py:3823} INFO - Setting next_dagrun for job_market_etl to None, run_after=None
[2026-05-08T16:26:48.652+0000] {processor.py:183} INFO - Processing /opt/airflow/dags/job_etl_dag.py took 0.151 seconds
[2026-05-08T16:27:18.856+0000] {processor.py:161} INFO - Started process (PID=395) to work on /opt/airflow/dags/job_etl_dag.py
[2026-05-08T16:27:18.860+0000] {processor.py:830} INFO - Processing file /opt/airflow/dags/job_etl_dag.py for tasks to queue
[2026-05-08T16:27:18.863+0000] {logging_mixin.py:188} INFO - [2026-05-08T16:27:18.862+0000] {dagbag.py:538} INFO - Filling up the DagBag from /opt/airflow/dags/job_etl_dag.py
[2026-05-08T16:27:18.898+0000] {processor.py:840} INFO - DAG(s) 'job_market_etl' retrieved from /opt/airflow/dags/job_etl_dag.py
[2026-05-08T16:27:18.947+0000] {logging_mixin.py:188} INFO - [2026-05-08T16:27:18.946+0000] {dag.py:3036} INFO - Sync 1 DAGs
[2026-05-08T16:27:18.964+0000] {logging_mixin.py:188} INFO - [2026-05-08T16:27:18.963+0000] {dag.py:3823} INFO - Setting next_dagrun for job_market_etl to None, run_after=None
[2026-05-08T16:27:19.008+0000] {processor.py:183} INFO - Processing /opt/airflow/dags/job_etl_dag.py took 0.160 seconds
[2026-05-08T16:27:49.162+0000] {processor.py:161} INFO - Started process (PID=396) to work on /opt/airflow/dags/job_etl_dag.py
[2026-05-08T16:27:49.164+0000] {processor.py:830} INFO - Processing file /opt/airflow/dags/job_etl_dag.py for tasks to queue
[2026-05-08T16:27:49.166+0000] {logging_mixin.py:188} INFO - [2026-05-08T16:27:49.166+0000] {dagbag.py:538} INFO - Filling up the DagBag from /opt/airflow/dags/job_etl_dag.py
[2026-05-08T16:27:49.200+0000] {processor.py:840} INFO - DAG(s) 'job_market_etl' retrieved from /opt/airflow/dags/job_etl_dag.py
[2026-05-08T16:27:49.250+0000] {logging_mixin.py:188} INFO - [2026-05-08T16:27:49.249+0000] {dag.py:3036} INFO - Sync 1 DAGs
[2026-05-08T16:27:49.268+0000] {logging_mixin.py:188} INFO - [2026-05-08T16:27:49.267+0000] {dag.py:3823} INFO - Setting next_dagrun for job_market_etl to None, run_after=None
[2026-05-08T16:27:49.316+0000] {processor.py:183} INFO - Processing /opt/airflow/dags/job_etl_dag.py took 0.158 seconds
[2026-05-08T16:28:19.527+0000] {processor.py:161} INFO - Started process (PID=397) to work on /opt/airflow/dags/job_etl_dag.py
[2026-05-08T16:28:19.529+0000] {processor.py:830} INFO - Processing file /opt/airflow/dags/job_etl_dag.py for tasks to queue
[2026-05-08T16:28:19.530+0000] {logging_mixin.py:188} INFO - [2026-05-08T16:28:19.530+0000] {dagbag.py:538} INFO - Filling up the DagBag from /opt/airflow/dags/job_etl_dag.py
[2026-05-08T16:28:19.563+0000] {processor.py:840} INFO - DAG(s) 'job_market_etl' retrieved from /opt/airflow/dags/job_etl_dag.py
[2026-05-08T16:28:19.606+0000] {logging_mixin.py:188} INFO - [2026-05-08T16:28:19.606+0000] {dag.py:3036} INFO - Sync 1 DAGs
[2026-05-08T16:28:19.623+0000] {logging_mixin.py:188} INFO - [2026-05-08T16:28:19.623+0000] {dag.py:3823} INFO - Setting next_dagrun for job_market_etl to None, run_after=None
[2026-05-08T16:28:19.668+0000] {processor.py:183} INFO - Processing /opt/airflow/dags/job_etl_dag.py took 0.146 seconds
