[2026-05-12T00:00:05.793+0000] {processor.py:161} INFO - Started process (PID=2251) to work on /opt/airflow/dags/job_etl_dag.py
[2026-05-12T00:00:05.795+0000] {processor.py:830} INFO - Processing file /opt/airflow/dags/job_etl_dag.py for tasks to queue
[2026-05-12T00:00:05.797+0000] {logging_mixin.py:188} INFO - [2026-05-12T00:00:05.796+0000] {dagbag.py:538} INFO - Filling up the DagBag from /opt/airflow/dags/job_etl_dag.py
[2026-05-12T00:00:05.825+0000] {processor.py:840} INFO - DAG(s) 'job_market_etl' retrieved from /opt/airflow/dags/job_etl_dag.py
[2026-05-12T00:00:05.868+0000] {logging_mixin.py:188} INFO - [2026-05-12T00:00:05.868+0000] {dag.py:3036} INFO - Sync 1 DAGs
[2026-05-12T00:00:05.885+0000] {logging_mixin.py:188} INFO - [2026-05-12T00:00:05.885+0000] {dag.py:3823} INFO - Setting next_dagrun for job_market_etl to None, run_after=None
[2026-05-12T00:00:05.921+0000] {processor.py:183} INFO - Processing /opt/airflow/dags/job_etl_dag.py took 0.132 seconds
[2026-05-12T00:00:36.070+0000] {processor.py:161} INFO - Started process (PID=2252) to work on /opt/airflow/dags/job_etl_dag.py
[2026-05-12T00:00:36.071+0000] {processor.py:830} INFO - Processing file /opt/airflow/dags/job_etl_dag.py for tasks to queue
[2026-05-12T00:00:36.073+0000] {logging_mixin.py:188} INFO - [2026-05-12T00:00:36.072+0000] {dagbag.py:538} INFO - Filling up the DagBag from /opt/airflow/dags/job_etl_dag.py
[2026-05-12T00:00:36.103+0000] {processor.py:840} INFO - DAG(s) 'job_market_etl' retrieved from /opt/airflow/dags/job_etl_dag.py
[2026-05-12T00:00:36.147+0000] {logging_mixin.py:188} INFO - [2026-05-12T00:00:36.146+0000] {dag.py:3036} INFO - Sync 1 DAGs
[2026-05-12T00:00:36.166+0000] {logging_mixin.py:188} INFO - [2026-05-12T00:00:36.166+0000] {dag.py:3823} INFO - Setting next_dagrun for job_market_etl to None, run_after=None
[2026-05-12T00:00:36.212+0000] {processor.py:183} INFO - Processing /opt/airflow/dags/job_etl_dag.py took 0.148 seconds
[2026-05-12T00:01:06.461+0000] {processor.py:161} INFO - Started process (PID=2253) to work on /opt/airflow/dags/job_etl_dag.py
[2026-05-12T00:01:06.463+0000] {processor.py:830} INFO - Processing file /opt/airflow/dags/job_etl_dag.py for tasks to queue
[2026-05-12T00:01:06.465+0000] {logging_mixin.py:188} INFO - [2026-05-12T00:01:06.465+0000] {dagbag.py:538} INFO - Filling up the DagBag from /opt/airflow/dags/job_etl_dag.py
[2026-05-12T00:01:06.496+0000] {processor.py:840} INFO - DAG(s) 'job_market_etl' retrieved from /opt/airflow/dags/job_etl_dag.py
[2026-05-12T00:01:06.538+0000] {logging_mixin.py:188} INFO - [2026-05-12T00:01:06.537+0000] {dag.py:3036} INFO - Sync 1 DAGs
[2026-05-12T00:01:06.555+0000] {logging_mixin.py:188} INFO - [2026-05-12T00:01:06.555+0000] {dag.py:3823} INFO - Setting next_dagrun for job_market_etl to None, run_after=None
[2026-05-12T00:01:06.586+0000] {processor.py:183} INFO - Processing /opt/airflow/dags/job_etl_dag.py took 0.129 seconds
[2026-05-12T00:01:36.717+0000] {processor.py:161} INFO - Started process (PID=2254) to work on /opt/airflow/dags/job_etl_dag.py
[2026-05-12T00:01:36.718+0000] {processor.py:830} INFO - Processing file /opt/airflow/dags/job_etl_dag.py for tasks to queue
[2026-05-12T00:01:36.721+0000] {logging_mixin.py:188} INFO - [2026-05-12T00:01:36.720+0000] {dagbag.py:538} INFO - Filling up the DagBag from /opt/airflow/dags/job_etl_dag.py
[2026-05-12T00:01:36.748+0000] {processor.py:840} INFO - DAG(s) 'job_market_etl' retrieved from /opt/airflow/dags/job_etl_dag.py
[2026-05-12T00:01:36.792+0000] {logging_mixin.py:188} INFO - [2026-05-12T00:01:36.792+0000] {dag.py:3036} INFO - Sync 1 DAGs
[2026-05-12T00:01:36.809+0000] {logging_mixin.py:188} INFO - [2026-05-12T00:01:36.808+0000] {dag.py:3823} INFO - Setting next_dagrun for job_market_etl to None, run_after=None
[2026-05-12T00:01:36.841+0000] {processor.py:183} INFO - Processing /opt/airflow/dags/job_etl_dag.py took 0.129 seconds
[2026-05-12T00:02:07.078+0000] {processor.py:161} INFO - Started process (PID=2255) to work on /opt/airflow/dags/job_etl_dag.py
[2026-05-12T00:02:07.079+0000] {processor.py:830} INFO - Processing file /opt/airflow/dags/job_etl_dag.py for tasks to queue
[2026-05-12T00:02:07.081+0000] {logging_mixin.py:188} INFO - [2026-05-12T00:02:07.080+0000] {dagbag.py:538} INFO - Filling up the DagBag from /opt/airflow/dags/job_etl_dag.py
[2026-05-12T00:02:07.113+0000] {processor.py:840} INFO - DAG(s) 'job_market_etl' retrieved from /opt/airflow/dags/job_etl_dag.py
[2026-05-12T00:02:07.153+0000] {logging_mixin.py:188} INFO - [2026-05-12T00:02:07.152+0000] {dag.py:3036} INFO - Sync 1 DAGs
[2026-05-12T00:02:07.169+0000] {logging_mixin.py:188} INFO - [2026-05-12T00:02:07.169+0000] {dag.py:3823} INFO - Setting next_dagrun for job_market_etl to None, run_after=None
[2026-05-12T00:02:07.216+0000] {processor.py:183} INFO - Processing /opt/airflow/dags/job_etl_dag.py took 0.142 seconds
[2026-05-12T00:02:37.333+0000] {processor.py:161} INFO - Started process (PID=2256) to work on /opt/airflow/dags/job_etl_dag.py
[2026-05-12T00:02:37.334+0000] {processor.py:830} INFO - Processing file /opt/airflow/dags/job_etl_dag.py for tasks to queue
[2026-05-12T00:02:37.336+0000] {logging_mixin.py:188} INFO - [2026-05-12T00:02:37.336+0000] {dagbag.py:538} INFO - Filling up the DagBag from /opt/airflow/dags/job_etl_dag.py
[2026-05-12T00:02:37.368+0000] {processor.py:840} INFO - DAG(s) 'job_market_etl' retrieved from /opt/airflow/dags/job_etl_dag.py
[2026-05-12T00:02:37.410+0000] {logging_mixin.py:188} INFO - [2026-05-12T00:02:37.409+0000] {dag.py:3036} INFO - Sync 1 DAGs
[2026-05-12T00:02:37.429+0000] {logging_mixin.py:188} INFO - [2026-05-12T00:02:37.429+0000] {dag.py:3823} INFO - Setting next_dagrun for job_market_etl to None, run_after=None
[2026-05-12T00:02:37.478+0000] {processor.py:183} INFO - Processing /opt/airflow/dags/job_etl_dag.py took 0.149 seconds
[2026-05-12T00:03:07.708+0000] {processor.py:161} INFO - Started process (PID=2257) to work on /opt/airflow/dags/job_etl_dag.py
[2026-05-12T00:03:07.709+0000] {processor.py:830} INFO - Processing file /opt/airflow/dags/job_etl_dag.py for tasks to queue
[2026-05-12T00:03:07.711+0000] {logging_mixin.py:188} INFO - [2026-05-12T00:03:07.711+0000] {dagbag.py:538} INFO - Filling up the DagBag from /opt/airflow/dags/job_etl_dag.py
[2026-05-12T00:03:07.740+0000] {processor.py:840} INFO - DAG(s) 'job_market_etl' retrieved from /opt/airflow/dags/job_etl_dag.py
[2026-05-12T00:03:07.782+0000] {logging_mixin.py:188} INFO - [2026-05-12T00:03:07.782+0000] {dag.py:3036} INFO - Sync 1 DAGs
[2026-05-12T00:03:07.799+0000] {logging_mixin.py:188} INFO - [2026-05-12T00:03:07.799+0000] {dag.py:3823} INFO - Setting next_dagrun for job_market_etl to None, run_after=None
[2026-05-12T00:03:07.834+0000] {processor.py:183} INFO - Processing /opt/airflow/dags/job_etl_dag.py took 0.130 seconds
[2026-05-12T00:03:37.973+0000] {processor.py:161} INFO - Started process (PID=2258) to work on /opt/airflow/dags/job_etl_dag.py
[2026-05-12T00:03:37.976+0000] {processor.py:830} INFO - Processing file /opt/airflow/dags/job_etl_dag.py for tasks to queue
[2026-05-12T00:03:37.978+0000] {logging_mixin.py:188} INFO - [2026-05-12T00:03:37.977+0000] {dagbag.py:538} INFO - Filling up the DagBag from /opt/airflow/dags/job_etl_dag.py
[2026-05-12T00:03:38.013+0000] {processor.py:840} INFO - DAG(s) 'job_market_etl' retrieved from /opt/airflow/dags/job_etl_dag.py
[2026-05-12T00:03:38.060+0000] {logging_mixin.py:188} INFO - [2026-05-12T00:03:38.059+0000] {dag.py:3036} INFO - Sync 1 DAGs
[2026-05-12T00:03:38.078+0000] {logging_mixin.py:188} INFO - [2026-05-12T00:03:38.078+0000] {dag.py:3823} INFO - Setting next_dagrun for job_market_etl to None, run_after=None
[2026-05-12T00:03:38.112+0000] {processor.py:183} INFO - Processing /opt/airflow/dags/job_etl_dag.py took 0.143 seconds
[2026-05-12T00:04:08.322+0000] {processor.py:161} INFO - Started process (PID=2259) to work on /opt/airflow/dags/job_etl_dag.py
[2026-05-12T00:04:08.324+0000] {processor.py:830} INFO - Processing file /opt/airflow/dags/job_etl_dag.py for tasks to queue
[2026-05-12T00:04:08.326+0000] {logging_mixin.py:188} INFO - [2026-05-12T00:04:08.325+0000] {dagbag.py:538} INFO - Filling up the DagBag from /opt/airflow/dags/job_etl_dag.py
[2026-05-12T00:04:08.356+0000] {processor.py:840} INFO - DAG(s) 'job_market_etl' retrieved from /opt/airflow/dags/job_etl_dag.py
[2026-05-12T00:04:08.396+0000] {logging_mixin.py:188} INFO - [2026-05-12T00:04:08.395+0000] {dag.py:3036} INFO - Sync 1 DAGs
[2026-05-12T00:04:08.413+0000] {logging_mixin.py:188} INFO - [2026-05-12T00:04:08.413+0000] {dag.py:3823} INFO - Setting next_dagrun for job_market_etl to None, run_after=None
[2026-05-12T00:04:08.461+0000] {processor.py:183} INFO - Processing /opt/airflow/dags/job_etl_dag.py took 0.144 seconds
[2026-05-12T00:04:38.611+0000] {processor.py:161} INFO - Started process (PID=2260) to work on /opt/airflow/dags/job_etl_dag.py
[2026-05-12T00:04:38.613+0000] {processor.py:830} INFO - Processing file /opt/airflow/dags/job_etl_dag.py for tasks to queue
[2026-05-12T00:04:38.614+0000] {logging_mixin.py:188} INFO - [2026-05-12T00:04:38.614+0000] {dagbag.py:538} INFO - Filling up the DagBag from /opt/airflow/dags/job_etl_dag.py
[2026-05-12T00:04:38.658+0000] {processor.py:840} INFO - DAG(s) 'job_market_etl' retrieved from /opt/airflow/dags/job_etl_dag.py
[2026-05-12T00:04:38.703+0000] {logging_mixin.py:188} INFO - [2026-05-12T00:04:38.702+0000] {dag.py:3036} INFO - Sync 1 DAGs
[2026-05-12T00:04:38.720+0000] {logging_mixin.py:188} INFO - [2026-05-12T00:04:38.719+0000] {dag.py:3823} INFO - Setting next_dagrun for job_market_etl to None, run_after=None
[2026-05-12T00:04:38.754+0000] {processor.py:183} INFO - Processing /opt/airflow/dags/job_etl_dag.py took 0.149 seconds
[2026-05-12T00:05:08.948+0000] {processor.py:161} INFO - Started process (PID=2261) to work on /opt/airflow/dags/job_etl_dag.py
[2026-05-12T00:05:08.950+0000] {processor.py:830} INFO - Processing file /opt/airflow/dags/job_etl_dag.py for tasks to queue
[2026-05-12T00:05:08.952+0000] {logging_mixin.py:188} INFO - [2026-05-12T00:05:08.951+0000] {dagbag.py:538} INFO - Filling up the DagBag from /opt/airflow/dags/job_etl_dag.py
[2026-05-12T00:05:08.985+0000] {processor.py:840} INFO - DAG(s) 'job_market_etl' retrieved from /opt/airflow/dags/job_etl_dag.py
[2026-05-12T00:05:09.029+0000] {logging_mixin.py:188} INFO - [2026-05-12T00:05:09.029+0000] {dag.py:3036} INFO - Sync 1 DAGs
[2026-05-12T00:05:09.047+0000] {logging_mixin.py:188} INFO - [2026-05-12T00:05:09.046+0000] {dag.py:3823} INFO - Setting next_dagrun for job_market_etl to None, run_after=None
[2026-05-12T00:05:09.083+0000] {processor.py:183} INFO - Processing /opt/airflow/dags/job_etl_dag.py took 0.141 seconds
[2026-05-12T00:05:39.233+0000] {processor.py:161} INFO - Started process (PID=2262) to work on /opt/airflow/dags/job_etl_dag.py
[2026-05-12T00:05:39.235+0000] {processor.py:830} INFO - Processing file /opt/airflow/dags/job_etl_dag.py for tasks to queue
[2026-05-12T00:05:39.237+0000] {logging_mixin.py:188} INFO - [2026-05-12T00:05:39.237+0000] {dagbag.py:538} INFO - Filling up the DagBag from /opt/airflow/dags/job_etl_dag.py
[2026-05-12T00:05:39.265+0000] {processor.py:840} INFO - DAG(s) 'job_market_etl' retrieved from /opt/airflow/dags/job_etl_dag.py
[2026-05-12T00:05:39.311+0000] {logging_mixin.py:188} INFO - [2026-05-12T00:05:39.310+0000] {dag.py:3036} INFO - Sync 1 DAGs
[2026-05-12T00:05:39.330+0000] {logging_mixin.py:188} INFO - [2026-05-12T00:05:39.329+0000] {dag.py:3823} INFO - Setting next_dagrun for job_market_etl to None, run_after=None
[2026-05-12T00:05:39.364+0000] {processor.py:183} INFO - Processing /opt/airflow/dags/job_etl_dag.py took 0.135 seconds
[2026-05-12T00:06:09.618+0000] {processor.py:161} INFO - Started process (PID=2263) to work on /opt/airflow/dags/job_etl_dag.py
[2026-05-12T00:06:09.620+0000] {processor.py:830} INFO - Processing file /opt/airflow/dags/job_etl_dag.py for tasks to queue
[2026-05-12T00:06:09.622+0000] {logging_mixin.py:188} INFO - [2026-05-12T00:06:09.622+0000] {dagbag.py:538} INFO - Filling up the DagBag from /opt/airflow/dags/job_etl_dag.py
[2026-05-12T00:06:09.653+0000] {processor.py:840} INFO - DAG(s) 'job_market_etl' retrieved from /opt/airflow/dags/job_etl_dag.py
[2026-05-12T00:06:09.697+0000] {logging_mixin.py:188} INFO - [2026-05-12T00:06:09.697+0000] {dag.py:3036} INFO - Sync 1 DAGs
[2026-05-12T00:06:09.716+0000] {logging_mixin.py:188} INFO - [2026-05-12T00:06:09.715+0000] {dag.py:3823} INFO - Setting next_dagrun for job_market_etl to None, run_after=None
[2026-05-12T00:06:09.752+0000] {processor.py:183} INFO - Processing /opt/airflow/dags/job_etl_dag.py took 0.138 seconds
[2026-05-12T00:06:39.874+0000] {processor.py:161} INFO - Started process (PID=2264) to work on /opt/airflow/dags/job_etl_dag.py
[2026-05-12T00:06:39.876+0000] {processor.py:830} INFO - Processing file /opt/airflow/dags/job_etl_dag.py for tasks to queue
[2026-05-12T00:06:39.878+0000] {logging_mixin.py:188} INFO - [2026-05-12T00:06:39.878+0000] {dagbag.py:538} INFO - Filling up the DagBag from /opt/airflow/dags/job_etl_dag.py
[2026-05-12T00:06:39.911+0000] {processor.py:840} INFO - DAG(s) 'job_market_etl' retrieved from /opt/airflow/dags/job_etl_dag.py
[2026-05-12T00:06:39.952+0000] {logging_mixin.py:188} INFO - [2026-05-12T00:06:39.951+0000] {dag.py:3036} INFO - Sync 1 DAGs
[2026-05-12T00:06:39.970+0000] {logging_mixin.py:188} INFO - [2026-05-12T00:06:39.970+0000] {dag.py:3823} INFO - Setting next_dagrun for job_market_etl to None, run_after=None
[2026-05-12T00:06:40.003+0000] {processor.py:183} INFO - Processing /opt/airflow/dags/job_etl_dag.py took 0.135 seconds
[2026-05-12T00:07:10.232+0000] {processor.py:161} INFO - Started process (PID=2265) to work on /opt/airflow/dags/job_etl_dag.py
[2026-05-12T00:07:10.234+0000] {processor.py:830} INFO - Processing file /opt/airflow/dags/job_etl_dag.py for tasks to queue
[2026-05-12T00:07:10.236+0000] {logging_mixin.py:188} INFO - [2026-05-12T00:07:10.236+0000] {dagbag.py:538} INFO - Filling up the DagBag from /opt/airflow/dags/job_etl_dag.py
[2026-05-12T00:07:10.267+0000] {processor.py:840} INFO - DAG(s) 'job_market_etl' retrieved from /opt/airflow/dags/job_etl_dag.py
[2026-05-12T00:07:10.309+0000] {logging_mixin.py:188} INFO - [2026-05-12T00:07:10.309+0000] {dag.py:3036} INFO - Sync 1 DAGs
[2026-05-12T00:07:10.327+0000] {logging_mixin.py:188} INFO - [2026-05-12T00:07:10.327+0000] {dag.py:3823} INFO - Setting next_dagrun for job_market_etl to None, run_after=None
[2026-05-12T00:07:10.360+0000] {processor.py:183} INFO - Processing /opt/airflow/dags/job_etl_dag.py took 0.131 seconds
[2026-05-12T00:07:40.483+0000] {processor.py:161} INFO - Started process (PID=2266) to work on /opt/airflow/dags/job_etl_dag.py
[2026-05-12T00:07:40.486+0000] {processor.py:830} INFO - Processing file /opt/airflow/dags/job_etl_dag.py for tasks to queue
[2026-05-12T00:07:40.488+0000] {logging_mixin.py:188} INFO - [2026-05-12T00:07:40.487+0000] {dagbag.py:538} INFO - Filling up the DagBag from /opt/airflow/dags/job_etl_dag.py
[2026-05-12T00:07:40.519+0000] {processor.py:840} INFO - DAG(s) 'job_market_etl' retrieved from /opt/airflow/dags/job_etl_dag.py
[2026-05-12T00:07:40.567+0000] {logging_mixin.py:188} INFO - [2026-05-12T00:07:40.566+0000] {dag.py:3036} INFO - Sync 1 DAGs
[2026-05-12T00:07:40.585+0000] {logging_mixin.py:188} INFO - [2026-05-12T00:07:40.585+0000] {dag.py:3823} INFO - Setting next_dagrun for job_market_etl to None, run_after=None
[2026-05-12T00:07:40.619+0000] {processor.py:183} INFO - Processing /opt/airflow/dags/job_etl_dag.py took 0.142 seconds
[2026-05-12T00:08:10.842+0000] {processor.py:161} INFO - Started process (PID=2267) to work on /opt/airflow/dags/job_etl_dag.py
[2026-05-12T00:08:10.843+0000] {processor.py:830} INFO - Processing file /opt/airflow/dags/job_etl_dag.py for tasks to queue
[2026-05-12T00:08:10.845+0000] {logging_mixin.py:188} INFO - [2026-05-12T00:08:10.844+0000] {dagbag.py:538} INFO - Filling up the DagBag from /opt/airflow/dags/job_etl_dag.py
[2026-05-12T00:08:10.873+0000] {processor.py:840} INFO - DAG(s) 'job_market_etl' retrieved from /opt/airflow/dags/job_etl_dag.py
[2026-05-12T00:08:10.917+0000] {logging_mixin.py:188} INFO - [2026-05-12T00:08:10.916+0000] {dag.py:3036} INFO - Sync 1 DAGs
[2026-05-12T00:08:10.935+0000] {logging_mixin.py:188} INFO - [2026-05-12T00:08:10.935+0000] {dag.py:3823} INFO - Setting next_dagrun for job_market_etl to None, run_after=None
[2026-05-12T00:08:10.975+0000] {processor.py:183} INFO - Processing /opt/airflow/dags/job_etl_dag.py took 0.137 seconds
[2026-05-12T00:08:41.117+0000] {processor.py:161} INFO - Started process (PID=2268) to work on /opt/airflow/dags/job_etl_dag.py
[2026-05-12T00:08:41.118+0000] {processor.py:830} INFO - Processing file /opt/airflow/dags/job_etl_dag.py for tasks to queue
[2026-05-12T00:08:41.121+0000] {logging_mixin.py:188} INFO - [2026-05-12T00:08:41.120+0000] {dagbag.py:538} INFO - Filling up the DagBag from /opt/airflow/dags/job_etl_dag.py
[2026-05-12T00:08:41.150+0000] {processor.py:840} INFO - DAG(s) 'job_market_etl' retrieved from /opt/airflow/dags/job_etl_dag.py
[2026-05-12T00:08:41.199+0000] {logging_mixin.py:188} INFO - [2026-05-12T00:08:41.199+0000] {dag.py:3036} INFO - Sync 1 DAGs
[2026-05-12T00:08:41.216+0000] {logging_mixin.py:188} INFO - [2026-05-12T00:08:41.216+0000] {dag.py:3823} INFO - Setting next_dagrun for job_market_etl to None, run_after=None
[2026-05-12T00:08:41.252+0000] {processor.py:183} INFO - Processing /opt/airflow/dags/job_etl_dag.py took 0.140 seconds
[2026-05-12T00:09:11.461+0000] {processor.py:161} INFO - Started process (PID=2269) to work on /opt/airflow/dags/job_etl_dag.py
[2026-05-12T00:09:11.462+0000] {processor.py:830} INFO - Processing file /opt/airflow/dags/job_etl_dag.py for tasks to queue
[2026-05-12T00:09:11.464+0000] {logging_mixin.py:188} INFO - [2026-05-12T00:09:11.464+0000] {dagbag.py:538} INFO - Filling up the DagBag from /opt/airflow/dags/job_etl_dag.py
[2026-05-12T00:09:11.495+0000] {processor.py:840} INFO - DAG(s) 'job_market_etl' retrieved from /opt/airflow/dags/job_etl_dag.py
[2026-05-12T00:09:11.541+0000] {logging_mixin.py:188} INFO - [2026-05-12T00:09:11.541+0000] {dag.py:3036} INFO - Sync 1 DAGs
[2026-05-12T00:09:11.560+0000] {logging_mixin.py:188} INFO - [2026-05-12T00:09:11.560+0000] {dag.py:3823} INFO - Setting next_dagrun for job_market_etl to None, run_after=None
[2026-05-12T00:09:11.606+0000] {processor.py:183} INFO - Processing /opt/airflow/dags/job_etl_dag.py took 0.150 seconds
[2026-05-12T00:09:41.738+0000] {processor.py:161} INFO - Started process (PID=2270) to work on /opt/airflow/dags/job_etl_dag.py
[2026-05-12T00:09:41.740+0000] {processor.py:830} INFO - Processing file /opt/airflow/dags/job_etl_dag.py for tasks to queue
[2026-05-12T00:09:41.741+0000] {logging_mixin.py:188} INFO - [2026-05-12T00:09:41.741+0000] {dagbag.py:538} INFO - Filling up the DagBag from /opt/airflow/dags/job_etl_dag.py
[2026-05-12T00:09:41.772+0000] {processor.py:840} INFO - DAG(s) 'job_market_etl' retrieved from /opt/airflow/dags/job_etl_dag.py
[2026-05-12T00:09:41.819+0000] {logging_mixin.py:188} INFO - [2026-05-12T00:09:41.819+0000] {dag.py:3036} INFO - Sync 1 DAGs
[2026-05-12T00:09:41.837+0000] {logging_mixin.py:188} INFO - [2026-05-12T00:09:41.837+0000] {dag.py:3823} INFO - Setting next_dagrun for job_market_etl to None, run_after=None
[2026-05-12T00:09:41.872+0000] {processor.py:183} INFO - Processing /opt/airflow/dags/job_etl_dag.py took 0.138 seconds
[2026-05-12T00:10:12.093+0000] {processor.py:161} INFO - Started process (PID=2271) to work on /opt/airflow/dags/job_etl_dag.py
[2026-05-12T00:10:12.095+0000] {processor.py:830} INFO - Processing file /opt/airflow/dags/job_etl_dag.py for tasks to queue
[2026-05-12T00:10:12.097+0000] {logging_mixin.py:188} INFO - [2026-05-12T00:10:12.095+0000] {dagbag.py:538} INFO - Filling up the DagBag from /opt/airflow/dags/job_etl_dag.py
[2026-05-12T00:10:12.127+0000] {processor.py:840} INFO - DAG(s) 'job_market_etl' retrieved from /opt/airflow/dags/job_etl_dag.py
[2026-05-12T00:10:12.172+0000] {logging_mixin.py:188} INFO - [2026-05-12T00:10:12.172+0000] {dag.py:3036} INFO - Sync 1 DAGs
[2026-05-12T00:10:12.190+0000] {logging_mixin.py:188} INFO - [2026-05-12T00:10:12.190+0000] {dag.py:3823} INFO - Setting next_dagrun for job_market_etl to None, run_after=None
[2026-05-12T00:10:12.235+0000] {processor.py:183} INFO - Processing /opt/airflow/dags/job_etl_dag.py took 0.146 seconds
[2026-05-12T00:10:42.356+0000] {processor.py:161} INFO - Started process (PID=2272) to work on /opt/airflow/dags/job_etl_dag.py
[2026-05-12T00:10:42.357+0000] {processor.py:830} INFO - Processing file /opt/airflow/dags/job_etl_dag.py for tasks to queue
[2026-05-12T00:10:42.359+0000] {logging_mixin.py:188} INFO - [2026-05-12T00:10:42.359+0000] {dagbag.py:538} INFO - Filling up the DagBag from /opt/airflow/dags/job_etl_dag.py
[2026-05-12T00:10:42.390+0000] {processor.py:840} INFO - DAG(s) 'job_market_etl' retrieved from /opt/airflow/dags/job_etl_dag.py
[2026-05-12T00:10:42.441+0000] {logging_mixin.py:188} INFO - [2026-05-12T00:10:42.441+0000] {dag.py:3036} INFO - Sync 1 DAGs
[2026-05-12T00:10:42.460+0000] {logging_mixin.py:188} INFO - [2026-05-12T00:10:42.460+0000] {dag.py:3823} INFO - Setting next_dagrun for job_market_etl to None, run_after=None
[2026-05-12T00:10:42.493+0000] {processor.py:183} INFO - Processing /opt/airflow/dags/job_etl_dag.py took 0.144 seconds
[2026-05-12T00:11:12.765+0000] {processor.py:161} INFO - Started process (PID=2273) to work on /opt/airflow/dags/job_etl_dag.py
[2026-05-12T00:11:12.767+0000] {processor.py:830} INFO - Processing file /opt/airflow/dags/job_etl_dag.py for tasks to queue
[2026-05-12T00:11:12.769+0000] {logging_mixin.py:188} INFO - [2026-05-12T00:11:12.768+0000] {dagbag.py:538} INFO - Filling up the DagBag from /opt/airflow/dags/job_etl_dag.py
[2026-05-12T00:11:12.798+0000] {processor.py:840} INFO - DAG(s) 'job_market_etl' retrieved from /opt/airflow/dags/job_etl_dag.py
[2026-05-12T00:11:12.840+0000] {logging_mixin.py:188} INFO - [2026-05-12T00:11:12.840+0000] {dag.py:3036} INFO - Sync 1 DAGs
[2026-05-12T00:11:12.856+0000] {logging_mixin.py:188} INFO - [2026-05-12T00:11:12.856+0000] {dag.py:3823} INFO - Setting next_dagrun for job_market_etl to None, run_after=None
[2026-05-12T00:11:12.901+0000] {processor.py:183} INFO - Processing /opt/airflow/dags/job_etl_dag.py took 0.139 seconds
[2026-05-12T00:11:43.021+0000] {processor.py:161} INFO - Started process (PID=2274) to work on /opt/airflow/dags/job_etl_dag.py
[2026-05-12T00:11:43.023+0000] {processor.py:830} INFO - Processing file /opt/airflow/dags/job_etl_dag.py for tasks to queue
[2026-05-12T00:11:43.026+0000] {logging_mixin.py:188} INFO - [2026-05-12T00:11:43.025+0000] {dagbag.py:538} INFO - Filling up the DagBag from /opt/airflow/dags/job_etl_dag.py
[2026-05-12T00:11:43.058+0000] {processor.py:840} INFO - DAG(s) 'job_market_etl' retrieved from /opt/airflow/dags/job_etl_dag.py
[2026-05-12T00:11:43.104+0000] {logging_mixin.py:188} INFO - [2026-05-12T00:11:43.103+0000] {dag.py:3036} INFO - Sync 1 DAGs
[2026-05-12T00:11:43.122+0000] {logging_mixin.py:188} INFO - [2026-05-12T00:11:43.122+0000] {dag.py:3823} INFO - Setting next_dagrun for job_market_etl to None, run_after=None
[2026-05-12T00:11:43.157+0000] {processor.py:183} INFO - Processing /opt/airflow/dags/job_etl_dag.py took 0.141 seconds
[2026-05-12T00:12:13.405+0000] {processor.py:161} INFO - Started process (PID=2275) to work on /opt/airflow/dags/job_etl_dag.py
[2026-05-12T00:12:13.407+0000] {processor.py:830} INFO - Processing file /opt/airflow/dags/job_etl_dag.py for tasks to queue
[2026-05-12T00:12:13.409+0000] {logging_mixin.py:188} INFO - [2026-05-12T00:12:13.409+0000] {dagbag.py:538} INFO - Filling up the DagBag from /opt/airflow/dags/job_etl_dag.py
[2026-05-12T00:12:13.452+0000] {processor.py:840} INFO - DAG(s) 'job_market_etl' retrieved from /opt/airflow/dags/job_etl_dag.py
[2026-05-12T00:12:13.512+0000] {logging_mixin.py:188} INFO - [2026-05-12T00:12:13.511+0000] {dag.py:3036} INFO - Sync 1 DAGs
[2026-05-12T00:12:13.535+0000] {logging_mixin.py:188} INFO - [2026-05-12T00:12:13.535+0000] {dag.py:3823} INFO - Setting next_dagrun for job_market_etl to None, run_after=None
[2026-05-12T00:12:13.572+0000] {processor.py:183} INFO - Processing /opt/airflow/dags/job_etl_dag.py took 0.172 seconds
[2026-05-12T11:18:49.470+0000] {processor.py:161} INFO - Started process (PID=2282) to work on /opt/airflow/dags/job_etl_dag.py
[2026-05-12T11:18:49.481+0000] {processor.py:830} INFO - Processing file /opt/airflow/dags/job_etl_dag.py for tasks to queue
[2026-05-12T11:18:49.492+0000] {logging_mixin.py:188} INFO - [2026-05-12T11:18:49.491+0000] {dagbag.py:538} INFO - Filling up the DagBag from /opt/airflow/dags/job_etl_dag.py
[2026-05-12T11:18:50.054+0000] {processor.py:840} INFO - DAG(s) 'job_market_etl' retrieved from /opt/airflow/dags/job_etl_dag.py
[2026-05-12T11:18:50.204+0000] {logging_mixin.py:188} INFO - [2026-05-12T11:18:50.203+0000] {dag.py:3036} INFO - Sync 1 DAGs
[2026-05-12T11:18:50.298+0000] {logging_mixin.py:188} INFO - [2026-05-12T11:18:50.297+0000] {dag.py:3823} INFO - Setting next_dagrun for job_market_etl to None, run_after=None
[2026-05-12T11:18:50.413+0000] {processor.py:183} INFO - Processing /opt/airflow/dags/job_etl_dag.py took 0.978 seconds
[2026-05-12T11:19:20.658+0000] {processor.py:161} INFO - Started process (PID=2283) to work on /opt/airflow/dags/job_etl_dag.py
[2026-05-12T11:19:20.660+0000] {processor.py:830} INFO - Processing file /opt/airflow/dags/job_etl_dag.py for tasks to queue
[2026-05-12T11:19:20.661+0000] {logging_mixin.py:188} INFO - [2026-05-12T11:19:20.661+0000] {dagbag.py:538} INFO - Filling up the DagBag from /opt/airflow/dags/job_etl_dag.py
[2026-05-12T11:19:20.698+0000] {processor.py:840} INFO - DAG(s) 'job_market_etl' retrieved from /opt/airflow/dags/job_etl_dag.py
[2026-05-12T11:19:20.741+0000] {logging_mixin.py:188} INFO - [2026-05-12T11:19:20.741+0000] {dag.py:3036} INFO - Sync 1 DAGs
[2026-05-12T11:19:20.757+0000] {logging_mixin.py:188} INFO - [2026-05-12T11:19:20.757+0000] {dag.py:3823} INFO - Setting next_dagrun for job_market_etl to None, run_after=None
[2026-05-12T11:19:20.783+0000] {processor.py:183} INFO - Processing /opt/airflow/dags/job_etl_dag.py took 0.131 seconds
[2026-05-12T11:19:51.015+0000] {processor.py:161} INFO - Started process (PID=2284) to work on /opt/airflow/dags/job_etl_dag.py
[2026-05-12T11:19:51.017+0000] {processor.py:830} INFO - Processing file /opt/airflow/dags/job_etl_dag.py for tasks to queue
[2026-05-12T11:19:51.018+0000] {logging_mixin.py:188} INFO - [2026-05-12T11:19:51.018+0000] {dagbag.py:538} INFO - Filling up the DagBag from /opt/airflow/dags/job_etl_dag.py
[2026-05-12T11:19:51.048+0000] {processor.py:840} INFO - DAG(s) 'job_market_etl' retrieved from /opt/airflow/dags/job_etl_dag.py
[2026-05-12T11:19:51.090+0000] {logging_mixin.py:188} INFO - [2026-05-12T11:19:51.090+0000] {dag.py:3036} INFO - Sync 1 DAGs
[2026-05-12T11:19:51.105+0000] {logging_mixin.py:188} INFO - [2026-05-12T11:19:51.105+0000] {dag.py:3823} INFO - Setting next_dagrun for job_market_etl to None, run_after=None
[2026-05-12T11:19:51.136+0000] {processor.py:183} INFO - Processing /opt/airflow/dags/job_etl_dag.py took 0.126 seconds
[2026-05-12T11:20:21.241+0000] {processor.py:161} INFO - Started process (PID=2285) to work on /opt/airflow/dags/job_etl_dag.py
[2026-05-12T11:20:21.243+0000] {processor.py:830} INFO - Processing file /opt/airflow/dags/job_etl_dag.py for tasks to queue
[2026-05-12T11:20:21.244+0000] {logging_mixin.py:188} INFO - [2026-05-12T11:20:21.244+0000] {dagbag.py:538} INFO - Filling up the DagBag from /opt/airflow/dags/job_etl_dag.py
[2026-05-12T11:20:21.272+0000] {processor.py:840} INFO - DAG(s) 'job_market_etl' retrieved from /opt/airflow/dags/job_etl_dag.py
[2026-05-12T11:20:21.315+0000] {logging_mixin.py:188} INFO - [2026-05-12T11:20:21.315+0000] {dag.py:3036} INFO - Sync 1 DAGs
[2026-05-12T11:20:21.330+0000] {logging_mixin.py:188} INFO - [2026-05-12T11:20:21.330+0000] {dag.py:3823} INFO - Setting next_dagrun for job_market_etl to None, run_after=None
[2026-05-12T11:20:21.374+0000] {processor.py:183} INFO - Processing /opt/airflow/dags/job_etl_dag.py took 0.142 seconds
[2026-05-12T11:20:51.592+0000] {processor.py:161} INFO - Started process (PID=2286) to work on /opt/airflow/dags/job_etl_dag.py
[2026-05-12T11:20:51.594+0000] {processor.py:830} INFO - Processing file /opt/airflow/dags/job_etl_dag.py for tasks to queue
[2026-05-12T11:20:51.596+0000] {logging_mixin.py:188} INFO - [2026-05-12T11:20:51.596+0000] {dagbag.py:538} INFO - Filling up the DagBag from /opt/airflow/dags/job_etl_dag.py
[2026-05-12T11:20:51.624+0000] {processor.py:840} INFO - DAG(s) 'job_market_etl' retrieved from /opt/airflow/dags/job_etl_dag.py
[2026-05-12T11:20:51.664+0000] {logging_mixin.py:188} INFO - [2026-05-12T11:20:51.663+0000] {dag.py:3036} INFO - Sync 1 DAGs
[2026-05-12T11:20:51.679+0000] {logging_mixin.py:188} INFO - [2026-05-12T11:20:51.679+0000] {dag.py:3823} INFO - Setting next_dagrun for job_market_etl to None, run_after=None
[2026-05-12T11:20:51.723+0000] {processor.py:183} INFO - Processing /opt/airflow/dags/job_etl_dag.py took 0.136 seconds
[2026-05-12T11:21:21.868+0000] {processor.py:161} INFO - Started process (PID=2287) to work on /opt/airflow/dags/job_etl_dag.py
[2026-05-12T11:21:21.870+0000] {processor.py:830} INFO - Processing file /opt/airflow/dags/job_etl_dag.py for tasks to queue
[2026-05-12T11:21:21.872+0000] {logging_mixin.py:188} INFO - [2026-05-12T11:21:21.872+0000] {dagbag.py:538} INFO - Filling up the DagBag from /opt/airflow/dags/job_etl_dag.py
[2026-05-12T11:21:21.903+0000] {processor.py:840} INFO - DAG(s) 'job_market_etl' retrieved from /opt/airflow/dags/job_etl_dag.py
[2026-05-12T11:21:21.944+0000] {logging_mixin.py:188} INFO - [2026-05-12T11:21:21.944+0000] {dag.py:3036} INFO - Sync 1 DAGs
[2026-05-12T11:21:21.963+0000] {logging_mixin.py:188} INFO - [2026-05-12T11:21:21.962+0000] {dag.py:3823} INFO - Setting next_dagrun for job_market_etl to None, run_after=None
[2026-05-12T11:21:21.994+0000] {processor.py:183} INFO - Processing /opt/airflow/dags/job_etl_dag.py took 0.131 seconds
[2026-05-12T11:21:52.224+0000] {processor.py:161} INFO - Started process (PID=2288) to work on /opt/airflow/dags/job_etl_dag.py
[2026-05-12T11:21:52.227+0000] {processor.py:830} INFO - Processing file /opt/airflow/dags/job_etl_dag.py for tasks to queue
[2026-05-12T11:21:52.229+0000] {logging_mixin.py:188} INFO - [2026-05-12T11:21:52.228+0000] {dagbag.py:538} INFO - Filling up the DagBag from /opt/airflow/dags/job_etl_dag.py
[2026-05-12T11:21:52.260+0000] {processor.py:840} INFO - DAG(s) 'job_market_etl' retrieved from /opt/airflow/dags/job_etl_dag.py
[2026-05-12T11:21:52.303+0000] {logging_mixin.py:188} INFO - [2026-05-12T11:21:52.303+0000] {dag.py:3036} INFO - Sync 1 DAGs
[2026-05-12T11:21:52.319+0000] {logging_mixin.py:188} INFO - [2026-05-12T11:21:52.319+0000] {dag.py:3823} INFO - Setting next_dagrun for job_market_etl to None, run_after=None
[2026-05-12T11:21:52.352+0000] {processor.py:183} INFO - Processing /opt/airflow/dags/job_etl_dag.py took 0.134 seconds
[2026-05-12T11:22:22.464+0000] {processor.py:161} INFO - Started process (PID=2289) to work on /opt/airflow/dags/job_etl_dag.py
[2026-05-12T11:22:22.467+0000] {processor.py:830} INFO - Processing file /opt/airflow/dags/job_etl_dag.py for tasks to queue
[2026-05-12T11:22:22.468+0000] {logging_mixin.py:188} INFO - [2026-05-12T11:22:22.468+0000] {dagbag.py:538} INFO - Filling up the DagBag from /opt/airflow/dags/job_etl_dag.py
[2026-05-12T11:22:22.503+0000] {processor.py:840} INFO - DAG(s) 'job_market_etl' retrieved from /opt/airflow/dags/job_etl_dag.py
[2026-05-12T11:22:22.553+0000] {logging_mixin.py:188} INFO - [2026-05-12T11:22:22.553+0000] {dag.py:3036} INFO - Sync 1 DAGs
[2026-05-12T11:22:22.569+0000] {logging_mixin.py:188} INFO - [2026-05-12T11:22:22.569+0000] {dag.py:3823} INFO - Setting next_dagrun for job_market_etl to None, run_after=None
[2026-05-12T11:22:22.598+0000] {processor.py:183} INFO - Processing /opt/airflow/dags/job_etl_dag.py took 0.139 seconds
[2026-05-12T11:22:52.836+0000] {processor.py:161} INFO - Started process (PID=2290) to work on /opt/airflow/dags/job_etl_dag.py
[2026-05-12T11:22:52.837+0000] {processor.py:830} INFO - Processing file /opt/airflow/dags/job_etl_dag.py for tasks to queue
[2026-05-12T11:22:52.839+0000] {logging_mixin.py:188} INFO - [2026-05-12T11:22:52.838+0000] {dagbag.py:538} INFO - Filling up the DagBag from /opt/airflow/dags/job_etl_dag.py
[2026-05-12T11:22:52.865+0000] {processor.py:840} INFO - DAG(s) 'job_market_etl' retrieved from /opt/airflow/dags/job_etl_dag.py
[2026-05-12T11:22:52.905+0000] {logging_mixin.py:188} INFO - [2026-05-12T11:22:52.905+0000] {dag.py:3036} INFO - Sync 1 DAGs
[2026-05-12T11:22:52.920+0000] {logging_mixin.py:188} INFO - [2026-05-12T11:22:52.920+0000] {dag.py:3823} INFO - Setting next_dagrun for job_market_etl to None, run_after=None
[2026-05-12T11:22:52.948+0000] {processor.py:183} INFO - Processing /opt/airflow/dags/job_etl_dag.py took 0.118 seconds
[2026-05-12T11:23:23.083+0000] {processor.py:161} INFO - Started process (PID=2291) to work on /opt/airflow/dags/job_etl_dag.py
[2026-05-12T11:23:23.085+0000] {processor.py:830} INFO - Processing file /opt/airflow/dags/job_etl_dag.py for tasks to queue
[2026-05-12T11:23:23.087+0000] {logging_mixin.py:188} INFO - [2026-05-12T11:23:23.087+0000] {dagbag.py:538} INFO - Filling up the DagBag from /opt/airflow/dags/job_etl_dag.py
[2026-05-12T11:23:23.118+0000] {processor.py:840} INFO - DAG(s) 'job_market_etl' retrieved from /opt/airflow/dags/job_etl_dag.py
[2026-05-12T11:23:23.185+0000] {logging_mixin.py:188} INFO - [2026-05-12T11:23:23.184+0000] {dag.py:3036} INFO - Sync 1 DAGs
[2026-05-12T11:23:23.200+0000] {logging_mixin.py:188} INFO - [2026-05-12T11:23:23.199+0000] {dag.py:3823} INFO - Setting next_dagrun for job_market_etl to None, run_after=None
[2026-05-12T11:23:23.231+0000] {processor.py:183} INFO - Processing /opt/airflow/dags/job_etl_dag.py took 0.154 seconds
[2026-05-12T11:23:53.479+0000] {processor.py:161} INFO - Started process (PID=2292) to work on /opt/airflow/dags/job_etl_dag.py
[2026-05-12T11:23:53.481+0000] {processor.py:830} INFO - Processing file /opt/airflow/dags/job_etl_dag.py for tasks to queue
[2026-05-12T11:23:53.484+0000] {logging_mixin.py:188} INFO - [2026-05-12T11:23:53.484+0000] {dagbag.py:538} INFO - Filling up the DagBag from /opt/airflow/dags/job_etl_dag.py
[2026-05-12T11:23:53.514+0000] {processor.py:840} INFO - DAG(s) 'job_market_etl' retrieved from /opt/airflow/dags/job_etl_dag.py
[2026-05-12T11:23:53.557+0000] {logging_mixin.py:188} INFO - [2026-05-12T11:23:53.556+0000] {dag.py:3036} INFO - Sync 1 DAGs
[2026-05-12T11:23:53.573+0000] {logging_mixin.py:188} INFO - [2026-05-12T11:23:53.573+0000] {dag.py:3823} INFO - Setting next_dagrun for job_market_etl to None, run_after=None
[2026-05-12T11:23:53.607+0000] {processor.py:183} INFO - Processing /opt/airflow/dags/job_etl_dag.py took 0.132 seconds
[2026-05-12T11:24:23.746+0000] {processor.py:161} INFO - Started process (PID=2293) to work on /opt/airflow/dags/job_etl_dag.py
[2026-05-12T11:24:23.749+0000] {processor.py:830} INFO - Processing file /opt/airflow/dags/job_etl_dag.py for tasks to queue
[2026-05-12T11:24:23.750+0000] {logging_mixin.py:188} INFO - [2026-05-12T11:24:23.750+0000] {dagbag.py:538} INFO - Filling up the DagBag from /opt/airflow/dags/job_etl_dag.py
[2026-05-12T11:24:23.783+0000] {processor.py:840} INFO - DAG(s) 'job_market_etl' retrieved from /opt/airflow/dags/job_etl_dag.py
[2026-05-12T11:24:23.829+0000] {logging_mixin.py:188} INFO - [2026-05-12T11:24:23.829+0000] {dag.py:3036} INFO - Sync 1 DAGs
[2026-05-12T11:24:23.847+0000] {logging_mixin.py:188} INFO - [2026-05-12T11:24:23.846+0000] {dag.py:3823} INFO - Setting next_dagrun for job_market_etl to None, run_after=None
[2026-05-12T11:24:23.879+0000] {processor.py:183} INFO - Processing /opt/airflow/dags/job_etl_dag.py took 0.139 seconds
[2026-05-12T11:24:54.101+0000] {processor.py:161} INFO - Started process (PID=2294) to work on /opt/airflow/dags/job_etl_dag.py
[2026-05-12T11:24:54.104+0000] {processor.py:830} INFO - Processing file /opt/airflow/dags/job_etl_dag.py for tasks to queue
[2026-05-12T11:24:54.106+0000] {logging_mixin.py:188} INFO - [2026-05-12T11:24:54.105+0000] {dagbag.py:538} INFO - Filling up the DagBag from /opt/airflow/dags/job_etl_dag.py
[2026-05-12T11:24:54.136+0000] {processor.py:840} INFO - DAG(s) 'job_market_etl' retrieved from /opt/airflow/dags/job_etl_dag.py
[2026-05-12T11:24:54.179+0000] {logging_mixin.py:188} INFO - [2026-05-12T11:24:54.179+0000] {dag.py:3036} INFO - Sync 1 DAGs
[2026-05-12T11:24:54.196+0000] {logging_mixin.py:188} INFO - [2026-05-12T11:24:54.196+0000] {dag.py:3823} INFO - Setting next_dagrun for job_market_etl to None, run_after=None
[2026-05-12T11:24:54.226+0000] {processor.py:183} INFO - Processing /opt/airflow/dags/job_etl_dag.py took 0.129 seconds
[2026-05-12T11:25:24.373+0000] {processor.py:161} INFO - Started process (PID=2295) to work on /opt/airflow/dags/job_etl_dag.py
[2026-05-12T11:25:24.375+0000] {processor.py:830} INFO - Processing file /opt/airflow/dags/job_etl_dag.py for tasks to queue
[2026-05-12T11:25:24.378+0000] {logging_mixin.py:188} INFO - [2026-05-12T11:25:24.377+0000] {dagbag.py:538} INFO - Filling up the DagBag from /opt/airflow/dags/job_etl_dag.py
[2026-05-12T11:25:24.411+0000] {processor.py:840} INFO - DAG(s) 'job_market_etl' retrieved from /opt/airflow/dags/job_etl_dag.py
[2026-05-12T11:25:24.465+0000] {logging_mixin.py:188} INFO - [2026-05-12T11:25:24.465+0000] {dag.py:3036} INFO - Sync 1 DAGs
[2026-05-12T11:25:24.480+0000] {logging_mixin.py:188} INFO - [2026-05-12T11:25:24.480+0000] {dag.py:3823} INFO - Setting next_dagrun for job_market_etl to None, run_after=None
[2026-05-12T11:25:24.512+0000] {processor.py:183} INFO - Processing /opt/airflow/dags/job_etl_dag.py took 0.145 seconds
[2026-05-12T11:25:54.755+0000] {processor.py:161} INFO - Started process (PID=2296) to work on /opt/airflow/dags/job_etl_dag.py
[2026-05-12T11:25:54.758+0000] {processor.py:830} INFO - Processing file /opt/airflow/dags/job_etl_dag.py for tasks to queue
[2026-05-12T11:25:54.760+0000] {logging_mixin.py:188} INFO - [2026-05-12T11:25:54.760+0000] {dagbag.py:538} INFO - Filling up the DagBag from /opt/airflow/dags/job_etl_dag.py
[2026-05-12T11:25:54.791+0000] {processor.py:840} INFO - DAG(s) 'job_market_etl' retrieved from /opt/airflow/dags/job_etl_dag.py
[2026-05-12T11:25:54.839+0000] {logging_mixin.py:188} INFO - [2026-05-12T11:25:54.838+0000] {dag.py:3036} INFO - Sync 1 DAGs
[2026-05-12T11:25:54.860+0000] {logging_mixin.py:188} INFO - [2026-05-12T11:25:54.860+0000] {dag.py:3823} INFO - Setting next_dagrun for job_market_etl to None, run_after=None
[2026-05-12T11:25:54.895+0000] {processor.py:183} INFO - Processing /opt/airflow/dags/job_etl_dag.py took 0.145 seconds
[2026-05-12T11:26:25.000+0000] {processor.py:161} INFO - Started process (PID=2297) to work on /opt/airflow/dags/job_etl_dag.py
[2026-05-12T11:26:25.002+0000] {processor.py:830} INFO - Processing file /opt/airflow/dags/job_etl_dag.py for tasks to queue
[2026-05-12T11:26:25.004+0000] {logging_mixin.py:188} INFO - [2026-05-12T11:26:25.003+0000] {dagbag.py:538} INFO - Filling up the DagBag from /opt/airflow/dags/job_etl_dag.py
[2026-05-12T11:26:25.037+0000] {processor.py:840} INFO - DAG(s) 'job_market_etl' retrieved from /opt/airflow/dags/job_etl_dag.py
[2026-05-12T11:26:25.092+0000] {logging_mixin.py:188} INFO - [2026-05-12T11:26:25.091+0000] {dag.py:3036} INFO - Sync 1 DAGs
[2026-05-12T11:26:25.113+0000] {logging_mixin.py:188} INFO - [2026-05-12T11:26:25.113+0000] {dag.py:3823} INFO - Setting next_dagrun for job_market_etl to None, run_after=None
[2026-05-12T11:26:25.145+0000] {processor.py:183} INFO - Processing /opt/airflow/dags/job_etl_dag.py took 0.152 seconds
[2026-05-12T11:26:55.404+0000] {processor.py:161} INFO - Started process (PID=2298) to work on /opt/airflow/dags/job_etl_dag.py
[2026-05-12T11:26:55.406+0000] {processor.py:830} INFO - Processing file /opt/airflow/dags/job_etl_dag.py for tasks to queue
[2026-05-12T11:26:55.410+0000] {logging_mixin.py:188} INFO - [2026-05-12T11:26:55.409+0000] {dagbag.py:538} INFO - Filling up the DagBag from /opt/airflow/dags/job_etl_dag.py
[2026-05-12T11:26:55.450+0000] {processor.py:840} INFO - DAG(s) 'job_market_etl' retrieved from /opt/airflow/dags/job_etl_dag.py
[2026-05-12T11:26:55.506+0000] {logging_mixin.py:188} INFO - [2026-05-12T11:26:55.506+0000] {dag.py:3036} INFO - Sync 1 DAGs
[2026-05-12T11:26:55.530+0000] {logging_mixin.py:188} INFO - [2026-05-12T11:26:55.529+0000] {dag.py:3823} INFO - Setting next_dagrun for job_market_etl to None, run_after=None
[2026-05-12T11:26:55.569+0000] {processor.py:183} INFO - Processing /opt/airflow/dags/job_etl_dag.py took 0.170 seconds
[2026-05-12T11:27:25.677+0000] {processor.py:161} INFO - Started process (PID=2299) to work on /opt/airflow/dags/job_etl_dag.py
[2026-05-12T11:27:25.680+0000] {processor.py:830} INFO - Processing file /opt/airflow/dags/job_etl_dag.py for tasks to queue
[2026-05-12T11:27:25.682+0000] {logging_mixin.py:188} INFO - [2026-05-12T11:27:25.681+0000] {dagbag.py:538} INFO - Filling up the DagBag from /opt/airflow/dags/job_etl_dag.py
[2026-05-12T11:27:25.723+0000] {processor.py:840} INFO - DAG(s) 'job_market_etl' retrieved from /opt/airflow/dags/job_etl_dag.py
[2026-05-12T11:27:25.780+0000] {logging_mixin.py:188} INFO - [2026-05-12T11:27:25.780+0000] {dag.py:3036} INFO - Sync 1 DAGs
[2026-05-12T11:27:25.801+0000] {logging_mixin.py:188} INFO - [2026-05-12T11:27:25.801+0000] {dag.py:3823} INFO - Setting next_dagrun for job_market_etl to None, run_after=None
[2026-05-12T11:27:25.834+0000] {processor.py:183} INFO - Processing /opt/airflow/dags/job_etl_dag.py took 0.166 seconds
[2026-05-12T11:27:56.090+0000] {processor.py:161} INFO - Started process (PID=2300) to work on /opt/airflow/dags/job_etl_dag.py
[2026-05-12T11:27:56.093+0000] {processor.py:830} INFO - Processing file /opt/airflow/dags/job_etl_dag.py for tasks to queue
[2026-05-12T11:27:56.095+0000] {logging_mixin.py:188} INFO - [2026-05-12T11:27:56.095+0000] {dagbag.py:538} INFO - Filling up the DagBag from /opt/airflow/dags/job_etl_dag.py
[2026-05-12T11:27:56.125+0000] {processor.py:840} INFO - DAG(s) 'job_market_etl' retrieved from /opt/airflow/dags/job_etl_dag.py
[2026-05-12T11:27:56.171+0000] {logging_mixin.py:188} INFO - [2026-05-12T11:27:56.171+0000] {dag.py:3036} INFO - Sync 1 DAGs
[2026-05-12T11:27:56.188+0000] {logging_mixin.py:188} INFO - [2026-05-12T11:27:56.188+0000] {dag.py:3823} INFO - Setting next_dagrun for job_market_etl to None, run_after=None
[2026-05-12T11:27:56.235+0000] {processor.py:183} INFO - Processing /opt/airflow/dags/job_etl_dag.py took 0.150 seconds
[2026-05-12T11:28:26.352+0000] {processor.py:161} INFO - Started process (PID=2302) to work on /opt/airflow/dags/job_etl_dag.py
[2026-05-12T11:28:26.354+0000] {processor.py:830} INFO - Processing file /opt/airflow/dags/job_etl_dag.py for tasks to queue
[2026-05-12T11:28:26.356+0000] {logging_mixin.py:188} INFO - [2026-05-12T11:28:26.355+0000] {dagbag.py:538} INFO - Filling up the DagBag from /opt/airflow/dags/job_etl_dag.py
[2026-05-12T11:28:26.390+0000] {processor.py:840} INFO - DAG(s) 'job_market_etl' retrieved from /opt/airflow/dags/job_etl_dag.py
[2026-05-12T11:28:26.428+0000] {logging_mixin.py:188} INFO - [2026-05-12T11:28:26.428+0000] {dag.py:3036} INFO - Sync 1 DAGs
[2026-05-12T11:28:26.442+0000] {logging_mixin.py:188} INFO - [2026-05-12T11:28:26.442+0000] {dag.py:3823} INFO - Setting next_dagrun for job_market_etl to None, run_after=None
[2026-05-12T11:28:26.471+0000] {processor.py:183} INFO - Processing /opt/airflow/dags/job_etl_dag.py took 0.127 seconds
[2026-05-12T11:28:56.756+0000] {processor.py:161} INFO - Started process (PID=2303) to work on /opt/airflow/dags/job_etl_dag.py
[2026-05-12T11:28:56.758+0000] {processor.py:830} INFO - Processing file /opt/airflow/dags/job_etl_dag.py for tasks to queue
[2026-05-12T11:28:56.760+0000] {logging_mixin.py:188} INFO - [2026-05-12T11:28:56.760+0000] {dagbag.py:538} INFO - Filling up the DagBag from /opt/airflow/dags/job_etl_dag.py
[2026-05-12T11:28:56.790+0000] {processor.py:840} INFO - DAG(s) 'job_market_etl' retrieved from /opt/airflow/dags/job_etl_dag.py
[2026-05-12T11:28:56.828+0000] {logging_mixin.py:188} INFO - [2026-05-12T11:28:56.827+0000] {dag.py:3036} INFO - Sync 1 DAGs
[2026-05-12T11:28:56.843+0000] {logging_mixin.py:188} INFO - [2026-05-12T11:28:56.842+0000] {dag.py:3823} INFO - Setting next_dagrun for job_market_etl to None, run_after=None
[2026-05-12T11:28:56.875+0000] {processor.py:183} INFO - Processing /opt/airflow/dags/job_etl_dag.py took 0.123 seconds
[2026-05-12T11:29:27.014+0000] {processor.py:161} INFO - Started process (PID=2304) to work on /opt/airflow/dags/job_etl_dag.py
[2026-05-12T11:29:27.017+0000] {processor.py:830} INFO - Processing file /opt/airflow/dags/job_etl_dag.py for tasks to queue
[2026-05-12T11:29:27.019+0000] {logging_mixin.py:188} INFO - [2026-05-12T11:29:27.018+0000] {dagbag.py:538} INFO - Filling up the DagBag from /opt/airflow/dags/job_etl_dag.py
[2026-05-12T11:29:27.054+0000] {processor.py:840} INFO - DAG(s) 'job_market_etl' retrieved from /opt/airflow/dags/job_etl_dag.py
[2026-05-12T11:29:27.098+0000] {logging_mixin.py:188} INFO - [2026-05-12T11:29:27.098+0000] {dag.py:3036} INFO - Sync 1 DAGs
[2026-05-12T11:29:27.117+0000] {logging_mixin.py:188} INFO - [2026-05-12T11:29:27.117+0000] {dag.py:3823} INFO - Setting next_dagrun for job_market_etl to None, run_after=None
[2026-05-12T11:29:27.149+0000] {processor.py:183} INFO - Processing /opt/airflow/dags/job_etl_dag.py took 0.141 seconds
[2026-05-12T11:29:57.384+0000] {processor.py:161} INFO - Started process (PID=2305) to work on /opt/airflow/dags/job_etl_dag.py
[2026-05-12T11:29:57.386+0000] {processor.py:830} INFO - Processing file /opt/airflow/dags/job_etl_dag.py for tasks to queue
[2026-05-12T11:29:57.388+0000] {logging_mixin.py:188} INFO - [2026-05-12T11:29:57.388+0000] {dagbag.py:538} INFO - Filling up the DagBag from /opt/airflow/dags/job_etl_dag.py
[2026-05-12T11:29:57.421+0000] {processor.py:840} INFO - DAG(s) 'job_market_etl' retrieved from /opt/airflow/dags/job_etl_dag.py
[2026-05-12T11:29:57.464+0000] {logging_mixin.py:188} INFO - [2026-05-12T11:29:57.463+0000] {dag.py:3036} INFO - Sync 1 DAGs
[2026-05-12T11:29:57.483+0000] {logging_mixin.py:188} INFO - [2026-05-12T11:29:57.483+0000] {dag.py:3823} INFO - Setting next_dagrun for job_market_etl to None, run_after=None
[2026-05-12T11:29:57.514+0000] {processor.py:183} INFO - Processing /opt/airflow/dags/job_etl_dag.py took 0.136 seconds
[2026-05-12T11:30:27.634+0000] {processor.py:161} INFO - Started process (PID=2306) to work on /opt/airflow/dags/job_etl_dag.py
[2026-05-12T11:30:27.637+0000] {processor.py:830} INFO - Processing file /opt/airflow/dags/job_etl_dag.py for tasks to queue
[2026-05-12T11:30:27.638+0000] {logging_mixin.py:188} INFO - [2026-05-12T11:30:27.638+0000] {dagbag.py:538} INFO - Filling up the DagBag from /opt/airflow/dags/job_etl_dag.py
[2026-05-12T11:30:27.673+0000] {processor.py:840} INFO - DAG(s) 'job_market_etl' retrieved from /opt/airflow/dags/job_etl_dag.py
[2026-05-12T11:30:27.725+0000] {logging_mixin.py:188} INFO - [2026-05-12T11:30:27.725+0000] {dag.py:3036} INFO - Sync 1 DAGs
[2026-05-12T11:30:27.755+0000] {logging_mixin.py:188} INFO - [2026-05-12T11:30:27.755+0000] {dag.py:3823} INFO - Setting next_dagrun for job_market_etl to None, run_after=None
[2026-05-12T11:30:27.797+0000] {processor.py:183} INFO - Processing /opt/airflow/dags/job_etl_dag.py took 0.169 seconds
[2026-05-12T11:30:58.004+0000] {processor.py:161} INFO - Started process (PID=2307) to work on /opt/airflow/dags/job_etl_dag.py
[2026-05-12T11:30:58.005+0000] {processor.py:830} INFO - Processing file /opt/airflow/dags/job_etl_dag.py for tasks to queue
[2026-05-12T11:30:58.007+0000] {logging_mixin.py:188} INFO - [2026-05-12T11:30:58.007+0000] {dagbag.py:538} INFO - Filling up the DagBag from /opt/airflow/dags/job_etl_dag.py
[2026-05-12T11:30:58.040+0000] {processor.py:840} INFO - DAG(s) 'job_market_etl' retrieved from /opt/airflow/dags/job_etl_dag.py
[2026-05-12T11:30:58.083+0000] {logging_mixin.py:188} INFO - [2026-05-12T11:30:58.082+0000] {dag.py:3036} INFO - Sync 1 DAGs
[2026-05-12T11:30:58.101+0000] {logging_mixin.py:188} INFO - [2026-05-12T11:30:58.100+0000] {dag.py:3823} INFO - Setting next_dagrun for job_market_etl to None, run_after=None
[2026-05-12T11:30:58.146+0000] {processor.py:183} INFO - Processing /opt/airflow/dags/job_etl_dag.py took 0.148 seconds
[2026-05-12T11:31:28.313+0000] {processor.py:161} INFO - Started process (PID=2308) to work on /opt/airflow/dags/job_etl_dag.py
[2026-05-12T11:31:28.315+0000] {processor.py:830} INFO - Processing file /opt/airflow/dags/job_etl_dag.py for tasks to queue
[2026-05-12T11:31:28.317+0000] {logging_mixin.py:188} INFO - [2026-05-12T11:31:28.317+0000] {dagbag.py:538} INFO - Filling up the DagBag from /opt/airflow/dags/job_etl_dag.py
[2026-05-12T11:31:28.351+0000] {processor.py:840} INFO - DAG(s) 'job_market_etl' retrieved from /opt/airflow/dags/job_etl_dag.py
[2026-05-12T11:31:28.391+0000] {logging_mixin.py:188} INFO - [2026-05-12T11:31:28.390+0000] {dag.py:3036} INFO - Sync 1 DAGs
[2026-05-12T11:31:28.408+0000] {logging_mixin.py:188} INFO - [2026-05-12T11:31:28.408+0000] {dag.py:3823} INFO - Setting next_dagrun for job_market_etl to None, run_after=None
[2026-05-12T11:31:28.440+0000] {processor.py:183} INFO - Processing /opt/airflow/dags/job_etl_dag.py took 0.132 seconds
[2026-05-12T11:31:58.632+0000] {processor.py:161} INFO - Started process (PID=2309) to work on /opt/airflow/dags/job_etl_dag.py
[2026-05-12T11:31:58.635+0000] {processor.py:830} INFO - Processing file /opt/airflow/dags/job_etl_dag.py for tasks to queue
[2026-05-12T11:31:58.637+0000] {logging_mixin.py:188} INFO - [2026-05-12T11:31:58.636+0000] {dagbag.py:538} INFO - Filling up the DagBag from /opt/airflow/dags/job_etl_dag.py
[2026-05-12T11:31:58.671+0000] {processor.py:840} INFO - DAG(s) 'job_market_etl' retrieved from /opt/airflow/dags/job_etl_dag.py
[2026-05-12T11:31:58.714+0000] {logging_mixin.py:188} INFO - [2026-05-12T11:31:58.714+0000] {dag.py:3036} INFO - Sync 1 DAGs
[2026-05-12T11:31:58.736+0000] {logging_mixin.py:188} INFO - [2026-05-12T11:31:58.736+0000] {dag.py:3823} INFO - Setting next_dagrun for job_market_etl to None, run_after=None
[2026-05-12T11:31:58.771+0000] {processor.py:183} INFO - Processing /opt/airflow/dags/job_etl_dag.py took 0.145 seconds
[2026-05-12T11:32:28.896+0000] {processor.py:161} INFO - Started process (PID=2310) to work on /opt/airflow/dags/job_etl_dag.py
[2026-05-12T11:32:28.897+0000] {processor.py:830} INFO - Processing file /opt/airflow/dags/job_etl_dag.py for tasks to queue
[2026-05-12T11:32:28.900+0000] {logging_mixin.py:188} INFO - [2026-05-12T11:32:28.898+0000] {dagbag.py:538} INFO - Filling up the DagBag from /opt/airflow/dags/job_etl_dag.py
[2026-05-12T11:32:28.932+0000] {processor.py:840} INFO - DAG(s) 'job_market_etl' retrieved from /opt/airflow/dags/job_etl_dag.py
[2026-05-12T11:32:28.978+0000] {logging_mixin.py:188} INFO - [2026-05-12T11:32:28.978+0000] {dag.py:3036} INFO - Sync 1 DAGs
[2026-05-12T11:32:28.999+0000] {logging_mixin.py:188} INFO - [2026-05-12T11:32:28.999+0000] {dag.py:3823} INFO - Setting next_dagrun for job_market_etl to None, run_after=None
[2026-05-12T11:32:29.048+0000] {processor.py:183} INFO - Processing /opt/airflow/dags/job_etl_dag.py took 0.157 seconds
[2026-05-12T11:32:59.250+0000] {processor.py:161} INFO - Started process (PID=2311) to work on /opt/airflow/dags/job_etl_dag.py
[2026-05-12T11:32:59.252+0000] {processor.py:830} INFO - Processing file /opt/airflow/dags/job_etl_dag.py for tasks to queue
[2026-05-12T11:32:59.254+0000] {logging_mixin.py:188} INFO - [2026-05-12T11:32:59.253+0000] {dagbag.py:538} INFO - Filling up the DagBag from /opt/airflow/dags/job_etl_dag.py
[2026-05-12T11:32:59.283+0000] {processor.py:840} INFO - DAG(s) 'job_market_etl' retrieved from /opt/airflow/dags/job_etl_dag.py
[2026-05-12T11:32:59.333+0000] {logging_mixin.py:188} INFO - [2026-05-12T11:32:59.333+0000] {dag.py:3036} INFO - Sync 1 DAGs
[2026-05-12T11:32:59.351+0000] {logging_mixin.py:188} INFO - [2026-05-12T11:32:59.350+0000] {dag.py:3823} INFO - Setting next_dagrun for job_market_etl to None, run_after=None
[2026-05-12T11:32:59.385+0000] {processor.py:183} INFO - Processing /opt/airflow/dags/job_etl_dag.py took 0.142 seconds
[2026-05-12T11:33:29.528+0000] {processor.py:161} INFO - Started process (PID=2312) to work on /opt/airflow/dags/job_etl_dag.py
[2026-05-12T11:33:29.531+0000] {processor.py:830} INFO - Processing file /opt/airflow/dags/job_etl_dag.py for tasks to queue
[2026-05-12T11:33:29.534+0000] {logging_mixin.py:188} INFO - [2026-05-12T11:33:29.533+0000] {dagbag.py:538} INFO - Filling up the DagBag from /opt/airflow/dags/job_etl_dag.py
[2026-05-12T11:33:29.565+0000] {processor.py:840} INFO - DAG(s) 'job_market_etl' retrieved from /opt/airflow/dags/job_etl_dag.py
[2026-05-12T11:33:29.610+0000] {logging_mixin.py:188} INFO - [2026-05-12T11:33:29.610+0000] {dag.py:3036} INFO - Sync 1 DAGs
[2026-05-12T11:33:29.628+0000] {logging_mixin.py:188} INFO - [2026-05-12T11:33:29.627+0000] {dag.py:3823} INFO - Setting next_dagrun for job_market_etl to None, run_after=None
[2026-05-12T11:33:29.661+0000] {processor.py:183} INFO - Processing /opt/airflow/dags/job_etl_dag.py took 0.139 seconds
[2026-05-12T11:33:59.926+0000] {processor.py:161} INFO - Started process (PID=2313) to work on /opt/airflow/dags/job_etl_dag.py
[2026-05-12T11:33:59.927+0000] {processor.py:830} INFO - Processing file /opt/airflow/dags/job_etl_dag.py for tasks to queue
[2026-05-12T11:33:59.929+0000] {logging_mixin.py:188} INFO - [2026-05-12T11:33:59.928+0000] {dagbag.py:538} INFO - Filling up the DagBag from /opt/airflow/dags/job_etl_dag.py
[2026-05-12T11:33:59.958+0000] {processor.py:840} INFO - DAG(s) 'job_market_etl' retrieved from /opt/airflow/dags/job_etl_dag.py
[2026-05-12T11:34:00.002+0000] {logging_mixin.py:188} INFO - [2026-05-12T11:34:00.001+0000] {dag.py:3036} INFO - Sync 1 DAGs
[2026-05-12T11:34:00.022+0000] {logging_mixin.py:188} INFO - [2026-05-12T11:34:00.022+0000] {dag.py:3823} INFO - Setting next_dagrun for job_market_etl to None, run_after=None
[2026-05-12T11:34:00.056+0000] {processor.py:183} INFO - Processing /opt/airflow/dags/job_etl_dag.py took 0.136 seconds
[2026-05-12T11:34:30.209+0000] {processor.py:161} INFO - Started process (PID=2314) to work on /opt/airflow/dags/job_etl_dag.py
[2026-05-12T11:34:30.211+0000] {processor.py:830} INFO - Processing file /opt/airflow/dags/job_etl_dag.py for tasks to queue
[2026-05-12T11:34:30.213+0000] {logging_mixin.py:188} INFO - [2026-05-12T11:34:30.213+0000] {dagbag.py:538} INFO - Filling up the DagBag from /opt/airflow/dags/job_etl_dag.py
[2026-05-12T11:34:30.255+0000] {processor.py:840} INFO - DAG(s) 'job_market_etl' retrieved from /opt/airflow/dags/job_etl_dag.py
[2026-05-12T11:34:30.297+0000] {logging_mixin.py:188} INFO - [2026-05-12T11:34:30.296+0000] {dag.py:3036} INFO - Sync 1 DAGs
[2026-05-12T11:34:30.312+0000] {logging_mixin.py:188} INFO - [2026-05-12T11:34:30.312+0000] {dag.py:3823} INFO - Setting next_dagrun for job_market_etl to None, run_after=None
[2026-05-12T11:34:30.344+0000] {processor.py:183} INFO - Processing /opt/airflow/dags/job_etl_dag.py took 0.142 seconds
[2026-05-12T11:35:00.553+0000] {processor.py:161} INFO - Started process (PID=2315) to work on /opt/airflow/dags/job_etl_dag.py
[2026-05-12T11:35:00.555+0000] {processor.py:830} INFO - Processing file /opt/airflow/dags/job_etl_dag.py for tasks to queue
[2026-05-12T11:35:00.557+0000] {logging_mixin.py:188} INFO - [2026-05-12T11:35:00.557+0000] {dagbag.py:538} INFO - Filling up the DagBag from /opt/airflow/dags/job_etl_dag.py
[2026-05-12T11:35:00.587+0000] {processor.py:840} INFO - DAG(s) 'job_market_etl' retrieved from /opt/airflow/dags/job_etl_dag.py
[2026-05-12T11:35:00.627+0000] {logging_mixin.py:188} INFO - [2026-05-12T11:35:00.627+0000] {dag.py:3036} INFO - Sync 1 DAGs
[2026-05-12T11:35:00.644+0000] {logging_mixin.py:188} INFO - [2026-05-12T11:35:00.643+0000] {dag.py:3823} INFO - Setting next_dagrun for job_market_etl to None, run_after=None
[2026-05-12T11:35:00.675+0000] {processor.py:183} INFO - Processing /opt/airflow/dags/job_etl_dag.py took 0.127 seconds
[2026-05-12T11:35:30.811+0000] {processor.py:161} INFO - Started process (PID=2316) to work on /opt/airflow/dags/job_etl_dag.py
[2026-05-12T11:35:30.813+0000] {processor.py:830} INFO - Processing file /opt/airflow/dags/job_etl_dag.py for tasks to queue
[2026-05-12T11:35:30.815+0000] {logging_mixin.py:188} INFO - [2026-05-12T11:35:30.815+0000] {dagbag.py:538} INFO - Filling up the DagBag from /opt/airflow/dags/job_etl_dag.py
[2026-05-12T11:35:30.845+0000] {processor.py:840} INFO - DAG(s) 'job_market_etl' retrieved from /opt/airflow/dags/job_etl_dag.py
[2026-05-12T11:35:30.888+0000] {logging_mixin.py:188} INFO - [2026-05-12T11:35:30.887+0000] {dag.py:3036} INFO - Sync 1 DAGs
[2026-05-12T11:35:30.905+0000] {logging_mixin.py:188} INFO - [2026-05-12T11:35:30.905+0000] {dag.py:3823} INFO - Setting next_dagrun for job_market_etl to None, run_after=None
[2026-05-12T11:35:30.943+0000] {processor.py:183} INFO - Processing /opt/airflow/dags/job_etl_dag.py took 0.138 seconds
[2026-05-12T11:36:01.184+0000] {processor.py:161} INFO - Started process (PID=2317) to work on /opt/airflow/dags/job_etl_dag.py
[2026-05-12T11:36:01.187+0000] {processor.py:830} INFO - Processing file /opt/airflow/dags/job_etl_dag.py for tasks to queue
[2026-05-12T11:36:01.190+0000] {logging_mixin.py:188} INFO - [2026-05-12T11:36:01.189+0000] {dagbag.py:538} INFO - Filling up the DagBag from /opt/airflow/dags/job_etl_dag.py
[2026-05-12T11:36:01.221+0000] {processor.py:840} INFO - DAG(s) 'job_market_etl' retrieved from /opt/airflow/dags/job_etl_dag.py
[2026-05-12T11:36:01.277+0000] {logging_mixin.py:188} INFO - [2026-05-12T11:36:01.277+0000] {dag.py:3036} INFO - Sync 1 DAGs
[2026-05-12T11:36:01.293+0000] {logging_mixin.py:188} INFO - [2026-05-12T11:36:01.293+0000] {dag.py:3823} INFO - Setting next_dagrun for job_market_etl to None, run_after=None
[2026-05-12T11:36:01.324+0000] {processor.py:183} INFO - Processing /opt/airflow/dags/job_etl_dag.py took 0.146 seconds
[2026-05-12T11:36:31.444+0000] {processor.py:161} INFO - Started process (PID=2318) to work on /opt/airflow/dags/job_etl_dag.py
[2026-05-12T11:36:31.446+0000] {processor.py:830} INFO - Processing file /opt/airflow/dags/job_etl_dag.py for tasks to queue
[2026-05-12T11:36:31.448+0000] {logging_mixin.py:188} INFO - [2026-05-12T11:36:31.447+0000] {dagbag.py:538} INFO - Filling up the DagBag from /opt/airflow/dags/job_etl_dag.py
[2026-05-12T11:36:31.475+0000] {processor.py:840} INFO - DAG(s) 'job_market_etl' retrieved from /opt/airflow/dags/job_etl_dag.py
[2026-05-12T11:36:31.517+0000] {logging_mixin.py:188} INFO - [2026-05-12T11:36:31.517+0000] {dag.py:3036} INFO - Sync 1 DAGs
[2026-05-12T11:36:31.534+0000] {logging_mixin.py:188} INFO - [2026-05-12T11:36:31.534+0000] {dag.py:3823} INFO - Setting next_dagrun for job_market_etl to None, run_after=None
[2026-05-12T11:36:31.566+0000] {processor.py:183} INFO - Processing /opt/airflow/dags/job_etl_dag.py took 0.128 seconds
[2026-05-12T11:37:01.809+0000] {processor.py:161} INFO - Started process (PID=2319) to work on /opt/airflow/dags/job_etl_dag.py
[2026-05-12T11:37:01.811+0000] {processor.py:830} INFO - Processing file /opt/airflow/dags/job_etl_dag.py for tasks to queue
[2026-05-12T11:37:01.812+0000] {logging_mixin.py:188} INFO - [2026-05-12T11:37:01.812+0000] {dagbag.py:538} INFO - Filling up the DagBag from /opt/airflow/dags/job_etl_dag.py
[2026-05-12T11:37:01.839+0000] {processor.py:840} INFO - DAG(s) 'job_market_etl' retrieved from /opt/airflow/dags/job_etl_dag.py
[2026-05-12T11:37:01.893+0000] {logging_mixin.py:188} INFO - [2026-05-12T11:37:01.892+0000] {dag.py:3036} INFO - Sync 1 DAGs
[2026-05-12T11:37:01.908+0000] {logging_mixin.py:188} INFO - [2026-05-12T11:37:01.908+0000] {dag.py:3823} INFO - Setting next_dagrun for job_market_etl to None, run_after=None
[2026-05-12T11:37:01.938+0000] {processor.py:183} INFO - Processing /opt/airflow/dags/job_etl_dag.py took 0.133 seconds
[2026-05-12T11:37:32.066+0000] {processor.py:161} INFO - Started process (PID=2320) to work on /opt/airflow/dags/job_etl_dag.py
[2026-05-12T11:37:32.068+0000] {processor.py:830} INFO - Processing file /opt/airflow/dags/job_etl_dag.py for tasks to queue
[2026-05-12T11:37:32.069+0000] {logging_mixin.py:188} INFO - [2026-05-12T11:37:32.069+0000] {dagbag.py:538} INFO - Filling up the DagBag from /opt/airflow/dags/job_etl_dag.py
[2026-05-12T11:37:32.104+0000] {processor.py:840} INFO - DAG(s) 'job_market_etl' retrieved from /opt/airflow/dags/job_etl_dag.py
[2026-05-12T11:37:32.158+0000] {logging_mixin.py:188} INFO - [2026-05-12T11:37:32.157+0000] {dag.py:3036} INFO - Sync 1 DAGs
[2026-05-12T11:37:32.175+0000] {logging_mixin.py:188} INFO - [2026-05-12T11:37:32.175+0000] {dag.py:3823} INFO - Setting next_dagrun for job_market_etl to None, run_after=None
[2026-05-12T11:37:32.204+0000] {processor.py:183} INFO - Processing /opt/airflow/dags/job_etl_dag.py took 0.144 seconds
[2026-05-12T11:38:02.415+0000] {processor.py:161} INFO - Started process (PID=2321) to work on /opt/airflow/dags/job_etl_dag.py
[2026-05-12T11:38:02.417+0000] {processor.py:830} INFO - Processing file /opt/airflow/dags/job_etl_dag.py for tasks to queue
[2026-05-12T11:38:02.419+0000] {logging_mixin.py:188} INFO - [2026-05-12T11:38:02.418+0000] {dagbag.py:538} INFO - Filling up the DagBag from /opt/airflow/dags/job_etl_dag.py
[2026-05-12T11:38:02.446+0000] {processor.py:840} INFO - DAG(s) 'job_market_etl' retrieved from /opt/airflow/dags/job_etl_dag.py
[2026-05-12T11:38:02.485+0000] {logging_mixin.py:188} INFO - [2026-05-12T11:38:02.485+0000] {dag.py:3036} INFO - Sync 1 DAGs
[2026-05-12T11:38:02.501+0000] {logging_mixin.py:188} INFO - [2026-05-12T11:38:02.501+0000] {dag.py:3823} INFO - Setting next_dagrun for job_market_etl to None, run_after=None
[2026-05-12T11:38:02.532+0000] {processor.py:183} INFO - Processing /opt/airflow/dags/job_etl_dag.py took 0.121 seconds
[2026-05-12T11:38:32.681+0000] {processor.py:161} INFO - Started process (PID=2322) to work on /opt/airflow/dags/job_etl_dag.py
[2026-05-12T11:38:32.684+0000] {processor.py:830} INFO - Processing file /opt/airflow/dags/job_etl_dag.py for tasks to queue
[2026-05-12T11:38:32.685+0000] {logging_mixin.py:188} INFO - [2026-05-12T11:38:32.685+0000] {dagbag.py:538} INFO - Filling up the DagBag from /opt/airflow/dags/job_etl_dag.py
[2026-05-12T11:38:32.714+0000] {processor.py:840} INFO - DAG(s) 'job_market_etl' retrieved from /opt/airflow/dags/job_etl_dag.py
[2026-05-12T11:38:32.750+0000] {logging_mixin.py:188} INFO - [2026-05-12T11:38:32.749+0000] {dag.py:3036} INFO - Sync 1 DAGs
[2026-05-12T11:38:32.765+0000] {logging_mixin.py:188} INFO - [2026-05-12T11:38:32.765+0000] {dag.py:3823} INFO - Setting next_dagrun for job_market_etl to None, run_after=None
[2026-05-12T11:38:32.811+0000] {processor.py:183} INFO - Processing /opt/airflow/dags/job_etl_dag.py took 0.135 seconds
[2026-05-12T11:39:03.062+0000] {processor.py:161} INFO - Started process (PID=2323) to work on /opt/airflow/dags/job_etl_dag.py
[2026-05-12T11:39:03.064+0000] {processor.py:830} INFO - Processing file /opt/airflow/dags/job_etl_dag.py for tasks to queue
[2026-05-12T11:39:03.066+0000] {logging_mixin.py:188} INFO - [2026-05-12T11:39:03.065+0000] {dagbag.py:538} INFO - Filling up the DagBag from /opt/airflow/dags/job_etl_dag.py
[2026-05-12T11:39:03.095+0000] {processor.py:840} INFO - DAG(s) 'job_market_etl' retrieved from /opt/airflow/dags/job_etl_dag.py
[2026-05-12T11:39:03.135+0000] {logging_mixin.py:188} INFO - [2026-05-12T11:39:03.135+0000] {dag.py:3036} INFO - Sync 1 DAGs
[2026-05-12T11:39:03.153+0000] {logging_mixin.py:188} INFO - [2026-05-12T11:39:03.153+0000] {dag.py:3823} INFO - Setting next_dagrun for job_market_etl to None, run_after=None
[2026-05-12T11:39:03.185+0000] {processor.py:183} INFO - Processing /opt/airflow/dags/job_etl_dag.py took 0.127 seconds
[2026-05-12T11:39:33.310+0000] {processor.py:161} INFO - Started process (PID=2324) to work on /opt/airflow/dags/job_etl_dag.py
[2026-05-12T11:39:33.313+0000] {processor.py:830} INFO - Processing file /opt/airflow/dags/job_etl_dag.py for tasks to queue
[2026-05-12T11:39:33.316+0000] {logging_mixin.py:188} INFO - [2026-05-12T11:39:33.315+0000] {dagbag.py:538} INFO - Filling up the DagBag from /opt/airflow/dags/job_etl_dag.py
[2026-05-12T11:39:33.345+0000] {processor.py:840} INFO - DAG(s) 'job_market_etl' retrieved from /opt/airflow/dags/job_etl_dag.py
[2026-05-12T11:39:33.391+0000] {logging_mixin.py:188} INFO - [2026-05-12T11:39:33.390+0000] {dag.py:3036} INFO - Sync 1 DAGs
[2026-05-12T11:39:33.407+0000] {logging_mixin.py:188} INFO - [2026-05-12T11:39:33.407+0000] {dag.py:3823} INFO - Setting next_dagrun for job_market_etl to None, run_after=None
[2026-05-12T11:39:33.437+0000] {processor.py:183} INFO - Processing /opt/airflow/dags/job_etl_dag.py took 0.132 seconds
[2026-05-12T11:40:03.691+0000] {processor.py:161} INFO - Started process (PID=2325) to work on /opt/airflow/dags/job_etl_dag.py
[2026-05-12T11:40:03.729+0000] {processor.py:830} INFO - Processing file /opt/airflow/dags/job_etl_dag.py for tasks to queue
[2026-05-12T11:40:03.749+0000] {logging_mixin.py:188} INFO - [2026-05-12T11:40:03.748+0000] {dagbag.py:538} INFO - Filling up the DagBag from /opt/airflow/dags/job_etl_dag.py
[2026-05-12T11:40:03.807+0000] {processor.py:840} INFO - DAG(s) 'job_market_etl' retrieved from /opt/airflow/dags/job_etl_dag.py
[2026-05-12T11:40:03.880+0000] {logging_mixin.py:188} INFO - [2026-05-12T11:40:03.879+0000] {dag.py:3036} INFO - Sync 1 DAGs
[2026-05-12T11:40:03.905+0000] {logging_mixin.py:188} INFO - [2026-05-12T11:40:03.904+0000] {dag.py:3823} INFO - Setting next_dagrun for job_market_etl to None, run_after=None
[2026-05-12T11:40:03.950+0000] {processor.py:183} INFO - Processing /opt/airflow/dags/job_etl_dag.py took 0.270 seconds
[2026-05-12T11:40:34.214+0000] {processor.py:161} INFO - Started process (PID=2326) to work on /opt/airflow/dags/job_etl_dag.py
[2026-05-12T11:40:34.216+0000] {processor.py:830} INFO - Processing file /opt/airflow/dags/job_etl_dag.py for tasks to queue
[2026-05-12T11:40:34.219+0000] {logging_mixin.py:188} INFO - [2026-05-12T11:40:34.218+0000] {dagbag.py:538} INFO - Filling up the DagBag from /opt/airflow/dags/job_etl_dag.py
[2026-05-12T11:40:34.243+0000] {processor.py:840} INFO - DAG(s) 'job_market_etl' retrieved from /opt/airflow/dags/job_etl_dag.py
[2026-05-12T11:40:34.285+0000] {logging_mixin.py:188} INFO - [2026-05-12T11:40:34.285+0000] {dag.py:3036} INFO - Sync 1 DAGs
[2026-05-12T11:40:34.302+0000] {logging_mixin.py:188} INFO - [2026-05-12T11:40:34.302+0000] {dag.py:3823} INFO - Setting next_dagrun for job_market_etl to None, run_after=None
[2026-05-12T11:40:34.335+0000] {processor.py:183} INFO - Processing /opt/airflow/dags/job_etl_dag.py took 0.126 seconds
[2026-05-12T11:41:04.463+0000] {processor.py:161} INFO - Started process (PID=2327) to work on /opt/airflow/dags/job_etl_dag.py
[2026-05-12T11:41:04.465+0000] {processor.py:830} INFO - Processing file /opt/airflow/dags/job_etl_dag.py for tasks to queue
[2026-05-12T11:41:04.468+0000] {logging_mixin.py:188} INFO - [2026-05-12T11:41:04.467+0000] {dagbag.py:538} INFO - Filling up the DagBag from /opt/airflow/dags/job_etl_dag.py
[2026-05-12T11:41:04.502+0000] {processor.py:840} INFO - DAG(s) 'job_market_etl' retrieved from /opt/airflow/dags/job_etl_dag.py
[2026-05-12T11:41:04.551+0000] {logging_mixin.py:188} INFO - [2026-05-12T11:41:04.550+0000] {dag.py:3036} INFO - Sync 1 DAGs
[2026-05-12T11:41:04.569+0000] {logging_mixin.py:188} INFO - [2026-05-12T11:41:04.569+0000] {dag.py:3823} INFO - Setting next_dagrun for job_market_etl to None, run_after=None
[2026-05-12T11:41:04.602+0000] {processor.py:183} INFO - Processing /opt/airflow/dags/job_etl_dag.py took 0.146 seconds
[2026-05-12T11:41:34.833+0000] {processor.py:161} INFO - Started process (PID=2328) to work on /opt/airflow/dags/job_etl_dag.py
[2026-05-12T11:41:34.836+0000] {processor.py:830} INFO - Processing file /opt/airflow/dags/job_etl_dag.py for tasks to queue
[2026-05-12T11:41:34.838+0000] {logging_mixin.py:188} INFO - [2026-05-12T11:41:34.837+0000] {dagbag.py:538} INFO - Filling up the DagBag from /opt/airflow/dags/job_etl_dag.py
[2026-05-12T11:41:34.871+0000] {processor.py:840} INFO - DAG(s) 'job_market_etl' retrieved from /opt/airflow/dags/job_etl_dag.py
[2026-05-12T11:41:34.915+0000] {logging_mixin.py:188} INFO - [2026-05-12T11:41:34.914+0000] {dag.py:3036} INFO - Sync 1 DAGs
[2026-05-12T11:41:34.934+0000] {logging_mixin.py:188} INFO - [2026-05-12T11:41:34.933+0000] {dag.py:3823} INFO - Setting next_dagrun for job_market_etl to None, run_after=None
[2026-05-12T11:41:34.968+0000] {processor.py:183} INFO - Processing /opt/airflow/dags/job_etl_dag.py took 0.139 seconds
[2026-05-12T11:42:05.092+0000] {processor.py:161} INFO - Started process (PID=2329) to work on /opt/airflow/dags/job_etl_dag.py
[2026-05-12T11:42:05.094+0000] {processor.py:830} INFO - Processing file /opt/airflow/dags/job_etl_dag.py for tasks to queue
[2026-05-12T11:42:05.097+0000] {logging_mixin.py:188} INFO - [2026-05-12T11:42:05.096+0000] {dagbag.py:538} INFO - Filling up the DagBag from /opt/airflow/dags/job_etl_dag.py
[2026-05-12T11:42:05.130+0000] {processor.py:840} INFO - DAG(s) 'job_market_etl' retrieved from /opt/airflow/dags/job_etl_dag.py
[2026-05-12T11:42:05.179+0000] {logging_mixin.py:188} INFO - [2026-05-12T11:42:05.178+0000] {dag.py:3036} INFO - Sync 1 DAGs
[2026-05-12T11:42:05.196+0000] {logging_mixin.py:188} INFO - [2026-05-12T11:42:05.196+0000] {dag.py:3823} INFO - Setting next_dagrun for job_market_etl to None, run_after=None
[2026-05-12T11:42:05.227+0000] {processor.py:183} INFO - Processing /opt/airflow/dags/job_etl_dag.py took 0.141 seconds
[2026-05-12T11:42:35.459+0000] {processor.py:161} INFO - Started process (PID=2330) to work on /opt/airflow/dags/job_etl_dag.py
[2026-05-12T11:42:35.462+0000] {processor.py:830} INFO - Processing file /opt/airflow/dags/job_etl_dag.py for tasks to queue
[2026-05-12T11:42:35.465+0000] {logging_mixin.py:188} INFO - [2026-05-12T11:42:35.464+0000] {dagbag.py:538} INFO - Filling up the DagBag from /opt/airflow/dags/job_etl_dag.py
[2026-05-12T11:42:35.495+0000] {processor.py:840} INFO - DAG(s) 'job_market_etl' retrieved from /opt/airflow/dags/job_etl_dag.py
[2026-05-12T11:42:35.540+0000] {logging_mixin.py:188} INFO - [2026-05-12T11:42:35.540+0000] {dag.py:3036} INFO - Sync 1 DAGs
[2026-05-12T11:42:35.556+0000] {logging_mixin.py:188} INFO - [2026-05-12T11:42:35.556+0000] {dag.py:3823} INFO - Setting next_dagrun for job_market_etl to None, run_after=None
[2026-05-12T11:42:35.590+0000] {processor.py:183} INFO - Processing /opt/airflow/dags/job_etl_dag.py took 0.135 seconds
[2026-05-12T11:43:05.734+0000] {processor.py:161} INFO - Started process (PID=2331) to work on /opt/airflow/dags/job_etl_dag.py
[2026-05-12T11:43:05.736+0000] {processor.py:830} INFO - Processing file /opt/airflow/dags/job_etl_dag.py for tasks to queue
[2026-05-12T11:43:05.739+0000] {logging_mixin.py:188} INFO - [2026-05-12T11:43:05.738+0000] {dagbag.py:538} INFO - Filling up the DagBag from /opt/airflow/dags/job_etl_dag.py
[2026-05-12T11:43:05.775+0000] {processor.py:840} INFO - DAG(s) 'job_market_etl' retrieved from /opt/airflow/dags/job_etl_dag.py
[2026-05-12T11:43:05.828+0000] {logging_mixin.py:188} INFO - [2026-05-12T11:43:05.827+0000] {dag.py:3036} INFO - Sync 1 DAGs
[2026-05-12T11:43:05.845+0000] {logging_mixin.py:188} INFO - [2026-05-12T11:43:05.844+0000] {dag.py:3823} INFO - Setting next_dagrun for job_market_etl to None, run_after=None
[2026-05-12T11:43:05.877+0000] {processor.py:183} INFO - Processing /opt/airflow/dags/job_etl_dag.py took 0.150 seconds
[2026-05-12T11:43:36.073+0000] {processor.py:161} INFO - Started process (PID=2360) to work on /opt/airflow/dags/job_etl_dag.py
[2026-05-12T11:43:36.075+0000] {processor.py:830} INFO - Processing file /opt/airflow/dags/job_etl_dag.py for tasks to queue
[2026-05-12T11:43:36.078+0000] {logging_mixin.py:188} INFO - [2026-05-12T11:43:36.077+0000] {dagbag.py:538} INFO - Filling up the DagBag from /opt/airflow/dags/job_etl_dag.py
[2026-05-12T11:43:36.108+0000] {processor.py:840} INFO - DAG(s) 'job_market_etl' retrieved from /opt/airflow/dags/job_etl_dag.py
[2026-05-12T11:43:36.152+0000] {logging_mixin.py:188} INFO - [2026-05-12T11:43:36.152+0000] {dag.py:3036} INFO - Sync 1 DAGs
[2026-05-12T11:43:36.167+0000] {logging_mixin.py:188} INFO - [2026-05-12T11:43:36.167+0000] {dag.py:3823} INFO - Setting next_dagrun for job_market_etl to None, run_after=None
[2026-05-12T11:43:36.201+0000] {processor.py:183} INFO - Processing /opt/airflow/dags/job_etl_dag.py took 0.132 seconds
[2026-05-12T11:44:06.449+0000] {processor.py:161} INFO - Started process (PID=2376) to work on /opt/airflow/dags/job_etl_dag.py
[2026-05-12T11:44:06.451+0000] {processor.py:830} INFO - Processing file /opt/airflow/dags/job_etl_dag.py for tasks to queue
[2026-05-12T11:44:06.453+0000] {logging_mixin.py:188} INFO - [2026-05-12T11:44:06.452+0000] {dagbag.py:538} INFO - Filling up the DagBag from /opt/airflow/dags/job_etl_dag.py
[2026-05-12T11:44:06.514+0000] {processor.py:840} INFO - DAG(s) 'job_market_etl' retrieved from /opt/airflow/dags/job_etl_dag.py
[2026-05-12T11:44:06.561+0000] {logging_mixin.py:188} INFO - [2026-05-12T11:44:06.561+0000] {dag.py:3036} INFO - Sync 1 DAGs
[2026-05-12T11:44:06.579+0000] {logging_mixin.py:188} INFO - [2026-05-12T11:44:06.579+0000] {dag.py:3823} INFO - Setting next_dagrun for job_market_etl to None, run_after=None
[2026-05-12T11:44:06.619+0000] {processor.py:183} INFO - Processing /opt/airflow/dags/job_etl_dag.py took 0.179 seconds
[2026-05-12T11:44:36.688+0000] {processor.py:161} INFO - Started process (PID=2390) to work on /opt/airflow/dags/job_etl_dag.py
[2026-05-12T11:44:36.690+0000] {processor.py:830} INFO - Processing file /opt/airflow/dags/job_etl_dag.py for tasks to queue
[2026-05-12T11:44:36.691+0000] {logging_mixin.py:188} INFO - [2026-05-12T11:44:36.691+0000] {dagbag.py:538} INFO - Filling up the DagBag from /opt/airflow/dags/job_etl_dag.py
[2026-05-12T11:44:36.721+0000] {processor.py:840} INFO - DAG(s) 'job_market_etl' retrieved from /opt/airflow/dags/job_etl_dag.py
[2026-05-12T11:44:36.765+0000] {logging_mixin.py:188} INFO - [2026-05-12T11:44:36.765+0000] {dag.py:3036} INFO - Sync 1 DAGs
[2026-05-12T11:44:36.785+0000] {logging_mixin.py:188} INFO - [2026-05-12T11:44:36.785+0000] {dag.py:3823} INFO - Setting next_dagrun for job_market_etl to None, run_after=None
[2026-05-12T11:44:36.818+0000] {processor.py:183} INFO - Processing /opt/airflow/dags/job_etl_dag.py took 0.136 seconds
[2026-05-12T11:45:06.931+0000] {processor.py:161} INFO - Started process (PID=2391) to work on /opt/airflow/dags/job_etl_dag.py
[2026-05-12T11:45:06.933+0000] {processor.py:830} INFO - Processing file /opt/airflow/dags/job_etl_dag.py for tasks to queue
[2026-05-12T11:45:06.935+0000] {logging_mixin.py:188} INFO - [2026-05-12T11:45:06.935+0000] {dagbag.py:538} INFO - Filling up the DagBag from /opt/airflow/dags/job_etl_dag.py
[2026-05-12T11:45:06.966+0000] {processor.py:840} INFO - DAG(s) 'job_market_etl' retrieved from /opt/airflow/dags/job_etl_dag.py
[2026-05-12T11:45:07.013+0000] {logging_mixin.py:188} INFO - [2026-05-12T11:45:07.012+0000] {dag.py:3036} INFO - Sync 1 DAGs
[2026-05-12T11:45:07.035+0000] {logging_mixin.py:188} INFO - [2026-05-12T11:45:07.034+0000] {dag.py:3823} INFO - Setting next_dagrun for job_market_etl to None, run_after=None
[2026-05-12T11:45:07.072+0000] {processor.py:183} INFO - Processing /opt/airflow/dags/job_etl_dag.py took 0.145 seconds
[2026-05-12T11:45:37.313+0000] {processor.py:161} INFO - Started process (PID=2392) to work on /opt/airflow/dags/job_etl_dag.py
[2026-05-12T11:45:37.316+0000] {processor.py:830} INFO - Processing file /opt/airflow/dags/job_etl_dag.py for tasks to queue
[2026-05-12T11:45:37.318+0000] {logging_mixin.py:188} INFO - [2026-05-12T11:45:37.318+0000] {dagbag.py:538} INFO - Filling up the DagBag from /opt/airflow/dags/job_etl_dag.py
[2026-05-12T11:45:37.367+0000] {processor.py:840} INFO - DAG(s) 'job_market_etl' retrieved from /opt/airflow/dags/job_etl_dag.py
[2026-05-12T11:45:37.413+0000] {logging_mixin.py:188} INFO - [2026-05-12T11:45:37.413+0000] {dag.py:3036} INFO - Sync 1 DAGs
[2026-05-12T11:45:37.432+0000] {logging_mixin.py:188} INFO - [2026-05-12T11:45:37.432+0000] {dag.py:3823} INFO - Setting next_dagrun for job_market_etl to None, run_after=None
[2026-05-12T11:45:37.473+0000] {processor.py:183} INFO - Processing /opt/airflow/dags/job_etl_dag.py took 0.170 seconds
[2026-05-12T11:46:07.612+0000] {processor.py:161} INFO - Started process (PID=2393) to work on /opt/airflow/dags/job_etl_dag.py
[2026-05-12T11:46:07.613+0000] {processor.py:830} INFO - Processing file /opt/airflow/dags/job_etl_dag.py for tasks to queue
[2026-05-12T11:46:07.615+0000] {logging_mixin.py:188} INFO - [2026-05-12T11:46:07.615+0000] {dagbag.py:538} INFO - Filling up the DagBag from /opt/airflow/dags/job_etl_dag.py
[2026-05-12T11:46:07.650+0000] {processor.py:840} INFO - DAG(s) 'job_market_etl' retrieved from /opt/airflow/dags/job_etl_dag.py
[2026-05-12T11:46:07.699+0000] {logging_mixin.py:188} INFO - [2026-05-12T11:46:07.698+0000] {dag.py:3036} INFO - Sync 1 DAGs
[2026-05-12T11:46:07.715+0000] {logging_mixin.py:188} INFO - [2026-05-12T11:46:07.715+0000] {dag.py:3823} INFO - Setting next_dagrun for job_market_etl to None, run_after=None
[2026-05-12T11:46:07.765+0000] {processor.py:183} INFO - Processing /opt/airflow/dags/job_etl_dag.py took 0.158 seconds
[2026-05-12T11:46:37.984+0000] {processor.py:161} INFO - Started process (PID=2394) to work on /opt/airflow/dags/job_etl_dag.py
[2026-05-12T11:46:37.986+0000] {processor.py:830} INFO - Processing file /opt/airflow/dags/job_etl_dag.py for tasks to queue
[2026-05-12T11:46:37.988+0000] {logging_mixin.py:188} INFO - [2026-05-12T11:46:37.988+0000] {dagbag.py:538} INFO - Filling up the DagBag from /opt/airflow/dags/job_etl_dag.py
[2026-05-12T11:46:38.022+0000] {processor.py:840} INFO - DAG(s) 'job_market_etl' retrieved from /opt/airflow/dags/job_etl_dag.py
[2026-05-12T11:46:38.066+0000] {logging_mixin.py:188} INFO - [2026-05-12T11:46:38.065+0000] {dag.py:3036} INFO - Sync 1 DAGs
[2026-05-12T11:46:38.083+0000] {logging_mixin.py:188} INFO - [2026-05-12T11:46:38.083+0000] {dag.py:3823} INFO - Setting next_dagrun for job_market_etl to None, run_after=None
[2026-05-12T11:46:38.119+0000] {processor.py:183} INFO - Processing /opt/airflow/dags/job_etl_dag.py took 0.141 seconds
[2026-05-12T11:47:08.270+0000] {processor.py:161} INFO - Started process (PID=2395) to work on /opt/airflow/dags/job_etl_dag.py
[2026-05-12T11:47:08.272+0000] {processor.py:830} INFO - Processing file /opt/airflow/dags/job_etl_dag.py for tasks to queue
[2026-05-12T11:47:08.274+0000] {logging_mixin.py:188} INFO - [2026-05-12T11:47:08.273+0000] {dagbag.py:538} INFO - Filling up the DagBag from /opt/airflow/dags/job_etl_dag.py
[2026-05-12T11:47:08.314+0000] {processor.py:840} INFO - DAG(s) 'job_market_etl' retrieved from /opt/airflow/dags/job_etl_dag.py
[2026-05-12T11:47:08.361+0000] {logging_mixin.py:188} INFO - [2026-05-12T11:47:08.361+0000] {dag.py:3036} INFO - Sync 1 DAGs
[2026-05-12T11:47:08.377+0000] {logging_mixin.py:188} INFO - [2026-05-12T11:47:08.377+0000] {dag.py:3823} INFO - Setting next_dagrun for job_market_etl to None, run_after=None
[2026-05-12T11:47:08.412+0000] {processor.py:183} INFO - Processing /opt/airflow/dags/job_etl_dag.py took 0.148 seconds
[2026-05-12T11:47:38.622+0000] {processor.py:161} INFO - Started process (PID=2396) to work on /opt/airflow/dags/job_etl_dag.py
[2026-05-12T11:47:38.625+0000] {processor.py:830} INFO - Processing file /opt/airflow/dags/job_etl_dag.py for tasks to queue
[2026-05-12T11:47:38.627+0000] {logging_mixin.py:188} INFO - [2026-05-12T11:47:38.627+0000] {dagbag.py:538} INFO - Filling up the DagBag from /opt/airflow/dags/job_etl_dag.py
[2026-05-12T11:47:38.657+0000] {processor.py:840} INFO - DAG(s) 'job_market_etl' retrieved from /opt/airflow/dags/job_etl_dag.py
[2026-05-12T11:47:38.703+0000] {logging_mixin.py:188} INFO - [2026-05-12T11:47:38.703+0000] {dag.py:3036} INFO - Sync 1 DAGs
[2026-05-12T11:47:38.720+0000] {logging_mixin.py:188} INFO - [2026-05-12T11:47:38.720+0000] {dag.py:3823} INFO - Setting next_dagrun for job_market_etl to None, run_after=None
[2026-05-12T11:47:38.764+0000] {processor.py:183} INFO - Processing /opt/airflow/dags/job_etl_dag.py took 0.147 seconds
[2026-05-12T11:48:08.904+0000] {processor.py:161} INFO - Started process (PID=2397) to work on /opt/airflow/dags/job_etl_dag.py
[2026-05-12T11:48:08.906+0000] {processor.py:830} INFO - Processing file /opt/airflow/dags/job_etl_dag.py for tasks to queue
[2026-05-12T11:48:08.908+0000] {logging_mixin.py:188} INFO - [2026-05-12T11:48:08.907+0000] {dagbag.py:538} INFO - Filling up the DagBag from /opt/airflow/dags/job_etl_dag.py
[2026-05-12T11:48:08.940+0000] {processor.py:840} INFO - DAG(s) 'job_market_etl' retrieved from /opt/airflow/dags/job_etl_dag.py
[2026-05-12T11:48:08.989+0000] {logging_mixin.py:188} INFO - [2026-05-12T11:48:08.989+0000] {dag.py:3036} INFO - Sync 1 DAGs
[2026-05-12T11:48:09.006+0000] {logging_mixin.py:188} INFO - [2026-05-12T11:48:09.006+0000] {dag.py:3823} INFO - Setting next_dagrun for job_market_etl to None, run_after=None
[2026-05-12T11:48:09.053+0000] {processor.py:183} INFO - Processing /opt/airflow/dags/job_etl_dag.py took 0.154 seconds
[2026-05-12T11:48:39.275+0000] {processor.py:161} INFO - Started process (PID=2398) to work on /opt/airflow/dags/job_etl_dag.py
[2026-05-12T11:48:39.277+0000] {processor.py:830} INFO - Processing file /opt/airflow/dags/job_etl_dag.py for tasks to queue
[2026-05-12T11:48:39.278+0000] {logging_mixin.py:188} INFO - [2026-05-12T11:48:39.278+0000] {dagbag.py:538} INFO - Filling up the DagBag from /opt/airflow/dags/job_etl_dag.py
[2026-05-12T11:48:39.311+0000] {processor.py:840} INFO - DAG(s) 'job_market_etl' retrieved from /opt/airflow/dags/job_etl_dag.py
[2026-05-12T11:48:39.356+0000] {logging_mixin.py:188} INFO - [2026-05-12T11:48:39.356+0000] {dag.py:3036} INFO - Sync 1 DAGs
[2026-05-12T11:48:39.378+0000] {logging_mixin.py:188} INFO - [2026-05-12T11:48:39.377+0000] {dag.py:3823} INFO - Setting next_dagrun for job_market_etl to None, run_after=None
[2026-05-12T11:48:39.417+0000] {processor.py:183} INFO - Processing /opt/airflow/dags/job_etl_dag.py took 0.146 seconds
[2026-05-12T11:49:09.645+0000] {processor.py:161} INFO - Started process (PID=2399) to work on /opt/airflow/dags/job_etl_dag.py
[2026-05-12T11:49:09.647+0000] {processor.py:830} INFO - Processing file /opt/airflow/dags/job_etl_dag.py for tasks to queue
[2026-05-12T11:49:09.649+0000] {logging_mixin.py:188} INFO - [2026-05-12T11:49:09.649+0000] {dagbag.py:538} INFO - Filling up the DagBag from /opt/airflow/dags/job_etl_dag.py
[2026-05-12T11:49:09.681+0000] {processor.py:840} INFO - DAG(s) 'job_market_etl' retrieved from /opt/airflow/dags/job_etl_dag.py
[2026-05-12T11:49:09.726+0000] {logging_mixin.py:188} INFO - [2026-05-12T11:49:09.726+0000] {dag.py:3036} INFO - Sync 1 DAGs
[2026-05-12T11:49:09.746+0000] {logging_mixin.py:188} INFO - [2026-05-12T11:49:09.745+0000] {dag.py:3823} INFO - Setting next_dagrun for job_market_etl to None, run_after=None
[2026-05-12T11:49:09.775+0000] {processor.py:183} INFO - Processing /opt/airflow/dags/job_etl_dag.py took 0.134 seconds
[2026-05-12T11:49:39.908+0000] {processor.py:161} INFO - Started process (PID=2400) to work on /opt/airflow/dags/job_etl_dag.py
[2026-05-12T11:49:39.909+0000] {processor.py:830} INFO - Processing file /opt/airflow/dags/job_etl_dag.py for tasks to queue
[2026-05-12T11:49:39.912+0000] {logging_mixin.py:188} INFO - [2026-05-12T11:49:39.912+0000] {dagbag.py:538} INFO - Filling up the DagBag from /opt/airflow/dags/job_etl_dag.py
[2026-05-12T11:49:39.944+0000] {processor.py:840} INFO - DAG(s) 'job_market_etl' retrieved from /opt/airflow/dags/job_etl_dag.py
[2026-05-12T11:49:39.990+0000] {logging_mixin.py:188} INFO - [2026-05-12T11:49:39.989+0000] {dag.py:3036} INFO - Sync 1 DAGs
[2026-05-12T11:49:40.008+0000] {logging_mixin.py:188} INFO - [2026-05-12T11:49:40.008+0000] {dag.py:3823} INFO - Setting next_dagrun for job_market_etl to None, run_after=None
[2026-05-12T11:49:40.043+0000] {processor.py:183} INFO - Processing /opt/airflow/dags/job_etl_dag.py took 0.141 seconds
[2026-05-12T11:50:10.284+0000] {processor.py:161} INFO - Started process (PID=2429) to work on /opt/airflow/dags/job_etl_dag.py
[2026-05-12T11:50:10.286+0000] {processor.py:830} INFO - Processing file /opt/airflow/dags/job_etl_dag.py for tasks to queue
[2026-05-12T11:50:10.288+0000] {logging_mixin.py:188} INFO - [2026-05-12T11:50:10.287+0000] {dagbag.py:538} INFO - Filling up the DagBag from /opt/airflow/dags/job_etl_dag.py
[2026-05-12T11:50:10.319+0000] {processor.py:840} INFO - DAG(s) 'job_market_etl' retrieved from /opt/airflow/dags/job_etl_dag.py
[2026-05-12T11:50:10.364+0000] {logging_mixin.py:188} INFO - [2026-05-12T11:50:10.363+0000] {dag.py:3036} INFO - Sync 1 DAGs
[2026-05-12T11:50:10.379+0000] {logging_mixin.py:188} INFO - [2026-05-12T11:50:10.379+0000] {dag.py:3823} INFO - Setting next_dagrun for job_market_etl to None, run_after=None
[2026-05-12T11:50:10.414+0000] {processor.py:183} INFO - Processing /opt/airflow/dags/job_etl_dag.py took 0.134 seconds
[2026-05-12T11:50:40.540+0000] {processor.py:161} INFO - Started process (PID=2458) to work on /opt/airflow/dags/job_etl_dag.py
[2026-05-12T11:50:40.542+0000] {processor.py:830} INFO - Processing file /opt/airflow/dags/job_etl_dag.py for tasks to queue
[2026-05-12T11:50:40.544+0000] {logging_mixin.py:188} INFO - [2026-05-12T11:50:40.543+0000] {dagbag.py:538} INFO - Filling up the DagBag from /opt/airflow/dags/job_etl_dag.py
[2026-05-12T11:50:40.577+0000] {processor.py:840} INFO - DAG(s) 'job_market_etl' retrieved from /opt/airflow/dags/job_etl_dag.py
[2026-05-12T11:50:40.619+0000] {logging_mixin.py:188} INFO - [2026-05-12T11:50:40.619+0000] {dag.py:3036} INFO - Sync 1 DAGs
[2026-05-12T11:50:40.635+0000] {logging_mixin.py:188} INFO - [2026-05-12T11:50:40.634+0000] {dag.py:3823} INFO - Setting next_dagrun for job_market_etl to None, run_after=None
[2026-05-12T11:50:40.667+0000] {processor.py:183} INFO - Processing /opt/airflow/dags/job_etl_dag.py took 0.132 seconds
[2026-05-12T11:51:10.908+0000] {processor.py:161} INFO - Started process (PID=2459) to work on /opt/airflow/dags/job_etl_dag.py
[2026-05-12T11:51:10.910+0000] {processor.py:830} INFO - Processing file /opt/airflow/dags/job_etl_dag.py for tasks to queue
[2026-05-12T11:51:10.912+0000] {logging_mixin.py:188} INFO - [2026-05-12T11:51:10.912+0000] {dagbag.py:538} INFO - Filling up the DagBag from /opt/airflow/dags/job_etl_dag.py
[2026-05-12T11:51:10.946+0000] {processor.py:840} INFO - DAG(s) 'job_market_etl' retrieved from /opt/airflow/dags/job_etl_dag.py
[2026-05-12T11:51:10.997+0000] {logging_mixin.py:188} INFO - [2026-05-12T11:51:10.997+0000] {dag.py:3036} INFO - Sync 1 DAGs
[2026-05-12T11:51:11.014+0000] {logging_mixin.py:188} INFO - [2026-05-12T11:51:11.014+0000] {dag.py:3823} INFO - Setting next_dagrun for job_market_etl to None, run_after=None
[2026-05-12T11:51:11.056+0000] {processor.py:183} INFO - Processing /opt/airflow/dags/job_etl_dag.py took 0.154 seconds
[2026-05-12T11:51:41.164+0000] {processor.py:161} INFO - Started process (PID=2460) to work on /opt/airflow/dags/job_etl_dag.py
[2026-05-12T11:51:41.166+0000] {processor.py:830} INFO - Processing file /opt/airflow/dags/job_etl_dag.py for tasks to queue
[2026-05-12T11:51:41.168+0000] {logging_mixin.py:188} INFO - [2026-05-12T11:51:41.167+0000] {dagbag.py:538} INFO - Filling up the DagBag from /opt/airflow/dags/job_etl_dag.py
[2026-05-12T11:51:41.210+0000] {processor.py:840} INFO - DAG(s) 'job_market_etl' retrieved from /opt/airflow/dags/job_etl_dag.py
[2026-05-12T11:51:41.254+0000] {logging_mixin.py:188} INFO - [2026-05-12T11:51:41.254+0000] {dag.py:3036} INFO - Sync 1 DAGs
[2026-05-12T11:51:41.270+0000] {logging_mixin.py:188} INFO - [2026-05-12T11:51:41.270+0000] {dag.py:3823} INFO - Setting next_dagrun for job_market_etl to None, run_after=None
[2026-05-12T11:51:41.302+0000] {processor.py:183} INFO - Processing /opt/airflow/dags/job_etl_dag.py took 0.143 seconds
[2026-05-12T11:52:11.569+0000] {processor.py:161} INFO - Started process (PID=2489) to work on /opt/airflow/dags/job_etl_dag.py
[2026-05-12T11:52:11.571+0000] {processor.py:830} INFO - Processing file /opt/airflow/dags/job_etl_dag.py for tasks to queue
[2026-05-12T11:52:11.572+0000] {logging_mixin.py:188} INFO - [2026-05-12T11:52:11.572+0000] {dagbag.py:538} INFO - Filling up the DagBag from /opt/airflow/dags/job_etl_dag.py
[2026-05-12T11:52:11.603+0000] {processor.py:840} INFO - DAG(s) 'job_market_etl' retrieved from /opt/airflow/dags/job_etl_dag.py
[2026-05-12T11:52:11.644+0000] {logging_mixin.py:188} INFO - [2026-05-12T11:52:11.644+0000] {dag.py:3036} INFO - Sync 1 DAGs
[2026-05-12T11:52:11.661+0000] {logging_mixin.py:188} INFO - [2026-05-12T11:52:11.660+0000] {dag.py:3823} INFO - Setting next_dagrun for job_market_etl to None, run_after=None
[2026-05-12T11:52:11.689+0000] {processor.py:183} INFO - Processing /opt/airflow/dags/job_etl_dag.py took 0.126 seconds
[2026-05-12T11:52:41.831+0000] {processor.py:161} INFO - Started process (PID=2490) to work on /opt/airflow/dags/job_etl_dag.py
[2026-05-12T11:52:41.833+0000] {processor.py:830} INFO - Processing file /opt/airflow/dags/job_etl_dag.py for tasks to queue
[2026-05-12T11:52:41.837+0000] {logging_mixin.py:188} INFO - [2026-05-12T11:52:41.835+0000] {dagbag.py:538} INFO - Filling up the DagBag from /opt/airflow/dags/job_etl_dag.py
[2026-05-12T11:52:41.870+0000] {processor.py:840} INFO - DAG(s) 'job_market_etl' retrieved from /opt/airflow/dags/job_etl_dag.py
[2026-05-12T11:52:41.920+0000] {logging_mixin.py:188} INFO - [2026-05-12T11:52:41.920+0000] {dag.py:3036} INFO - Sync 1 DAGs
[2026-05-12T11:52:41.938+0000] {logging_mixin.py:188} INFO - [2026-05-12T11:52:41.938+0000] {dag.py:3823} INFO - Setting next_dagrun for job_market_etl to None, run_after=None
[2026-05-12T11:52:41.972+0000] {processor.py:183} INFO - Processing /opt/airflow/dags/job_etl_dag.py took 0.146 seconds
[2026-05-12T11:53:12.180+0000] {processor.py:161} INFO - Started process (PID=2491) to work on /opt/airflow/dags/job_etl_dag.py
[2026-05-12T11:53:12.182+0000] {processor.py:830} INFO - Processing file /opt/airflow/dags/job_etl_dag.py for tasks to queue
[2026-05-12T11:53:12.184+0000] {logging_mixin.py:188} INFO - [2026-05-12T11:53:12.184+0000] {dagbag.py:538} INFO - Filling up the DagBag from /opt/airflow/dags/job_etl_dag.py
[2026-05-12T11:53:12.217+0000] {processor.py:840} INFO - DAG(s) 'job_market_etl' retrieved from /opt/airflow/dags/job_etl_dag.py
[2026-05-12T11:53:12.273+0000] {logging_mixin.py:188} INFO - [2026-05-12T11:53:12.273+0000] {dag.py:3036} INFO - Sync 1 DAGs
[2026-05-12T11:53:12.290+0000] {logging_mixin.py:188} INFO - [2026-05-12T11:53:12.290+0000] {dag.py:3823} INFO - Setting next_dagrun for job_market_etl to None, run_after=None
[2026-05-12T11:53:12.327+0000] {processor.py:183} INFO - Processing /opt/airflow/dags/job_etl_dag.py took 0.155 seconds
[2026-05-12T11:53:42.459+0000] {processor.py:161} INFO - Started process (PID=2492) to work on /opt/airflow/dags/job_etl_dag.py
[2026-05-12T11:53:42.461+0000] {processor.py:830} INFO - Processing file /opt/airflow/dags/job_etl_dag.py for tasks to queue
[2026-05-12T11:53:42.463+0000] {logging_mixin.py:188} INFO - [2026-05-12T11:53:42.463+0000] {dagbag.py:538} INFO - Filling up the DagBag from /opt/airflow/dags/job_etl_dag.py
[2026-05-12T11:53:42.489+0000] {processor.py:840} INFO - DAG(s) 'job_market_etl' retrieved from /opt/airflow/dags/job_etl_dag.py
[2026-05-12T11:53:42.530+0000] {logging_mixin.py:188} INFO - [2026-05-12T11:53:42.529+0000] {dag.py:3036} INFO - Sync 1 DAGs
[2026-05-12T11:53:42.545+0000] {logging_mixin.py:188} INFO - [2026-05-12T11:53:42.544+0000] {dag.py:3823} INFO - Setting next_dagrun for job_market_etl to None, run_after=None
[2026-05-12T11:53:42.588+0000] {processor.py:183} INFO - Processing /opt/airflow/dags/job_etl_dag.py took 0.135 seconds
[2026-05-12T11:54:12.865+0000] {processor.py:161} INFO - Started process (PID=2493) to work on /opt/airflow/dags/job_etl_dag.py
[2026-05-12T11:54:12.867+0000] {processor.py:830} INFO - Processing file /opt/airflow/dags/job_etl_dag.py for tasks to queue
[2026-05-12T11:54:12.869+0000] {logging_mixin.py:188} INFO - [2026-05-12T11:54:12.869+0000] {dagbag.py:538} INFO - Filling up the DagBag from /opt/airflow/dags/job_etl_dag.py
[2026-05-12T11:54:12.900+0000] {processor.py:840} INFO - DAG(s) 'job_market_etl' retrieved from /opt/airflow/dags/job_etl_dag.py
[2026-05-12T11:54:12.946+0000] {logging_mixin.py:188} INFO - [2026-05-12T11:54:12.946+0000] {dag.py:3036} INFO - Sync 1 DAGs
[2026-05-12T11:54:12.964+0000] {logging_mixin.py:188} INFO - [2026-05-12T11:54:12.964+0000] {dag.py:3823} INFO - Setting next_dagrun for job_market_etl to None, run_after=None
[2026-05-12T11:54:12.999+0000] {processor.py:183} INFO - Processing /opt/airflow/dags/job_etl_dag.py took 0.138 seconds
[2026-05-12T11:54:43.135+0000] {processor.py:161} INFO - Started process (PID=2494) to work on /opt/airflow/dags/job_etl_dag.py
[2026-05-12T11:54:43.138+0000] {processor.py:830} INFO - Processing file /opt/airflow/dags/job_etl_dag.py for tasks to queue
[2026-05-12T11:54:43.139+0000] {logging_mixin.py:188} INFO - [2026-05-12T11:54:43.139+0000] {dagbag.py:538} INFO - Filling up the DagBag from /opt/airflow/dags/job_etl_dag.py
[2026-05-12T11:54:43.170+0000] {processor.py:840} INFO - DAG(s) 'job_market_etl' retrieved from /opt/airflow/dags/job_etl_dag.py
[2026-05-12T11:54:43.216+0000] {logging_mixin.py:188} INFO - [2026-05-12T11:54:43.216+0000] {dag.py:3036} INFO - Sync 1 DAGs
[2026-05-12T11:54:43.233+0000] {logging_mixin.py:188} INFO - [2026-05-12T11:54:43.233+0000] {dag.py:3823} INFO - Setting next_dagrun for job_market_etl to None, run_after=None
[2026-05-12T11:54:43.268+0000] {processor.py:183} INFO - Processing /opt/airflow/dags/job_etl_dag.py took 0.140 seconds
[2026-05-12T11:55:13.493+0000] {processor.py:161} INFO - Started process (PID=2495) to work on /opt/airflow/dags/job_etl_dag.py
[2026-05-12T11:55:13.494+0000] {processor.py:830} INFO - Processing file /opt/airflow/dags/job_etl_dag.py for tasks to queue
[2026-05-12T11:55:13.496+0000] {logging_mixin.py:188} INFO - [2026-05-12T11:55:13.496+0000] {dagbag.py:538} INFO - Filling up the DagBag from /opt/airflow/dags/job_etl_dag.py
[2026-05-12T11:55:13.526+0000] {processor.py:840} INFO - DAG(s) 'job_market_etl' retrieved from /opt/airflow/dags/job_etl_dag.py
[2026-05-12T11:55:13.566+0000] {logging_mixin.py:188} INFO - [2026-05-12T11:55:13.566+0000] {dag.py:3036} INFO - Sync 1 DAGs
[2026-05-12T11:55:13.584+0000] {logging_mixin.py:188} INFO - [2026-05-12T11:55:13.584+0000] {dag.py:3823} INFO - Setting next_dagrun for job_market_etl to None, run_after=None
[2026-05-12T11:55:13.631+0000] {processor.py:183} INFO - Processing /opt/airflow/dags/job_etl_dag.py took 0.142 seconds
[2026-05-12T11:55:43.748+0000] {processor.py:161} INFO - Started process (PID=2496) to work on /opt/airflow/dags/job_etl_dag.py
[2026-05-12T11:55:43.750+0000] {processor.py:830} INFO - Processing file /opt/airflow/dags/job_etl_dag.py for tasks to queue
[2026-05-12T11:55:43.753+0000] {logging_mixin.py:188} INFO - [2026-05-12T11:55:43.752+0000] {dagbag.py:538} INFO - Filling up the DagBag from /opt/airflow/dags/job_etl_dag.py
[2026-05-12T11:55:43.788+0000] {processor.py:840} INFO - DAG(s) 'job_market_etl' retrieved from /opt/airflow/dags/job_etl_dag.py
[2026-05-12T11:55:43.836+0000] {logging_mixin.py:188} INFO - [2026-05-12T11:55:43.835+0000] {dag.py:3036} INFO - Sync 1 DAGs
[2026-05-12T11:55:43.854+0000] {logging_mixin.py:188} INFO - [2026-05-12T11:55:43.854+0000] {dag.py:3823} INFO - Setting next_dagrun for job_market_etl to None, run_after=None
[2026-05-12T11:55:43.890+0000] {processor.py:183} INFO - Processing /opt/airflow/dags/job_etl_dag.py took 0.149 seconds
[2026-05-12T11:56:14.162+0000] {processor.py:161} INFO - Started process (PID=2497) to work on /opt/airflow/dags/job_etl_dag.py
[2026-05-12T11:56:14.164+0000] {processor.py:830} INFO - Processing file /opt/airflow/dags/job_etl_dag.py for tasks to queue
[2026-05-12T11:56:14.165+0000] {logging_mixin.py:188} INFO - [2026-05-12T11:56:14.165+0000] {dagbag.py:538} INFO - Filling up the DagBag from /opt/airflow/dags/job_etl_dag.py
[2026-05-12T11:56:14.198+0000] {processor.py:840} INFO - DAG(s) 'job_market_etl' retrieved from /opt/airflow/dags/job_etl_dag.py
[2026-05-12T11:56:14.243+0000] {logging_mixin.py:188} INFO - [2026-05-12T11:56:14.243+0000] {dag.py:3036} INFO - Sync 1 DAGs
[2026-05-12T11:56:14.262+0000] {logging_mixin.py:188} INFO - [2026-05-12T11:56:14.262+0000] {dag.py:3823} INFO - Setting next_dagrun for job_market_etl to None, run_after=None
[2026-05-12T11:56:14.310+0000] {processor.py:183} INFO - Processing /opt/airflow/dags/job_etl_dag.py took 0.152 seconds
[2026-05-12T11:56:44.429+0000] {processor.py:161} INFO - Started process (PID=2500) to work on /opt/airflow/dags/job_etl_dag.py
[2026-05-12T11:56:44.432+0000] {processor.py:830} INFO - Processing file /opt/airflow/dags/job_etl_dag.py for tasks to queue
[2026-05-12T11:56:44.435+0000] {logging_mixin.py:188} INFO - [2026-05-12T11:56:44.435+0000] {dagbag.py:538} INFO - Filling up the DagBag from /opt/airflow/dags/job_etl_dag.py
[2026-05-12T11:56:44.476+0000] {processor.py:840} INFO - DAG(s) 'job_market_etl' retrieved from /opt/airflow/dags/job_etl_dag.py
[2026-05-12T11:56:44.538+0000] {logging_mixin.py:188} INFO - [2026-05-12T11:56:44.537+0000] {dag.py:3036} INFO - Sync 1 DAGs
[2026-05-12T11:56:44.564+0000] {logging_mixin.py:188} INFO - [2026-05-12T11:56:44.563+0000] {dag.py:3823} INFO - Setting next_dagrun for job_market_etl to None, run_after=None
[2026-05-12T11:56:44.616+0000] {processor.py:183} INFO - Processing /opt/airflow/dags/job_etl_dag.py took 0.193 seconds
[2026-05-12T11:57:14.882+0000] {processor.py:161} INFO - Started process (PID=2527) to work on /opt/airflow/dags/job_etl_dag.py
[2026-05-12T11:57:14.886+0000] {processor.py:830} INFO - Processing file /opt/airflow/dags/job_etl_dag.py for tasks to queue
[2026-05-12T11:57:14.888+0000] {logging_mixin.py:188} INFO - [2026-05-12T11:57:14.888+0000] {dagbag.py:538} INFO - Filling up the DagBag from /opt/airflow/dags/job_etl_dag.py
[2026-05-12T11:57:14.957+0000] {processor.py:840} INFO - DAG(s) 'job_market_etl' retrieved from /opt/airflow/dags/job_etl_dag.py
[2026-05-12T11:57:15.038+0000] {logging_mixin.py:188} INFO - [2026-05-12T11:57:15.037+0000] {dag.py:3036} INFO - Sync 1 DAGs
[2026-05-12T11:57:15.057+0000] {logging_mixin.py:188} INFO - [2026-05-12T11:57:15.057+0000] {dag.py:3823} INFO - Setting next_dagrun for job_market_etl to None, run_after=None
[2026-05-12T11:57:15.105+0000] {processor.py:183} INFO - Processing /opt/airflow/dags/job_etl_dag.py took 0.233 seconds
[2026-05-12T11:57:45.373+0000] {processor.py:161} INFO - Started process (PID=2556) to work on /opt/airflow/dags/job_etl_dag.py
[2026-05-12T11:57:45.376+0000] {processor.py:830} INFO - Processing file /opt/airflow/dags/job_etl_dag.py for tasks to queue
[2026-05-12T11:57:45.379+0000] {logging_mixin.py:188} INFO - [2026-05-12T11:57:45.378+0000] {dagbag.py:538} INFO - Filling up the DagBag from /opt/airflow/dags/job_etl_dag.py
[2026-05-12T11:57:45.411+0000] {processor.py:840} INFO - DAG(s) 'job_market_etl' retrieved from /opt/airflow/dags/job_etl_dag.py
[2026-05-12T11:57:45.458+0000] {logging_mixin.py:188} INFO - [2026-05-12T11:57:45.458+0000] {dag.py:3036} INFO - Sync 1 DAGs
[2026-05-12T11:57:45.475+0000] {logging_mixin.py:188} INFO - [2026-05-12T11:57:45.475+0000] {dag.py:3823} INFO - Setting next_dagrun for job_market_etl to None, run_after=None
[2026-05-12T11:57:45.514+0000] {processor.py:183} INFO - Processing /opt/airflow/dags/job_etl_dag.py took 0.147 seconds
[2026-05-12T11:58:15.622+0000] {processor.py:161} INFO - Started process (PID=2585) to work on /opt/airflow/dags/job_etl_dag.py
[2026-05-12T11:58:15.625+0000] {processor.py:830} INFO - Processing file /opt/airflow/dags/job_etl_dag.py for tasks to queue
[2026-05-12T11:58:15.628+0000] {logging_mixin.py:188} INFO - [2026-05-12T11:58:15.627+0000] {dagbag.py:538} INFO - Filling up the DagBag from /opt/airflow/dags/job_etl_dag.py
[2026-05-12T11:58:15.664+0000] {processor.py:840} INFO - DAG(s) 'job_market_etl' retrieved from /opt/airflow/dags/job_etl_dag.py
[2026-05-12T11:58:15.713+0000] {logging_mixin.py:188} INFO - [2026-05-12T11:58:15.713+0000] {dag.py:3036} INFO - Sync 1 DAGs
[2026-05-12T11:58:15.732+0000] {logging_mixin.py:188} INFO - [2026-05-12T11:58:15.731+0000] {dag.py:3823} INFO - Setting next_dagrun for job_market_etl to None, run_after=None
[2026-05-12T11:58:15.780+0000] {processor.py:183} INFO - Processing /opt/airflow/dags/job_etl_dag.py took 0.163 seconds
[2026-05-12T11:58:46.040+0000] {processor.py:161} INFO - Started process (PID=2586) to work on /opt/airflow/dags/job_etl_dag.py
[2026-05-12T11:58:46.042+0000] {processor.py:830} INFO - Processing file /opt/airflow/dags/job_etl_dag.py for tasks to queue
[2026-05-12T11:58:46.044+0000] {logging_mixin.py:188} INFO - [2026-05-12T11:58:46.044+0000] {dagbag.py:538} INFO - Filling up the DagBag from /opt/airflow/dags/job_etl_dag.py
[2026-05-12T11:58:46.079+0000] {processor.py:840} INFO - DAG(s) 'job_market_etl' retrieved from /opt/airflow/dags/job_etl_dag.py
[2026-05-12T11:58:46.126+0000] {logging_mixin.py:188} INFO - [2026-05-12T11:58:46.126+0000] {dag.py:3036} INFO - Sync 1 DAGs
[2026-05-12T11:58:46.144+0000] {logging_mixin.py:188} INFO - [2026-05-12T11:58:46.143+0000] {dag.py:3823} INFO - Setting next_dagrun for job_market_etl to None, run_after=None
[2026-05-12T11:58:46.175+0000] {processor.py:183} INFO - Processing /opt/airflow/dags/job_etl_dag.py took 0.140 seconds
[2026-05-12T11:59:16.341+0000] {processor.py:161} INFO - Started process (PID=2587) to work on /opt/airflow/dags/job_etl_dag.py
[2026-05-12T11:59:16.343+0000] {processor.py:830} INFO - Processing file /opt/airflow/dags/job_etl_dag.py for tasks to queue
[2026-05-12T11:59:16.345+0000] {logging_mixin.py:188} INFO - [2026-05-12T11:59:16.345+0000] {dagbag.py:538} INFO - Filling up the DagBag from /opt/airflow/dags/job_etl_dag.py
[2026-05-12T11:59:16.376+0000] {processor.py:840} INFO - DAG(s) 'job_market_etl' retrieved from /opt/airflow/dags/job_etl_dag.py
[2026-05-12T11:59:16.426+0000] {logging_mixin.py:188} INFO - [2026-05-12T11:59:16.425+0000] {dag.py:3036} INFO - Sync 1 DAGs
[2026-05-12T11:59:16.447+0000] {logging_mixin.py:188} INFO - [2026-05-12T11:59:16.446+0000] {dag.py:3823} INFO - Setting next_dagrun for job_market_etl to None, run_after=None
[2026-05-12T11:59:16.478+0000] {processor.py:183} INFO - Processing /opt/airflow/dags/job_etl_dag.py took 0.142 seconds
[2026-05-12T11:59:46.688+0000] {processor.py:161} INFO - Started process (PID=2588) to work on /opt/airflow/dags/job_etl_dag.py
[2026-05-12T11:59:46.689+0000] {processor.py:830} INFO - Processing file /opt/airflow/dags/job_etl_dag.py for tasks to queue
[2026-05-12T11:59:46.692+0000] {logging_mixin.py:188} INFO - [2026-05-12T11:59:46.692+0000] {dagbag.py:538} INFO - Filling up the DagBag from /opt/airflow/dags/job_etl_dag.py
[2026-05-12T11:59:46.723+0000] {processor.py:840} INFO - DAG(s) 'job_market_etl' retrieved from /opt/airflow/dags/job_etl_dag.py
[2026-05-12T11:59:46.768+0000] {logging_mixin.py:188} INFO - [2026-05-12T11:59:46.768+0000] {dag.py:3036} INFO - Sync 1 DAGs
[2026-05-12T11:59:46.787+0000] {logging_mixin.py:188} INFO - [2026-05-12T11:59:46.786+0000] {dag.py:3823} INFO - Setting next_dagrun for job_market_etl to None, run_after=None
[2026-05-12T11:59:46.822+0000] {processor.py:183} INFO - Processing /opt/airflow/dags/job_etl_dag.py took 0.140 seconds
[2026-05-12T12:00:16.964+0000] {processor.py:161} INFO - Started process (PID=2589) to work on /opt/airflow/dags/job_etl_dag.py
[2026-05-12T12:00:16.966+0000] {processor.py:830} INFO - Processing file /opt/airflow/dags/job_etl_dag.py for tasks to queue
[2026-05-12T12:00:16.969+0000] {logging_mixin.py:188} INFO - [2026-05-12T12:00:16.968+0000] {dagbag.py:538} INFO - Filling up the DagBag from /opt/airflow/dags/job_etl_dag.py
[2026-05-12T12:00:16.999+0000] {processor.py:840} INFO - DAG(s) 'job_market_etl' retrieved from /opt/airflow/dags/job_etl_dag.py
[2026-05-12T12:00:17.050+0000] {logging_mixin.py:188} INFO - [2026-05-12T12:00:17.050+0000] {dag.py:3036} INFO - Sync 1 DAGs
[2026-05-12T12:00:17.069+0000] {logging_mixin.py:188} INFO - [2026-05-12T12:00:17.068+0000] {dag.py:3823} INFO - Setting next_dagrun for job_market_etl to None, run_after=None
[2026-05-12T12:00:17.100+0000] {processor.py:183} INFO - Processing /opt/airflow/dags/job_etl_dag.py took 0.142 seconds
[2026-05-12T12:00:47.313+0000] {processor.py:161} INFO - Started process (PID=2590) to work on /opt/airflow/dags/job_etl_dag.py
[2026-05-12T12:00:47.315+0000] {processor.py:830} INFO - Processing file /opt/airflow/dags/job_etl_dag.py for tasks to queue
[2026-05-12T12:00:47.317+0000] {logging_mixin.py:188} INFO - [2026-05-12T12:00:47.317+0000] {dagbag.py:538} INFO - Filling up the DagBag from /opt/airflow/dags/job_etl_dag.py
[2026-05-12T12:00:47.347+0000] {processor.py:840} INFO - DAG(s) 'job_market_etl' retrieved from /opt/airflow/dags/job_etl_dag.py
[2026-05-12T12:00:47.393+0000] {logging_mixin.py:188} INFO - [2026-05-12T12:00:47.392+0000] {dag.py:3036} INFO - Sync 1 DAGs
[2026-05-12T12:00:47.409+0000] {logging_mixin.py:188} INFO - [2026-05-12T12:00:47.408+0000] {dag.py:3823} INFO - Setting next_dagrun for job_market_etl to None, run_after=None
[2026-05-12T12:00:47.453+0000] {processor.py:183} INFO - Processing /opt/airflow/dags/job_etl_dag.py took 0.145 seconds
[2026-05-12T12:01:17.602+0000] {processor.py:161} INFO - Started process (PID=2591) to work on /opt/airflow/dags/job_etl_dag.py
[2026-05-12T12:01:17.604+0000] {processor.py:830} INFO - Processing file /opt/airflow/dags/job_etl_dag.py for tasks to queue
[2026-05-12T12:01:17.606+0000] {logging_mixin.py:188} INFO - [2026-05-12T12:01:17.606+0000] {dagbag.py:538} INFO - Filling up the DagBag from /opt/airflow/dags/job_etl_dag.py
[2026-05-12T12:01:17.646+0000] {processor.py:840} INFO - DAG(s) 'job_market_etl' retrieved from /opt/airflow/dags/job_etl_dag.py
[2026-05-12T12:01:17.717+0000] {logging_mixin.py:188} INFO - [2026-05-12T12:01:17.717+0000] {dag.py:3036} INFO - Sync 1 DAGs
[2026-05-12T12:01:17.751+0000] {logging_mixin.py:188} INFO - [2026-05-12T12:01:17.750+0000] {dag.py:3823} INFO - Setting next_dagrun for job_market_etl to None, run_after=None
[2026-05-12T12:01:17.801+0000] {processor.py:183} INFO - Processing /opt/airflow/dags/job_etl_dag.py took 0.203 seconds
[2026-05-12T12:01:47.942+0000] {processor.py:161} INFO - Started process (PID=2592) to work on /opt/airflow/dags/job_etl_dag.py
[2026-05-12T12:01:47.945+0000] {processor.py:830} INFO - Processing file /opt/airflow/dags/job_etl_dag.py for tasks to queue
[2026-05-12T12:01:47.947+0000] {logging_mixin.py:188} INFO - [2026-05-12T12:01:47.946+0000] {dagbag.py:538} INFO - Filling up the DagBag from /opt/airflow/dags/job_etl_dag.py
[2026-05-12T12:01:47.981+0000] {processor.py:840} INFO - DAG(s) 'job_market_etl' retrieved from /opt/airflow/dags/job_etl_dag.py
[2026-05-12T12:01:48.025+0000] {logging_mixin.py:188} INFO - [2026-05-12T12:01:48.024+0000] {dag.py:3036} INFO - Sync 1 DAGs
[2026-05-12T12:01:48.041+0000] {logging_mixin.py:188} INFO - [2026-05-12T12:01:48.041+0000] {dag.py:3823} INFO - Setting next_dagrun for job_market_etl to None, run_after=None
[2026-05-12T12:01:48.075+0000] {processor.py:183} INFO - Processing /opt/airflow/dags/job_etl_dag.py took 0.139 seconds
[2026-05-12T12:02:18.326+0000] {processor.py:161} INFO - Started process (PID=2621) to work on /opt/airflow/dags/job_etl_dag.py
[2026-05-12T12:02:18.328+0000] {processor.py:830} INFO - Processing file /opt/airflow/dags/job_etl_dag.py for tasks to queue
[2026-05-12T12:02:18.330+0000] {logging_mixin.py:188} INFO - [2026-05-12T12:02:18.330+0000] {dagbag.py:538} INFO - Filling up the DagBag from /opt/airflow/dags/job_etl_dag.py
[2026-05-12T12:02:18.365+0000] {processor.py:840} INFO - DAG(s) 'job_market_etl' retrieved from /opt/airflow/dags/job_etl_dag.py
[2026-05-12T12:02:18.416+0000] {logging_mixin.py:188} INFO - [2026-05-12T12:02:18.415+0000] {dag.py:3036} INFO - Sync 1 DAGs
[2026-05-12T12:02:18.434+0000] {logging_mixin.py:188} INFO - [2026-05-12T12:02:18.434+0000] {dag.py:3823} INFO - Setting next_dagrun for job_market_etl to None, run_after=None
[2026-05-12T12:02:18.468+0000] {processor.py:183} INFO - Processing /opt/airflow/dags/job_etl_dag.py took 0.147 seconds
[2026-05-12T12:02:48.574+0000] {processor.py:161} INFO - Started process (PID=2622) to work on /opt/airflow/dags/job_etl_dag.py
[2026-05-12T12:02:48.576+0000] {processor.py:830} INFO - Processing file /opt/airflow/dags/job_etl_dag.py for tasks to queue
[2026-05-12T12:02:48.578+0000] {logging_mixin.py:188} INFO - [2026-05-12T12:02:48.577+0000] {dagbag.py:538} INFO - Filling up the DagBag from /opt/airflow/dags/job_etl_dag.py
[2026-05-12T12:02:48.607+0000] {processor.py:840} INFO - DAG(s) 'job_market_etl' retrieved from /opt/airflow/dags/job_etl_dag.py
[2026-05-12T12:02:48.662+0000] {logging_mixin.py:188} INFO - [2026-05-12T12:02:48.662+0000] {dag.py:3036} INFO - Sync 1 DAGs
[2026-05-12T12:02:48.679+0000] {logging_mixin.py:188} INFO - [2026-05-12T12:02:48.679+0000] {dag.py:3823} INFO - Setting next_dagrun for job_market_etl to None, run_after=None
[2026-05-12T12:02:48.711+0000] {processor.py:183} INFO - Processing /opt/airflow/dags/job_etl_dag.py took 0.142 seconds
[2026-05-12T12:03:18.975+0000] {processor.py:161} INFO - Started process (PID=2735) to work on /opt/airflow/dags/job_etl_dag.py
[2026-05-12T12:03:18.977+0000] {processor.py:830} INFO - Processing file /opt/airflow/dags/job_etl_dag.py for tasks to queue
[2026-05-12T12:03:18.980+0000] {logging_mixin.py:188} INFO - [2026-05-12T12:03:18.979+0000] {dagbag.py:538} INFO - Filling up the DagBag from /opt/airflow/dags/job_etl_dag.py
[2026-05-12T12:03:19.014+0000] {processor.py:840} INFO - DAG(s) 'job_market_etl' retrieved from /opt/airflow/dags/job_etl_dag.py
[2026-05-12T12:03:19.068+0000] {logging_mixin.py:188} INFO - [2026-05-12T12:03:19.068+0000] {dag.py:3036} INFO - Sync 1 DAGs
[2026-05-12T12:03:19.085+0000] {logging_mixin.py:188} INFO - [2026-05-12T12:03:19.084+0000] {dag.py:3823} INFO - Setting next_dagrun for job_market_etl to None, run_after=None
[2026-05-12T12:03:19.119+0000] {processor.py:183} INFO - Processing /opt/airflow/dags/job_etl_dag.py took 0.153 seconds
[2026-05-12T12:03:49.275+0000] {processor.py:161} INFO - Started process (PID=2792) to work on /opt/airflow/dags/job_etl_dag.py
[2026-05-12T12:03:49.277+0000] {processor.py:830} INFO - Processing file /opt/airflow/dags/job_etl_dag.py for tasks to queue
[2026-05-12T12:03:49.280+0000] {logging_mixin.py:188} INFO - [2026-05-12T12:03:49.280+0000] {dagbag.py:538} INFO - Filling up the DagBag from /opt/airflow/dags/job_etl_dag.py
[2026-05-12T12:03:49.315+0000] {processor.py:840} INFO - DAG(s) 'job_market_etl' retrieved from /opt/airflow/dags/job_etl_dag.py
[2026-05-12T12:03:49.360+0000] {logging_mixin.py:188} INFO - [2026-05-12T12:03:49.360+0000] {dag.py:3036} INFO - Sync 1 DAGs
[2026-05-12T12:03:49.378+0000] {logging_mixin.py:188} INFO - [2026-05-12T12:03:49.378+0000] {dag.py:3823} INFO - Setting next_dagrun for job_market_etl to None, run_after=None
[2026-05-12T12:03:49.411+0000] {processor.py:183} INFO - Processing /opt/airflow/dags/job_etl_dag.py took 0.142 seconds
[2026-05-12T12:04:19.611+0000] {processor.py:161} INFO - Started process (PID=2821) to work on /opt/airflow/dags/job_etl_dag.py
[2026-05-12T12:04:19.613+0000] {processor.py:830} INFO - Processing file /opt/airflow/dags/job_etl_dag.py for tasks to queue
[2026-05-12T12:04:19.615+0000] {logging_mixin.py:188} INFO - [2026-05-12T12:04:19.615+0000] {dagbag.py:538} INFO - Filling up the DagBag from /opt/airflow/dags/job_etl_dag.py
[2026-05-12T12:04:19.650+0000] {processor.py:840} INFO - DAG(s) 'job_market_etl' retrieved from /opt/airflow/dags/job_etl_dag.py
[2026-05-12T12:04:19.691+0000] {logging_mixin.py:188} INFO - [2026-05-12T12:04:19.691+0000] {dag.py:3036} INFO - Sync 1 DAGs
[2026-05-12T12:04:19.706+0000] {logging_mixin.py:188} INFO - [2026-05-12T12:04:19.706+0000] {dag.py:3823} INFO - Setting next_dagrun for job_market_etl to None, run_after=None
[2026-05-12T12:04:19.751+0000] {processor.py:183} INFO - Processing /opt/airflow/dags/job_etl_dag.py took 0.145 seconds
[2026-05-12T12:04:49.962+0000] {processor.py:161} INFO - Started process (PID=2850) to work on /opt/airflow/dags/job_etl_dag.py
[2026-05-12T12:04:49.964+0000] {processor.py:830} INFO - Processing file /opt/airflow/dags/job_etl_dag.py for tasks to queue
[2026-05-12T12:04:49.966+0000] {logging_mixin.py:188} INFO - [2026-05-12T12:04:49.966+0000] {dagbag.py:538} INFO - Filling up the DagBag from /opt/airflow/dags/job_etl_dag.py
[2026-05-12T12:04:49.998+0000] {processor.py:840} INFO - DAG(s) 'job_market_etl' retrieved from /opt/airflow/dags/job_etl_dag.py
[2026-05-12T12:04:50.040+0000] {logging_mixin.py:188} INFO - [2026-05-12T12:04:50.040+0000] {dag.py:3036} INFO - Sync 1 DAGs
[2026-05-12T12:04:50.058+0000] {logging_mixin.py:188} INFO - [2026-05-12T12:04:50.057+0000] {dag.py:3823} INFO - Setting next_dagrun for job_market_etl to None, run_after=None
[2026-05-12T12:04:50.094+0000] {processor.py:183} INFO - Processing /opt/airflow/dags/job_etl_dag.py took 0.138 seconds
[2026-05-12T12:05:20.269+0000] {processor.py:161} INFO - Started process (PID=2851) to work on /opt/airflow/dags/job_etl_dag.py
[2026-05-12T12:05:20.271+0000] {processor.py:830} INFO - Processing file /opt/airflow/dags/job_etl_dag.py for tasks to queue
[2026-05-12T12:05:20.273+0000] {logging_mixin.py:188} INFO - [2026-05-12T12:05:20.273+0000] {dagbag.py:538} INFO - Filling up the DagBag from /opt/airflow/dags/job_etl_dag.py
[2026-05-12T12:05:20.312+0000] {processor.py:840} INFO - DAG(s) 'job_market_etl' retrieved from /opt/airflow/dags/job_etl_dag.py
[2026-05-12T12:05:20.363+0000] {logging_mixin.py:188} INFO - [2026-05-12T12:05:20.363+0000] {dag.py:3036} INFO - Sync 1 DAGs
[2026-05-12T12:05:20.384+0000] {logging_mixin.py:188} INFO - [2026-05-12T12:05:20.384+0000] {dag.py:3823} INFO - Setting next_dagrun for job_market_etl to None, run_after=None
[2026-05-12T12:05:20.420+0000] {processor.py:183} INFO - Processing /opt/airflow/dags/job_etl_dag.py took 0.158 seconds
[2026-05-12T12:05:50.590+0000] {processor.py:161} INFO - Started process (PID=2852) to work on /opt/airflow/dags/job_etl_dag.py
[2026-05-12T12:05:50.592+0000] {processor.py:830} INFO - Processing file /opt/airflow/dags/job_etl_dag.py for tasks to queue
[2026-05-12T12:05:50.595+0000] {logging_mixin.py:188} INFO - [2026-05-12T12:05:50.593+0000] {dagbag.py:538} INFO - Filling up the DagBag from /opt/airflow/dags/job_etl_dag.py
[2026-05-12T12:05:50.631+0000] {processor.py:840} INFO - DAG(s) 'job_market_etl' retrieved from /opt/airflow/dags/job_etl_dag.py
[2026-05-12T12:05:50.678+0000] {logging_mixin.py:188} INFO - [2026-05-12T12:05:50.678+0000] {dag.py:3036} INFO - Sync 1 DAGs
[2026-05-12T12:05:50.695+0000] {logging_mixin.py:188} INFO - [2026-05-12T12:05:50.695+0000] {dag.py:3823} INFO - Setting next_dagrun for job_market_etl to None, run_after=None
[2026-05-12T12:05:50.732+0000] {processor.py:183} INFO - Processing /opt/airflow/dags/job_etl_dag.py took 0.147 seconds
[2026-05-12T12:06:20.924+0000] {processor.py:161} INFO - Started process (PID=2881) to work on /opt/airflow/dags/job_etl_dag.py
[2026-05-12T12:06:20.926+0000] {processor.py:830} INFO - Processing file /opt/airflow/dags/job_etl_dag.py for tasks to queue
[2026-05-12T12:06:20.928+0000] {logging_mixin.py:188} INFO - [2026-05-12T12:06:20.927+0000] {dagbag.py:538} INFO - Filling up the DagBag from /opt/airflow/dags/job_etl_dag.py
[2026-05-12T12:06:20.955+0000] {processor.py:840} INFO - DAG(s) 'job_market_etl' retrieved from /opt/airflow/dags/job_etl_dag.py
[2026-05-12T12:06:20.995+0000] {logging_mixin.py:188} INFO - [2026-05-12T12:06:20.994+0000] {dag.py:3036} INFO - Sync 1 DAGs
[2026-05-12T12:06:21.008+0000] {logging_mixin.py:188} INFO - [2026-05-12T12:06:21.008+0000] {dag.py:3823} INFO - Setting next_dagrun for job_market_etl to None, run_after=None
[2026-05-12T12:06:21.050+0000] {processor.py:183} INFO - Processing /opt/airflow/dags/job_etl_dag.py took 0.132 seconds
[2026-05-12T12:06:51.249+0000] {processor.py:161} INFO - Started process (PID=2882) to work on /opt/airflow/dags/job_etl_dag.py
[2026-05-12T12:06:51.252+0000] {processor.py:830} INFO - Processing file /opt/airflow/dags/job_etl_dag.py for tasks to queue
[2026-05-12T12:06:51.254+0000] {logging_mixin.py:188} INFO - [2026-05-12T12:06:51.253+0000] {dagbag.py:538} INFO - Filling up the DagBag from /opt/airflow/dags/job_etl_dag.py
[2026-05-12T12:06:51.289+0000] {processor.py:840} INFO - DAG(s) 'job_market_etl' retrieved from /opt/airflow/dags/job_etl_dag.py
[2026-05-12T12:06:51.334+0000] {logging_mixin.py:188} INFO - [2026-05-12T12:06:51.334+0000] {dag.py:3036} INFO - Sync 1 DAGs
[2026-05-12T12:06:51.351+0000] {logging_mixin.py:188} INFO - [2026-05-12T12:06:51.351+0000] {dag.py:3823} INFO - Setting next_dagrun for job_market_etl to None, run_after=None
[2026-05-12T12:06:51.398+0000] {processor.py:183} INFO - Processing /opt/airflow/dags/job_etl_dag.py took 0.156 seconds
[2026-05-12T12:07:21.553+0000] {processor.py:161} INFO - Started process (PID=2883) to work on /opt/airflow/dags/job_etl_dag.py
[2026-05-12T12:07:21.554+0000] {processor.py:830} INFO - Processing file /opt/airflow/dags/job_etl_dag.py for tasks to queue
[2026-05-12T12:07:21.557+0000] {logging_mixin.py:188} INFO - [2026-05-12T12:07:21.556+0000] {dagbag.py:538} INFO - Filling up the DagBag from /opt/airflow/dags/job_etl_dag.py
[2026-05-12T12:07:21.584+0000] {processor.py:840} INFO - DAG(s) 'job_market_etl' retrieved from /opt/airflow/dags/job_etl_dag.py
[2026-05-12T12:07:21.630+0000] {logging_mixin.py:188} INFO - [2026-05-12T12:07:21.630+0000] {dag.py:3036} INFO - Sync 1 DAGs
[2026-05-12T12:07:21.648+0000] {logging_mixin.py:188} INFO - [2026-05-12T12:07:21.648+0000] {dag.py:3823} INFO - Setting next_dagrun for job_market_etl to None, run_after=None
[2026-05-12T12:07:21.693+0000] {processor.py:183} INFO - Processing /opt/airflow/dags/job_etl_dag.py took 0.146 seconds
[2026-05-12T12:07:51.887+0000] {processor.py:161} INFO - Started process (PID=2884) to work on /opt/airflow/dags/job_etl_dag.py
[2026-05-12T12:07:51.889+0000] {processor.py:830} INFO - Processing file /opt/airflow/dags/job_etl_dag.py for tasks to queue
[2026-05-12T12:07:51.891+0000] {logging_mixin.py:188} INFO - [2026-05-12T12:07:51.890+0000] {dagbag.py:538} INFO - Filling up the DagBag from /opt/airflow/dags/job_etl_dag.py
[2026-05-12T12:07:51.919+0000] {processor.py:840} INFO - DAG(s) 'job_market_etl' retrieved from /opt/airflow/dags/job_etl_dag.py
[2026-05-12T12:07:51.964+0000] {logging_mixin.py:188} INFO - [2026-05-12T12:07:51.964+0000] {dag.py:3036} INFO - Sync 1 DAGs
[2026-05-12T12:07:51.983+0000] {logging_mixin.py:188} INFO - [2026-05-12T12:07:51.982+0000] {dag.py:3823} INFO - Setting next_dagrun for job_market_etl to None, run_after=None
[2026-05-12T12:07:52.015+0000] {processor.py:183} INFO - Processing /opt/airflow/dags/job_etl_dag.py took 0.134 seconds
[2026-05-12T12:08:22.170+0000] {processor.py:161} INFO - Started process (PID=2885) to work on /opt/airflow/dags/job_etl_dag.py
[2026-05-12T12:08:22.172+0000] {processor.py:830} INFO - Processing file /opt/airflow/dags/job_etl_dag.py for tasks to queue
[2026-05-12T12:08:22.173+0000] {logging_mixin.py:188} INFO - [2026-05-12T12:08:22.173+0000] {dagbag.py:538} INFO - Filling up the DagBag from /opt/airflow/dags/job_etl_dag.py
[2026-05-12T12:08:22.206+0000] {processor.py:840} INFO - DAG(s) 'job_market_etl' retrieved from /opt/airflow/dags/job_etl_dag.py
[2026-05-12T12:08:22.256+0000] {logging_mixin.py:188} INFO - [2026-05-12T12:08:22.256+0000] {dag.py:3036} INFO - Sync 1 DAGs
[2026-05-12T12:08:22.276+0000] {logging_mixin.py:188} INFO - [2026-05-12T12:08:22.276+0000] {dag.py:3823} INFO - Setting next_dagrun for job_market_etl to None, run_after=None
[2026-05-12T12:08:22.329+0000] {processor.py:183} INFO - Processing /opt/airflow/dags/job_etl_dag.py took 0.166 seconds
[2026-05-12T12:08:52.556+0000] {processor.py:161} INFO - Started process (PID=2886) to work on /opt/airflow/dags/job_etl_dag.py
[2026-05-12T12:08:52.558+0000] {processor.py:830} INFO - Processing file /opt/airflow/dags/job_etl_dag.py for tasks to queue
[2026-05-12T12:08:52.561+0000] {logging_mixin.py:188} INFO - [2026-05-12T12:08:52.560+0000] {dagbag.py:538} INFO - Filling up the DagBag from /opt/airflow/dags/job_etl_dag.py
[2026-05-12T12:08:52.590+0000] {processor.py:840} INFO - DAG(s) 'job_market_etl' retrieved from /opt/airflow/dags/job_etl_dag.py
[2026-05-12T12:08:52.636+0000] {logging_mixin.py:188} INFO - [2026-05-12T12:08:52.635+0000] {dag.py:3036} INFO - Sync 1 DAGs
[2026-05-12T12:08:52.651+0000] {logging_mixin.py:188} INFO - [2026-05-12T12:08:52.651+0000] {dag.py:3823} INFO - Setting next_dagrun for job_market_etl to None, run_after=None
[2026-05-12T12:08:52.686+0000] {processor.py:183} INFO - Processing /opt/airflow/dags/job_etl_dag.py took 0.133 seconds
[2026-05-12T12:09:22.846+0000] {processor.py:161} INFO - Started process (PID=2915) to work on /opt/airflow/dags/job_etl_dag.py
[2026-05-12T12:09:22.848+0000] {processor.py:830} INFO - Processing file /opt/airflow/dags/job_etl_dag.py for tasks to queue
[2026-05-12T12:09:22.851+0000] {logging_mixin.py:188} INFO - [2026-05-12T12:09:22.850+0000] {dagbag.py:538} INFO - Filling up the DagBag from /opt/airflow/dags/job_etl_dag.py
[2026-05-12T12:09:22.907+0000] {processor.py:840} INFO - DAG(s) 'job_market_etl' retrieved from /opt/airflow/dags/job_etl_dag.py
[2026-05-12T12:09:22.971+0000] {logging_mixin.py:188} INFO - [2026-05-12T12:09:22.970+0000] {dag.py:3036} INFO - Sync 1 DAGs
[2026-05-12T12:09:22.993+0000] {logging_mixin.py:188} INFO - [2026-05-12T12:09:22.993+0000] {dag.py:3823} INFO - Setting next_dagrun for job_market_etl to None, run_after=None
[2026-05-12T12:09:23.026+0000] {processor.py:183} INFO - Processing /opt/airflow/dags/job_etl_dag.py took 0.186 seconds
[2026-05-12T12:09:53.183+0000] {processor.py:161} INFO - Started process (PID=2916) to work on /opt/airflow/dags/job_etl_dag.py
[2026-05-12T12:09:53.185+0000] {processor.py:830} INFO - Processing file /opt/airflow/dags/job_etl_dag.py for tasks to queue
[2026-05-12T12:09:53.187+0000] {logging_mixin.py:188} INFO - [2026-05-12T12:09:53.187+0000] {dagbag.py:538} INFO - Filling up the DagBag from /opt/airflow/dags/job_etl_dag.py
[2026-05-12T12:09:53.219+0000] {processor.py:840} INFO - DAG(s) 'job_market_etl' retrieved from /opt/airflow/dags/job_etl_dag.py
[2026-05-12T12:09:53.265+0000] {logging_mixin.py:188} INFO - [2026-05-12T12:09:53.265+0000] {dag.py:3036} INFO - Sync 1 DAGs
[2026-05-12T12:09:53.285+0000] {logging_mixin.py:188} INFO - [2026-05-12T12:09:53.284+0000] {dag.py:3823} INFO - Setting next_dagrun for job_market_etl to None, run_after=None
[2026-05-12T12:09:53.316+0000] {processor.py:183} INFO - Processing /opt/airflow/dags/job_etl_dag.py took 0.137 seconds
[2026-05-12T12:10:23.530+0000] {processor.py:161} INFO - Started process (PID=2917) to work on /opt/airflow/dags/job_etl_dag.py
[2026-05-12T12:10:23.532+0000] {processor.py:830} INFO - Processing file /opt/airflow/dags/job_etl_dag.py for tasks to queue
[2026-05-12T12:10:23.534+0000] {logging_mixin.py:188} INFO - [2026-05-12T12:10:23.534+0000] {dagbag.py:538} INFO - Filling up the DagBag from /opt/airflow/dags/job_etl_dag.py
[2026-05-12T12:10:23.565+0000] {processor.py:840} INFO - DAG(s) 'job_market_etl' retrieved from /opt/airflow/dags/job_etl_dag.py
[2026-05-12T12:10:23.608+0000] {logging_mixin.py:188} INFO - [2026-05-12T12:10:23.608+0000] {dag.py:3036} INFO - Sync 1 DAGs
[2026-05-12T12:10:23.627+0000] {logging_mixin.py:188} INFO - [2026-05-12T12:10:23.626+0000] {dag.py:3823} INFO - Setting next_dagrun for job_market_etl to None, run_after=None
[2026-05-12T12:10:23.661+0000] {processor.py:183} INFO - Processing /opt/airflow/dags/job_etl_dag.py took 0.136 seconds
[2026-05-12T12:10:53.799+0000] {processor.py:161} INFO - Started process (PID=2918) to work on /opt/airflow/dags/job_etl_dag.py
[2026-05-12T12:10:53.801+0000] {processor.py:830} INFO - Processing file /opt/airflow/dags/job_etl_dag.py for tasks to queue
[2026-05-12T12:10:53.803+0000] {logging_mixin.py:188} INFO - [2026-05-12T12:10:53.803+0000] {dagbag.py:538} INFO - Filling up the DagBag from /opt/airflow/dags/job_etl_dag.py
[2026-05-12T12:10:53.835+0000] {processor.py:840} INFO - DAG(s) 'job_market_etl' retrieved from /opt/airflow/dags/job_etl_dag.py
[2026-05-12T12:10:53.880+0000] {logging_mixin.py:188} INFO - [2026-05-12T12:10:53.879+0000] {dag.py:3036} INFO - Sync 1 DAGs
[2026-05-12T12:10:53.896+0000] {logging_mixin.py:188} INFO - [2026-05-12T12:10:53.896+0000] {dag.py:3823} INFO - Setting next_dagrun for job_market_etl to None, run_after=None
[2026-05-12T12:10:53.927+0000] {processor.py:183} INFO - Processing /opt/airflow/dags/job_etl_dag.py took 0.133 seconds
[2026-05-12T12:11:24.152+0000] {processor.py:161} INFO - Started process (PID=2919) to work on /opt/airflow/dags/job_etl_dag.py
[2026-05-12T12:11:24.154+0000] {processor.py:830} INFO - Processing file /opt/airflow/dags/job_etl_dag.py for tasks to queue
[2026-05-12T12:11:24.156+0000] {logging_mixin.py:188} INFO - [2026-05-12T12:11:24.156+0000] {dagbag.py:538} INFO - Filling up the DagBag from /opt/airflow/dags/job_etl_dag.py
[2026-05-12T12:11:24.196+0000] {processor.py:840} INFO - DAG(s) 'job_market_etl' retrieved from /opt/airflow/dags/job_etl_dag.py
[2026-05-12T12:11:24.238+0000] {logging_mixin.py:188} INFO - [2026-05-12T12:11:24.237+0000] {dag.py:3036} INFO - Sync 1 DAGs
[2026-05-12T12:11:24.256+0000] {logging_mixin.py:188} INFO - [2026-05-12T12:11:24.256+0000] {dag.py:3823} INFO - Setting next_dagrun for job_market_etl to None, run_after=None
[2026-05-12T12:11:24.288+0000] {processor.py:183} INFO - Processing /opt/airflow/dags/job_etl_dag.py took 0.140 seconds
[2026-05-12T12:11:54.416+0000] {processor.py:161} INFO - Started process (PID=2920) to work on /opt/airflow/dags/job_etl_dag.py
[2026-05-12T12:11:54.418+0000] {processor.py:830} INFO - Processing file /opt/airflow/dags/job_etl_dag.py for tasks to queue
[2026-05-12T12:11:54.420+0000] {logging_mixin.py:188} INFO - [2026-05-12T12:11:54.419+0000] {dagbag.py:538} INFO - Filling up the DagBag from /opt/airflow/dags/job_etl_dag.py
[2026-05-12T12:11:54.452+0000] {processor.py:840} INFO - DAG(s) 'job_market_etl' retrieved from /opt/airflow/dags/job_etl_dag.py
[2026-05-12T12:11:54.505+0000] {logging_mixin.py:188} INFO - [2026-05-12T12:11:54.505+0000] {dag.py:3036} INFO - Sync 1 DAGs
[2026-05-12T12:11:54.523+0000] {logging_mixin.py:188} INFO - [2026-05-12T12:11:54.523+0000] {dag.py:3823} INFO - Setting next_dagrun for job_market_etl to None, run_after=None
[2026-05-12T12:11:54.557+0000] {processor.py:183} INFO - Processing /opt/airflow/dags/job_etl_dag.py took 0.147 seconds
[2026-05-12T12:12:24.790+0000] {processor.py:161} INFO - Started process (PID=2921) to work on /opt/airflow/dags/job_etl_dag.py
[2026-05-12T12:12:24.793+0000] {processor.py:830} INFO - Processing file /opt/airflow/dags/job_etl_dag.py for tasks to queue
[2026-05-12T12:12:24.795+0000] {logging_mixin.py:188} INFO - [2026-05-12T12:12:24.794+0000] {dagbag.py:538} INFO - Filling up the DagBag from /opt/airflow/dags/job_etl_dag.py
[2026-05-12T12:12:24.829+0000] {processor.py:840} INFO - DAG(s) 'job_market_etl' retrieved from /opt/airflow/dags/job_etl_dag.py
[2026-05-12T12:12:24.874+0000] {logging_mixin.py:188} INFO - [2026-05-12T12:12:24.873+0000] {dag.py:3036} INFO - Sync 1 DAGs
[2026-05-12T12:12:24.890+0000] {logging_mixin.py:188} INFO - [2026-05-12T12:12:24.889+0000] {dag.py:3823} INFO - Setting next_dagrun for job_market_etl to None, run_after=None
[2026-05-12T12:12:24.921+0000] {processor.py:183} INFO - Processing /opt/airflow/dags/job_etl_dag.py took 0.135 seconds
[2026-05-12T12:12:55.053+0000] {processor.py:161} INFO - Started process (PID=2922) to work on /opt/airflow/dags/job_etl_dag.py
[2026-05-12T12:12:55.055+0000] {processor.py:830} INFO - Processing file /opt/airflow/dags/job_etl_dag.py for tasks to queue
[2026-05-12T12:12:55.058+0000] {logging_mixin.py:188} INFO - [2026-05-12T12:12:55.057+0000] {dagbag.py:538} INFO - Filling up the DagBag from /opt/airflow/dags/job_etl_dag.py
[2026-05-12T12:12:55.092+0000] {processor.py:840} INFO - DAG(s) 'job_market_etl' retrieved from /opt/airflow/dags/job_etl_dag.py
[2026-05-12T12:12:55.141+0000] {logging_mixin.py:188} INFO - [2026-05-12T12:12:55.141+0000] {dag.py:3036} INFO - Sync 1 DAGs
[2026-05-12T12:12:55.158+0000] {logging_mixin.py:188} INFO - [2026-05-12T12:12:55.158+0000] {dag.py:3823} INFO - Setting next_dagrun for job_market_etl to None, run_after=None
[2026-05-12T12:12:55.189+0000] {processor.py:183} INFO - Processing /opt/airflow/dags/job_etl_dag.py took 0.142 seconds
[2026-05-12T12:13:25.416+0000] {processor.py:161} INFO - Started process (PID=2923) to work on /opt/airflow/dags/job_etl_dag.py
[2026-05-12T12:13:25.418+0000] {processor.py:830} INFO - Processing file /opt/airflow/dags/job_etl_dag.py for tasks to queue
[2026-05-12T12:13:25.421+0000] {logging_mixin.py:188} INFO - [2026-05-12T12:13:25.420+0000] {dagbag.py:538} INFO - Filling up the DagBag from /opt/airflow/dags/job_etl_dag.py
[2026-05-12T12:13:25.451+0000] {processor.py:840} INFO - DAG(s) 'job_market_etl' retrieved from /opt/airflow/dags/job_etl_dag.py
[2026-05-12T12:13:25.490+0000] {logging_mixin.py:188} INFO - [2026-05-12T12:13:25.490+0000] {dag.py:3036} INFO - Sync 1 DAGs
[2026-05-12T12:13:25.507+0000] {logging_mixin.py:188} INFO - [2026-05-12T12:13:25.507+0000] {dag.py:3823} INFO - Setting next_dagrun for job_market_etl to None, run_after=None
[2026-05-12T12:13:25.539+0000] {processor.py:183} INFO - Processing /opt/airflow/dags/job_etl_dag.py took 0.129 seconds
[2026-05-12T12:13:55.756+0000] {processor.py:161} INFO - Started process (PID=2924) to work on /opt/airflow/dags/job_etl_dag.py
[2026-05-12T12:13:55.758+0000] {processor.py:830} INFO - Processing file /opt/airflow/dags/job_etl_dag.py for tasks to queue
[2026-05-12T12:13:55.760+0000] {logging_mixin.py:188} INFO - [2026-05-12T12:13:55.760+0000] {dagbag.py:538} INFO - Filling up the DagBag from /opt/airflow/dags/job_etl_dag.py
[2026-05-12T12:13:55.794+0000] {processor.py:840} INFO - DAG(s) 'job_market_etl' retrieved from /opt/airflow/dags/job_etl_dag.py
[2026-05-12T12:13:55.838+0000] {logging_mixin.py:188} INFO - [2026-05-12T12:13:55.838+0000] {dag.py:3036} INFO - Sync 1 DAGs
[2026-05-12T12:13:55.856+0000] {logging_mixin.py:188} INFO - [2026-05-12T12:13:55.856+0000] {dag.py:3823} INFO - Setting next_dagrun for job_market_etl to None, run_after=None
[2026-05-12T12:13:55.891+0000] {processor.py:183} INFO - Processing /opt/airflow/dags/job_etl_dag.py took 0.140 seconds
[2026-05-12T12:14:26.038+0000] {processor.py:161} INFO - Started process (PID=2925) to work on /opt/airflow/dags/job_etl_dag.py
[2026-05-12T12:14:26.041+0000] {processor.py:830} INFO - Processing file /opt/airflow/dags/job_etl_dag.py for tasks to queue
[2026-05-12T12:14:26.043+0000] {logging_mixin.py:188} INFO - [2026-05-12T12:14:26.043+0000] {dagbag.py:538} INFO - Filling up the DagBag from /opt/airflow/dags/job_etl_dag.py
[2026-05-12T12:14:26.076+0000] {processor.py:840} INFO - DAG(s) 'job_market_etl' retrieved from /opt/airflow/dags/job_etl_dag.py
[2026-05-12T12:14:26.123+0000] {logging_mixin.py:188} INFO - [2026-05-12T12:14:26.123+0000] {dag.py:3036} INFO - Sync 1 DAGs
[2026-05-12T12:14:26.140+0000] {logging_mixin.py:188} INFO - [2026-05-12T12:14:26.140+0000] {dag.py:3823} INFO - Setting next_dagrun for job_market_etl to None, run_after=None
[2026-05-12T12:14:26.171+0000] {processor.py:183} INFO - Processing /opt/airflow/dags/job_etl_dag.py took 0.139 seconds
[2026-05-12T12:14:56.368+0000] {processor.py:161} INFO - Started process (PID=2926) to work on /opt/airflow/dags/job_etl_dag.py
[2026-05-12T12:14:56.370+0000] {processor.py:830} INFO - Processing file /opt/airflow/dags/job_etl_dag.py for tasks to queue
[2026-05-12T12:14:56.372+0000] {logging_mixin.py:188} INFO - [2026-05-12T12:14:56.371+0000] {dagbag.py:538} INFO - Filling up the DagBag from /opt/airflow/dags/job_etl_dag.py
[2026-05-12T12:14:56.402+0000] {processor.py:840} INFO - DAG(s) 'job_market_etl' retrieved from /opt/airflow/dags/job_etl_dag.py
[2026-05-12T12:14:56.444+0000] {logging_mixin.py:188} INFO - [2026-05-12T12:14:56.444+0000] {dag.py:3036} INFO - Sync 1 DAGs
[2026-05-12T12:14:56.461+0000] {logging_mixin.py:188} INFO - [2026-05-12T12:14:56.460+0000] {dag.py:3823} INFO - Setting next_dagrun for job_market_etl to None, run_after=None
[2026-05-12T12:14:56.502+0000] {processor.py:183} INFO - Processing /opt/airflow/dags/job_etl_dag.py took 0.139 seconds
[2026-05-12T12:15:26.641+0000] {processor.py:161} INFO - Started process (PID=2927) to work on /opt/airflow/dags/job_etl_dag.py
[2026-05-12T12:15:26.644+0000] {processor.py:830} INFO - Processing file /opt/airflow/dags/job_etl_dag.py for tasks to queue
[2026-05-12T12:15:26.645+0000] {logging_mixin.py:188} INFO - [2026-05-12T12:15:26.645+0000] {dagbag.py:538} INFO - Filling up the DagBag from /opt/airflow/dags/job_etl_dag.py
[2026-05-12T12:15:26.680+0000] {processor.py:840} INFO - DAG(s) 'job_market_etl' retrieved from /opt/airflow/dags/job_etl_dag.py
[2026-05-12T12:15:26.728+0000] {logging_mixin.py:188} INFO - [2026-05-12T12:15:26.728+0000] {dag.py:3036} INFO - Sync 1 DAGs
[2026-05-12T12:15:26.748+0000] {logging_mixin.py:188} INFO - [2026-05-12T12:15:26.748+0000] {dag.py:3823} INFO - Setting next_dagrun for job_market_etl to None, run_after=None
[2026-05-12T12:15:26.797+0000] {processor.py:183} INFO - Processing /opt/airflow/dags/job_etl_dag.py took 0.161 seconds
[2026-05-12T12:15:57.009+0000] {processor.py:161} INFO - Started process (PID=2943) to work on /opt/airflow/dags/job_etl_dag.py
[2026-05-12T12:15:57.012+0000] {processor.py:830} INFO - Processing file /opt/airflow/dags/job_etl_dag.py for tasks to queue
[2026-05-12T12:15:57.014+0000] {logging_mixin.py:188} INFO - [2026-05-12T12:15:57.013+0000] {dagbag.py:538} INFO - Filling up the DagBag from /opt/airflow/dags/job_etl_dag.py
[2026-05-12T12:15:57.062+0000] {processor.py:840} INFO - DAG(s) 'job_market_etl' retrieved from /opt/airflow/dags/job_etl_dag.py
[2026-05-12T12:15:57.130+0000] {logging_mixin.py:188} INFO - [2026-05-12T12:15:57.130+0000] {dag.py:3036} INFO - Sync 1 DAGs
[2026-05-12T12:15:57.162+0000] {logging_mixin.py:188} INFO - [2026-05-12T12:15:57.162+0000] {dag.py:3823} INFO - Setting next_dagrun for job_market_etl to None, run_after=None
[2026-05-12T12:15:57.196+0000] {processor.py:183} INFO - Processing /opt/airflow/dags/job_etl_dag.py took 0.194 seconds
[2026-05-12T12:16:27.300+0000] {processor.py:161} INFO - Started process (PID=2957) to work on /opt/airflow/dags/job_etl_dag.py
[2026-05-12T12:16:27.302+0000] {processor.py:830} INFO - Processing file /opt/airflow/dags/job_etl_dag.py for tasks to queue
[2026-05-12T12:16:27.304+0000] {logging_mixin.py:188} INFO - [2026-05-12T12:16:27.303+0000] {dagbag.py:538} INFO - Filling up the DagBag from /opt/airflow/dags/job_etl_dag.py
[2026-05-12T12:16:27.334+0000] {processor.py:840} INFO - DAG(s) 'job_market_etl' retrieved from /opt/airflow/dags/job_etl_dag.py
[2026-05-12T12:16:27.377+0000] {logging_mixin.py:188} INFO - [2026-05-12T12:16:27.377+0000] {dag.py:3036} INFO - Sync 1 DAGs
[2026-05-12T12:16:27.394+0000] {logging_mixin.py:188} INFO - [2026-05-12T12:16:27.393+0000] {dag.py:3823} INFO - Setting next_dagrun for job_market_etl to None, run_after=None
[2026-05-12T12:16:27.428+0000] {processor.py:183} INFO - Processing /opt/airflow/dags/job_etl_dag.py took 0.133 seconds
[2026-05-12T12:16:57.696+0000] {processor.py:161} INFO - Started process (PID=2958) to work on /opt/airflow/dags/job_etl_dag.py
[2026-05-12T12:16:57.698+0000] {processor.py:830} INFO - Processing file /opt/airflow/dags/job_etl_dag.py for tasks to queue
[2026-05-12T12:16:57.701+0000] {logging_mixin.py:188} INFO - [2026-05-12T12:16:57.700+0000] {dagbag.py:538} INFO - Filling up the DagBag from /opt/airflow/dags/job_etl_dag.py
[2026-05-12T12:16:57.732+0000] {processor.py:840} INFO - DAG(s) 'job_market_etl' retrieved from /opt/airflow/dags/job_etl_dag.py
[2026-05-12T12:16:57.776+0000] {logging_mixin.py:188} INFO - [2026-05-12T12:16:57.775+0000] {dag.py:3036} INFO - Sync 1 DAGs
[2026-05-12T12:16:57.795+0000] {logging_mixin.py:188} INFO - [2026-05-12T12:16:57.795+0000] {dag.py:3823} INFO - Setting next_dagrun for job_market_etl to None, run_after=None
[2026-05-12T12:16:57.827+0000] {processor.py:183} INFO - Processing /opt/airflow/dags/job_etl_dag.py took 0.135 seconds
[2026-05-12T12:17:30.241+0000] {processor.py:161} INFO - Started process (PID=42) to work on /opt/airflow/dags/job_etl_dag.py
[2026-05-12T12:17:30.249+0000] {processor.py:830} INFO - Processing file /opt/airflow/dags/job_etl_dag.py for tasks to queue
[2026-05-12T12:17:30.255+0000] {logging_mixin.py:188} INFO - [2026-05-12T12:17:30.254+0000] {dagbag.py:538} INFO - Filling up the DagBag from /opt/airflow/dags/job_etl_dag.py
[2026-05-12T12:17:30.337+0000] {processor.py:840} INFO - DAG(s) 'job_market_etl' retrieved from /opt/airflow/dags/job_etl_dag.py
[2026-05-12T12:17:30.428+0000] {logging_mixin.py:188} INFO - [2026-05-12T12:17:30.427+0000] {dag.py:3036} INFO - Sync 1 DAGs
[2026-05-12T12:17:30.480+0000] {logging_mixin.py:188} INFO - [2026-05-12T12:17:30.480+0000] {dag.py:3823} INFO - Setting next_dagrun for job_market_etl to None, run_after=None
[2026-05-12T12:17:30.536+0000] {processor.py:183} INFO - Processing /opt/airflow/dags/job_etl_dag.py took 0.311 seconds
[2026-05-12T12:18:00.656+0000] {processor.py:161} INFO - Started process (PID=43) to work on /opt/airflow/dags/job_etl_dag.py
[2026-05-12T12:18:00.660+0000] {processor.py:830} INFO - Processing file /opt/airflow/dags/job_etl_dag.py for tasks to queue
[2026-05-12T12:18:00.663+0000] {logging_mixin.py:188} INFO - [2026-05-12T12:18:00.662+0000] {dagbag.py:538} INFO - Filling up the DagBag from /opt/airflow/dags/job_etl_dag.py
[2026-05-12T12:18:00.736+0000] {processor.py:840} INFO - DAG(s) 'job_market_etl' retrieved from /opt/airflow/dags/job_etl_dag.py
[2026-05-12T12:18:01.029+0000] {logging_mixin.py:188} INFO - [2026-05-12T12:18:01.028+0000] {dag.py:3036} INFO - Sync 1 DAGs
[2026-05-12T12:18:01.059+0000] {logging_mixin.py:188} INFO - [2026-05-12T12:18:01.059+0000] {dag.py:3823} INFO - Setting next_dagrun for job_market_etl to None, run_after=None
[2026-05-12T12:18:01.107+0000] {processor.py:183} INFO - Processing /opt/airflow/dags/job_etl_dag.py took 0.461 seconds
[2026-05-12T12:18:31.402+0000] {processor.py:161} INFO - Started process (PID=44) to work on /opt/airflow/dags/job_etl_dag.py
[2026-05-12T12:18:31.405+0000] {processor.py:830} INFO - Processing file /opt/airflow/dags/job_etl_dag.py for tasks to queue
[2026-05-12T12:18:31.408+0000] {logging_mixin.py:188} INFO - [2026-05-12T12:18:31.407+0000] {dagbag.py:538} INFO - Filling up the DagBag from /opt/airflow/dags/job_etl_dag.py
[2026-05-12T12:18:31.454+0000] {processor.py:840} INFO - DAG(s) 'job_market_etl' retrieved from /opt/airflow/dags/job_etl_dag.py
[2026-05-12T12:18:31.522+0000] {logging_mixin.py:188} INFO - [2026-05-12T12:18:31.522+0000] {dag.py:3036} INFO - Sync 1 DAGs
[2026-05-12T12:18:31.544+0000] {logging_mixin.py:188} INFO - [2026-05-12T12:18:31.544+0000] {dag.py:3823} INFO - Setting next_dagrun for job_market_etl to None, run_after=None
[2026-05-12T12:18:31.583+0000] {processor.py:183} INFO - Processing /opt/airflow/dags/job_etl_dag.py took 0.191 seconds
[2026-05-12T12:19:01.865+0000] {processor.py:161} INFO - Started process (PID=45) to work on /opt/airflow/dags/job_etl_dag.py
[2026-05-12T12:19:01.869+0000] {processor.py:830} INFO - Processing file /opt/airflow/dags/job_etl_dag.py for tasks to queue
[2026-05-12T12:19:01.872+0000] {logging_mixin.py:188} INFO - [2026-05-12T12:19:01.871+0000] {dagbag.py:538} INFO - Filling up the DagBag from /opt/airflow/dags/job_etl_dag.py
[2026-05-12T12:19:01.907+0000] {processor.py:840} INFO - DAG(s) 'job_market_etl' retrieved from /opt/airflow/dags/job_etl_dag.py
[2026-05-12T12:19:01.966+0000] {logging_mixin.py:188} INFO - [2026-05-12T12:19:01.965+0000] {dag.py:3036} INFO - Sync 1 DAGs
[2026-05-12T12:19:01.990+0000] {logging_mixin.py:188} INFO - [2026-05-12T12:19:01.990+0000] {dag.py:3823} INFO - Setting next_dagrun for job_market_etl to None, run_after=None
[2026-05-12T12:19:02.031+0000] {processor.py:183} INFO - Processing /opt/airflow/dags/job_etl_dag.py took 0.175 seconds
[2026-05-12T12:19:32.095+0000] {processor.py:161} INFO - Started process (PID=46) to work on /opt/airflow/dags/job_etl_dag.py
[2026-05-12T12:19:32.097+0000] {processor.py:830} INFO - Processing file /opt/airflow/dags/job_etl_dag.py for tasks to queue
[2026-05-12T12:19:32.099+0000] {logging_mixin.py:188} INFO - [2026-05-12T12:19:32.099+0000] {dagbag.py:538} INFO - Filling up the DagBag from /opt/airflow/dags/job_etl_dag.py
[2026-05-12T12:19:32.132+0000] {processor.py:840} INFO - DAG(s) 'job_market_etl' retrieved from /opt/airflow/dags/job_etl_dag.py
[2026-05-12T12:19:32.177+0000] {logging_mixin.py:188} INFO - [2026-05-12T12:19:32.177+0000] {dag.py:3036} INFO - Sync 1 DAGs
[2026-05-12T12:19:32.196+0000] {logging_mixin.py:188} INFO - [2026-05-12T12:19:32.195+0000] {dag.py:3823} INFO - Setting next_dagrun for job_market_etl to None, run_after=None
[2026-05-12T12:19:32.242+0000] {processor.py:183} INFO - Processing /opt/airflow/dags/job_etl_dag.py took 0.151 seconds
[2026-05-12T12:20:02.329+0000] {processor.py:161} INFO - Started process (PID=47) to work on /opt/airflow/dags/job_etl_dag.py
[2026-05-12T12:20:02.331+0000] {processor.py:830} INFO - Processing file /opt/airflow/dags/job_etl_dag.py for tasks to queue
[2026-05-12T12:20:02.332+0000] {logging_mixin.py:188} INFO - [2026-05-12T12:20:02.332+0000] {dagbag.py:538} INFO - Filling up the DagBag from /opt/airflow/dags/job_etl_dag.py
[2026-05-12T12:20:02.373+0000] {processor.py:840} INFO - DAG(s) 'job_market_etl' retrieved from /opt/airflow/dags/job_etl_dag.py
[2026-05-12T12:20:02.437+0000] {logging_mixin.py:188} INFO - [2026-05-12T12:20:02.436+0000] {dag.py:3036} INFO - Sync 1 DAGs
[2026-05-12T12:20:02.456+0000] {logging_mixin.py:188} INFO - [2026-05-12T12:20:02.455+0000] {dag.py:3823} INFO - Setting next_dagrun for job_market_etl to None, run_after=None
[2026-05-12T12:20:02.502+0000] {processor.py:183} INFO - Processing /opt/airflow/dags/job_etl_dag.py took 0.177 seconds
[2026-05-12T12:20:32.723+0000] {processor.py:161} INFO - Started process (PID=48) to work on /opt/airflow/dags/job_etl_dag.py
[2026-05-12T12:20:32.725+0000] {processor.py:830} INFO - Processing file /opt/airflow/dags/job_etl_dag.py for tasks to queue
[2026-05-12T12:20:32.727+0000] {logging_mixin.py:188} INFO - [2026-05-12T12:20:32.727+0000] {dagbag.py:538} INFO - Filling up the DagBag from /opt/airflow/dags/job_etl_dag.py
[2026-05-12T12:20:32.760+0000] {processor.py:840} INFO - DAG(s) 'job_market_etl' retrieved from /opt/airflow/dags/job_etl_dag.py
[2026-05-12T12:20:32.803+0000] {logging_mixin.py:188} INFO - [2026-05-12T12:20:32.803+0000] {dag.py:3036} INFO - Sync 1 DAGs
[2026-05-12T12:20:32.820+0000] {logging_mixin.py:188} INFO - [2026-05-12T12:20:32.820+0000] {dag.py:3823} INFO - Setting next_dagrun for job_market_etl to None, run_after=None
[2026-05-12T12:20:32.866+0000] {processor.py:183} INFO - Processing /opt/airflow/dags/job_etl_dag.py took 0.147 seconds
[2026-05-12T12:21:02.981+0000] {processor.py:161} INFO - Started process (PID=49) to work on /opt/airflow/dags/job_etl_dag.py
[2026-05-12T12:21:02.983+0000] {processor.py:830} INFO - Processing file /opt/airflow/dags/job_etl_dag.py for tasks to queue
[2026-05-12T12:21:02.985+0000] {logging_mixin.py:188} INFO - [2026-05-12T12:21:02.984+0000] {dagbag.py:538} INFO - Filling up the DagBag from /opt/airflow/dags/job_etl_dag.py
[2026-05-12T12:21:03.014+0000] {processor.py:840} INFO - DAG(s) 'job_market_etl' retrieved from /opt/airflow/dags/job_etl_dag.py
[2026-05-12T12:21:03.061+0000] {logging_mixin.py:188} INFO - [2026-05-12T12:21:03.060+0000] {dag.py:3036} INFO - Sync 1 DAGs
[2026-05-12T12:21:03.080+0000] {logging_mixin.py:188} INFO - [2026-05-12T12:21:03.079+0000] {dag.py:3823} INFO - Setting next_dagrun for job_market_etl to None, run_after=None
[2026-05-12T12:21:03.123+0000] {processor.py:183} INFO - Processing /opt/airflow/dags/job_etl_dag.py took 0.148 seconds
[2026-05-12T12:21:33.347+0000] {processor.py:161} INFO - Started process (PID=50) to work on /opt/airflow/dags/job_etl_dag.py
[2026-05-12T12:21:33.349+0000] {processor.py:830} INFO - Processing file /opt/airflow/dags/job_etl_dag.py for tasks to queue
[2026-05-12T12:21:33.351+0000] {logging_mixin.py:188} INFO - [2026-05-12T12:21:33.350+0000] {dagbag.py:538} INFO - Filling up the DagBag from /opt/airflow/dags/job_etl_dag.py
[2026-05-12T12:21:33.378+0000] {processor.py:840} INFO - DAG(s) 'job_market_etl' retrieved from /opt/airflow/dags/job_etl_dag.py
[2026-05-12T12:21:33.420+0000] {logging_mixin.py:188} INFO - [2026-05-12T12:21:33.420+0000] {dag.py:3036} INFO - Sync 1 DAGs
[2026-05-12T12:21:33.437+0000] {logging_mixin.py:188} INFO - [2026-05-12T12:21:33.437+0000] {dag.py:3823} INFO - Setting next_dagrun for job_market_etl to None, run_after=None
[2026-05-12T12:21:33.480+0000] {processor.py:183} INFO - Processing /opt/airflow/dags/job_etl_dag.py took 0.136 seconds
[2026-05-12T12:22:03.598+0000] {processor.py:161} INFO - Started process (PID=51) to work on /opt/airflow/dags/job_etl_dag.py
[2026-05-12T12:22:03.600+0000] {processor.py:830} INFO - Processing file /opt/airflow/dags/job_etl_dag.py for tasks to queue
[2026-05-12T12:22:03.603+0000] {logging_mixin.py:188} INFO - [2026-05-12T12:22:03.602+0000] {dagbag.py:538} INFO - Filling up the DagBag from /opt/airflow/dags/job_etl_dag.py
[2026-05-12T12:22:03.640+0000] {processor.py:840} INFO - DAG(s) 'job_market_etl' retrieved from /opt/airflow/dags/job_etl_dag.py
[2026-05-12T12:22:03.691+0000] {logging_mixin.py:188} INFO - [2026-05-12T12:22:03.691+0000] {dag.py:3036} INFO - Sync 1 DAGs
[2026-05-12T12:22:03.709+0000] {logging_mixin.py:188} INFO - [2026-05-12T12:22:03.709+0000] {dag.py:3823} INFO - Setting next_dagrun for job_market_etl to None, run_after=None
[2026-05-12T12:22:03.750+0000] {processor.py:183} INFO - Processing /opt/airflow/dags/job_etl_dag.py took 0.156 seconds
[2026-05-12T12:22:34.023+0000] {processor.py:161} INFO - Started process (PID=52) to work on /opt/airflow/dags/job_etl_dag.py
[2026-05-12T12:22:34.025+0000] {processor.py:830} INFO - Processing file /opt/airflow/dags/job_etl_dag.py for tasks to queue
[2026-05-12T12:22:34.027+0000] {logging_mixin.py:188} INFO - [2026-05-12T12:22:34.026+0000] {dagbag.py:538} INFO - Filling up the DagBag from /opt/airflow/dags/job_etl_dag.py
[2026-05-12T12:22:34.058+0000] {processor.py:840} INFO - DAG(s) 'job_market_etl' retrieved from /opt/airflow/dags/job_etl_dag.py
[2026-05-12T12:22:34.104+0000] {logging_mixin.py:188} INFO - [2026-05-12T12:22:34.104+0000] {dag.py:3036} INFO - Sync 1 DAGs
[2026-05-12T12:22:34.121+0000] {logging_mixin.py:188} INFO - [2026-05-12T12:22:34.121+0000] {dag.py:3823} INFO - Setting next_dagrun for job_market_etl to None, run_after=None
[2026-05-12T12:22:34.169+0000] {processor.py:183} INFO - Processing /opt/airflow/dags/job_etl_dag.py took 0.149 seconds
[2026-05-12T12:23:04.257+0000] {processor.py:161} INFO - Started process (PID=53) to work on /opt/airflow/dags/job_etl_dag.py
[2026-05-12T12:23:04.259+0000] {processor.py:830} INFO - Processing file /opt/airflow/dags/job_etl_dag.py for tasks to queue
[2026-05-12T12:23:04.261+0000] {logging_mixin.py:188} INFO - [2026-05-12T12:23:04.261+0000] {dagbag.py:538} INFO - Filling up the DagBag from /opt/airflow/dags/job_etl_dag.py
[2026-05-12T12:23:04.294+0000] {processor.py:840} INFO - DAG(s) 'job_market_etl' retrieved from /opt/airflow/dags/job_etl_dag.py
[2026-05-12T12:23:04.341+0000] {logging_mixin.py:188} INFO - [2026-05-12T12:23:04.341+0000] {dag.py:3036} INFO - Sync 1 DAGs
[2026-05-12T12:23:04.359+0000] {logging_mixin.py:188} INFO - [2026-05-12T12:23:04.359+0000] {dag.py:3823} INFO - Setting next_dagrun for job_market_etl to None, run_after=None
[2026-05-12T12:23:04.391+0000] {processor.py:183} INFO - Processing /opt/airflow/dags/job_etl_dag.py took 0.138 seconds
[2026-05-12T12:23:34.661+0000] {processor.py:161} INFO - Started process (PID=54) to work on /opt/airflow/dags/job_etl_dag.py
[2026-05-12T12:23:34.663+0000] {processor.py:830} INFO - Processing file /opt/airflow/dags/job_etl_dag.py for tasks to queue
[2026-05-12T12:23:34.666+0000] {logging_mixin.py:188} INFO - [2026-05-12T12:23:34.665+0000] {dagbag.py:538} INFO - Filling up the DagBag from /opt/airflow/dags/job_etl_dag.py
[2026-05-12T12:23:34.703+0000] {processor.py:840} INFO - DAG(s) 'job_market_etl' retrieved from /opt/airflow/dags/job_etl_dag.py
[2026-05-12T12:23:34.760+0000] {logging_mixin.py:188} INFO - [2026-05-12T12:23:34.760+0000] {dag.py:3036} INFO - Sync 1 DAGs
[2026-05-12T12:23:34.780+0000] {logging_mixin.py:188} INFO - [2026-05-12T12:23:34.780+0000] {dag.py:3823} INFO - Setting next_dagrun for job_market_etl to None, run_after=None
[2026-05-12T12:23:34.815+0000] {processor.py:183} INFO - Processing /opt/airflow/dags/job_etl_dag.py took 0.160 seconds
[2026-05-12T12:24:04.915+0000] {processor.py:161} INFO - Started process (PID=55) to work on /opt/airflow/dags/job_etl_dag.py
[2026-05-12T12:24:04.917+0000] {processor.py:830} INFO - Processing file /opt/airflow/dags/job_etl_dag.py for tasks to queue
[2026-05-12T12:24:04.919+0000] {logging_mixin.py:188} INFO - [2026-05-12T12:24:04.918+0000] {dagbag.py:538} INFO - Filling up the DagBag from /opt/airflow/dags/job_etl_dag.py
[2026-05-12T12:24:04.952+0000] {processor.py:840} INFO - DAG(s) 'job_market_etl' retrieved from /opt/airflow/dags/job_etl_dag.py
[2026-05-12T12:24:05.001+0000] {logging_mixin.py:188} INFO - [2026-05-12T12:24:05.000+0000] {dag.py:3036} INFO - Sync 1 DAGs
[2026-05-12T12:24:05.017+0000] {logging_mixin.py:188} INFO - [2026-05-12T12:24:05.017+0000] {dag.py:3823} INFO - Setting next_dagrun for job_market_etl to None, run_after=None
[2026-05-12T12:24:05.063+0000] {processor.py:183} INFO - Processing /opt/airflow/dags/job_etl_dag.py took 0.152 seconds
[2026-05-12T12:24:35.332+0000] {processor.py:161} INFO - Started process (PID=56) to work on /opt/airflow/dags/job_etl_dag.py
[2026-05-12T12:24:35.334+0000] {processor.py:830} INFO - Processing file /opt/airflow/dags/job_etl_dag.py for tasks to queue
[2026-05-12T12:24:35.336+0000] {logging_mixin.py:188} INFO - [2026-05-12T12:24:35.335+0000] {dagbag.py:538} INFO - Filling up the DagBag from /opt/airflow/dags/job_etl_dag.py
[2026-05-12T12:24:35.365+0000] {processor.py:840} INFO - DAG(s) 'job_market_etl' retrieved from /opt/airflow/dags/job_etl_dag.py
[2026-05-12T12:24:35.414+0000] {logging_mixin.py:188} INFO - [2026-05-12T12:24:35.414+0000] {dag.py:3036} INFO - Sync 1 DAGs
[2026-05-12T12:24:35.432+0000] {logging_mixin.py:188} INFO - [2026-05-12T12:24:35.432+0000] {dag.py:3823} INFO - Setting next_dagrun for job_market_etl to None, run_after=None
[2026-05-12T12:24:35.469+0000] {processor.py:183} INFO - Processing /opt/airflow/dags/job_etl_dag.py took 0.141 seconds
[2026-05-12T12:25:05.587+0000] {processor.py:161} INFO - Started process (PID=57) to work on /opt/airflow/dags/job_etl_dag.py
[2026-05-12T12:25:05.589+0000] {processor.py:830} INFO - Processing file /opt/airflow/dags/job_etl_dag.py for tasks to queue
[2026-05-12T12:25:05.590+0000] {logging_mixin.py:188} INFO - [2026-05-12T12:25:05.590+0000] {dagbag.py:538} INFO - Filling up the DagBag from /opt/airflow/dags/job_etl_dag.py
[2026-05-12T12:25:05.617+0000] {processor.py:840} INFO - DAG(s) 'job_market_etl' retrieved from /opt/airflow/dags/job_etl_dag.py
[2026-05-12T12:25:05.663+0000] {logging_mixin.py:188} INFO - [2026-05-12T12:25:05.662+0000] {dag.py:3036} INFO - Sync 1 DAGs
[2026-05-12T12:25:05.681+0000] {logging_mixin.py:188} INFO - [2026-05-12T12:25:05.680+0000] {dag.py:3823} INFO - Setting next_dagrun for job_market_etl to None, run_after=None
[2026-05-12T12:25:05.714+0000] {processor.py:183} INFO - Processing /opt/airflow/dags/job_etl_dag.py took 0.132 seconds
[2026-05-12T12:25:35.947+0000] {processor.py:161} INFO - Started process (PID=58) to work on /opt/airflow/dags/job_etl_dag.py
[2026-05-12T12:25:35.949+0000] {processor.py:830} INFO - Processing file /opt/airflow/dags/job_etl_dag.py for tasks to queue
[2026-05-12T12:25:35.952+0000] {logging_mixin.py:188} INFO - [2026-05-12T12:25:35.951+0000] {dagbag.py:538} INFO - Filling up the DagBag from /opt/airflow/dags/job_etl_dag.py
[2026-05-12T12:25:35.984+0000] {processor.py:840} INFO - DAG(s) 'job_market_etl' retrieved from /opt/airflow/dags/job_etl_dag.py
[2026-05-12T12:25:36.026+0000] {logging_mixin.py:188} INFO - [2026-05-12T12:25:36.026+0000] {dag.py:3036} INFO - Sync 1 DAGs
[2026-05-12T12:25:36.043+0000] {logging_mixin.py:188} INFO - [2026-05-12T12:25:36.043+0000] {dag.py:3823} INFO - Setting next_dagrun for job_market_etl to None, run_after=None
[2026-05-12T12:25:36.077+0000] {processor.py:183} INFO - Processing /opt/airflow/dags/job_etl_dag.py took 0.135 seconds
[2026-05-12T12:26:06.193+0000] {processor.py:161} INFO - Started process (PID=59) to work on /opt/airflow/dags/job_etl_dag.py
[2026-05-12T12:26:06.196+0000] {processor.py:830} INFO - Processing file /opt/airflow/dags/job_etl_dag.py for tasks to queue
[2026-05-12T12:26:06.198+0000] {logging_mixin.py:188} INFO - [2026-05-12T12:26:06.198+0000] {dagbag.py:538} INFO - Filling up the DagBag from /opt/airflow/dags/job_etl_dag.py
[2026-05-12T12:26:06.233+0000] {processor.py:840} INFO - DAG(s) 'job_market_etl' retrieved from /opt/airflow/dags/job_etl_dag.py
[2026-05-12T12:26:06.289+0000] {logging_mixin.py:188} INFO - [2026-05-12T12:26:06.289+0000] {dag.py:3036} INFO - Sync 1 DAGs
[2026-05-12T12:26:06.306+0000] {logging_mixin.py:188} INFO - [2026-05-12T12:26:06.306+0000] {dag.py:3823} INFO - Setting next_dagrun for job_market_etl to None, run_after=None
[2026-05-12T12:26:06.338+0000] {processor.py:183} INFO - Processing /opt/airflow/dags/job_etl_dag.py took 0.149 seconds
[2026-05-12T12:26:36.549+0000] {processor.py:161} INFO - Started process (PID=60) to work on /opt/airflow/dags/job_etl_dag.py
[2026-05-12T12:26:36.551+0000] {processor.py:830} INFO - Processing file /opt/airflow/dags/job_etl_dag.py for tasks to queue
[2026-05-12T12:26:36.554+0000] {logging_mixin.py:188} INFO - [2026-05-12T12:26:36.553+0000] {dagbag.py:538} INFO - Filling up the DagBag from /opt/airflow/dags/job_etl_dag.py
[2026-05-12T12:26:36.589+0000] {processor.py:840} INFO - DAG(s) 'job_market_etl' retrieved from /opt/airflow/dags/job_etl_dag.py
[2026-05-12T12:26:36.634+0000] {logging_mixin.py:188} INFO - [2026-05-12T12:26:36.634+0000] {dag.py:3036} INFO - Sync 1 DAGs
[2026-05-12T12:26:36.650+0000] {logging_mixin.py:188} INFO - [2026-05-12T12:26:36.650+0000] {dag.py:3823} INFO - Setting next_dagrun for job_market_etl to None, run_after=None
[2026-05-12T12:26:36.682+0000] {processor.py:183} INFO - Processing /opt/airflow/dags/job_etl_dag.py took 0.137 seconds
[2026-05-12T12:26:54.282+0000] {processor.py:161} INFO - Started process (PID=42) to work on /opt/airflow/dags/job_etl_dag.py
[2026-05-12T12:26:54.284+0000] {processor.py:830} INFO - Processing file /opt/airflow/dags/job_etl_dag.py for tasks to queue
[2026-05-12T12:26:54.286+0000] {logging_mixin.py:188} INFO - [2026-05-12T12:26:54.285+0000] {dagbag.py:538} INFO - Filling up the DagBag from /opt/airflow/dags/job_etl_dag.py
[2026-05-12T12:26:54.316+0000] {processor.py:840} INFO - DAG(s) 'job_market_etl' retrieved from /opt/airflow/dags/job_etl_dag.py
[2026-05-12T12:26:54.355+0000] {logging_mixin.py:188} INFO - [2026-05-12T12:26:54.355+0000] {dag.py:3036} INFO - Sync 1 DAGs
[2026-05-12T12:26:54.375+0000] {logging_mixin.py:188} INFO - [2026-05-12T12:26:54.374+0000] {dag.py:3823} INFO - Setting next_dagrun for job_market_etl to None, run_after=None
[2026-05-12T12:26:54.407+0000] {processor.py:183} INFO - Processing /opt/airflow/dags/job_etl_dag.py took 0.130 seconds
[2026-05-12T12:27:24.570+0000] {processor.py:161} INFO - Started process (PID=43) to work on /opt/airflow/dags/job_etl_dag.py
[2026-05-12T12:27:24.572+0000] {processor.py:830} INFO - Processing file /opt/airflow/dags/job_etl_dag.py for tasks to queue
[2026-05-12T12:27:24.574+0000] {logging_mixin.py:188} INFO - [2026-05-12T12:27:24.573+0000] {dagbag.py:538} INFO - Filling up the DagBag from /opt/airflow/dags/job_etl_dag.py
[2026-05-12T12:27:24.607+0000] {processor.py:840} INFO - DAG(s) 'job_market_etl' retrieved from /opt/airflow/dags/job_etl_dag.py
[2026-05-12T12:27:24.748+0000] {logging_mixin.py:188} INFO - [2026-05-12T12:27:24.748+0000] {dag.py:3036} INFO - Sync 1 DAGs
[2026-05-12T12:27:24.763+0000] {logging_mixin.py:188} INFO - [2026-05-12T12:27:24.762+0000] {dag.py:3823} INFO - Setting next_dagrun for job_market_etl to None, run_after=None
[2026-05-12T12:27:24.807+0000] {processor.py:183} INFO - Processing /opt/airflow/dags/job_etl_dag.py took 0.244 seconds
[2026-05-12T12:27:54.886+0000] {processor.py:161} INFO - Started process (PID=44) to work on /opt/airflow/dags/job_etl_dag.py
[2026-05-12T12:27:54.889+0000] {processor.py:830} INFO - Processing file /opt/airflow/dags/job_etl_dag.py for tasks to queue
[2026-05-12T12:27:54.891+0000] {logging_mixin.py:188} INFO - [2026-05-12T12:27:54.890+0000] {dagbag.py:538} INFO - Filling up the DagBag from /opt/airflow/dags/job_etl_dag.py
[2026-05-12T12:27:54.927+0000] {processor.py:840} INFO - DAG(s) 'job_market_etl' retrieved from /opt/airflow/dags/job_etl_dag.py
[2026-05-12T12:27:54.974+0000] {logging_mixin.py:188} INFO - [2026-05-12T12:27:54.973+0000] {dag.py:3036} INFO - Sync 1 DAGs
[2026-05-12T12:27:54.990+0000] {logging_mixin.py:188} INFO - [2026-05-12T12:27:54.990+0000] {dag.py:3823} INFO - Setting next_dagrun for job_market_etl to None, run_after=None
[2026-05-12T12:27:55.023+0000] {processor.py:183} INFO - Processing /opt/airflow/dags/job_etl_dag.py took 0.141 seconds
[2026-05-12T12:28:25.289+0000] {processor.py:161} INFO - Started process (PID=52) to work on /opt/airflow/dags/job_etl_dag.py
[2026-05-12T12:28:25.290+0000] {processor.py:830} INFO - Processing file /opt/airflow/dags/job_etl_dag.py for tasks to queue
[2026-05-12T12:28:25.292+0000] {logging_mixin.py:188} INFO - [2026-05-12T12:28:25.292+0000] {dagbag.py:538} INFO - Filling up the DagBag from /opt/airflow/dags/job_etl_dag.py
[2026-05-12T12:28:25.325+0000] {processor.py:840} INFO - DAG(s) 'job_market_etl' retrieved from /opt/airflow/dags/job_etl_dag.py
[2026-05-12T12:28:25.366+0000] {logging_mixin.py:188} INFO - [2026-05-12T12:28:25.365+0000] {dag.py:3036} INFO - Sync 1 DAGs
[2026-05-12T12:28:25.383+0000] {logging_mixin.py:188} INFO - [2026-05-12T12:28:25.383+0000] {dag.py:3823} INFO - Setting next_dagrun for job_market_etl to None, run_after=None
[2026-05-12T12:28:25.416+0000] {processor.py:183} INFO - Processing /opt/airflow/dags/job_etl_dag.py took 0.131 seconds
[2026-05-12T12:28:55.557+0000] {processor.py:161} INFO - Started process (PID=54) to work on /opt/airflow/dags/job_etl_dag.py
[2026-05-12T12:28:55.558+0000] {processor.py:830} INFO - Processing file /opt/airflow/dags/job_etl_dag.py for tasks to queue
[2026-05-12T12:28:55.561+0000] {logging_mixin.py:188} INFO - [2026-05-12T12:28:55.560+0000] {dagbag.py:538} INFO - Filling up the DagBag from /opt/airflow/dags/job_etl_dag.py
[2026-05-12T12:28:55.595+0000] {processor.py:840} INFO - DAG(s) 'job_market_etl' retrieved from /opt/airflow/dags/job_etl_dag.py
[2026-05-12T12:28:55.644+0000] {logging_mixin.py:188} INFO - [2026-05-12T12:28:55.644+0000] {dag.py:3036} INFO - Sync 1 DAGs
[2026-05-12T12:28:55.662+0000] {logging_mixin.py:188} INFO - [2026-05-12T12:28:55.662+0000] {dag.py:3823} INFO - Setting next_dagrun for job_market_etl to None, run_after=None
[2026-05-12T12:28:55.698+0000] {processor.py:183} INFO - Processing /opt/airflow/dags/job_etl_dag.py took 0.147 seconds
[2026-05-12T12:29:25.909+0000] {processor.py:161} INFO - Started process (PID=55) to work on /opt/airflow/dags/job_etl_dag.py
[2026-05-12T12:29:25.911+0000] {processor.py:830} INFO - Processing file /opt/airflow/dags/job_etl_dag.py for tasks to queue
[2026-05-12T12:29:25.914+0000] {logging_mixin.py:188} INFO - [2026-05-12T12:29:25.913+0000] {dagbag.py:538} INFO - Filling up the DagBag from /opt/airflow/dags/job_etl_dag.py
[2026-05-12T12:29:25.962+0000] {processor.py:840} INFO - DAG(s) 'job_market_etl' retrieved from /opt/airflow/dags/job_etl_dag.py
[2026-05-12T12:29:26.028+0000] {logging_mixin.py:188} INFO - [2026-05-12T12:29:26.027+0000] {dag.py:3036} INFO - Sync 1 DAGs
[2026-05-12T12:29:26.051+0000] {logging_mixin.py:188} INFO - [2026-05-12T12:29:26.050+0000] {dag.py:3823} INFO - Setting next_dagrun for job_market_etl to None, run_after=None
[2026-05-12T12:29:26.096+0000] {processor.py:183} INFO - Processing /opt/airflow/dags/job_etl_dag.py took 0.195 seconds
[2026-05-12T12:29:56.179+0000] {processor.py:161} INFO - Started process (PID=56) to work on /opt/airflow/dags/job_etl_dag.py
[2026-05-12T12:29:56.181+0000] {processor.py:830} INFO - Processing file /opt/airflow/dags/job_etl_dag.py for tasks to queue
[2026-05-12T12:29:56.183+0000] {logging_mixin.py:188} INFO - [2026-05-12T12:29:56.182+0000] {dagbag.py:538} INFO - Filling up the DagBag from /opt/airflow/dags/job_etl_dag.py
[2026-05-12T12:29:56.220+0000] {processor.py:840} INFO - DAG(s) 'job_market_etl' retrieved from /opt/airflow/dags/job_etl_dag.py
[2026-05-12T12:29:56.270+0000] {logging_mixin.py:188} INFO - [2026-05-12T12:29:56.269+0000] {dag.py:3036} INFO - Sync 1 DAGs
[2026-05-12T12:29:56.288+0000] {logging_mixin.py:188} INFO - [2026-05-12T12:29:56.288+0000] {dag.py:3823} INFO - Setting next_dagrun for job_market_etl to None, run_after=None
[2026-05-12T12:29:56.321+0000] {processor.py:183} INFO - Processing /opt/airflow/dags/job_etl_dag.py took 0.147 seconds
[2026-05-12T12:30:26.573+0000] {processor.py:161} INFO - Started process (PID=57) to work on /opt/airflow/dags/job_etl_dag.py
[2026-05-12T12:30:26.575+0000] {processor.py:830} INFO - Processing file /opt/airflow/dags/job_etl_dag.py for tasks to queue
[2026-05-12T12:30:26.577+0000] {logging_mixin.py:188} INFO - [2026-05-12T12:30:26.577+0000] {dagbag.py:538} INFO - Filling up the DagBag from /opt/airflow/dags/job_etl_dag.py
[2026-05-12T12:30:26.613+0000] {processor.py:840} INFO - DAG(s) 'job_market_etl' retrieved from /opt/airflow/dags/job_etl_dag.py
[2026-05-12T12:30:26.660+0000] {logging_mixin.py:188} INFO - [2026-05-12T12:30:26.659+0000] {dag.py:3036} INFO - Sync 1 DAGs
[2026-05-12T12:30:26.679+0000] {logging_mixin.py:188} INFO - [2026-05-12T12:30:26.679+0000] {dag.py:3823} INFO - Setting next_dagrun for job_market_etl to None, run_after=None
[2026-05-12T12:30:26.711+0000] {processor.py:183} INFO - Processing /opt/airflow/dags/job_etl_dag.py took 0.143 seconds
[2026-05-12T12:30:56.826+0000] {processor.py:161} INFO - Started process (PID=58) to work on /opt/airflow/dags/job_etl_dag.py
[2026-05-12T12:30:56.828+0000] {processor.py:830} INFO - Processing file /opt/airflow/dags/job_etl_dag.py for tasks to queue
[2026-05-12T12:30:56.830+0000] {logging_mixin.py:188} INFO - [2026-05-12T12:30:56.830+0000] {dagbag.py:538} INFO - Filling up the DagBag from /opt/airflow/dags/job_etl_dag.py
[2026-05-12T12:30:56.864+0000] {processor.py:840} INFO - DAG(s) 'job_market_etl' retrieved from /opt/airflow/dags/job_etl_dag.py
[2026-05-12T12:30:56.913+0000] {logging_mixin.py:188} INFO - [2026-05-12T12:30:56.913+0000] {dag.py:3036} INFO - Sync 1 DAGs
[2026-05-12T12:30:56.930+0000] {logging_mixin.py:188} INFO - [2026-05-12T12:30:56.930+0000] {dag.py:3823} INFO - Setting next_dagrun for job_market_etl to None, run_after=None
[2026-05-12T12:30:56.963+0000] {processor.py:183} INFO - Processing /opt/airflow/dags/job_etl_dag.py took 0.142 seconds
[2026-05-12T12:31:27.219+0000] {processor.py:161} INFO - Started process (PID=59) to work on /opt/airflow/dags/job_etl_dag.py
[2026-05-12T12:31:27.220+0000] {processor.py:830} INFO - Processing file /opt/airflow/dags/job_etl_dag.py for tasks to queue
[2026-05-12T12:31:27.222+0000] {logging_mixin.py:188} INFO - [2026-05-12T12:31:27.222+0000] {dagbag.py:538} INFO - Filling up the DagBag from /opt/airflow/dags/job_etl_dag.py
[2026-05-12T12:31:27.254+0000] {processor.py:840} INFO - DAG(s) 'job_market_etl' retrieved from /opt/airflow/dags/job_etl_dag.py
[2026-05-12T12:31:27.299+0000] {logging_mixin.py:188} INFO - [2026-05-12T12:31:27.299+0000] {dag.py:3036} INFO - Sync 1 DAGs
[2026-05-12T12:31:27.317+0000] {logging_mixin.py:188} INFO - [2026-05-12T12:31:27.317+0000] {dag.py:3823} INFO - Setting next_dagrun for job_market_etl to None, run_after=None
[2026-05-12T12:31:27.366+0000] {processor.py:183} INFO - Processing /opt/airflow/dags/job_etl_dag.py took 0.152 seconds
[2026-05-12T12:31:57.528+0000] {processor.py:161} INFO - Started process (PID=67) to work on /opt/airflow/dags/job_etl_dag.py
[2026-05-12T12:31:57.530+0000] {processor.py:830} INFO - Processing file /opt/airflow/dags/job_etl_dag.py for tasks to queue
[2026-05-12T12:31:57.532+0000] {logging_mixin.py:188} INFO - [2026-05-12T12:31:57.531+0000] {dagbag.py:538} INFO - Filling up the DagBag from /opt/airflow/dags/job_etl_dag.py
[2026-05-12T12:31:57.565+0000] {processor.py:840} INFO - DAG(s) 'job_market_etl' retrieved from /opt/airflow/dags/job_etl_dag.py
[2026-05-12T12:31:57.610+0000] {logging_mixin.py:188} INFO - [2026-05-12T12:31:57.610+0000] {dag.py:3036} INFO - Sync 1 DAGs
[2026-05-12T12:31:57.628+0000] {logging_mixin.py:188} INFO - [2026-05-12T12:31:57.628+0000] {dag.py:3823} INFO - Setting next_dagrun for job_market_etl to None, run_after=None
[2026-05-12T12:31:57.669+0000] {processor.py:183} INFO - Processing /opt/airflow/dags/job_etl_dag.py took 0.147 seconds
[2026-05-12T12:32:27.868+0000] {processor.py:161} INFO - Started process (PID=76) to work on /opt/airflow/dags/job_etl_dag.py
[2026-05-12T12:32:27.870+0000] {processor.py:830} INFO - Processing file /opt/airflow/dags/job_etl_dag.py for tasks to queue
[2026-05-12T12:32:27.872+0000] {logging_mixin.py:188} INFO - [2026-05-12T12:32:27.872+0000] {dagbag.py:538} INFO - Filling up the DagBag from /opt/airflow/dags/job_etl_dag.py
[2026-05-12T12:32:27.905+0000] {processor.py:840} INFO - DAG(s) 'job_market_etl' retrieved from /opt/airflow/dags/job_etl_dag.py
[2026-05-12T12:32:27.948+0000] {logging_mixin.py:188} INFO - [2026-05-12T12:32:27.948+0000] {dag.py:3036} INFO - Sync 1 DAGs
[2026-05-12T12:32:27.964+0000] {logging_mixin.py:188} INFO - [2026-05-12T12:32:27.964+0000] {dag.py:3823} INFO - Setting next_dagrun for job_market_etl to None, run_after=None
[2026-05-12T12:32:28.013+0000] {processor.py:183} INFO - Processing /opt/airflow/dags/job_etl_dag.py took 0.150 seconds
[2026-05-12T12:32:58.154+0000] {processor.py:161} INFO - Started process (PID=77) to work on /opt/airflow/dags/job_etl_dag.py
[2026-05-12T12:32:58.156+0000] {processor.py:830} INFO - Processing file /opt/airflow/dags/job_etl_dag.py for tasks to queue
[2026-05-12T12:32:58.157+0000] {logging_mixin.py:188} INFO - [2026-05-12T12:32:58.156+0000] {dagbag.py:538} INFO - Filling up the DagBag from /opt/airflow/dags/job_etl_dag.py
[2026-05-12T12:32:58.182+0000] {processor.py:840} INFO - DAG(s) 'job_market_etl' retrieved from /opt/airflow/dags/job_etl_dag.py
[2026-05-12T12:32:58.228+0000] {logging_mixin.py:188} INFO - [2026-05-12T12:32:58.227+0000] {dag.py:3036} INFO - Sync 1 DAGs
[2026-05-12T12:32:58.245+0000] {logging_mixin.py:188} INFO - [2026-05-12T12:32:58.245+0000] {dag.py:3823} INFO - Setting next_dagrun for job_market_etl to None, run_after=None
[2026-05-12T12:32:58.274+0000] {processor.py:183} INFO - Processing /opt/airflow/dags/job_etl_dag.py took 0.124 seconds
[2026-05-12T12:33:28.502+0000] {processor.py:161} INFO - Started process (PID=79) to work on /opt/airflow/dags/job_etl_dag.py
[2026-05-12T12:33:28.504+0000] {processor.py:830} INFO - Processing file /opt/airflow/dags/job_etl_dag.py for tasks to queue
[2026-05-12T12:33:28.506+0000] {logging_mixin.py:188} INFO - [2026-05-12T12:33:28.505+0000] {dagbag.py:538} INFO - Filling up the DagBag from /opt/airflow/dags/job_etl_dag.py
[2026-05-12T12:33:28.541+0000] {processor.py:840} INFO - DAG(s) 'job_market_etl' retrieved from /opt/airflow/dags/job_etl_dag.py
[2026-05-12T12:33:28.588+0000] {logging_mixin.py:188} INFO - [2026-05-12T12:33:28.588+0000] {dag.py:3036} INFO - Sync 1 DAGs
[2026-05-12T12:33:28.610+0000] {logging_mixin.py:188} INFO - [2026-05-12T12:33:28.610+0000] {dag.py:3823} INFO - Setting next_dagrun for job_market_etl to None, run_after=None
[2026-05-12T12:33:28.646+0000] {processor.py:183} INFO - Processing /opt/airflow/dags/job_etl_dag.py took 0.148 seconds
[2026-05-12T12:33:58.783+0000] {processor.py:161} INFO - Started process (PID=80) to work on /opt/airflow/dags/job_etl_dag.py
[2026-05-12T12:33:58.786+0000] {processor.py:830} INFO - Processing file /opt/airflow/dags/job_etl_dag.py for tasks to queue
[2026-05-12T12:33:58.789+0000] {logging_mixin.py:188} INFO - [2026-05-12T12:33:58.788+0000] {dagbag.py:538} INFO - Filling up the DagBag from /opt/airflow/dags/job_etl_dag.py
[2026-05-12T12:33:58.841+0000] {processor.py:840} INFO - DAG(s) 'job_market_etl' retrieved from /opt/airflow/dags/job_etl_dag.py
[2026-05-12T12:33:58.896+0000] {logging_mixin.py:188} INFO - [2026-05-12T12:33:58.896+0000] {dag.py:3036} INFO - Sync 1 DAGs
[2026-05-12T12:33:58.915+0000] {logging_mixin.py:188} INFO - [2026-05-12T12:33:58.915+0000] {dag.py:3823} INFO - Setting next_dagrun for job_market_etl to None, run_after=None
[2026-05-12T12:33:58.948+0000] {processor.py:183} INFO - Processing /opt/airflow/dags/job_etl_dag.py took 0.174 seconds
[2026-05-12T12:34:29.150+0000] {processor.py:161} INFO - Started process (PID=81) to work on /opt/airflow/dags/job_etl_dag.py
[2026-05-12T12:34:29.151+0000] {processor.py:830} INFO - Processing file /opt/airflow/dags/job_etl_dag.py for tasks to queue
[2026-05-12T12:34:29.153+0000] {logging_mixin.py:188} INFO - [2026-05-12T12:34:29.152+0000] {dagbag.py:538} INFO - Filling up the DagBag from /opt/airflow/dags/job_etl_dag.py
[2026-05-12T12:34:29.183+0000] {processor.py:840} INFO - DAG(s) 'job_market_etl' retrieved from /opt/airflow/dags/job_etl_dag.py
[2026-05-12T12:34:29.227+0000] {logging_mixin.py:188} INFO - [2026-05-12T12:34:29.226+0000] {dag.py:3036} INFO - Sync 1 DAGs
[2026-05-12T12:34:29.245+0000] {logging_mixin.py:188} INFO - [2026-05-12T12:34:29.244+0000] {dag.py:3823} INFO - Setting next_dagrun for job_market_etl to None, run_after=None
[2026-05-12T12:34:29.289+0000] {processor.py:183} INFO - Processing /opt/airflow/dags/job_etl_dag.py took 0.144 seconds
[2026-05-12T12:34:59.457+0000] {processor.py:161} INFO - Started process (PID=82) to work on /opt/airflow/dags/job_etl_dag.py
[2026-05-12T12:34:59.459+0000] {processor.py:830} INFO - Processing file /opt/airflow/dags/job_etl_dag.py for tasks to queue
[2026-05-12T12:34:59.461+0000] {logging_mixin.py:188} INFO - [2026-05-12T12:34:59.460+0000] {dagbag.py:538} INFO - Filling up the DagBag from /opt/airflow/dags/job_etl_dag.py
[2026-05-12T12:34:59.494+0000] {processor.py:840} INFO - DAG(s) 'job_market_etl' retrieved from /opt/airflow/dags/job_etl_dag.py
[2026-05-12T12:34:59.542+0000] {logging_mixin.py:188} INFO - [2026-05-12T12:34:59.542+0000] {dag.py:3036} INFO - Sync 1 DAGs
[2026-05-12T12:34:59.562+0000] {logging_mixin.py:188} INFO - [2026-05-12T12:34:59.561+0000] {dag.py:3823} INFO - Setting next_dagrun for job_market_etl to None, run_after=None
[2026-05-12T12:34:59.595+0000] {processor.py:183} INFO - Processing /opt/airflow/dags/job_etl_dag.py took 0.143 seconds
[2026-05-12T12:35:29.782+0000] {processor.py:161} INFO - Started process (PID=83) to work on /opt/airflow/dags/job_etl_dag.py
[2026-05-12T12:35:29.784+0000] {processor.py:830} INFO - Processing file /opt/airflow/dags/job_etl_dag.py for tasks to queue
[2026-05-12T12:35:29.786+0000] {logging_mixin.py:188} INFO - [2026-05-12T12:35:29.786+0000] {dagbag.py:538} INFO - Filling up the DagBag from /opt/airflow/dags/job_etl_dag.py
[2026-05-12T12:35:29.822+0000] {processor.py:840} INFO - DAG(s) 'job_market_etl' retrieved from /opt/airflow/dags/job_etl_dag.py
[2026-05-12T12:35:29.864+0000] {logging_mixin.py:188} INFO - [2026-05-12T12:35:29.864+0000] {dag.py:3036} INFO - Sync 1 DAGs
[2026-05-12T12:35:29.881+0000] {logging_mixin.py:188} INFO - [2026-05-12T12:35:29.881+0000] {dag.py:3823} INFO - Setting next_dagrun for job_market_etl to None, run_after=None
[2026-05-12T12:35:29.925+0000] {processor.py:183} INFO - Processing /opt/airflow/dags/job_etl_dag.py took 0.147 seconds
[2026-05-12T12:36:00.073+0000] {processor.py:161} INFO - Started process (PID=91) to work on /opt/airflow/dags/job_etl_dag.py
[2026-05-12T12:36:00.075+0000] {processor.py:830} INFO - Processing file /opt/airflow/dags/job_etl_dag.py for tasks to queue
[2026-05-12T12:36:00.077+0000] {logging_mixin.py:188} INFO - [2026-05-12T12:36:00.076+0000] {dagbag.py:538} INFO - Filling up the DagBag from /opt/airflow/dags/job_etl_dag.py
[2026-05-12T12:36:00.107+0000] {processor.py:840} INFO - DAG(s) 'job_market_etl' retrieved from /opt/airflow/dags/job_etl_dag.py
[2026-05-12T12:36:00.156+0000] {logging_mixin.py:188} INFO - [2026-05-12T12:36:00.156+0000] {dag.py:3036} INFO - Sync 1 DAGs
[2026-05-12T12:36:00.176+0000] {logging_mixin.py:188} INFO - [2026-05-12T12:36:00.176+0000] {dag.py:3823} INFO - Setting next_dagrun for job_market_etl to None, run_after=None
[2026-05-12T12:36:00.206+0000] {processor.py:183} INFO - Processing /opt/airflow/dags/job_etl_dag.py took 0.136 seconds
[2026-05-12T12:36:30.395+0000] {processor.py:161} INFO - Started process (PID=113) to work on /opt/airflow/dags/job_etl_dag.py
[2026-05-12T12:36:30.396+0000] {processor.py:830} INFO - Processing file /opt/airflow/dags/job_etl_dag.py for tasks to queue
[2026-05-12T12:36:30.398+0000] {logging_mixin.py:188} INFO - [2026-05-12T12:36:30.398+0000] {dagbag.py:538} INFO - Filling up the DagBag from /opt/airflow/dags/job_etl_dag.py
[2026-05-12T12:36:30.433+0000] {processor.py:840} INFO - DAG(s) 'job_market_etl' retrieved from /opt/airflow/dags/job_etl_dag.py
[2026-05-12T12:36:30.484+0000] {logging_mixin.py:188} INFO - [2026-05-12T12:36:30.484+0000] {dag.py:3036} INFO - Sync 1 DAGs
[2026-05-12T12:36:30.502+0000] {logging_mixin.py:188} INFO - [2026-05-12T12:36:30.501+0000] {dag.py:3823} INFO - Setting next_dagrun for job_market_etl to None, run_after=None
[2026-05-12T12:36:30.534+0000] {processor.py:183} INFO - Processing /opt/airflow/dags/job_etl_dag.py took 0.145 seconds
[2026-05-12T12:37:00.721+0000] {processor.py:161} INFO - Started process (PID=114) to work on /opt/airflow/dags/job_etl_dag.py
[2026-05-12T12:37:00.723+0000] {processor.py:830} INFO - Processing file /opt/airflow/dags/job_etl_dag.py for tasks to queue
[2026-05-12T12:37:00.725+0000] {logging_mixin.py:188} INFO - [2026-05-12T12:37:00.724+0000] {dagbag.py:538} INFO - Filling up the DagBag from /opt/airflow/dags/job_etl_dag.py
[2026-05-12T12:37:00.760+0000] {processor.py:840} INFO - DAG(s) 'job_market_etl' retrieved from /opt/airflow/dags/job_etl_dag.py
[2026-05-12T12:37:00.803+0000] {logging_mixin.py:188} INFO - [2026-05-12T12:37:00.803+0000] {dag.py:3036} INFO - Sync 1 DAGs
[2026-05-12T12:37:00.823+0000] {logging_mixin.py:188} INFO - [2026-05-12T12:37:00.823+0000] {dag.py:3823} INFO - Setting next_dagrun for job_market_etl to None, run_after=None
[2026-05-12T12:37:00.855+0000] {processor.py:183} INFO - Processing /opt/airflow/dags/job_etl_dag.py took 0.140 seconds
[2026-05-12T12:37:31.027+0000] {processor.py:161} INFO - Started process (PID=143) to work on /opt/airflow/dags/job_etl_dag.py
[2026-05-12T12:37:31.030+0000] {processor.py:830} INFO - Processing file /opt/airflow/dags/job_etl_dag.py for tasks to queue
[2026-05-12T12:37:31.033+0000] {logging_mixin.py:188} INFO - [2026-05-12T12:37:31.032+0000] {dagbag.py:538} INFO - Filling up the DagBag from /opt/airflow/dags/job_etl_dag.py
[2026-05-12T12:37:31.083+0000] {processor.py:840} INFO - DAG(s) 'job_market_etl' retrieved from /opt/airflow/dags/job_etl_dag.py
[2026-05-12T12:37:31.139+0000] {logging_mixin.py:188} INFO - [2026-05-12T12:37:31.139+0000] {dag.py:3036} INFO - Sync 1 DAGs
[2026-05-12T12:37:31.156+0000] {logging_mixin.py:188} INFO - [2026-05-12T12:37:31.156+0000] {dag.py:3823} INFO - Setting next_dagrun for job_market_etl to None, run_after=None
[2026-05-12T12:37:31.188+0000] {processor.py:183} INFO - Processing /opt/airflow/dags/job_etl_dag.py took 0.168 seconds
[2026-05-12T12:38:01.352+0000] {processor.py:161} INFO - Started process (PID=144) to work on /opt/airflow/dags/job_etl_dag.py
[2026-05-12T12:38:01.354+0000] {processor.py:830} INFO - Processing file /opt/airflow/dags/job_etl_dag.py for tasks to queue
[2026-05-12T12:38:01.357+0000] {logging_mixin.py:188} INFO - [2026-05-12T12:38:01.356+0000] {dagbag.py:538} INFO - Filling up the DagBag from /opt/airflow/dags/job_etl_dag.py
[2026-05-12T12:38:01.390+0000] {processor.py:840} INFO - DAG(s) 'job_market_etl' retrieved from /opt/airflow/dags/job_etl_dag.py
[2026-05-12T12:38:01.435+0000] {logging_mixin.py:188} INFO - [2026-05-12T12:38:01.435+0000] {dag.py:3036} INFO - Sync 1 DAGs
[2026-05-12T12:38:01.452+0000] {logging_mixin.py:188} INFO - [2026-05-12T12:38:01.452+0000] {dag.py:3823} INFO - Setting next_dagrun for job_market_etl to None, run_after=None
[2026-05-12T12:38:01.485+0000] {processor.py:183} INFO - Processing /opt/airflow/dags/job_etl_dag.py took 0.139 seconds
[2026-05-12T12:38:31.679+0000] {processor.py:161} INFO - Started process (PID=145) to work on /opt/airflow/dags/job_etl_dag.py
[2026-05-12T12:38:31.681+0000] {processor.py:830} INFO - Processing file /opt/airflow/dags/job_etl_dag.py for tasks to queue
[2026-05-12T12:38:31.682+0000] {logging_mixin.py:188} INFO - [2026-05-12T12:38:31.682+0000] {dagbag.py:538} INFO - Filling up the DagBag from /opt/airflow/dags/job_etl_dag.py
[2026-05-12T12:38:31.715+0000] {processor.py:840} INFO - DAG(s) 'job_market_etl' retrieved from /opt/airflow/dags/job_etl_dag.py
[2026-05-12T12:38:31.759+0000] {logging_mixin.py:188} INFO - [2026-05-12T12:38:31.758+0000] {dag.py:3036} INFO - Sync 1 DAGs
[2026-05-12T12:38:31.775+0000] {logging_mixin.py:188} INFO - [2026-05-12T12:38:31.775+0000] {dag.py:3823} INFO - Setting next_dagrun for job_market_etl to None, run_after=None
[2026-05-12T12:38:31.820+0000] {processor.py:183} INFO - Processing /opt/airflow/dags/job_etl_dag.py took 0.147 seconds
[2026-05-12T12:39:01.964+0000] {processor.py:161} INFO - Started process (PID=146) to work on /opt/airflow/dags/job_etl_dag.py
[2026-05-12T12:39:01.965+0000] {processor.py:830} INFO - Processing file /opt/airflow/dags/job_etl_dag.py for tasks to queue
[2026-05-12T12:39:01.967+0000] {logging_mixin.py:188} INFO - [2026-05-12T12:39:01.966+0000] {dagbag.py:538} INFO - Filling up the DagBag from /opt/airflow/dags/job_etl_dag.py
[2026-05-12T12:39:02.005+0000] {processor.py:840} INFO - DAG(s) 'job_market_etl' retrieved from /opt/airflow/dags/job_etl_dag.py
[2026-05-12T12:39:02.051+0000] {logging_mixin.py:188} INFO - [2026-05-12T12:39:02.050+0000] {dag.py:3036} INFO - Sync 1 DAGs
[2026-05-12T12:39:02.067+0000] {logging_mixin.py:188} INFO - [2026-05-12T12:39:02.067+0000] {dag.py:3823} INFO - Setting next_dagrun for job_market_etl to None, run_after=None
[2026-05-12T12:39:02.101+0000] {processor.py:183} INFO - Processing /opt/airflow/dags/job_etl_dag.py took 0.141 seconds
[2026-05-12T12:39:32.294+0000] {processor.py:161} INFO - Started process (PID=147) to work on /opt/airflow/dags/job_etl_dag.py
[2026-05-12T12:39:32.296+0000] {processor.py:830} INFO - Processing file /opt/airflow/dags/job_etl_dag.py for tasks to queue
[2026-05-12T12:39:32.298+0000] {logging_mixin.py:188} INFO - [2026-05-12T12:39:32.297+0000] {dagbag.py:538} INFO - Filling up the DagBag from /opt/airflow/dags/job_etl_dag.py
[2026-05-12T12:39:32.327+0000] {processor.py:840} INFO - DAG(s) 'job_market_etl' retrieved from /opt/airflow/dags/job_etl_dag.py
[2026-05-12T12:39:32.369+0000] {logging_mixin.py:188} INFO - [2026-05-12T12:39:32.369+0000] {dag.py:3036} INFO - Sync 1 DAGs
[2026-05-12T12:39:32.387+0000] {logging_mixin.py:188} INFO - [2026-05-12T12:39:32.387+0000] {dag.py:3823} INFO - Setting next_dagrun for job_market_etl to None, run_after=None
[2026-05-12T12:39:32.419+0000] {processor.py:183} INFO - Processing /opt/airflow/dags/job_etl_dag.py took 0.130 seconds
[2026-05-12T12:40:02.605+0000] {processor.py:161} INFO - Started process (PID=148) to work on /opt/airflow/dags/job_etl_dag.py
[2026-05-12T12:40:02.607+0000] {processor.py:830} INFO - Processing file /opt/airflow/dags/job_etl_dag.py for tasks to queue
[2026-05-12T12:40:02.609+0000] {logging_mixin.py:188} INFO - [2026-05-12T12:40:02.609+0000] {dagbag.py:538} INFO - Filling up the DagBag from /opt/airflow/dags/job_etl_dag.py
[2026-05-12T12:40:02.643+0000] {processor.py:840} INFO - DAG(s) 'job_market_etl' retrieved from /opt/airflow/dags/job_etl_dag.py
[2026-05-12T12:40:02.687+0000] {logging_mixin.py:188} INFO - [2026-05-12T12:40:02.687+0000] {dag.py:3036} INFO - Sync 1 DAGs
[2026-05-12T12:40:02.703+0000] {logging_mixin.py:188} INFO - [2026-05-12T12:40:02.703+0000] {dag.py:3823} INFO - Setting next_dagrun for job_market_etl to None, run_after=None
[2026-05-12T12:40:02.750+0000] {processor.py:183} INFO - Processing /opt/airflow/dags/job_etl_dag.py took 0.149 seconds
[2026-05-12T12:40:32.902+0000] {processor.py:161} INFO - Started process (PID=149) to work on /opt/airflow/dags/job_etl_dag.py
[2026-05-12T12:40:32.903+0000] {processor.py:830} INFO - Processing file /opt/airflow/dags/job_etl_dag.py for tasks to queue
[2026-05-12T12:40:32.905+0000] {logging_mixin.py:188} INFO - [2026-05-12T12:40:32.905+0000] {dagbag.py:538} INFO - Filling up the DagBag from /opt/airflow/dags/job_etl_dag.py
[2026-05-12T12:40:32.940+0000] {processor.py:840} INFO - DAG(s) 'job_market_etl' retrieved from /opt/airflow/dags/job_etl_dag.py
[2026-05-12T12:40:32.990+0000] {logging_mixin.py:188} INFO - [2026-05-12T12:40:32.990+0000] {dag.py:3036} INFO - Sync 1 DAGs
[2026-05-12T12:40:33.009+0000] {logging_mixin.py:188} INFO - [2026-05-12T12:40:33.009+0000] {dag.py:3823} INFO - Setting next_dagrun for job_market_etl to None, run_after=None
[2026-05-12T12:40:33.040+0000] {processor.py:183} INFO - Processing /opt/airflow/dags/job_etl_dag.py took 0.142 seconds
[2026-05-12T12:41:03.235+0000] {processor.py:161} INFO - Started process (PID=178) to work on /opt/airflow/dags/job_etl_dag.py
[2026-05-12T12:41:03.236+0000] {processor.py:830} INFO - Processing file /opt/airflow/dags/job_etl_dag.py for tasks to queue
[2026-05-12T12:41:03.238+0000] {logging_mixin.py:188} INFO - [2026-05-12T12:41:03.238+0000] {dagbag.py:538} INFO - Filling up the DagBag from /opt/airflow/dags/job_etl_dag.py
[2026-05-12T12:41:03.268+0000] {processor.py:840} INFO - DAG(s) 'job_market_etl' retrieved from /opt/airflow/dags/job_etl_dag.py
[2026-05-12T12:41:03.307+0000] {logging_mixin.py:188} INFO - [2026-05-12T12:41:03.306+0000] {dag.py:3036} INFO - Sync 1 DAGs
[2026-05-12T12:41:03.321+0000] {logging_mixin.py:188} INFO - [2026-05-12T12:41:03.321+0000] {dag.py:3823} INFO - Setting next_dagrun for job_market_etl to None, run_after=None
[2026-05-12T12:41:03.353+0000] {processor.py:183} INFO - Processing /opt/airflow/dags/job_etl_dag.py took 0.122 seconds
[2026-05-12T12:41:33.523+0000] {processor.py:161} INFO - Started process (PID=235) to work on /opt/airflow/dags/job_etl_dag.py
[2026-05-12T12:41:33.524+0000] {processor.py:830} INFO - Processing file /opt/airflow/dags/job_etl_dag.py for tasks to queue
[2026-05-12T12:41:33.526+0000] {logging_mixin.py:188} INFO - [2026-05-12T12:41:33.525+0000] {dagbag.py:538} INFO - Filling up the DagBag from /opt/airflow/dags/job_etl_dag.py
[2026-05-12T12:41:33.558+0000] {processor.py:840} INFO - DAG(s) 'job_market_etl' retrieved from /opt/airflow/dags/job_etl_dag.py
[2026-05-12T12:41:33.599+0000] {logging_mixin.py:188} INFO - [2026-05-12T12:41:33.599+0000] {dag.py:3036} INFO - Sync 1 DAGs
[2026-05-12T12:41:33.615+0000] {logging_mixin.py:188} INFO - [2026-05-12T12:41:33.614+0000] {dag.py:3823} INFO - Setting next_dagrun for job_market_etl to None, run_after=None
[2026-05-12T12:41:33.645+0000] {processor.py:183} INFO - Processing /opt/airflow/dags/job_etl_dag.py took 0.127 seconds
[2026-05-12T12:42:03.909+0000] {processor.py:161} INFO - Started process (PID=236) to work on /opt/airflow/dags/job_etl_dag.py
[2026-05-12T12:42:03.911+0000] {processor.py:830} INFO - Processing file /opt/airflow/dags/job_etl_dag.py for tasks to queue
[2026-05-12T12:42:03.912+0000] {logging_mixin.py:188} INFO - [2026-05-12T12:42:03.912+0000] {dagbag.py:538} INFO - Filling up the DagBag from /opt/airflow/dags/job_etl_dag.py
[2026-05-12T12:42:03.946+0000] {processor.py:840} INFO - DAG(s) 'job_market_etl' retrieved from /opt/airflow/dags/job_etl_dag.py
[2026-05-12T12:42:03.988+0000] {logging_mixin.py:188} INFO - [2026-05-12T12:42:03.987+0000] {dag.py:3036} INFO - Sync 1 DAGs
[2026-05-12T12:42:04.005+0000] {logging_mixin.py:188} INFO - [2026-05-12T12:42:04.005+0000] {dag.py:3823} INFO - Setting next_dagrun for job_market_etl to None, run_after=None
[2026-05-12T12:42:04.051+0000] {processor.py:183} INFO - Processing /opt/airflow/dags/job_etl_dag.py took 0.148 seconds
[2026-05-12T12:42:34.187+0000] {processor.py:161} INFO - Started process (PID=237) to work on /opt/airflow/dags/job_etl_dag.py
[2026-05-12T12:42:34.189+0000] {processor.py:830} INFO - Processing file /opt/airflow/dags/job_etl_dag.py for tasks to queue
[2026-05-12T12:42:34.191+0000] {logging_mixin.py:188} INFO - [2026-05-12T12:42:34.191+0000] {dagbag.py:538} INFO - Filling up the DagBag from /opt/airflow/dags/job_etl_dag.py
[2026-05-12T12:42:34.227+0000] {processor.py:840} INFO - DAG(s) 'job_market_etl' retrieved from /opt/airflow/dags/job_etl_dag.py
[2026-05-12T12:42:34.276+0000] {logging_mixin.py:188} INFO - [2026-05-12T12:42:34.275+0000] {dag.py:3036} INFO - Sync 1 DAGs
[2026-05-12T12:42:34.293+0000] {logging_mixin.py:188} INFO - [2026-05-12T12:42:34.293+0000] {dag.py:3823} INFO - Setting next_dagrun for job_market_etl to None, run_after=None
[2026-05-12T12:42:34.340+0000] {processor.py:183} INFO - Processing /opt/airflow/dags/job_etl_dag.py took 0.160 seconds
[2026-05-12T12:43:04.549+0000] {processor.py:161} INFO - Started process (PID=238) to work on /opt/airflow/dags/job_etl_dag.py
[2026-05-12T12:43:04.551+0000] {processor.py:830} INFO - Processing file /opt/airflow/dags/job_etl_dag.py for tasks to queue
[2026-05-12T12:43:04.553+0000] {logging_mixin.py:188} INFO - [2026-05-12T12:43:04.553+0000] {dagbag.py:538} INFO - Filling up the DagBag from /opt/airflow/dags/job_etl_dag.py
[2026-05-12T12:43:04.607+0000] {processor.py:840} INFO - DAG(s) 'job_market_etl' retrieved from /opt/airflow/dags/job_etl_dag.py
[2026-05-12T12:43:04.660+0000] {logging_mixin.py:188} INFO - [2026-05-12T12:43:04.660+0000] {dag.py:3036} INFO - Sync 1 DAGs
[2026-05-12T12:43:04.678+0000] {logging_mixin.py:188} INFO - [2026-05-12T12:43:04.678+0000] {dag.py:3823} INFO - Setting next_dagrun for job_market_etl to None, run_after=None
[2026-05-12T12:43:04.719+0000] {processor.py:183} INFO - Processing /opt/airflow/dags/job_etl_dag.py took 0.176 seconds
[2026-05-12T12:43:34.824+0000] {processor.py:161} INFO - Started process (PID=239) to work on /opt/airflow/dags/job_etl_dag.py
[2026-05-12T12:43:34.826+0000] {processor.py:830} INFO - Processing file /opt/airflow/dags/job_etl_dag.py for tasks to queue
[2026-05-12T12:43:34.827+0000] {logging_mixin.py:188} INFO - [2026-05-12T12:43:34.827+0000] {dagbag.py:538} INFO - Filling up the DagBag from /opt/airflow/dags/job_etl_dag.py
[2026-05-12T12:43:34.856+0000] {processor.py:840} INFO - DAG(s) 'job_market_etl' retrieved from /opt/airflow/dags/job_etl_dag.py
[2026-05-12T12:43:34.902+0000] {logging_mixin.py:188} INFO - [2026-05-12T12:43:34.901+0000] {dag.py:3036} INFO - Sync 1 DAGs
[2026-05-12T12:43:34.919+0000] {logging_mixin.py:188} INFO - [2026-05-12T12:43:34.919+0000] {dag.py:3823} INFO - Setting next_dagrun for job_market_etl to None, run_after=None
[2026-05-12T12:43:34.952+0000] {processor.py:183} INFO - Processing /opt/airflow/dags/job_etl_dag.py took 0.132 seconds
[2026-05-12T12:44:05.203+0000] {processor.py:161} INFO - Started process (PID=240) to work on /opt/airflow/dags/job_etl_dag.py
[2026-05-12T12:44:05.205+0000] {processor.py:830} INFO - Processing file /opt/airflow/dags/job_etl_dag.py for tasks to queue
[2026-05-12T12:44:05.207+0000] {logging_mixin.py:188} INFO - [2026-05-12T12:44:05.207+0000] {dagbag.py:538} INFO - Filling up the DagBag from /opt/airflow/dags/job_etl_dag.py
[2026-05-12T12:44:05.239+0000] {processor.py:840} INFO - DAG(s) 'job_market_etl' retrieved from /opt/airflow/dags/job_etl_dag.py
[2026-05-12T12:44:05.282+0000] {logging_mixin.py:188} INFO - [2026-05-12T12:44:05.282+0000] {dag.py:3036} INFO - Sync 1 DAGs
[2026-05-12T12:44:05.299+0000] {logging_mixin.py:188} INFO - [2026-05-12T12:44:05.299+0000] {dag.py:3823} INFO - Setting next_dagrun for job_market_etl to None, run_after=None
[2026-05-12T12:44:05.343+0000] {processor.py:183} INFO - Processing /opt/airflow/dags/job_etl_dag.py took 0.144 seconds
[2026-05-12T12:44:35.454+0000] {processor.py:161} INFO - Started process (PID=297) to work on /opt/airflow/dags/job_etl_dag.py
[2026-05-12T12:44:35.456+0000] {processor.py:830} INFO - Processing file /opt/airflow/dags/job_etl_dag.py for tasks to queue
[2026-05-12T12:44:35.458+0000] {logging_mixin.py:188} INFO - [2026-05-12T12:44:35.457+0000] {dagbag.py:538} INFO - Filling up the DagBag from /opt/airflow/dags/job_etl_dag.py
[2026-05-12T12:44:35.488+0000] {processor.py:840} INFO - DAG(s) 'job_market_etl' retrieved from /opt/airflow/dags/job_etl_dag.py
[2026-05-12T12:44:35.526+0000] {logging_mixin.py:188} INFO - [2026-05-12T12:44:35.526+0000] {dag.py:3036} INFO - Sync 1 DAGs
[2026-05-12T12:44:35.541+0000] {logging_mixin.py:188} INFO - [2026-05-12T12:44:35.541+0000] {dag.py:3823} INFO - Setting next_dagrun for job_market_etl to None, run_after=None
[2026-05-12T12:44:35.582+0000] {processor.py:183} INFO - Processing /opt/airflow/dags/job_etl_dag.py took 0.132 seconds
[2026-05-12T12:45:05.843+0000] {processor.py:161} INFO - Started process (PID=298) to work on /opt/airflow/dags/job_etl_dag.py
[2026-05-12T12:45:05.845+0000] {processor.py:830} INFO - Processing file /opt/airflow/dags/job_etl_dag.py for tasks to queue
[2026-05-12T12:45:05.847+0000] {logging_mixin.py:188} INFO - [2026-05-12T12:45:05.846+0000] {dagbag.py:538} INFO - Filling up the DagBag from /opt/airflow/dags/job_etl_dag.py
[2026-05-12T12:45:05.879+0000] {processor.py:840} INFO - DAG(s) 'job_market_etl' retrieved from /opt/airflow/dags/job_etl_dag.py
[2026-05-12T12:45:05.926+0000] {logging_mixin.py:188} INFO - [2026-05-12T12:45:05.925+0000] {dag.py:3036} INFO - Sync 1 DAGs
[2026-05-12T12:45:05.948+0000] {logging_mixin.py:188} INFO - [2026-05-12T12:45:05.948+0000] {dag.py:3823} INFO - Setting next_dagrun for job_market_etl to None, run_after=None
[2026-05-12T12:45:05.989+0000] {processor.py:183} INFO - Processing /opt/airflow/dags/job_etl_dag.py took 0.150 seconds
[2026-05-12T12:45:36.101+0000] {processor.py:161} INFO - Started process (PID=299) to work on /opt/airflow/dags/job_etl_dag.py
[2026-05-12T12:45:36.103+0000] {processor.py:830} INFO - Processing file /opt/airflow/dags/job_etl_dag.py for tasks to queue
[2026-05-12T12:45:36.105+0000] {logging_mixin.py:188} INFO - [2026-05-12T12:45:36.105+0000] {dagbag.py:538} INFO - Filling up the DagBag from /opt/airflow/dags/job_etl_dag.py
[2026-05-12T12:45:36.133+0000] {processor.py:840} INFO - DAG(s) 'job_market_etl' retrieved from /opt/airflow/dags/job_etl_dag.py
[2026-05-12T12:45:36.178+0000] {logging_mixin.py:188} INFO - [2026-05-12T12:45:36.178+0000] {dag.py:3036} INFO - Sync 1 DAGs
[2026-05-12T12:45:36.198+0000] {logging_mixin.py:188} INFO - [2026-05-12T12:45:36.198+0000] {dag.py:3823} INFO - Setting next_dagrun for job_market_etl to None, run_after=None
[2026-05-12T12:45:36.228+0000] {processor.py:183} INFO - Processing /opt/airflow/dags/job_etl_dag.py took 0.131 seconds
[2026-05-12T12:46:06.491+0000] {processor.py:161} INFO - Started process (PID=300) to work on /opt/airflow/dags/job_etl_dag.py
[2026-05-12T12:46:06.493+0000] {processor.py:830} INFO - Processing file /opt/airflow/dags/job_etl_dag.py for tasks to queue
[2026-05-12T12:46:06.496+0000] {logging_mixin.py:188} INFO - [2026-05-12T12:46:06.495+0000] {dagbag.py:538} INFO - Filling up the DagBag from /opt/airflow/dags/job_etl_dag.py
[2026-05-12T12:46:06.533+0000] {processor.py:840} INFO - DAG(s) 'job_market_etl' retrieved from /opt/airflow/dags/job_etl_dag.py
[2026-05-12T12:46:06.578+0000] {logging_mixin.py:188} INFO - [2026-05-12T12:46:06.578+0000] {dag.py:3036} INFO - Sync 1 DAGs
[2026-05-12T12:46:06.598+0000] {logging_mixin.py:188} INFO - [2026-05-12T12:46:06.597+0000] {dag.py:3823} INFO - Setting next_dagrun for job_market_etl to None, run_after=None
[2026-05-12T12:46:06.652+0000] {processor.py:183} INFO - Processing /opt/airflow/dags/job_etl_dag.py took 0.165 seconds
[2026-05-12T12:46:36.734+0000] {processor.py:161} INFO - Started process (PID=301) to work on /opt/airflow/dags/job_etl_dag.py
[2026-05-12T12:46:36.736+0000] {processor.py:830} INFO - Processing file /opt/airflow/dags/job_etl_dag.py for tasks to queue
[2026-05-12T12:46:36.738+0000] {logging_mixin.py:188} INFO - [2026-05-12T12:46:36.737+0000] {dagbag.py:538} INFO - Filling up the DagBag from /opt/airflow/dags/job_etl_dag.py
[2026-05-12T12:46:36.766+0000] {processor.py:840} INFO - DAG(s) 'job_market_etl' retrieved from /opt/airflow/dags/job_etl_dag.py
[2026-05-12T12:46:36.809+0000] {logging_mixin.py:188} INFO - [2026-05-12T12:46:36.809+0000] {dag.py:3036} INFO - Sync 1 DAGs
[2026-05-12T12:46:36.826+0000] {logging_mixin.py:188} INFO - [2026-05-12T12:46:36.826+0000] {dag.py:3823} INFO - Setting next_dagrun for job_market_etl to None, run_after=None
[2026-05-12T12:46:36.869+0000] {processor.py:183} INFO - Processing /opt/airflow/dags/job_etl_dag.py took 0.140 seconds
[2026-05-12T12:47:07.190+0000] {processor.py:161} INFO - Started process (PID=302) to work on /opt/airflow/dags/job_etl_dag.py
[2026-05-12T12:47:07.192+0000] {processor.py:830} INFO - Processing file /opt/airflow/dags/job_etl_dag.py for tasks to queue
[2026-05-12T12:47:07.193+0000] {logging_mixin.py:188} INFO - [2026-05-12T12:47:07.193+0000] {dagbag.py:538} INFO - Filling up the DagBag from /opt/airflow/dags/job_etl_dag.py
[2026-05-12T12:47:07.227+0000] {processor.py:840} INFO - DAG(s) 'job_market_etl' retrieved from /opt/airflow/dags/job_etl_dag.py
[2026-05-12T12:47:07.271+0000] {logging_mixin.py:188} INFO - [2026-05-12T12:47:07.271+0000] {dag.py:3036} INFO - Sync 1 DAGs
[2026-05-12T12:47:07.290+0000] {logging_mixin.py:188} INFO - [2026-05-12T12:47:07.290+0000] {dag.py:3823} INFO - Setting next_dagrun for job_market_etl to None, run_after=None
[2026-05-12T12:47:07.325+0000] {processor.py:183} INFO - Processing /opt/airflow/dags/job_etl_dag.py took 0.140 seconds
[2026-05-12T12:47:37.434+0000] {processor.py:161} INFO - Started process (PID=303) to work on /opt/airflow/dags/job_etl_dag.py
[2026-05-12T12:47:37.436+0000] {processor.py:830} INFO - Processing file /opt/airflow/dags/job_etl_dag.py for tasks to queue
[2026-05-12T12:47:37.438+0000] {logging_mixin.py:188} INFO - [2026-05-12T12:47:37.437+0000] {dagbag.py:538} INFO - Filling up the DagBag from /opt/airflow/dags/job_etl_dag.py
[2026-05-12T12:47:37.465+0000] {processor.py:840} INFO - DAG(s) 'job_market_etl' retrieved from /opt/airflow/dags/job_etl_dag.py
[2026-05-12T12:47:37.509+0000] {logging_mixin.py:188} INFO - [2026-05-12T12:47:37.509+0000] {dag.py:3036} INFO - Sync 1 DAGs
[2026-05-12T12:47:37.525+0000] {logging_mixin.py:188} INFO - [2026-05-12T12:47:37.525+0000] {dag.py:3823} INFO - Setting next_dagrun for job_market_etl to None, run_after=None
[2026-05-12T12:47:37.557+0000] {processor.py:183} INFO - Processing /opt/airflow/dags/job_etl_dag.py took 0.127 seconds
[2026-05-12T12:48:07.835+0000] {processor.py:161} INFO - Started process (PID=304) to work on /opt/airflow/dags/job_etl_dag.py
[2026-05-12T12:48:07.837+0000] {processor.py:830} INFO - Processing file /opt/airflow/dags/job_etl_dag.py for tasks to queue
[2026-05-12T12:48:07.838+0000] {logging_mixin.py:188} INFO - [2026-05-12T12:48:07.838+0000] {dagbag.py:538} INFO - Filling up the DagBag from /opt/airflow/dags/job_etl_dag.py
[2026-05-12T12:48:07.870+0000] {processor.py:840} INFO - DAG(s) 'job_market_etl' retrieved from /opt/airflow/dags/job_etl_dag.py
[2026-05-12T12:48:07.918+0000] {logging_mixin.py:188} INFO - [2026-05-12T12:48:07.918+0000] {dag.py:3036} INFO - Sync 1 DAGs
[2026-05-12T12:48:07.935+0000] {logging_mixin.py:188} INFO - [2026-05-12T12:48:07.935+0000] {dag.py:3823} INFO - Setting next_dagrun for job_market_etl to None, run_after=None
[2026-05-12T12:48:07.982+0000] {processor.py:183} INFO - Processing /opt/airflow/dags/job_etl_dag.py took 0.150 seconds
[2026-05-12T12:48:38.086+0000] {processor.py:161} INFO - Started process (PID=305) to work on /opt/airflow/dags/job_etl_dag.py
[2026-05-12T12:48:38.088+0000] {processor.py:830} INFO - Processing file /opt/airflow/dags/job_etl_dag.py for tasks to queue
[2026-05-12T12:48:38.089+0000] {logging_mixin.py:188} INFO - [2026-05-12T12:48:38.089+0000] {dagbag.py:538} INFO - Filling up the DagBag from /opt/airflow/dags/job_etl_dag.py
[2026-05-12T12:48:38.118+0000] {processor.py:840} INFO - DAG(s) 'job_market_etl' retrieved from /opt/airflow/dags/job_etl_dag.py
[2026-05-12T12:48:38.163+0000] {logging_mixin.py:188} INFO - [2026-05-12T12:48:38.163+0000] {dag.py:3036} INFO - Sync 1 DAGs
[2026-05-12T12:48:38.186+0000] {logging_mixin.py:188} INFO - [2026-05-12T12:48:38.185+0000] {dag.py:3823} INFO - Setting next_dagrun for job_market_etl to None, run_after=None
[2026-05-12T12:48:38.218+0000] {processor.py:183} INFO - Processing /opt/airflow/dags/job_etl_dag.py took 0.136 seconds
[2026-05-12T12:49:08.462+0000] {processor.py:161} INFO - Started process (PID=306) to work on /opt/airflow/dags/job_etl_dag.py
[2026-05-12T12:49:08.463+0000] {processor.py:830} INFO - Processing file /opt/airflow/dags/job_etl_dag.py for tasks to queue
[2026-05-12T12:49:08.465+0000] {logging_mixin.py:188} INFO - [2026-05-12T12:49:08.465+0000] {dagbag.py:538} INFO - Filling up the DagBag from /opt/airflow/dags/job_etl_dag.py
[2026-05-12T12:49:08.498+0000] {processor.py:840} INFO - DAG(s) 'job_market_etl' retrieved from /opt/airflow/dags/job_etl_dag.py
[2026-05-12T12:49:08.540+0000] {logging_mixin.py:188} INFO - [2026-05-12T12:49:08.540+0000] {dag.py:3036} INFO - Sync 1 DAGs
[2026-05-12T12:49:08.558+0000] {logging_mixin.py:188} INFO - [2026-05-12T12:49:08.558+0000] {dag.py:3823} INFO - Setting next_dagrun for job_market_etl to None, run_after=None
[2026-05-12T12:49:08.605+0000] {processor.py:183} INFO - Processing /opt/airflow/dags/job_etl_dag.py took 0.146 seconds
[2026-05-12T12:49:38.709+0000] {processor.py:161} INFO - Started process (PID=307) to work on /opt/airflow/dags/job_etl_dag.py
[2026-05-12T12:49:38.711+0000] {processor.py:830} INFO - Processing file /opt/airflow/dags/job_etl_dag.py for tasks to queue
[2026-05-12T12:49:38.714+0000] {logging_mixin.py:188} INFO - [2026-05-12T12:49:38.713+0000] {dagbag.py:538} INFO - Filling up the DagBag from /opt/airflow/dags/job_etl_dag.py
[2026-05-12T12:49:38.746+0000] {processor.py:840} INFO - DAG(s) 'job_market_etl' retrieved from /opt/airflow/dags/job_etl_dag.py
[2026-05-12T12:49:38.793+0000] {logging_mixin.py:188} INFO - [2026-05-12T12:49:38.792+0000] {dag.py:3036} INFO - Sync 1 DAGs
[2026-05-12T12:49:38.816+0000] {logging_mixin.py:188} INFO - [2026-05-12T12:49:38.816+0000] {dag.py:3823} INFO - Setting next_dagrun for job_market_etl to None, run_after=None
[2026-05-12T12:49:38.856+0000] {processor.py:183} INFO - Processing /opt/airflow/dags/job_etl_dag.py took 0.153 seconds
[2026-05-12T12:50:09.119+0000] {processor.py:161} INFO - Started process (PID=308) to work on /opt/airflow/dags/job_etl_dag.py
[2026-05-12T12:50:09.120+0000] {processor.py:830} INFO - Processing file /opt/airflow/dags/job_etl_dag.py for tasks to queue
[2026-05-12T12:50:09.122+0000] {logging_mixin.py:188} INFO - [2026-05-12T12:50:09.122+0000] {dagbag.py:538} INFO - Filling up the DagBag from /opt/airflow/dags/job_etl_dag.py
[2026-05-12T12:50:09.149+0000] {processor.py:840} INFO - DAG(s) 'job_market_etl' retrieved from /opt/airflow/dags/job_etl_dag.py
[2026-05-12T12:50:09.201+0000] {logging_mixin.py:188} INFO - [2026-05-12T12:50:09.200+0000] {dag.py:3036} INFO - Sync 1 DAGs
[2026-05-12T12:50:09.221+0000] {logging_mixin.py:188} INFO - [2026-05-12T12:50:09.220+0000] {dag.py:3823} INFO - Setting next_dagrun for job_market_etl to None, run_after=None
[2026-05-12T12:50:09.259+0000] {processor.py:183} INFO - Processing /opt/airflow/dags/job_etl_dag.py took 0.143 seconds
[2026-05-12T12:50:39.377+0000] {processor.py:161} INFO - Started process (PID=309) to work on /opt/airflow/dags/job_etl_dag.py
[2026-05-12T12:50:39.379+0000] {processor.py:830} INFO - Processing file /opt/airflow/dags/job_etl_dag.py for tasks to queue
[2026-05-12T12:50:39.380+0000] {logging_mixin.py:188} INFO - [2026-05-12T12:50:39.380+0000] {dagbag.py:538} INFO - Filling up the DagBag from /opt/airflow/dags/job_etl_dag.py
[2026-05-12T12:50:39.415+0000] {processor.py:840} INFO - DAG(s) 'job_market_etl' retrieved from /opt/airflow/dags/job_etl_dag.py
[2026-05-12T12:50:39.461+0000] {logging_mixin.py:188} INFO - [2026-05-12T12:50:39.461+0000] {dag.py:3036} INFO - Sync 1 DAGs
[2026-05-12T12:50:39.480+0000] {logging_mixin.py:188} INFO - [2026-05-12T12:50:39.480+0000] {dag.py:3823} INFO - Setting next_dagrun for job_market_etl to None, run_after=None
[2026-05-12T12:50:39.527+0000] {processor.py:183} INFO - Processing /opt/airflow/dags/job_etl_dag.py took 0.155 seconds
[2026-05-12T12:51:09.746+0000] {processor.py:161} INFO - Started process (PID=310) to work on /opt/airflow/dags/job_etl_dag.py
[2026-05-12T12:51:09.748+0000] {processor.py:830} INFO - Processing file /opt/airflow/dags/job_etl_dag.py for tasks to queue
[2026-05-12T12:51:09.750+0000] {logging_mixin.py:188} INFO - [2026-05-12T12:51:09.749+0000] {dagbag.py:538} INFO - Filling up the DagBag from /opt/airflow/dags/job_etl_dag.py
[2026-05-12T12:51:09.782+0000] {processor.py:840} INFO - DAG(s) 'job_market_etl' retrieved from /opt/airflow/dags/job_etl_dag.py
[2026-05-12T12:51:09.825+0000] {logging_mixin.py:188} INFO - [2026-05-12T12:51:09.825+0000] {dag.py:3036} INFO - Sync 1 DAGs
[2026-05-12T12:51:09.840+0000] {logging_mixin.py:188} INFO - [2026-05-12T12:51:09.840+0000] {dag.py:3823} INFO - Setting next_dagrun for job_market_etl to None, run_after=None
[2026-05-12T12:51:09.886+0000] {processor.py:183} INFO - Processing /opt/airflow/dags/job_etl_dag.py took 0.144 seconds
[2026-05-12T12:51:40.010+0000] {processor.py:161} INFO - Started process (PID=311) to work on /opt/airflow/dags/job_etl_dag.py
[2026-05-12T12:51:40.012+0000] {processor.py:830} INFO - Processing file /opt/airflow/dags/job_etl_dag.py for tasks to queue
[2026-05-12T12:51:40.014+0000] {logging_mixin.py:188} INFO - [2026-05-12T12:51:40.014+0000] {dagbag.py:538} INFO - Filling up the DagBag from /opt/airflow/dags/job_etl_dag.py
[2026-05-12T12:51:40.046+0000] {processor.py:840} INFO - DAG(s) 'job_market_etl' retrieved from /opt/airflow/dags/job_etl_dag.py
[2026-05-12T12:51:40.089+0000] {logging_mixin.py:188} INFO - [2026-05-12T12:51:40.088+0000] {dag.py:3036} INFO - Sync 1 DAGs
[2026-05-12T12:51:40.106+0000] {logging_mixin.py:188} INFO - [2026-05-12T12:51:40.105+0000] {dag.py:3823} INFO - Setting next_dagrun for job_market_etl to None, run_after=None
[2026-05-12T12:51:40.138+0000] {processor.py:183} INFO - Processing /opt/airflow/dags/job_etl_dag.py took 0.132 seconds
[2026-05-12T12:52:10.409+0000] {processor.py:161} INFO - Started process (PID=312) to work on /opt/airflow/dags/job_etl_dag.py
[2026-05-12T12:52:10.411+0000] {processor.py:830} INFO - Processing file /opt/airflow/dags/job_etl_dag.py for tasks to queue
[2026-05-12T12:52:10.413+0000] {logging_mixin.py:188} INFO - [2026-05-12T12:52:10.412+0000] {dagbag.py:538} INFO - Filling up the DagBag from /opt/airflow/dags/job_etl_dag.py
[2026-05-12T12:52:10.440+0000] {processor.py:840} INFO - DAG(s) 'job_market_etl' retrieved from /opt/airflow/dags/job_etl_dag.py
[2026-05-12T12:52:10.485+0000] {logging_mixin.py:188} INFO - [2026-05-12T12:52:10.484+0000] {dag.py:3036} INFO - Sync 1 DAGs
[2026-05-12T12:52:10.505+0000] {logging_mixin.py:188} INFO - [2026-05-12T12:52:10.505+0000] {dag.py:3823} INFO - Setting next_dagrun for job_market_etl to None, run_after=None
[2026-05-12T12:52:10.551+0000] {processor.py:183} INFO - Processing /opt/airflow/dags/job_etl_dag.py took 0.145 seconds
[2026-05-12T12:52:40.663+0000] {processor.py:161} INFO - Started process (PID=313) to work on /opt/airflow/dags/job_etl_dag.py
[2026-05-12T12:52:40.666+0000] {processor.py:830} INFO - Processing file /opt/airflow/dags/job_etl_dag.py for tasks to queue
[2026-05-12T12:52:40.667+0000] {logging_mixin.py:188} INFO - [2026-05-12T12:52:40.667+0000] {dagbag.py:538} INFO - Filling up the DagBag from /opt/airflow/dags/job_etl_dag.py
[2026-05-12T12:52:40.702+0000] {processor.py:840} INFO - DAG(s) 'job_market_etl' retrieved from /opt/airflow/dags/job_etl_dag.py
[2026-05-12T12:52:40.750+0000] {logging_mixin.py:188} INFO - [2026-05-12T12:52:40.750+0000] {dag.py:3036} INFO - Sync 1 DAGs
[2026-05-12T12:52:40.770+0000] {logging_mixin.py:188} INFO - [2026-05-12T12:52:40.769+0000] {dag.py:3823} INFO - Setting next_dagrun for job_market_etl to None, run_after=None
[2026-05-12T12:52:40.821+0000] {processor.py:183} INFO - Processing /opt/airflow/dags/job_etl_dag.py took 0.163 seconds
[2026-05-12T12:53:11.074+0000] {processor.py:161} INFO - Started process (PID=480) to work on /opt/airflow/dags/job_etl_dag.py
[2026-05-12T12:53:11.076+0000] {processor.py:830} INFO - Processing file /opt/airflow/dags/job_etl_dag.py for tasks to queue
[2026-05-12T12:53:11.078+0000] {logging_mixin.py:188} INFO - [2026-05-12T12:53:11.077+0000] {dagbag.py:538} INFO - Filling up the DagBag from /opt/airflow/dags/job_etl_dag.py
[2026-05-12T12:53:11.122+0000] {processor.py:840} INFO - DAG(s) 'job_market_etl' retrieved from /opt/airflow/dags/job_etl_dag.py
[2026-05-12T12:53:11.174+0000] {logging_mixin.py:188} INFO - [2026-05-12T12:53:11.173+0000] {dag.py:3036} INFO - Sync 1 DAGs
[2026-05-12T12:53:11.194+0000] {logging_mixin.py:188} INFO - [2026-05-12T12:53:11.193+0000] {dag.py:3823} INFO - Setting next_dagrun for job_market_etl to None, run_after=None
[2026-05-12T12:53:11.230+0000] {processor.py:183} INFO - Processing /opt/airflow/dags/job_etl_dag.py took 0.167 seconds
[2026-05-12T12:53:41.300+0000] {processor.py:161} INFO - Started process (PID=595) to work on /opt/airflow/dags/job_etl_dag.py
[2026-05-12T12:53:41.302+0000] {processor.py:830} INFO - Processing file /opt/airflow/dags/job_etl_dag.py for tasks to queue
[2026-05-12T12:53:41.305+0000] {logging_mixin.py:188} INFO - [2026-05-12T12:53:41.304+0000] {dagbag.py:538} INFO - Filling up the DagBag from /opt/airflow/dags/job_etl_dag.py
[2026-05-12T12:53:41.335+0000] {processor.py:840} INFO - DAG(s) 'job_market_etl' retrieved from /opt/airflow/dags/job_etl_dag.py
[2026-05-12T12:53:41.381+0000] {logging_mixin.py:188} INFO - [2026-05-12T12:53:41.380+0000] {dag.py:3036} INFO - Sync 1 DAGs
[2026-05-12T12:53:41.398+0000] {logging_mixin.py:188} INFO - [2026-05-12T12:53:41.397+0000] {dag.py:3823} INFO - Setting next_dagrun for job_market_etl to None, run_after=None
[2026-05-12T12:53:41.432+0000] {processor.py:183} INFO - Processing /opt/airflow/dags/job_etl_dag.py took 0.137 seconds
[2026-05-12T12:54:11.556+0000] {processor.py:161} INFO - Started process (PID=596) to work on /opt/airflow/dags/job_etl_dag.py
[2026-05-12T12:54:11.559+0000] {processor.py:830} INFO - Processing file /opt/airflow/dags/job_etl_dag.py for tasks to queue
[2026-05-12T12:54:11.562+0000] {logging_mixin.py:188} INFO - [2026-05-12T12:54:11.561+0000] {dagbag.py:538} INFO - Filling up the DagBag from /opt/airflow/dags/job_etl_dag.py
[2026-05-12T12:54:11.596+0000] {processor.py:840} INFO - DAG(s) 'job_market_etl' retrieved from /opt/airflow/dags/job_etl_dag.py
[2026-05-12T12:54:11.659+0000] {logging_mixin.py:188} INFO - [2026-05-12T12:54:11.658+0000] {dag.py:3036} INFO - Sync 1 DAGs
[2026-05-12T12:54:11.679+0000] {logging_mixin.py:188} INFO - [2026-05-12T12:54:11.679+0000] {dag.py:3823} INFO - Setting next_dagrun for job_market_etl to None, run_after=None
[2026-05-12T12:54:11.710+0000] {processor.py:183} INFO - Processing /opt/airflow/dags/job_etl_dag.py took 0.162 seconds
[2026-05-12T12:54:41.916+0000] {processor.py:161} INFO - Started process (PID=597) to work on /opt/airflow/dags/job_etl_dag.py
[2026-05-12T12:54:41.918+0000] {processor.py:830} INFO - Processing file /opt/airflow/dags/job_etl_dag.py for tasks to queue
[2026-05-12T12:54:41.920+0000] {logging_mixin.py:188} INFO - [2026-05-12T12:54:41.919+0000] {dagbag.py:538} INFO - Filling up the DagBag from /opt/airflow/dags/job_etl_dag.py
[2026-05-12T12:54:41.946+0000] {processor.py:840} INFO - DAG(s) 'job_market_etl' retrieved from /opt/airflow/dags/job_etl_dag.py
[2026-05-12T12:54:41.981+0000] {logging_mixin.py:188} INFO - [2026-05-12T12:54:41.981+0000] {dag.py:3036} INFO - Sync 1 DAGs
[2026-05-12T12:54:41.998+0000] {logging_mixin.py:188} INFO - [2026-05-12T12:54:41.998+0000] {dag.py:3823} INFO - Setting next_dagrun for job_market_etl to None, run_after=None
[2026-05-12T12:54:42.038+0000] {processor.py:183} INFO - Processing /opt/airflow/dags/job_etl_dag.py took 0.125 seconds
[2026-05-12T12:55:12.196+0000] {processor.py:161} INFO - Started process (PID=626) to work on /opt/airflow/dags/job_etl_dag.py
[2026-05-12T12:55:12.198+0000] {processor.py:830} INFO - Processing file /opt/airflow/dags/job_etl_dag.py for tasks to queue
[2026-05-12T12:55:12.200+0000] {logging_mixin.py:188} INFO - [2026-05-12T12:55:12.199+0000] {dagbag.py:538} INFO - Filling up the DagBag from /opt/airflow/dags/job_etl_dag.py
[2026-05-12T12:55:12.236+0000] {processor.py:840} INFO - DAG(s) 'job_market_etl' retrieved from /opt/airflow/dags/job_etl_dag.py
[2026-05-12T12:55:12.287+0000] {logging_mixin.py:188} INFO - [2026-05-12T12:55:12.287+0000] {dag.py:3036} INFO - Sync 1 DAGs
[2026-05-12T12:55:12.307+0000] {logging_mixin.py:188} INFO - [2026-05-12T12:55:12.307+0000] {dag.py:3823} INFO - Setting next_dagrun for job_market_etl to None, run_after=None
[2026-05-12T12:55:12.349+0000] {processor.py:183} INFO - Processing /opt/airflow/dags/job_etl_dag.py took 0.159 seconds
[2026-05-12T12:55:42.529+0000] {processor.py:161} INFO - Started process (PID=627) to work on /opt/airflow/dags/job_etl_dag.py
[2026-05-12T12:55:42.530+0000] {processor.py:830} INFO - Processing file /opt/airflow/dags/job_etl_dag.py for tasks to queue
[2026-05-12T12:55:42.532+0000] {logging_mixin.py:188} INFO - [2026-05-12T12:55:42.532+0000] {dagbag.py:538} INFO - Filling up the DagBag from /opt/airflow/dags/job_etl_dag.py
[2026-05-12T12:55:42.562+0000] {processor.py:840} INFO - DAG(s) 'job_market_etl' retrieved from /opt/airflow/dags/job_etl_dag.py
[2026-05-12T12:55:42.621+0000] {logging_mixin.py:188} INFO - [2026-05-12T12:55:42.621+0000] {dag.py:3036} INFO - Sync 1 DAGs
[2026-05-12T12:55:42.640+0000] {logging_mixin.py:188} INFO - [2026-05-12T12:55:42.639+0000] {dag.py:3823} INFO - Setting next_dagrun for job_market_etl to None, run_after=None
[2026-05-12T12:55:42.675+0000] {processor.py:183} INFO - Processing /opt/airflow/dags/job_etl_dag.py took 0.150 seconds
[2026-05-12T12:56:12.835+0000] {processor.py:161} INFO - Started process (PID=628) to work on /opt/airflow/dags/job_etl_dag.py
[2026-05-12T12:56:12.837+0000] {processor.py:830} INFO - Processing file /opt/airflow/dags/job_etl_dag.py for tasks to queue
[2026-05-12T12:56:12.839+0000] {logging_mixin.py:188} INFO - [2026-05-12T12:56:12.838+0000] {dagbag.py:538} INFO - Filling up the DagBag from /opt/airflow/dags/job_etl_dag.py
[2026-05-12T12:56:12.873+0000] {processor.py:840} INFO - DAG(s) 'job_market_etl' retrieved from /opt/airflow/dags/job_etl_dag.py
[2026-05-12T12:56:12.919+0000] {logging_mixin.py:188} INFO - [2026-05-12T12:56:12.918+0000] {dag.py:3036} INFO - Sync 1 DAGs
[2026-05-12T12:56:12.937+0000] {logging_mixin.py:188} INFO - [2026-05-12T12:56:12.937+0000] {dag.py:3823} INFO - Setting next_dagrun for job_market_etl to None, run_after=None
[2026-05-12T12:56:12.968+0000] {processor.py:183} INFO - Processing /opt/airflow/dags/job_etl_dag.py took 0.138 seconds
[2026-05-12T12:56:43.165+0000] {processor.py:161} INFO - Started process (PID=629) to work on /opt/airflow/dags/job_etl_dag.py
[2026-05-12T12:56:43.167+0000] {processor.py:830} INFO - Processing file /opt/airflow/dags/job_etl_dag.py for tasks to queue
[2026-05-12T12:56:43.170+0000] {logging_mixin.py:188} INFO - [2026-05-12T12:56:43.169+0000] {dagbag.py:538} INFO - Filling up the DagBag from /opt/airflow/dags/job_etl_dag.py
[2026-05-12T12:56:43.206+0000] {processor.py:840} INFO - DAG(s) 'job_market_etl' retrieved from /opt/airflow/dags/job_etl_dag.py
[2026-05-12T12:56:43.250+0000] {logging_mixin.py:188} INFO - [2026-05-12T12:56:43.249+0000] {dag.py:3036} INFO - Sync 1 DAGs
[2026-05-12T12:56:43.268+0000] {logging_mixin.py:188} INFO - [2026-05-12T12:56:43.267+0000] {dag.py:3823} INFO - Setting next_dagrun for job_market_etl to None, run_after=None
[2026-05-12T12:56:43.316+0000] {processor.py:183} INFO - Processing /opt/airflow/dags/job_etl_dag.py took 0.157 seconds
[2026-05-12T12:57:13.545+0000] {processor.py:161} INFO - Started process (PID=630) to work on /opt/airflow/dags/job_etl_dag.py
[2026-05-12T12:57:13.547+0000] {processor.py:830} INFO - Processing file /opt/airflow/dags/job_etl_dag.py for tasks to queue
[2026-05-12T12:57:13.548+0000] {logging_mixin.py:188} INFO - [2026-05-12T12:57:13.548+0000] {dagbag.py:538} INFO - Filling up the DagBag from /opt/airflow/dags/job_etl_dag.py
[2026-05-12T12:57:13.580+0000] {processor.py:840} INFO - DAG(s) 'job_market_etl' retrieved from /opt/airflow/dags/job_etl_dag.py
[2026-05-12T12:57:13.624+0000] {logging_mixin.py:188} INFO - [2026-05-12T12:57:13.623+0000] {dag.py:3036} INFO - Sync 1 DAGs
[2026-05-12T12:57:13.640+0000] {logging_mixin.py:188} INFO - [2026-05-12T12:57:13.640+0000] {dag.py:3823} INFO - Setting next_dagrun for job_market_etl to None, run_after=None
[2026-05-12T12:57:13.685+0000] {processor.py:183} INFO - Processing /opt/airflow/dags/job_etl_dag.py took 0.144 seconds
[2026-05-12T12:57:43.820+0000] {processor.py:161} INFO - Started process (PID=631) to work on /opt/airflow/dags/job_etl_dag.py
[2026-05-12T12:57:43.822+0000] {processor.py:830} INFO - Processing file /opt/airflow/dags/job_etl_dag.py for tasks to queue
[2026-05-12T12:57:43.823+0000] {logging_mixin.py:188} INFO - [2026-05-12T12:57:43.822+0000] {dagbag.py:538} INFO - Filling up the DagBag from /opt/airflow/dags/job_etl_dag.py
[2026-05-12T12:57:43.851+0000] {processor.py:840} INFO - DAG(s) 'job_market_etl' retrieved from /opt/airflow/dags/job_etl_dag.py
[2026-05-12T12:57:43.891+0000] {logging_mixin.py:188} INFO - [2026-05-12T12:57:43.891+0000] {dag.py:3036} INFO - Sync 1 DAGs
[2026-05-12T12:57:43.906+0000] {logging_mixin.py:188} INFO - [2026-05-12T12:57:43.906+0000] {dag.py:3823} INFO - Setting next_dagrun for job_market_etl to None, run_after=None
[2026-05-12T12:57:43.942+0000] {processor.py:183} INFO - Processing /opt/airflow/dags/job_etl_dag.py took 0.126 seconds
[2026-05-12T12:58:14.170+0000] {processor.py:161} INFO - Started process (PID=660) to work on /opt/airflow/dags/job_etl_dag.py
[2026-05-12T12:58:14.171+0000] {processor.py:830} INFO - Processing file /opt/airflow/dags/job_etl_dag.py for tasks to queue
[2026-05-12T12:58:14.173+0000] {logging_mixin.py:188} INFO - [2026-05-12T12:58:14.173+0000] {dagbag.py:538} INFO - Filling up the DagBag from /opt/airflow/dags/job_etl_dag.py
[2026-05-12T12:58:14.203+0000] {processor.py:840} INFO - DAG(s) 'job_market_etl' retrieved from /opt/airflow/dags/job_etl_dag.py
[2026-05-12T12:58:14.251+0000] {logging_mixin.py:188} INFO - [2026-05-12T12:58:14.251+0000] {dag.py:3036} INFO - Sync 1 DAGs
[2026-05-12T12:58:14.267+0000] {logging_mixin.py:188} INFO - [2026-05-12T12:58:14.267+0000] {dag.py:3823} INFO - Setting next_dagrun for job_market_etl to None, run_after=None
[2026-05-12T12:58:14.299+0000] {processor.py:183} INFO - Processing /opt/airflow/dags/job_etl_dag.py took 0.133 seconds
[2026-05-12T12:58:44.443+0000] {processor.py:161} INFO - Started process (PID=661) to work on /opt/airflow/dags/job_etl_dag.py
[2026-05-12T12:58:44.445+0000] {processor.py:830} INFO - Processing file /opt/airflow/dags/job_etl_dag.py for tasks to queue
[2026-05-12T12:58:44.447+0000] {logging_mixin.py:188} INFO - [2026-05-12T12:58:44.446+0000] {dagbag.py:538} INFO - Filling up the DagBag from /opt/airflow/dags/job_etl_dag.py
[2026-05-12T12:58:44.476+0000] {processor.py:840} INFO - DAG(s) 'job_market_etl' retrieved from /opt/airflow/dags/job_etl_dag.py
[2026-05-12T12:58:44.515+0000] {logging_mixin.py:188} INFO - [2026-05-12T12:58:44.515+0000] {dag.py:3036} INFO - Sync 1 DAGs
[2026-05-12T12:58:44.532+0000] {logging_mixin.py:188} INFO - [2026-05-12T12:58:44.532+0000] {dag.py:3823} INFO - Setting next_dagrun for job_market_etl to None, run_after=None
[2026-05-12T12:58:44.566+0000] {processor.py:183} INFO - Processing /opt/airflow/dags/job_etl_dag.py took 0.127 seconds
[2026-05-12T12:59:14.776+0000] {processor.py:161} INFO - Started process (PID=662) to work on /opt/airflow/dags/job_etl_dag.py
[2026-05-12T12:59:14.778+0000] {processor.py:830} INFO - Processing file /opt/airflow/dags/job_etl_dag.py for tasks to queue
[2026-05-12T12:59:14.779+0000] {logging_mixin.py:188} INFO - [2026-05-12T12:59:14.779+0000] {dagbag.py:538} INFO - Filling up the DagBag from /opt/airflow/dags/job_etl_dag.py
[2026-05-12T12:59:14.818+0000] {processor.py:840} INFO - DAG(s) 'job_market_etl' retrieved from /opt/airflow/dags/job_etl_dag.py
[2026-05-12T12:59:14.868+0000] {logging_mixin.py:188} INFO - [2026-05-12T12:59:14.867+0000] {dag.py:3036} INFO - Sync 1 DAGs
[2026-05-12T12:59:14.884+0000] {logging_mixin.py:188} INFO - [2026-05-12T12:59:14.884+0000] {dag.py:3823} INFO - Setting next_dagrun for job_market_etl to None, run_after=None
[2026-05-12T12:59:14.916+0000] {processor.py:183} INFO - Processing /opt/airflow/dags/job_etl_dag.py took 0.143 seconds
[2026-05-12T12:59:45.029+0000] {processor.py:161} INFO - Started process (PID=663) to work on /opt/airflow/dags/job_etl_dag.py
[2026-05-12T12:59:45.031+0000] {processor.py:830} INFO - Processing file /opt/airflow/dags/job_etl_dag.py for tasks to queue
[2026-05-12T12:59:45.033+0000] {logging_mixin.py:188} INFO - [2026-05-12T12:59:45.032+0000] {dagbag.py:538} INFO - Filling up the DagBag from /opt/airflow/dags/job_etl_dag.py
[2026-05-12T12:59:45.066+0000] {processor.py:840} INFO - DAG(s) 'job_market_etl' retrieved from /opt/airflow/dags/job_etl_dag.py
[2026-05-12T12:59:45.115+0000] {logging_mixin.py:188} INFO - [2026-05-12T12:59:45.115+0000] {dag.py:3036} INFO - Sync 1 DAGs
[2026-05-12T12:59:45.133+0000] {logging_mixin.py:188} INFO - [2026-05-12T12:59:45.133+0000] {dag.py:3823} INFO - Setting next_dagrun for job_market_etl to None, run_after=None
[2026-05-12T12:59:45.181+0000] {processor.py:183} INFO - Processing /opt/airflow/dags/job_etl_dag.py took 0.157 seconds
[2026-05-12T13:00:15.406+0000] {processor.py:161} INFO - Started process (PID=664) to work on /opt/airflow/dags/job_etl_dag.py
[2026-05-12T13:00:15.408+0000] {processor.py:830} INFO - Processing file /opt/airflow/dags/job_etl_dag.py for tasks to queue
[2026-05-12T13:00:15.411+0000] {logging_mixin.py:188} INFO - [2026-05-12T13:00:15.410+0000] {dagbag.py:538} INFO - Filling up the DagBag from /opt/airflow/dags/job_etl_dag.py
[2026-05-12T13:00:15.446+0000] {processor.py:840} INFO - DAG(s) 'job_market_etl' retrieved from /opt/airflow/dags/job_etl_dag.py
[2026-05-12T13:00:15.487+0000] {logging_mixin.py:188} INFO - [2026-05-12T13:00:15.487+0000] {dag.py:3036} INFO - Sync 1 DAGs
[2026-05-12T13:00:15.503+0000] {logging_mixin.py:188} INFO - [2026-05-12T13:00:15.502+0000] {dag.py:3823} INFO - Setting next_dagrun for job_market_etl to None, run_after=None
[2026-05-12T13:00:15.536+0000] {processor.py:183} INFO - Processing /opt/airflow/dags/job_etl_dag.py took 0.135 seconds
[2026-05-12T13:00:45.660+0000] {processor.py:161} INFO - Started process (PID=665) to work on /opt/airflow/dags/job_etl_dag.py
[2026-05-12T13:00:45.662+0000] {processor.py:830} INFO - Processing file /opt/airflow/dags/job_etl_dag.py for tasks to queue
[2026-05-12T13:00:45.665+0000] {logging_mixin.py:188} INFO - [2026-05-12T13:00:45.664+0000] {dagbag.py:538} INFO - Filling up the DagBag from /opt/airflow/dags/job_etl_dag.py
[2026-05-12T13:00:45.695+0000] {processor.py:840} INFO - DAG(s) 'job_market_etl' retrieved from /opt/airflow/dags/job_etl_dag.py
[2026-05-12T13:00:45.741+0000] {logging_mixin.py:188} INFO - [2026-05-12T13:00:45.740+0000] {dag.py:3036} INFO - Sync 1 DAGs
[2026-05-12T13:00:45.757+0000] {logging_mixin.py:188} INFO - [2026-05-12T13:00:45.756+0000] {dag.py:3823} INFO - Setting next_dagrun for job_market_etl to None, run_after=None
[2026-05-12T13:00:45.801+0000] {processor.py:183} INFO - Processing /opt/airflow/dags/job_etl_dag.py took 0.146 seconds
[2026-05-12T13:01:16.025+0000] {processor.py:161} INFO - Started process (PID=666) to work on /opt/airflow/dags/job_etl_dag.py
[2026-05-12T13:01:16.026+0000] {processor.py:830} INFO - Processing file /opt/airflow/dags/job_etl_dag.py for tasks to queue
[2026-05-12T13:01:16.028+0000] {logging_mixin.py:188} INFO - [2026-05-12T13:01:16.028+0000] {dagbag.py:538} INFO - Filling up the DagBag from /opt/airflow/dags/job_etl_dag.py
[2026-05-12T13:01:16.066+0000] {processor.py:840} INFO - DAG(s) 'job_market_etl' retrieved from /opt/airflow/dags/job_etl_dag.py
[2026-05-12T13:01:16.112+0000] {logging_mixin.py:188} INFO - [2026-05-12T13:01:16.112+0000] {dag.py:3036} INFO - Sync 1 DAGs
[2026-05-12T13:01:16.130+0000] {logging_mixin.py:188} INFO - [2026-05-12T13:01:16.130+0000] {dag.py:3823} INFO - Setting next_dagrun for job_market_etl to None, run_after=None
[2026-05-12T13:01:16.179+0000] {processor.py:183} INFO - Processing /opt/airflow/dags/job_etl_dag.py took 0.160 seconds
[2026-05-12T13:01:46.316+0000] {processor.py:161} INFO - Started process (PID=667) to work on /opt/airflow/dags/job_etl_dag.py
[2026-05-12T13:01:46.318+0000] {processor.py:830} INFO - Processing file /opt/airflow/dags/job_etl_dag.py for tasks to queue
[2026-05-12T13:01:46.320+0000] {logging_mixin.py:188} INFO - [2026-05-12T13:01:46.320+0000] {dagbag.py:538} INFO - Filling up the DagBag from /opt/airflow/dags/job_etl_dag.py
[2026-05-12T13:01:46.350+0000] {processor.py:840} INFO - DAG(s) 'job_market_etl' retrieved from /opt/airflow/dags/job_etl_dag.py
[2026-05-12T13:01:46.404+0000] {logging_mixin.py:188} INFO - [2026-05-12T13:01:46.403+0000] {dag.py:3036} INFO - Sync 1 DAGs
[2026-05-12T13:01:46.424+0000] {logging_mixin.py:188} INFO - [2026-05-12T13:01:46.423+0000] {dag.py:3823} INFO - Setting next_dagrun for job_market_etl to None, run_after=None
[2026-05-12T13:01:46.457+0000] {processor.py:183} INFO - Processing /opt/airflow/dags/job_etl_dag.py took 0.147 seconds
[2026-05-12T13:02:16.703+0000] {processor.py:161} INFO - Started process (PID=668) to work on /opt/airflow/dags/job_etl_dag.py
[2026-05-12T13:02:16.705+0000] {processor.py:830} INFO - Processing file /opt/airflow/dags/job_etl_dag.py for tasks to queue
[2026-05-12T13:02:16.706+0000] {logging_mixin.py:188} INFO - [2026-05-12T13:02:16.706+0000] {dagbag.py:538} INFO - Filling up the DagBag from /opt/airflow/dags/job_etl_dag.py
[2026-05-12T13:02:16.737+0000] {processor.py:840} INFO - DAG(s) 'job_market_etl' retrieved from /opt/airflow/dags/job_etl_dag.py
[2026-05-12T13:02:16.780+0000] {logging_mixin.py:188} INFO - [2026-05-12T13:02:16.780+0000] {dag.py:3036} INFO - Sync 1 DAGs
[2026-05-12T13:02:16.798+0000] {logging_mixin.py:188} INFO - [2026-05-12T13:02:16.798+0000] {dag.py:3823} INFO - Setting next_dagrun for job_market_etl to None, run_after=None
[2026-05-12T13:02:16.831+0000] {processor.py:183} INFO - Processing /opt/airflow/dags/job_etl_dag.py took 0.131 seconds
[2026-05-12T13:02:46.952+0000] {processor.py:161} INFO - Started process (PID=669) to work on /opt/airflow/dags/job_etl_dag.py
[2026-05-12T13:02:46.953+0000] {processor.py:830} INFO - Processing file /opt/airflow/dags/job_etl_dag.py for tasks to queue
[2026-05-12T13:02:46.955+0000] {logging_mixin.py:188} INFO - [2026-05-12T13:02:46.955+0000] {dagbag.py:538} INFO - Filling up the DagBag from /opt/airflow/dags/job_etl_dag.py
[2026-05-12T13:02:46.986+0000] {processor.py:840} INFO - DAG(s) 'job_market_etl' retrieved from /opt/airflow/dags/job_etl_dag.py
[2026-05-12T13:02:47.056+0000] {logging_mixin.py:188} INFO - [2026-05-12T13:02:47.056+0000] {dag.py:3036} INFO - Sync 1 DAGs
[2026-05-12T13:02:47.075+0000] {logging_mixin.py:188} INFO - [2026-05-12T13:02:47.075+0000] {dag.py:3823} INFO - Setting next_dagrun for job_market_etl to None, run_after=None
[2026-05-12T13:02:47.107+0000] {processor.py:183} INFO - Processing /opt/airflow/dags/job_etl_dag.py took 0.160 seconds
[2026-05-12T13:03:17.321+0000] {processor.py:161} INFO - Started process (PID=670) to work on /opt/airflow/dags/job_etl_dag.py
[2026-05-12T13:03:17.324+0000] {processor.py:830} INFO - Processing file /opt/airflow/dags/job_etl_dag.py for tasks to queue
[2026-05-12T13:03:17.326+0000] {logging_mixin.py:188} INFO - [2026-05-12T13:03:17.325+0000] {dagbag.py:538} INFO - Filling up the DagBag from /opt/airflow/dags/job_etl_dag.py
[2026-05-12T13:03:17.355+0000] {processor.py:840} INFO - DAG(s) 'job_market_etl' retrieved from /opt/airflow/dags/job_etl_dag.py
[2026-05-12T13:03:17.403+0000] {logging_mixin.py:188} INFO - [2026-05-12T13:03:17.402+0000] {dag.py:3036} INFO - Sync 1 DAGs
[2026-05-12T13:03:17.422+0000] {logging_mixin.py:188} INFO - [2026-05-12T13:03:17.421+0000] {dag.py:3823} INFO - Setting next_dagrun for job_market_etl to None, run_after=None
[2026-05-12T13:03:17.473+0000] {processor.py:183} INFO - Processing /opt/airflow/dags/job_etl_dag.py took 0.156 seconds
[2026-05-12T13:40:58.442+0000] {processor.py:161} INFO - Started process (PID=42) to work on /opt/airflow/dags/job_etl_dag.py
[2026-05-12T13:40:58.446+0000] {processor.py:830} INFO - Processing file /opt/airflow/dags/job_etl_dag.py for tasks to queue
[2026-05-12T13:40:58.448+0000] {logging_mixin.py:188} INFO - [2026-05-12T13:40:58.447+0000] {dagbag.py:538} INFO - Filling up the DagBag from /opt/airflow/dags/job_etl_dag.py
[2026-05-12T13:40:58.498+0000] {processor.py:840} INFO - DAG(s) 'job_market_etl' retrieved from /opt/airflow/dags/job_etl_dag.py
[2026-05-12T13:40:58.924+0000] {logging_mixin.py:188} INFO - [2026-05-12T13:40:58.923+0000] {override.py:1769} INFO - Created Permission View: can delete on DAG:job_market_etl
[2026-05-12T13:40:58.936+0000] {logging_mixin.py:188} INFO - [2026-05-12T13:40:58.936+0000] {override.py:1769} INFO - Created Permission View: can edit on DAG:job_market_etl
[2026-05-12T13:40:58.950+0000] {logging_mixin.py:188} INFO - [2026-05-12T13:40:58.949+0000] {override.py:1769} INFO - Created Permission View: can read on DAG:job_market_etl
[2026-05-12T13:40:58.951+0000] {logging_mixin.py:188} INFO - [2026-05-12T13:40:58.951+0000] {dag.py:3036} INFO - Sync 1 DAGs
[2026-05-12T13:40:58.966+0000] {logging_mixin.py:188} INFO - [2026-05-12T13:40:58.966+0000] {dag.py:3058} INFO - Creating ORM DAG for job_market_etl
[2026-05-12T13:40:58.968+0000] {logging_mixin.py:188} INFO - [2026-05-12T13:40:58.968+0000] {dag.py:3823} INFO - Setting next_dagrun for job_market_etl to None, run_after=None
[2026-05-12T13:40:58.997+0000] {processor.py:183} INFO - Processing /opt/airflow/dags/job_etl_dag.py took 0.559 seconds
[2026-05-12T13:41:29.270+0000] {processor.py:161} INFO - Started process (PID=43) to work on /opt/airflow/dags/job_etl_dag.py
[2026-05-12T13:41:29.272+0000] {processor.py:830} INFO - Processing file /opt/airflow/dags/job_etl_dag.py for tasks to queue
[2026-05-12T13:41:29.274+0000] {logging_mixin.py:188} INFO - [2026-05-12T13:41:29.274+0000] {dagbag.py:538} INFO - Filling up the DagBag from /opt/airflow/dags/job_etl_dag.py
[2026-05-12T13:41:29.307+0000] {processor.py:840} INFO - DAG(s) 'job_market_etl' retrieved from /opt/airflow/dags/job_etl_dag.py
[2026-05-12T13:41:29.355+0000] {logging_mixin.py:188} INFO - [2026-05-12T13:41:29.355+0000] {dag.py:3036} INFO - Sync 1 DAGs
[2026-05-12T13:41:29.373+0000] {logging_mixin.py:188} INFO - [2026-05-12T13:41:29.373+0000] {dag.py:3823} INFO - Setting next_dagrun for job_market_etl to None, run_after=None
[2026-05-12T13:41:29.407+0000] {processor.py:183} INFO - Processing /opt/airflow/dags/job_etl_dag.py took 0.143 seconds
[2026-05-12T13:41:59.525+0000] {processor.py:161} INFO - Started process (PID=44) to work on /opt/airflow/dags/job_etl_dag.py
[2026-05-12T13:41:59.527+0000] {processor.py:830} INFO - Processing file /opt/airflow/dags/job_etl_dag.py for tasks to queue
[2026-05-12T13:41:59.530+0000] {logging_mixin.py:188} INFO - [2026-05-12T13:41:59.530+0000] {dagbag.py:538} INFO - Filling up the DagBag from /opt/airflow/dags/job_etl_dag.py
[2026-05-12T13:41:59.577+0000] {processor.py:840} INFO - DAG(s) 'job_market_etl' retrieved from /opt/airflow/dags/job_etl_dag.py
[2026-05-12T13:41:59.636+0000] {logging_mixin.py:188} INFO - [2026-05-12T13:41:59.636+0000] {dag.py:3036} INFO - Sync 1 DAGs
[2026-05-12T13:41:59.657+0000] {logging_mixin.py:188} INFO - [2026-05-12T13:41:59.657+0000] {dag.py:3823} INFO - Setting next_dagrun for job_market_etl to None, run_after=None
[2026-05-12T13:41:59.692+0000] {processor.py:183} INFO - Processing /opt/airflow/dags/job_etl_dag.py took 0.175 seconds
[2026-05-12T13:42:29.950+0000] {processor.py:161} INFO - Started process (PID=45) to work on /opt/airflow/dags/job_etl_dag.py
[2026-05-12T13:42:29.951+0000] {processor.py:830} INFO - Processing file /opt/airflow/dags/job_etl_dag.py for tasks to queue
[2026-05-12T13:42:29.953+0000] {logging_mixin.py:188} INFO - [2026-05-12T13:42:29.953+0000] {dagbag.py:538} INFO - Filling up the DagBag from /opt/airflow/dags/job_etl_dag.py
[2026-05-12T13:42:29.983+0000] {processor.py:840} INFO - DAG(s) 'job_market_etl' retrieved from /opt/airflow/dags/job_etl_dag.py
[2026-05-12T13:42:30.027+0000] {logging_mixin.py:188} INFO - [2026-05-12T13:42:30.026+0000] {dag.py:3036} INFO - Sync 1 DAGs
[2026-05-12T13:42:30.044+0000] {logging_mixin.py:188} INFO - [2026-05-12T13:42:30.043+0000] {dag.py:3823} INFO - Setting next_dagrun for job_market_etl to None, run_after=None
[2026-05-12T13:42:30.073+0000] {processor.py:183} INFO - Processing /opt/airflow/dags/job_etl_dag.py took 0.128 seconds
[2026-05-12T13:43:00.212+0000] {processor.py:161} INFO - Started process (PID=46) to work on /opt/airflow/dags/job_etl_dag.py
[2026-05-12T13:43:00.215+0000] {processor.py:830} INFO - Processing file /opt/airflow/dags/job_etl_dag.py for tasks to queue
[2026-05-12T13:43:00.217+0000] {logging_mixin.py:188} INFO - [2026-05-12T13:43:00.216+0000] {dagbag.py:538} INFO - Filling up the DagBag from /opt/airflow/dags/job_etl_dag.py
[2026-05-12T13:43:00.251+0000] {processor.py:840} INFO - DAG(s) 'job_market_etl' retrieved from /opt/airflow/dags/job_etl_dag.py
[2026-05-12T13:43:00.312+0000] {logging_mixin.py:188} INFO - [2026-05-12T13:43:00.311+0000] {dag.py:3036} INFO - Sync 1 DAGs
[2026-05-12T13:43:00.333+0000] {logging_mixin.py:188} INFO - [2026-05-12T13:43:00.333+0000] {dag.py:3823} INFO - Setting next_dagrun for job_market_etl to None, run_after=None
[2026-05-12T13:43:00.368+0000] {processor.py:183} INFO - Processing /opt/airflow/dags/job_etl_dag.py took 0.161 seconds
[2026-05-12T13:43:30.578+0000] {processor.py:161} INFO - Started process (PID=47) to work on /opt/airflow/dags/job_etl_dag.py
[2026-05-12T13:43:30.579+0000] {processor.py:830} INFO - Processing file /opt/airflow/dags/job_etl_dag.py for tasks to queue
[2026-05-12T13:43:30.582+0000] {logging_mixin.py:188} INFO - [2026-05-12T13:43:30.581+0000] {dagbag.py:538} INFO - Filling up the DagBag from /opt/airflow/dags/job_etl_dag.py
[2026-05-12T13:43:30.616+0000] {processor.py:840} INFO - DAG(s) 'job_market_etl' retrieved from /opt/airflow/dags/job_etl_dag.py
[2026-05-12T13:43:30.659+0000] {logging_mixin.py:188} INFO - [2026-05-12T13:43:30.659+0000] {dag.py:3036} INFO - Sync 1 DAGs
[2026-05-12T13:43:30.676+0000] {logging_mixin.py:188} INFO - [2026-05-12T13:43:30.675+0000] {dag.py:3823} INFO - Setting next_dagrun for job_market_etl to None, run_after=None
[2026-05-12T13:43:30.706+0000] {processor.py:183} INFO - Processing /opt/airflow/dags/job_etl_dag.py took 0.135 seconds
[2026-05-12T13:44:00.864+0000] {processor.py:161} INFO - Started process (PID=48) to work on /opt/airflow/dags/job_etl_dag.py
[2026-05-12T13:44:00.866+0000] {processor.py:830} INFO - Processing file /opt/airflow/dags/job_etl_dag.py for tasks to queue
[2026-05-12T13:44:00.867+0000] {logging_mixin.py:188} INFO - [2026-05-12T13:44:00.867+0000] {dagbag.py:538} INFO - Filling up the DagBag from /opt/airflow/dags/job_etl_dag.py
[2026-05-12T13:44:00.904+0000] {processor.py:840} INFO - DAG(s) 'job_market_etl' retrieved from /opt/airflow/dags/job_etl_dag.py
[2026-05-12T13:44:00.951+0000] {logging_mixin.py:188} INFO - [2026-05-12T13:44:00.951+0000] {dag.py:3036} INFO - Sync 1 DAGs
[2026-05-12T13:44:00.971+0000] {logging_mixin.py:188} INFO - [2026-05-12T13:44:00.971+0000] {dag.py:3823} INFO - Setting next_dagrun for job_market_etl to None, run_after=None
[2026-05-12T13:44:01.002+0000] {processor.py:183} INFO - Processing /opt/airflow/dags/job_etl_dag.py took 0.142 seconds
[2026-05-12T13:44:31.165+0000] {processor.py:161} INFO - Started process (PID=49) to work on /opt/airflow/dags/job_etl_dag.py
[2026-05-12T13:44:31.167+0000] {processor.py:830} INFO - Processing file /opt/airflow/dags/job_etl_dag.py for tasks to queue
[2026-05-12T13:44:31.170+0000] {logging_mixin.py:188} INFO - [2026-05-12T13:44:31.169+0000] {dagbag.py:538} INFO - Filling up the DagBag from /opt/airflow/dags/job_etl_dag.py
[2026-05-12T13:44:31.205+0000] {processor.py:840} INFO - DAG(s) 'job_market_etl' retrieved from /opt/airflow/dags/job_etl_dag.py
[2026-05-12T13:44:31.250+0000] {logging_mixin.py:188} INFO - [2026-05-12T13:44:31.250+0000] {dag.py:3036} INFO - Sync 1 DAGs
[2026-05-12T13:44:31.270+0000] {logging_mixin.py:188} INFO - [2026-05-12T13:44:31.270+0000] {dag.py:3823} INFO - Setting next_dagrun for job_market_etl to None, run_after=None
[2026-05-12T13:44:31.312+0000] {processor.py:183} INFO - Processing /opt/airflow/dags/job_etl_dag.py took 0.153 seconds
[2026-05-12T13:45:01.478+0000] {processor.py:161} INFO - Started process (PID=50) to work on /opt/airflow/dags/job_etl_dag.py
[2026-05-12T13:45:01.480+0000] {processor.py:830} INFO - Processing file /opt/airflow/dags/job_etl_dag.py for tasks to queue
[2026-05-12T13:45:01.482+0000] {logging_mixin.py:188} INFO - [2026-05-12T13:45:01.481+0000] {dagbag.py:538} INFO - Filling up the DagBag from /opt/airflow/dags/job_etl_dag.py
[2026-05-12T13:45:01.519+0000] {processor.py:840} INFO - DAG(s) 'job_market_etl' retrieved from /opt/airflow/dags/job_etl_dag.py
[2026-05-12T13:45:01.568+0000] {logging_mixin.py:188} INFO - [2026-05-12T13:45:01.568+0000] {dag.py:3036} INFO - Sync 1 DAGs
[2026-05-12T13:45:01.586+0000] {logging_mixin.py:188} INFO - [2026-05-12T13:45:01.586+0000] {dag.py:3823} INFO - Setting next_dagrun for job_market_etl to None, run_after=None
[2026-05-12T13:45:01.618+0000] {processor.py:183} INFO - Processing /opt/airflow/dags/job_etl_dag.py took 0.145 seconds
[2026-05-12T13:45:49.730+0000] {processor.py:161} INFO - Started process (PID=42) to work on /opt/airflow/dags/job_etl_dag.py
[2026-05-12T13:45:49.732+0000] {processor.py:830} INFO - Processing file /opt/airflow/dags/job_etl_dag.py for tasks to queue
[2026-05-12T13:45:49.735+0000] {logging_mixin.py:188} INFO - [2026-05-12T13:45:49.734+0000] {dagbag.py:538} INFO - Filling up the DagBag from /opt/airflow/dags/job_etl_dag.py
[2026-05-12T13:45:49.780+0000] {processor.py:840} INFO - DAG(s) 'job_market_etl' retrieved from /opt/airflow/dags/job_etl_dag.py
[2026-05-12T13:45:50.105+0000] {logging_mixin.py:188} INFO - [2026-05-12T13:45:50.104+0000] {override.py:1769} INFO - Created Permission View: can delete on DAG:job_market_etl
[2026-05-12T13:45:50.120+0000] {logging_mixin.py:188} INFO - [2026-05-12T13:45:50.120+0000] {override.py:1769} INFO - Created Permission View: can read on DAG:job_market_etl
[2026-05-12T13:45:50.135+0000] {logging_mixin.py:188} INFO - [2026-05-12T13:45:50.134+0000] {override.py:1769} INFO - Created Permission View: can edit on DAG:job_market_etl
[2026-05-12T13:45:50.136+0000] {logging_mixin.py:188} INFO - [2026-05-12T13:45:50.135+0000] {dag.py:3036} INFO - Sync 1 DAGs
[2026-05-12T13:45:50.152+0000] {logging_mixin.py:188} INFO - [2026-05-12T13:45:50.152+0000] {dag.py:3058} INFO - Creating ORM DAG for job_market_etl
[2026-05-12T13:45:50.154+0000] {logging_mixin.py:188} INFO - [2026-05-12T13:45:50.154+0000] {dag.py:3823} INFO - Setting next_dagrun for job_market_etl to None, run_after=None
[2026-05-12T13:45:50.189+0000] {processor.py:183} INFO - Processing /opt/airflow/dags/job_etl_dag.py took 0.464 seconds
[2026-05-12T13:46:20.466+0000] {processor.py:161} INFO - Started process (PID=43) to work on /opt/airflow/dags/job_etl_dag.py
[2026-05-12T13:46:20.468+0000] {processor.py:830} INFO - Processing file /opt/airflow/dags/job_etl_dag.py for tasks to queue
[2026-05-12T13:46:20.470+0000] {logging_mixin.py:188} INFO - [2026-05-12T13:46:20.469+0000] {dagbag.py:538} INFO - Filling up the DagBag from /opt/airflow/dags/job_etl_dag.py
[2026-05-12T13:46:20.507+0000] {processor.py:840} INFO - DAG(s) 'job_market_etl' retrieved from /opt/airflow/dags/job_etl_dag.py
[2026-05-12T13:46:20.562+0000] {logging_mixin.py:188} INFO - [2026-05-12T13:46:20.562+0000] {dag.py:3036} INFO - Sync 1 DAGs
[2026-05-12T13:46:20.579+0000] {logging_mixin.py:188} INFO - [2026-05-12T13:46:20.578+0000] {dag.py:3823} INFO - Setting next_dagrun for job_market_etl to None, run_after=None
[2026-05-12T13:46:20.614+0000] {processor.py:183} INFO - Processing /opt/airflow/dags/job_etl_dag.py took 0.155 seconds
[2026-05-12T13:46:50.701+0000] {processor.py:161} INFO - Started process (PID=44) to work on /opt/airflow/dags/job_etl_dag.py
[2026-05-12T13:46:50.703+0000] {processor.py:830} INFO - Processing file /opt/airflow/dags/job_etl_dag.py for tasks to queue
[2026-05-12T13:46:50.704+0000] {logging_mixin.py:188} INFO - [2026-05-12T13:46:50.704+0000] {dagbag.py:538} INFO - Filling up the DagBag from /opt/airflow/dags/job_etl_dag.py
[2026-05-12T13:46:50.738+0000] {processor.py:840} INFO - DAG(s) 'job_market_etl' retrieved from /opt/airflow/dags/job_etl_dag.py
[2026-05-12T13:46:50.787+0000] {logging_mixin.py:188} INFO - [2026-05-12T13:46:50.787+0000] {dag.py:3036} INFO - Sync 1 DAGs
[2026-05-12T13:46:50.808+0000] {logging_mixin.py:188} INFO - [2026-05-12T13:46:50.807+0000] {dag.py:3823} INFO - Setting next_dagrun for job_market_etl to None, run_after=None
[2026-05-12T13:46:50.854+0000] {processor.py:183} INFO - Processing /opt/airflow/dags/job_etl_dag.py took 0.158 seconds
[2026-05-12T13:47:21.104+0000] {processor.py:161} INFO - Started process (PID=45) to work on /opt/airflow/dags/job_etl_dag.py
[2026-05-12T13:47:21.106+0000] {processor.py:830} INFO - Processing file /opt/airflow/dags/job_etl_dag.py for tasks to queue
[2026-05-12T13:47:21.108+0000] {logging_mixin.py:188} INFO - [2026-05-12T13:47:21.107+0000] {dagbag.py:538} INFO - Filling up the DagBag from /opt/airflow/dags/job_etl_dag.py
[2026-05-12T13:47:21.144+0000] {processor.py:840} INFO - DAG(s) 'job_market_etl' retrieved from /opt/airflow/dags/job_etl_dag.py
[2026-05-12T13:47:21.195+0000] {logging_mixin.py:188} INFO - [2026-05-12T13:47:21.195+0000] {dag.py:3036} INFO - Sync 1 DAGs
[2026-05-12T13:47:21.213+0000] {logging_mixin.py:188} INFO - [2026-05-12T13:47:21.212+0000] {dag.py:3823} INFO - Setting next_dagrun for job_market_etl to None, run_after=None
[2026-05-12T13:47:21.245+0000] {processor.py:183} INFO - Processing /opt/airflow/dags/job_etl_dag.py took 0.146 seconds
[2026-05-12T13:47:51.395+0000] {processor.py:161} INFO - Started process (PID=46) to work on /opt/airflow/dags/job_etl_dag.py
[2026-05-12T13:47:51.397+0000] {processor.py:830} INFO - Processing file /opt/airflow/dags/job_etl_dag.py for tasks to queue
[2026-05-12T13:47:51.399+0000] {logging_mixin.py:188} INFO - [2026-05-12T13:47:51.399+0000] {dagbag.py:538} INFO - Filling up the DagBag from /opt/airflow/dags/job_etl_dag.py
[2026-05-12T13:47:51.436+0000] {processor.py:840} INFO - DAG(s) 'job_market_etl' retrieved from /opt/airflow/dags/job_etl_dag.py
[2026-05-12T13:47:51.487+0000] {logging_mixin.py:188} INFO - [2026-05-12T13:47:51.486+0000] {dag.py:3036} INFO - Sync 1 DAGs
[2026-05-12T13:47:51.505+0000] {logging_mixin.py:188} INFO - [2026-05-12T13:47:51.505+0000] {dag.py:3823} INFO - Setting next_dagrun for job_market_etl to None, run_after=None
[2026-05-12T13:47:51.552+0000] {processor.py:183} INFO - Processing /opt/airflow/dags/job_etl_dag.py took 0.163 seconds
[2026-05-12T13:48:21.739+0000] {processor.py:161} INFO - Started process (PID=47) to work on /opt/airflow/dags/job_etl_dag.py
[2026-05-12T13:48:21.740+0000] {processor.py:830} INFO - Processing file /opt/airflow/dags/job_etl_dag.py for tasks to queue
[2026-05-12T13:48:21.742+0000] {logging_mixin.py:188} INFO - [2026-05-12T13:48:21.741+0000] {dagbag.py:538} INFO - Filling up the DagBag from /opt/airflow/dags/job_etl_dag.py
[2026-05-12T13:48:21.772+0000] {processor.py:840} INFO - DAG(s) 'job_market_etl' retrieved from /opt/airflow/dags/job_etl_dag.py
[2026-05-12T13:48:21.817+0000] {logging_mixin.py:188} INFO - [2026-05-12T13:48:21.817+0000] {dag.py:3036} INFO - Sync 1 DAGs
[2026-05-12T13:48:21.834+0000] {logging_mixin.py:188} INFO - [2026-05-12T13:48:21.834+0000] {dag.py:3823} INFO - Setting next_dagrun for job_market_etl to None, run_after=None
[2026-05-12T13:48:21.875+0000] {processor.py:183} INFO - Processing /opt/airflow/dags/job_etl_dag.py took 0.140 seconds
[2026-05-12T13:48:52.075+0000] {processor.py:161} INFO - Started process (PID=48) to work on /opt/airflow/dags/job_etl_dag.py
[2026-05-12T13:48:52.077+0000] {processor.py:830} INFO - Processing file /opt/airflow/dags/job_etl_dag.py for tasks to queue
[2026-05-12T13:48:52.079+0000] {logging_mixin.py:188} INFO - [2026-05-12T13:48:52.078+0000] {dagbag.py:538} INFO - Filling up the DagBag from /opt/airflow/dags/job_etl_dag.py
[2026-05-12T13:48:52.118+0000] {processor.py:840} INFO - DAG(s) 'job_market_etl' retrieved from /opt/airflow/dags/job_etl_dag.py
[2026-05-12T13:48:52.171+0000] {logging_mixin.py:188} INFO - [2026-05-12T13:48:52.170+0000] {dag.py:3036} INFO - Sync 1 DAGs
[2026-05-12T13:48:52.211+0000] {logging_mixin.py:188} INFO - [2026-05-12T13:48:52.211+0000] {dag.py:3823} INFO - Setting next_dagrun for job_market_etl to None, run_after=None
[2026-05-12T13:48:52.255+0000] {processor.py:183} INFO - Processing /opt/airflow/dags/job_etl_dag.py took 0.185 seconds
[2026-05-12T13:49:22.349+0000] {processor.py:161} INFO - Started process (PID=49) to work on /opt/airflow/dags/job_etl_dag.py
[2026-05-12T13:49:22.350+0000] {processor.py:830} INFO - Processing file /opt/airflow/dags/job_etl_dag.py for tasks to queue
[2026-05-12T13:49:22.352+0000] {logging_mixin.py:188} INFO - [2026-05-12T13:49:22.352+0000] {dagbag.py:538} INFO - Filling up the DagBag from /opt/airflow/dags/job_etl_dag.py
[2026-05-12T13:49:22.382+0000] {processor.py:840} INFO - DAG(s) 'job_market_etl' retrieved from /opt/airflow/dags/job_etl_dag.py
[2026-05-12T13:49:22.429+0000] {logging_mixin.py:188} INFO - [2026-05-12T13:49:22.428+0000] {dag.py:3036} INFO - Sync 1 DAGs
[2026-05-12T13:49:22.450+0000] {logging_mixin.py:188} INFO - [2026-05-12T13:49:22.449+0000] {dag.py:3823} INFO - Setting next_dagrun for job_market_etl to None, run_after=None
[2026-05-12T13:49:22.485+0000] {processor.py:183} INFO - Processing /opt/airflow/dags/job_etl_dag.py took 0.141 seconds
[2026-05-12T13:49:52.737+0000] {processor.py:161} INFO - Started process (PID=50) to work on /opt/airflow/dags/job_etl_dag.py
[2026-05-12T13:49:52.738+0000] {processor.py:830} INFO - Processing file /opt/airflow/dags/job_etl_dag.py for tasks to queue
[2026-05-12T13:49:52.740+0000] {logging_mixin.py:188} INFO - [2026-05-12T13:49:52.739+0000] {dagbag.py:538} INFO - Filling up the DagBag from /opt/airflow/dags/job_etl_dag.py
[2026-05-12T13:49:52.774+0000] {processor.py:840} INFO - DAG(s) 'job_market_etl' retrieved from /opt/airflow/dags/job_etl_dag.py
[2026-05-12T13:49:52.818+0000] {logging_mixin.py:188} INFO - [2026-05-12T13:49:52.817+0000] {dag.py:3036} INFO - Sync 1 DAGs
[2026-05-12T13:49:52.835+0000] {logging_mixin.py:188} INFO - [2026-05-12T13:49:52.834+0000] {dag.py:3823} INFO - Setting next_dagrun for job_market_etl to None, run_after=None
[2026-05-12T13:49:52.870+0000] {processor.py:183} INFO - Processing /opt/airflow/dags/job_etl_dag.py took 0.139 seconds
[2026-05-12T13:50:22.986+0000] {processor.py:161} INFO - Started process (PID=51) to work on /opt/airflow/dags/job_etl_dag.py
[2026-05-12T13:50:22.989+0000] {processor.py:830} INFO - Processing file /opt/airflow/dags/job_etl_dag.py for tasks to queue
[2026-05-12T13:50:22.991+0000] {logging_mixin.py:188} INFO - [2026-05-12T13:50:22.990+0000] {dagbag.py:538} INFO - Filling up the DagBag from /opt/airflow/dags/job_etl_dag.py
[2026-05-12T13:50:23.036+0000] {processor.py:840} INFO - DAG(s) 'job_market_etl' retrieved from /opt/airflow/dags/job_etl_dag.py
[2026-05-12T13:50:23.095+0000] {logging_mixin.py:188} INFO - [2026-05-12T13:50:23.095+0000] {dag.py:3036} INFO - Sync 1 DAGs
[2026-05-12T13:50:23.114+0000] {logging_mixin.py:188} INFO - [2026-05-12T13:50:23.114+0000] {dag.py:3823} INFO - Setting next_dagrun for job_market_etl to None, run_after=None
[2026-05-12T13:50:23.150+0000] {processor.py:183} INFO - Processing /opt/airflow/dags/job_etl_dag.py took 0.169 seconds
[2026-05-12T13:50:53.411+0000] {processor.py:161} INFO - Started process (PID=52) to work on /opt/airflow/dags/job_etl_dag.py
[2026-05-12T13:50:53.412+0000] {processor.py:830} INFO - Processing file /opt/airflow/dags/job_etl_dag.py for tasks to queue
[2026-05-12T13:50:53.414+0000] {logging_mixin.py:188} INFO - [2026-05-12T13:50:53.413+0000] {dagbag.py:538} INFO - Filling up the DagBag from /opt/airflow/dags/job_etl_dag.py
[2026-05-12T13:50:53.447+0000] {processor.py:840} INFO - DAG(s) 'job_market_etl' retrieved from /opt/airflow/dags/job_etl_dag.py
[2026-05-12T13:50:53.491+0000] {logging_mixin.py:188} INFO - [2026-05-12T13:50:53.491+0000] {dag.py:3036} INFO - Sync 1 DAGs
[2026-05-12T13:50:53.510+0000] {logging_mixin.py:188} INFO - [2026-05-12T13:50:53.509+0000] {dag.py:3823} INFO - Setting next_dagrun for job_market_etl to None, run_after=None
[2026-05-12T13:50:53.541+0000] {processor.py:183} INFO - Processing /opt/airflow/dags/job_etl_dag.py took 0.135 seconds
[2026-05-12T13:51:23.665+0000] {processor.py:161} INFO - Started process (PID=53) to work on /opt/airflow/dags/job_etl_dag.py
[2026-05-12T13:51:23.667+0000] {processor.py:830} INFO - Processing file /opt/airflow/dags/job_etl_dag.py for tasks to queue
[2026-05-12T13:51:23.668+0000] {logging_mixin.py:188} INFO - [2026-05-12T13:51:23.668+0000] {dagbag.py:538} INFO - Filling up the DagBag from /opt/airflow/dags/job_etl_dag.py
[2026-05-12T13:51:23.702+0000] {processor.py:840} INFO - DAG(s) 'job_market_etl' retrieved from /opt/airflow/dags/job_etl_dag.py
[2026-05-12T13:51:23.753+0000] {logging_mixin.py:188} INFO - [2026-05-12T13:51:23.752+0000] {dag.py:3036} INFO - Sync 1 DAGs
[2026-05-12T13:51:23.770+0000] {logging_mixin.py:188} INFO - [2026-05-12T13:51:23.770+0000] {dag.py:3823} INFO - Setting next_dagrun for job_market_etl to None, run_after=None
[2026-05-12T13:51:23.801+0000] {processor.py:183} INFO - Processing /opt/airflow/dags/job_etl_dag.py took 0.141 seconds
[2026-05-12T13:51:54.028+0000] {processor.py:161} INFO - Started process (PID=54) to work on /opt/airflow/dags/job_etl_dag.py
[2026-05-12T13:51:54.030+0000] {processor.py:830} INFO - Processing file /opt/airflow/dags/job_etl_dag.py for tasks to queue
[2026-05-12T13:51:54.032+0000] {logging_mixin.py:188} INFO - [2026-05-12T13:51:54.031+0000] {dagbag.py:538} INFO - Filling up the DagBag from /opt/airflow/dags/job_etl_dag.py
[2026-05-12T13:51:54.086+0000] {processor.py:840} INFO - DAG(s) 'job_market_etl' retrieved from /opt/airflow/dags/job_etl_dag.py
[2026-05-12T13:51:54.131+0000] {logging_mixin.py:188} INFO - [2026-05-12T13:51:54.131+0000] {dag.py:3036} INFO - Sync 1 DAGs
[2026-05-12T13:51:54.150+0000] {logging_mixin.py:188} INFO - [2026-05-12T13:51:54.149+0000] {dag.py:3823} INFO - Setting next_dagrun for job_market_etl to None, run_after=None
[2026-05-12T13:51:54.183+0000] {processor.py:183} INFO - Processing /opt/airflow/dags/job_etl_dag.py took 0.160 seconds
[2026-05-12T13:52:24.268+0000] {processor.py:161} INFO - Started process (PID=55) to work on /opt/airflow/dags/job_etl_dag.py
[2026-05-12T13:52:24.269+0000] {processor.py:830} INFO - Processing file /opt/airflow/dags/job_etl_dag.py for tasks to queue
[2026-05-12T13:52:24.272+0000] {logging_mixin.py:188} INFO - [2026-05-12T13:52:24.272+0000] {dagbag.py:538} INFO - Filling up the DagBag from /opt/airflow/dags/job_etl_dag.py
[2026-05-12T13:52:24.308+0000] {processor.py:840} INFO - DAG(s) 'job_market_etl' retrieved from /opt/airflow/dags/job_etl_dag.py
[2026-05-12T13:52:24.352+0000] {logging_mixin.py:188} INFO - [2026-05-12T13:52:24.351+0000] {dag.py:3036} INFO - Sync 1 DAGs
[2026-05-12T13:52:24.368+0000] {logging_mixin.py:188} INFO - [2026-05-12T13:52:24.367+0000] {dag.py:3823} INFO - Setting next_dagrun for job_market_etl to None, run_after=None
[2026-05-12T13:52:24.416+0000] {processor.py:183} INFO - Processing /opt/airflow/dags/job_etl_dag.py took 0.152 seconds
[2026-05-12T13:52:54.674+0000] {processor.py:161} INFO - Started process (PID=56) to work on /opt/airflow/dags/job_etl_dag.py
[2026-05-12T13:52:54.675+0000] {processor.py:830} INFO - Processing file /opt/airflow/dags/job_etl_dag.py for tasks to queue
[2026-05-12T13:52:54.677+0000] {logging_mixin.py:188} INFO - [2026-05-12T13:52:54.676+0000] {dagbag.py:538} INFO - Filling up the DagBag from /opt/airflow/dags/job_etl_dag.py
[2026-05-12T13:52:54.708+0000] {processor.py:840} INFO - DAG(s) 'job_market_etl' retrieved from /opt/airflow/dags/job_etl_dag.py
[2026-05-12T13:52:54.752+0000] {logging_mixin.py:188} INFO - [2026-05-12T13:52:54.752+0000] {dag.py:3036} INFO - Sync 1 DAGs
[2026-05-12T13:52:54.769+0000] {logging_mixin.py:188} INFO - [2026-05-12T13:52:54.769+0000] {dag.py:3823} INFO - Setting next_dagrun for job_market_etl to None, run_after=None
[2026-05-12T13:52:54.802+0000] {processor.py:183} INFO - Processing /opt/airflow/dags/job_etl_dag.py took 0.134 seconds
[2026-05-12T13:53:24.928+0000] {processor.py:161} INFO - Started process (PID=57) to work on /opt/airflow/dags/job_etl_dag.py
[2026-05-12T13:53:24.930+0000] {processor.py:830} INFO - Processing file /opt/airflow/dags/job_etl_dag.py for tasks to queue
[2026-05-12T13:53:24.931+0000] {logging_mixin.py:188} INFO - [2026-05-12T13:53:24.931+0000] {dagbag.py:538} INFO - Filling up the DagBag from /opt/airflow/dags/job_etl_dag.py
[2026-05-12T13:53:24.968+0000] {processor.py:840} INFO - DAG(s) 'job_market_etl' retrieved from /opt/airflow/dags/job_etl_dag.py
[2026-05-12T13:53:25.019+0000] {logging_mixin.py:188} INFO - [2026-05-12T13:53:25.018+0000] {dag.py:3036} INFO - Sync 1 DAGs
[2026-05-12T13:53:25.038+0000] {logging_mixin.py:188} INFO - [2026-05-12T13:53:25.038+0000] {dag.py:3823} INFO - Setting next_dagrun for job_market_etl to None, run_after=None
[2026-05-12T13:53:25.077+0000] {processor.py:183} INFO - Processing /opt/airflow/dags/job_etl_dag.py took 0.155 seconds
[2026-05-12T13:53:55.291+0000] {processor.py:161} INFO - Started process (PID=58) to work on /opt/airflow/dags/job_etl_dag.py
[2026-05-12T13:53:55.292+0000] {processor.py:830} INFO - Processing file /opt/airflow/dags/job_etl_dag.py for tasks to queue
[2026-05-12T13:53:55.295+0000] {logging_mixin.py:188} INFO - [2026-05-12T13:53:55.294+0000] {dagbag.py:538} INFO - Filling up the DagBag from /opt/airflow/dags/job_etl_dag.py
[2026-05-12T13:53:55.330+0000] {processor.py:840} INFO - DAG(s) 'job_market_etl' retrieved from /opt/airflow/dags/job_etl_dag.py
[2026-05-12T13:53:55.380+0000] {logging_mixin.py:188} INFO - [2026-05-12T13:53:55.379+0000] {dag.py:3036} INFO - Sync 1 DAGs
[2026-05-12T13:53:55.398+0000] {logging_mixin.py:188} INFO - [2026-05-12T13:53:55.398+0000] {dag.py:3823} INFO - Setting next_dagrun for job_market_etl to None, run_after=None
[2026-05-12T13:53:55.446+0000] {processor.py:183} INFO - Processing /opt/airflow/dags/job_etl_dag.py took 0.160 seconds
[2026-05-12T13:54:25.548+0000] {processor.py:161} INFO - Started process (PID=59) to work on /opt/airflow/dags/job_etl_dag.py
[2026-05-12T13:54:25.550+0000] {processor.py:830} INFO - Processing file /opt/airflow/dags/job_etl_dag.py for tasks to queue
[2026-05-12T13:54:25.551+0000] {logging_mixin.py:188} INFO - [2026-05-12T13:54:25.551+0000] {dagbag.py:538} INFO - Filling up the DagBag from /opt/airflow/dags/job_etl_dag.py
[2026-05-12T13:54:25.582+0000] {processor.py:840} INFO - DAG(s) 'job_market_etl' retrieved from /opt/airflow/dags/job_etl_dag.py
[2026-05-12T13:54:25.630+0000] {logging_mixin.py:188} INFO - [2026-05-12T13:54:25.629+0000] {dag.py:3036} INFO - Sync 1 DAGs
[2026-05-12T13:54:25.649+0000] {logging_mixin.py:188} INFO - [2026-05-12T13:54:25.648+0000] {dag.py:3823} INFO - Setting next_dagrun for job_market_etl to None, run_after=None
[2026-05-12T13:54:25.691+0000] {processor.py:183} INFO - Processing /opt/airflow/dags/job_etl_dag.py took 0.146 seconds
[2026-05-12T13:54:55.941+0000] {processor.py:161} INFO - Started process (PID=60) to work on /opt/airflow/dags/job_etl_dag.py
[2026-05-12T13:54:55.944+0000] {processor.py:830} INFO - Processing file /opt/airflow/dags/job_etl_dag.py for tasks to queue
[2026-05-12T13:54:55.946+0000] {logging_mixin.py:188} INFO - [2026-05-12T13:54:55.946+0000] {dagbag.py:538} INFO - Filling up the DagBag from /opt/airflow/dags/job_etl_dag.py
[2026-05-12T13:54:55.982+0000] {processor.py:840} INFO - DAG(s) 'job_market_etl' retrieved from /opt/airflow/dags/job_etl_dag.py
[2026-05-12T13:54:56.027+0000] {logging_mixin.py:188} INFO - [2026-05-12T13:54:56.027+0000] {dag.py:3036} INFO - Sync 1 DAGs
[2026-05-12T13:54:56.046+0000] {logging_mixin.py:188} INFO - [2026-05-12T13:54:56.046+0000] {dag.py:3823} INFO - Setting next_dagrun for job_market_etl to None, run_after=None
[2026-05-12T13:54:56.094+0000] {processor.py:183} INFO - Processing /opt/airflow/dags/job_etl_dag.py took 0.157 seconds
[2026-05-12T13:55:26.195+0000] {processor.py:161} INFO - Started process (PID=61) to work on /opt/airflow/dags/job_etl_dag.py
[2026-05-12T13:55:26.196+0000] {processor.py:830} INFO - Processing file /opt/airflow/dags/job_etl_dag.py for tasks to queue
[2026-05-12T13:55:26.197+0000] {logging_mixin.py:188} INFO - [2026-05-12T13:55:26.197+0000] {dagbag.py:538} INFO - Filling up the DagBag from /opt/airflow/dags/job_etl_dag.py
[2026-05-12T13:55:26.223+0000] {processor.py:840} INFO - DAG(s) 'job_market_etl' retrieved from /opt/airflow/dags/job_etl_dag.py
[2026-05-12T13:55:26.270+0000] {logging_mixin.py:188} INFO - [2026-05-12T13:55:26.270+0000] {dag.py:3036} INFO - Sync 1 DAGs
[2026-05-12T13:55:26.288+0000] {logging_mixin.py:188} INFO - [2026-05-12T13:55:26.288+0000] {dag.py:3823} INFO - Setting next_dagrun for job_market_etl to None, run_after=None
[2026-05-12T13:55:26.331+0000] {processor.py:183} INFO - Processing /opt/airflow/dags/job_etl_dag.py took 0.141 seconds
[2026-05-12T13:55:56.654+0000] {processor.py:161} INFO - Started process (PID=62) to work on /opt/airflow/dags/job_etl_dag.py
[2026-05-12T13:55:56.656+0000] {processor.py:830} INFO - Processing file /opt/airflow/dags/job_etl_dag.py for tasks to queue
[2026-05-12T13:55:56.658+0000] {logging_mixin.py:188} INFO - [2026-05-12T13:55:56.657+0000] {dagbag.py:538} INFO - Filling up the DagBag from /opt/airflow/dags/job_etl_dag.py
[2026-05-12T13:55:56.690+0000] {processor.py:840} INFO - DAG(s) 'job_market_etl' retrieved from /opt/airflow/dags/job_etl_dag.py
[2026-05-12T13:55:56.736+0000] {logging_mixin.py:188} INFO - [2026-05-12T13:55:56.736+0000] {dag.py:3036} INFO - Sync 1 DAGs
[2026-05-12T13:55:56.762+0000] {logging_mixin.py:188} INFO - [2026-05-12T13:55:56.761+0000] {dag.py:3823} INFO - Setting next_dagrun for job_market_etl to None, run_after=None
[2026-05-12T13:55:56.812+0000] {processor.py:183} INFO - Processing /opt/airflow/dags/job_etl_dag.py took 0.162 seconds
[2026-05-12T13:56:26.892+0000] {processor.py:161} INFO - Started process (PID=63) to work on /opt/airflow/dags/job_etl_dag.py
[2026-05-12T13:56:26.894+0000] {processor.py:830} INFO - Processing file /opt/airflow/dags/job_etl_dag.py for tasks to queue
[2026-05-12T13:56:26.895+0000] {logging_mixin.py:188} INFO - [2026-05-12T13:56:26.895+0000] {dagbag.py:538} INFO - Filling up the DagBag from /opt/airflow/dags/job_etl_dag.py
[2026-05-12T13:56:26.930+0000] {processor.py:840} INFO - DAG(s) 'job_market_etl' retrieved from /opt/airflow/dags/job_etl_dag.py
[2026-05-12T13:56:26.976+0000] {logging_mixin.py:188} INFO - [2026-05-12T13:56:26.976+0000] {dag.py:3036} INFO - Sync 1 DAGs
[2026-05-12T13:56:26.994+0000] {logging_mixin.py:188} INFO - [2026-05-12T13:56:26.993+0000] {dag.py:3823} INFO - Setting next_dagrun for job_market_etl to None, run_after=None
[2026-05-12T13:56:27.023+0000] {processor.py:183} INFO - Processing /opt/airflow/dags/job_etl_dag.py took 0.136 seconds
[2026-05-12T13:56:57.306+0000] {processor.py:161} INFO - Started process (PID=64) to work on /opt/airflow/dags/job_etl_dag.py
[2026-05-12T13:56:57.307+0000] {processor.py:830} INFO - Processing file /opt/airflow/dags/job_etl_dag.py for tasks to queue
[2026-05-12T13:56:57.310+0000] {logging_mixin.py:188} INFO - [2026-05-12T13:56:57.309+0000] {dagbag.py:538} INFO - Filling up the DagBag from /opt/airflow/dags/job_etl_dag.py
[2026-05-12T13:56:57.346+0000] {processor.py:840} INFO - DAG(s) 'job_market_etl' retrieved from /opt/airflow/dags/job_etl_dag.py
[2026-05-12T13:56:57.392+0000] {logging_mixin.py:188} INFO - [2026-05-12T13:56:57.392+0000] {dag.py:3036} INFO - Sync 1 DAGs
[2026-05-12T13:56:57.409+0000] {logging_mixin.py:188} INFO - [2026-05-12T13:56:57.408+0000] {dag.py:3823} INFO - Setting next_dagrun for job_market_etl to None, run_after=None
[2026-05-12T13:56:57.452+0000] {processor.py:183} INFO - Processing /opt/airflow/dags/job_etl_dag.py took 0.151 seconds
[2026-05-12T13:57:27.565+0000] {processor.py:161} INFO - Started process (PID=65) to work on /opt/airflow/dags/job_etl_dag.py
[2026-05-12T13:57:27.567+0000] {processor.py:830} INFO - Processing file /opt/airflow/dags/job_etl_dag.py for tasks to queue
[2026-05-12T13:57:27.569+0000] {logging_mixin.py:188} INFO - [2026-05-12T13:57:27.569+0000] {dagbag.py:538} INFO - Filling up the DagBag from /opt/airflow/dags/job_etl_dag.py
[2026-05-12T13:57:27.600+0000] {processor.py:840} INFO - DAG(s) 'job_market_etl' retrieved from /opt/airflow/dags/job_etl_dag.py
[2026-05-12T13:57:27.649+0000] {logging_mixin.py:188} INFO - [2026-05-12T13:57:27.649+0000] {dag.py:3036} INFO - Sync 1 DAGs
[2026-05-12T13:57:27.668+0000] {logging_mixin.py:188} INFO - [2026-05-12T13:57:27.668+0000] {dag.py:3823} INFO - Setting next_dagrun for job_market_etl to None, run_after=None
[2026-05-12T13:57:27.713+0000] {processor.py:183} INFO - Processing /opt/airflow/dags/job_etl_dag.py took 0.152 seconds
[2026-05-12T13:57:57.920+0000] {processor.py:161} INFO - Started process (PID=66) to work on /opt/airflow/dags/job_etl_dag.py
[2026-05-12T13:57:57.922+0000] {processor.py:830} INFO - Processing file /opt/airflow/dags/job_etl_dag.py for tasks to queue
[2026-05-12T13:57:57.925+0000] {logging_mixin.py:188} INFO - [2026-05-12T13:57:57.924+0000] {dagbag.py:538} INFO - Filling up the DagBag from /opt/airflow/dags/job_etl_dag.py
[2026-05-12T13:57:57.957+0000] {processor.py:840} INFO - DAG(s) 'job_market_etl' retrieved from /opt/airflow/dags/job_etl_dag.py
[2026-05-12T13:57:58.004+0000] {logging_mixin.py:188} INFO - [2026-05-12T13:57:58.004+0000] {dag.py:3036} INFO - Sync 1 DAGs
[2026-05-12T13:57:58.025+0000] {logging_mixin.py:188} INFO - [2026-05-12T13:57:58.025+0000] {dag.py:3823} INFO - Setting next_dagrun for job_market_etl to None, run_after=None
[2026-05-12T13:57:58.061+0000] {processor.py:183} INFO - Processing /opt/airflow/dags/job_etl_dag.py took 0.145 seconds
[2026-05-12T13:58:43.258+0000] {processor.py:161} INFO - Started process (PID=42) to work on /opt/airflow/dags/job_etl_dag.py
[2026-05-12T13:58:43.260+0000] {processor.py:830} INFO - Processing file /opt/airflow/dags/job_etl_dag.py for tasks to queue
[2026-05-12T13:58:43.262+0000] {logging_mixin.py:188} INFO - [2026-05-12T13:58:43.261+0000] {dagbag.py:538} INFO - Filling up the DagBag from /opt/airflow/dags/job_etl_dag.py
[2026-05-12T13:58:43.302+0000] {processor.py:840} INFO - DAG(s) 'job_market_etl' retrieved from /opt/airflow/dags/job_etl_dag.py
[2026-05-12T13:58:43.598+0000] {logging_mixin.py:188} INFO - [2026-05-12T13:58:43.597+0000] {override.py:1769} INFO - Created Permission View: can delete on DAG:job_market_etl
[2026-05-12T13:58:43.610+0000] {logging_mixin.py:188} INFO - [2026-05-12T13:58:43.609+0000] {override.py:1769} INFO - Created Permission View: can read on DAG:job_market_etl
[2026-05-12T13:58:43.622+0000] {logging_mixin.py:188} INFO - [2026-05-12T13:58:43.622+0000] {override.py:1769} INFO - Created Permission View: can edit on DAG:job_market_etl
[2026-05-12T13:58:43.623+0000] {logging_mixin.py:188} INFO - [2026-05-12T13:58:43.623+0000] {dag.py:3036} INFO - Sync 1 DAGs
[2026-05-12T13:58:43.637+0000] {logging_mixin.py:188} INFO - [2026-05-12T13:58:43.637+0000] {dag.py:3058} INFO - Creating ORM DAG for job_market_etl
[2026-05-12T13:58:43.639+0000] {logging_mixin.py:188} INFO - [2026-05-12T13:58:43.638+0000] {dag.py:3823} INFO - Setting next_dagrun for job_market_etl to None, run_after=None
[2026-05-12T13:58:43.669+0000] {processor.py:183} INFO - Processing /opt/airflow/dags/job_etl_dag.py took 0.415 seconds
[2026-05-12T13:59:13.948+0000] {processor.py:161} INFO - Started process (PID=43) to work on /opt/airflow/dags/job_etl_dag.py
[2026-05-12T13:59:13.951+0000] {processor.py:830} INFO - Processing file /opt/airflow/dags/job_etl_dag.py for tasks to queue
[2026-05-12T13:59:13.952+0000] {logging_mixin.py:188} INFO - [2026-05-12T13:59:13.952+0000] {dagbag.py:538} INFO - Filling up the DagBag from /opt/airflow/dags/job_etl_dag.py
[2026-05-12T13:59:13.988+0000] {processor.py:840} INFO - DAG(s) 'job_market_etl' retrieved from /opt/airflow/dags/job_etl_dag.py
[2026-05-12T13:59:14.038+0000] {logging_mixin.py:188} INFO - [2026-05-12T13:59:14.037+0000] {dag.py:3036} INFO - Sync 1 DAGs
[2026-05-12T13:59:14.052+0000] {logging_mixin.py:188} INFO - [2026-05-12T13:59:14.052+0000] {dag.py:3823} INFO - Setting next_dagrun for job_market_etl to None, run_after=None
[2026-05-12T13:59:14.084+0000] {processor.py:183} INFO - Processing /opt/airflow/dags/job_etl_dag.py took 0.143 seconds
[2026-05-12T13:59:44.180+0000] {processor.py:161} INFO - Started process (PID=44) to work on /opt/airflow/dags/job_etl_dag.py
[2026-05-12T13:59:44.182+0000] {processor.py:830} INFO - Processing file /opt/airflow/dags/job_etl_dag.py for tasks to queue
[2026-05-12T13:59:44.185+0000] {logging_mixin.py:188} INFO - [2026-05-12T13:59:44.185+0000] {dagbag.py:538} INFO - Filling up the DagBag from /opt/airflow/dags/job_etl_dag.py
[2026-05-12T13:59:44.231+0000] {processor.py:840} INFO - DAG(s) 'job_market_etl' retrieved from /opt/airflow/dags/job_etl_dag.py
[2026-05-12T13:59:44.293+0000] {logging_mixin.py:188} INFO - [2026-05-12T13:59:44.293+0000] {dag.py:3036} INFO - Sync 1 DAGs
[2026-05-12T13:59:44.313+0000] {logging_mixin.py:188} INFO - [2026-05-12T13:59:44.313+0000] {dag.py:3823} INFO - Setting next_dagrun for job_market_etl to None, run_after=None
[2026-05-12T13:59:44.364+0000] {processor.py:183} INFO - Processing /opt/airflow/dags/job_etl_dag.py took 0.192 seconds
[2026-05-12T14:00:14.569+0000] {processor.py:161} INFO - Started process (PID=45) to work on /opt/airflow/dags/job_etl_dag.py
[2026-05-12T14:00:14.571+0000] {processor.py:830} INFO - Processing file /opt/airflow/dags/job_etl_dag.py for tasks to queue
[2026-05-12T14:00:14.573+0000] {logging_mixin.py:188} INFO - [2026-05-12T14:00:14.572+0000] {dagbag.py:538} INFO - Filling up the DagBag from /opt/airflow/dags/job_etl_dag.py
[2026-05-12T14:00:14.620+0000] {processor.py:840} INFO - DAG(s) 'job_market_etl' retrieved from /opt/airflow/dags/job_etl_dag.py
[2026-05-12T14:00:14.677+0000] {logging_mixin.py:188} INFO - [2026-05-12T14:00:14.676+0000] {dag.py:3036} INFO - Sync 1 DAGs
[2026-05-12T14:00:14.700+0000] {logging_mixin.py:188} INFO - [2026-05-12T14:00:14.699+0000] {dag.py:3823} INFO - Setting next_dagrun for job_market_etl to None, run_after=None
[2026-05-12T14:00:14.746+0000] {processor.py:183} INFO - Processing /opt/airflow/dags/job_etl_dag.py took 0.182 seconds
[2026-05-12T14:00:44.850+0000] {processor.py:161} INFO - Started process (PID=46) to work on /opt/airflow/dags/job_etl_dag.py
[2026-05-12T14:00:44.851+0000] {processor.py:830} INFO - Processing file /opt/airflow/dags/job_etl_dag.py for tasks to queue
[2026-05-12T14:00:44.854+0000] {logging_mixin.py:188} INFO - [2026-05-12T14:00:44.853+0000] {dagbag.py:538} INFO - Filling up the DagBag from /opt/airflow/dags/job_etl_dag.py
[2026-05-12T14:00:44.889+0000] {processor.py:840} INFO - DAG(s) 'job_market_etl' retrieved from /opt/airflow/dags/job_etl_dag.py
[2026-05-12T14:00:44.935+0000] {logging_mixin.py:188} INFO - [2026-05-12T14:00:44.935+0000] {dag.py:3036} INFO - Sync 1 DAGs
[2026-05-12T14:00:44.954+0000] {logging_mixin.py:188} INFO - [2026-05-12T14:00:44.954+0000] {dag.py:3823} INFO - Setting next_dagrun for job_market_etl to None, run_after=None
[2026-05-12T14:00:45.000+0000] {processor.py:183} INFO - Processing /opt/airflow/dags/job_etl_dag.py took 0.157 seconds
[2026-05-12T14:01:15.257+0000] {processor.py:161} INFO - Started process (PID=47) to work on /opt/airflow/dags/job_etl_dag.py
[2026-05-12T14:01:15.259+0000] {processor.py:830} INFO - Processing file /opt/airflow/dags/job_etl_dag.py for tasks to queue
[2026-05-12T14:01:15.263+0000] {logging_mixin.py:188} INFO - [2026-05-12T14:01:15.262+0000] {dagbag.py:538} INFO - Filling up the DagBag from /opt/airflow/dags/job_etl_dag.py
[2026-05-12T14:01:15.293+0000] {processor.py:840} INFO - DAG(s) 'job_market_etl' retrieved from /opt/airflow/dags/job_etl_dag.py
[2026-05-12T14:01:15.338+0000] {logging_mixin.py:188} INFO - [2026-05-12T14:01:15.338+0000] {dag.py:3036} INFO - Sync 1 DAGs
[2026-05-12T14:01:15.355+0000] {logging_mixin.py:188} INFO - [2026-05-12T14:01:15.355+0000] {dag.py:3823} INFO - Setting next_dagrun for job_market_etl to None, run_after=None
[2026-05-12T14:01:15.402+0000] {processor.py:183} INFO - Processing /opt/airflow/dags/job_etl_dag.py took 0.153 seconds
[2026-05-12T14:01:45.511+0000] {processor.py:161} INFO - Started process (PID=48) to work on /opt/airflow/dags/job_etl_dag.py
[2026-05-12T14:01:45.513+0000] {processor.py:830} INFO - Processing file /opt/airflow/dags/job_etl_dag.py for tasks to queue
[2026-05-12T14:01:45.515+0000] {logging_mixin.py:188} INFO - [2026-05-12T14:01:45.514+0000] {dagbag.py:538} INFO - Filling up the DagBag from /opt/airflow/dags/job_etl_dag.py
[2026-05-12T14:01:45.553+0000] {processor.py:840} INFO - DAG(s) 'job_market_etl' retrieved from /opt/airflow/dags/job_etl_dag.py
[2026-05-12T14:01:45.602+0000] {logging_mixin.py:188} INFO - [2026-05-12T14:01:45.602+0000] {dag.py:3036} INFO - Sync 1 DAGs
[2026-05-12T14:01:45.623+0000] {logging_mixin.py:188} INFO - [2026-05-12T14:01:45.622+0000] {dag.py:3823} INFO - Setting next_dagrun for job_market_etl to None, run_after=None
[2026-05-12T14:01:45.667+0000] {processor.py:183} INFO - Processing /opt/airflow/dags/job_etl_dag.py took 0.161 seconds
[2026-05-12T14:02:15.893+0000] {processor.py:161} INFO - Started process (PID=49) to work on /opt/airflow/dags/job_etl_dag.py
[2026-05-12T14:02:15.894+0000] {processor.py:830} INFO - Processing file /opt/airflow/dags/job_etl_dag.py for tasks to queue
[2026-05-12T14:02:15.898+0000] {logging_mixin.py:188} INFO - [2026-05-12T14:02:15.897+0000] {dagbag.py:538} INFO - Filling up the DagBag from /opt/airflow/dags/job_etl_dag.py
[2026-05-12T14:02:15.943+0000] {processor.py:840} INFO - DAG(s) 'job_market_etl' retrieved from /opt/airflow/dags/job_etl_dag.py
[2026-05-12T14:02:16.007+0000] {logging_mixin.py:188} INFO - [2026-05-12T14:02:16.006+0000] {dag.py:3036} INFO - Sync 1 DAGs
[2026-05-12T14:02:16.035+0000] {logging_mixin.py:188} INFO - [2026-05-12T14:02:16.035+0000] {dag.py:3823} INFO - Setting next_dagrun for job_market_etl to None, run_after=None
[2026-05-12T14:02:16.095+0000] {processor.py:183} INFO - Processing /opt/airflow/dags/job_etl_dag.py took 0.210 seconds
[2026-05-12T14:02:46.375+0000] {processor.py:161} INFO - Started process (PID=50) to work on /opt/airflow/dags/job_etl_dag.py
[2026-05-12T14:02:46.377+0000] {processor.py:830} INFO - Processing file /opt/airflow/dags/job_etl_dag.py for tasks to queue
[2026-05-12T14:02:46.379+0000] {logging_mixin.py:188} INFO - [2026-05-12T14:02:46.378+0000] {dagbag.py:538} INFO - Filling up the DagBag from /opt/airflow/dags/job_etl_dag.py
[2026-05-12T14:02:46.414+0000] {processor.py:840} INFO - DAG(s) 'job_market_etl' retrieved from /opt/airflow/dags/job_etl_dag.py
[2026-05-12T14:02:46.464+0000] {logging_mixin.py:188} INFO - [2026-05-12T14:02:46.463+0000] {dag.py:3036} INFO - Sync 1 DAGs
[2026-05-12T14:02:46.481+0000] {logging_mixin.py:188} INFO - [2026-05-12T14:02:46.481+0000] {dag.py:3823} INFO - Setting next_dagrun for job_market_etl to None, run_after=None
[2026-05-12T14:02:46.525+0000] {processor.py:183} INFO - Processing /opt/airflow/dags/job_etl_dag.py took 0.154 seconds
[2026-05-12T14:03:16.606+0000] {processor.py:161} INFO - Started process (PID=51) to work on /opt/airflow/dags/job_etl_dag.py
[2026-05-12T14:03:16.608+0000] {processor.py:830} INFO - Processing file /opt/airflow/dags/job_etl_dag.py for tasks to queue
[2026-05-12T14:03:16.611+0000] {logging_mixin.py:188} INFO - [2026-05-12T14:03:16.610+0000] {dagbag.py:538} INFO - Filling up the DagBag from /opt/airflow/dags/job_etl_dag.py
[2026-05-12T14:03:16.650+0000] {processor.py:840} INFO - DAG(s) 'job_market_etl' retrieved from /opt/airflow/dags/job_etl_dag.py
[2026-05-12T14:03:16.697+0000] {logging_mixin.py:188} INFO - [2026-05-12T14:03:16.697+0000] {dag.py:3036} INFO - Sync 1 DAGs
[2026-05-12T14:03:16.715+0000] {logging_mixin.py:188} INFO - [2026-05-12T14:03:16.715+0000] {dag.py:3823} INFO - Setting next_dagrun for job_market_etl to None, run_after=None
[2026-05-12T14:03:16.748+0000] {processor.py:183} INFO - Processing /opt/airflow/dags/job_etl_dag.py took 0.148 seconds
[2026-05-12T14:03:47.057+0000] {processor.py:161} INFO - Started process (PID=52) to work on /opt/airflow/dags/job_etl_dag.py
[2026-05-12T14:03:47.059+0000] {processor.py:830} INFO - Processing file /opt/airflow/dags/job_etl_dag.py for tasks to queue
[2026-05-12T14:03:47.060+0000] {logging_mixin.py:188} INFO - [2026-05-12T14:03:47.060+0000] {dagbag.py:538} INFO - Filling up the DagBag from /opt/airflow/dags/job_etl_dag.py
[2026-05-12T14:03:47.094+0000] {processor.py:840} INFO - DAG(s) 'job_market_etl' retrieved from /opt/airflow/dags/job_etl_dag.py
[2026-05-12T14:03:47.146+0000] {logging_mixin.py:188} INFO - [2026-05-12T14:03:47.146+0000] {dag.py:3036} INFO - Sync 1 DAGs
[2026-05-12T14:03:47.163+0000] {logging_mixin.py:188} INFO - [2026-05-12T14:03:47.162+0000] {dag.py:3823} INFO - Setting next_dagrun for job_market_etl to None, run_after=None
[2026-05-12T14:03:47.194+0000] {processor.py:183} INFO - Processing /opt/airflow/dags/job_etl_dag.py took 0.142 seconds
[2026-05-12T14:04:17.298+0000] {processor.py:161} INFO - Started process (PID=53) to work on /opt/airflow/dags/job_etl_dag.py
[2026-05-12T14:04:17.300+0000] {processor.py:830} INFO - Processing file /opt/airflow/dags/job_etl_dag.py for tasks to queue
[2026-05-12T14:04:17.303+0000] {logging_mixin.py:188} INFO - [2026-05-12T14:04:17.302+0000] {dagbag.py:538} INFO - Filling up the DagBag from /opt/airflow/dags/job_etl_dag.py
[2026-05-12T14:04:17.339+0000] {processor.py:840} INFO - DAG(s) 'job_market_etl' retrieved from /opt/airflow/dags/job_etl_dag.py
[2026-05-12T14:04:17.386+0000] {logging_mixin.py:188} INFO - [2026-05-12T14:04:17.386+0000] {dag.py:3036} INFO - Sync 1 DAGs
[2026-05-12T14:04:17.416+0000] {logging_mixin.py:188} INFO - [2026-05-12T14:04:17.415+0000] {dag.py:3823} INFO - Setting next_dagrun for job_market_etl to None, run_after=None
[2026-05-12T14:04:17.447+0000] {processor.py:183} INFO - Processing /opt/airflow/dags/job_etl_dag.py took 0.155 seconds
[2026-05-12T14:04:47.693+0000] {processor.py:161} INFO - Started process (PID=54) to work on /opt/airflow/dags/job_etl_dag.py
[2026-05-12T14:04:47.695+0000] {processor.py:830} INFO - Processing file /opt/airflow/dags/job_etl_dag.py for tasks to queue
[2026-05-12T14:04:47.697+0000] {logging_mixin.py:188} INFO - [2026-05-12T14:04:47.697+0000] {dagbag.py:538} INFO - Filling up the DagBag from /opt/airflow/dags/job_etl_dag.py
[2026-05-12T14:04:47.733+0000] {processor.py:840} INFO - DAG(s) 'job_market_etl' retrieved from /opt/airflow/dags/job_etl_dag.py
[2026-05-12T14:04:47.777+0000] {logging_mixin.py:188} INFO - [2026-05-12T14:04:47.777+0000] {dag.py:3036} INFO - Sync 1 DAGs
[2026-05-12T14:04:47.794+0000] {logging_mixin.py:188} INFO - [2026-05-12T14:04:47.794+0000] {dag.py:3823} INFO - Setting next_dagrun for job_market_etl to None, run_after=None
[2026-05-12T14:04:47.825+0000] {processor.py:183} INFO - Processing /opt/airflow/dags/job_etl_dag.py took 0.137 seconds
[2026-05-12T14:05:17.935+0000] {processor.py:161} INFO - Started process (PID=55) to work on /opt/airflow/dags/job_etl_dag.py
[2026-05-12T14:05:17.937+0000] {processor.py:830} INFO - Processing file /opt/airflow/dags/job_etl_dag.py for tasks to queue
[2026-05-12T14:05:17.938+0000] {logging_mixin.py:188} INFO - [2026-05-12T14:05:17.938+0000] {dagbag.py:538} INFO - Filling up the DagBag from /opt/airflow/dags/job_etl_dag.py
[2026-05-12T14:05:17.968+0000] {processor.py:840} INFO - DAG(s) 'job_market_etl' retrieved from /opt/airflow/dags/job_etl_dag.py
[2026-05-12T14:05:18.014+0000] {logging_mixin.py:188} INFO - [2026-05-12T14:05:18.013+0000] {dag.py:3036} INFO - Sync 1 DAGs
[2026-05-12T14:05:18.033+0000] {logging_mixin.py:188} INFO - [2026-05-12T14:05:18.032+0000] {dag.py:3823} INFO - Setting next_dagrun for job_market_etl to None, run_after=None
[2026-05-12T14:05:18.064+0000] {processor.py:183} INFO - Processing /opt/airflow/dags/job_etl_dag.py took 0.134 seconds
[2026-05-12T14:05:48.316+0000] {processor.py:161} INFO - Started process (PID=56) to work on /opt/airflow/dags/job_etl_dag.py
[2026-05-12T14:05:48.318+0000] {processor.py:830} INFO - Processing file /opt/airflow/dags/job_etl_dag.py for tasks to queue
[2026-05-12T14:05:48.319+0000] {logging_mixin.py:188} INFO - [2026-05-12T14:05:48.319+0000] {dagbag.py:538} INFO - Filling up the DagBag from /opt/airflow/dags/job_etl_dag.py
[2026-05-12T14:05:48.352+0000] {processor.py:840} INFO - DAG(s) 'job_market_etl' retrieved from /opt/airflow/dags/job_etl_dag.py
[2026-05-12T14:05:48.402+0000] {logging_mixin.py:188} INFO - [2026-05-12T14:05:48.402+0000] {dag.py:3036} INFO - Sync 1 DAGs
[2026-05-12T14:05:48.422+0000] {logging_mixin.py:188} INFO - [2026-05-12T14:05:48.422+0000] {dag.py:3823} INFO - Setting next_dagrun for job_market_etl to None, run_after=None
[2026-05-12T14:05:48.457+0000] {processor.py:183} INFO - Processing /opt/airflow/dags/job_etl_dag.py took 0.147 seconds
[2026-05-12T14:06:18.570+0000] {processor.py:161} INFO - Started process (PID=57) to work on /opt/airflow/dags/job_etl_dag.py
[2026-05-12T14:06:18.571+0000] {processor.py:830} INFO - Processing file /opt/airflow/dags/job_etl_dag.py for tasks to queue
[2026-05-12T14:06:18.573+0000] {logging_mixin.py:188} INFO - [2026-05-12T14:06:18.573+0000] {dagbag.py:538} INFO - Filling up the DagBag from /opt/airflow/dags/job_etl_dag.py
[2026-05-12T14:06:18.606+0000] {processor.py:840} INFO - DAG(s) 'job_market_etl' retrieved from /opt/airflow/dags/job_etl_dag.py
[2026-05-12T14:06:18.651+0000] {logging_mixin.py:188} INFO - [2026-05-12T14:06:18.651+0000] {dag.py:3036} INFO - Sync 1 DAGs
[2026-05-12T14:06:18.667+0000] {logging_mixin.py:188} INFO - [2026-05-12T14:06:18.667+0000] {dag.py:3823} INFO - Setting next_dagrun for job_market_etl to None, run_after=None
[2026-05-12T14:06:18.700+0000] {processor.py:183} INFO - Processing /opt/airflow/dags/job_etl_dag.py took 0.135 seconds
[2026-05-12T14:06:48.931+0000] {processor.py:161} INFO - Started process (PID=58) to work on /opt/airflow/dags/job_etl_dag.py
[2026-05-12T14:06:48.933+0000] {processor.py:830} INFO - Processing file /opt/airflow/dags/job_etl_dag.py for tasks to queue
[2026-05-12T14:06:48.935+0000] {logging_mixin.py:188} INFO - [2026-05-12T14:06:48.934+0000] {dagbag.py:538} INFO - Filling up the DagBag from /opt/airflow/dags/job_etl_dag.py
[2026-05-12T14:06:48.971+0000] {processor.py:840} INFO - DAG(s) 'job_market_etl' retrieved from /opt/airflow/dags/job_etl_dag.py
[2026-05-12T14:06:49.017+0000] {logging_mixin.py:188} INFO - [2026-05-12T14:06:49.017+0000] {dag.py:3036} INFO - Sync 1 DAGs
[2026-05-12T14:06:49.035+0000] {logging_mixin.py:188} INFO - [2026-05-12T14:06:49.035+0000] {dag.py:3823} INFO - Setting next_dagrun for job_market_etl to None, run_after=None
[2026-05-12T14:06:49.080+0000] {processor.py:183} INFO - Processing /opt/airflow/dags/job_etl_dag.py took 0.154 seconds
[2026-05-12T14:07:19.178+0000] {processor.py:161} INFO - Started process (PID=59) to work on /opt/airflow/dags/job_etl_dag.py
[2026-05-12T14:07:19.179+0000] {processor.py:830} INFO - Processing file /opt/airflow/dags/job_etl_dag.py for tasks to queue
[2026-05-12T14:07:19.181+0000] {logging_mixin.py:188} INFO - [2026-05-12T14:07:19.181+0000] {dagbag.py:538} INFO - Filling up the DagBag from /opt/airflow/dags/job_etl_dag.py
[2026-05-12T14:07:19.212+0000] {processor.py:840} INFO - DAG(s) 'job_market_etl' retrieved from /opt/airflow/dags/job_etl_dag.py
[2026-05-12T14:07:19.256+0000] {logging_mixin.py:188} INFO - [2026-05-12T14:07:19.256+0000] {dag.py:3036} INFO - Sync 1 DAGs
[2026-05-12T14:07:19.272+0000] {logging_mixin.py:188} INFO - [2026-05-12T14:07:19.272+0000] {dag.py:3823} INFO - Setting next_dagrun for job_market_etl to None, run_after=None
[2026-05-12T14:07:19.318+0000] {processor.py:183} INFO - Processing /opt/airflow/dags/job_etl_dag.py took 0.144 seconds
[2026-05-12T14:07:49.580+0000] {processor.py:161} INFO - Started process (PID=60) to work on /opt/airflow/dags/job_etl_dag.py
[2026-05-12T14:07:49.582+0000] {processor.py:830} INFO - Processing file /opt/airflow/dags/job_etl_dag.py for tasks to queue
[2026-05-12T14:07:49.584+0000] {logging_mixin.py:188} INFO - [2026-05-12T14:07:49.584+0000] {dagbag.py:538} INFO - Filling up the DagBag from /opt/airflow/dags/job_etl_dag.py
[2026-05-12T14:07:49.623+0000] {processor.py:840} INFO - DAG(s) 'job_market_etl' retrieved from /opt/airflow/dags/job_etl_dag.py
[2026-05-12T14:07:49.676+0000] {logging_mixin.py:188} INFO - [2026-05-12T14:07:49.675+0000] {dag.py:3036} INFO - Sync 1 DAGs
[2026-05-12T14:07:49.694+0000] {logging_mixin.py:188} INFO - [2026-05-12T14:07:49.693+0000] {dag.py:3823} INFO - Setting next_dagrun for job_market_etl to None, run_after=None
[2026-05-12T14:07:49.740+0000] {processor.py:183} INFO - Processing /opt/airflow/dags/job_etl_dag.py took 0.165 seconds
[2026-05-12T14:08:19.833+0000] {processor.py:161} INFO - Started process (PID=61) to work on /opt/airflow/dags/job_etl_dag.py
[2026-05-12T14:08:19.835+0000] {processor.py:830} INFO - Processing file /opt/airflow/dags/job_etl_dag.py for tasks to queue
[2026-05-12T14:08:19.837+0000] {logging_mixin.py:188} INFO - [2026-05-12T14:08:19.836+0000] {dagbag.py:538} INFO - Filling up the DagBag from /opt/airflow/dags/job_etl_dag.py
[2026-05-12T14:08:19.875+0000] {processor.py:840} INFO - DAG(s) 'job_market_etl' retrieved from /opt/airflow/dags/job_etl_dag.py
[2026-05-12T14:08:19.923+0000] {logging_mixin.py:188} INFO - [2026-05-12T14:08:19.923+0000] {dag.py:3036} INFO - Sync 1 DAGs
[2026-05-12T14:08:19.947+0000] {logging_mixin.py:188} INFO - [2026-05-12T14:08:19.947+0000] {dag.py:3823} INFO - Setting next_dagrun for job_market_etl to None, run_after=None
[2026-05-12T14:08:19.995+0000] {processor.py:183} INFO - Processing /opt/airflow/dags/job_etl_dag.py took 0.167 seconds
[2026-05-12T14:30:12.512+0000] {processor.py:161} INFO - Started process (PID=34) to work on /opt/airflow/dags/job_etl_dag.py
[2026-05-12T14:30:12.514+0000] {processor.py:830} INFO - Processing file /opt/airflow/dags/job_etl_dag.py for tasks to queue
[2026-05-12T14:30:12.516+0000] {logging_mixin.py:188} INFO - [2026-05-12T14:30:12.515+0000] {dagbag.py:538} INFO - Filling up the DagBag from /opt/airflow/dags/job_etl_dag.py
[2026-05-12T14:30:12.550+0000] {processor.py:840} INFO - DAG(s) 'job_market_etl' retrieved from /opt/airflow/dags/job_etl_dag.py
[2026-05-12T14:30:12.595+0000] {logging_mixin.py:188} INFO - [2026-05-12T14:30:12.594+0000] {dag.py:3036} INFO - Sync 1 DAGs
[2026-05-12T14:30:12.613+0000] {logging_mixin.py:188} INFO - [2026-05-12T14:30:12.613+0000] {dag.py:3823} INFO - Setting next_dagrun for job_market_etl to None, run_after=None
[2026-05-12T14:30:12.642+0000] {processor.py:183} INFO - Processing /opt/airflow/dags/job_etl_dag.py took 0.135 seconds
[2026-05-12T14:30:42.850+0000] {processor.py:161} INFO - Started process (PID=66) to work on /opt/airflow/dags/job_etl_dag.py
[2026-05-12T14:30:42.852+0000] {processor.py:830} INFO - Processing file /opt/airflow/dags/job_etl_dag.py for tasks to queue
[2026-05-12T14:30:42.854+0000] {logging_mixin.py:188} INFO - [2026-05-12T14:30:42.853+0000] {dagbag.py:538} INFO - Filling up the DagBag from /opt/airflow/dags/job_etl_dag.py
[2026-05-12T14:30:42.897+0000] {processor.py:840} INFO - DAG(s) 'job_market_etl' retrieved from /opt/airflow/dags/job_etl_dag.py
[2026-05-12T14:30:43.087+0000] {logging_mixin.py:188} INFO - [2026-05-12T14:30:43.086+0000] {dag.py:3036} INFO - Sync 1 DAGs
[2026-05-12T14:30:43.105+0000] {logging_mixin.py:188} INFO - [2026-05-12T14:30:43.104+0000] {dag.py:3823} INFO - Setting next_dagrun for job_market_etl to None, run_after=None
[2026-05-12T14:30:43.148+0000] {processor.py:183} INFO - Processing /opt/airflow/dags/job_etl_dag.py took 0.308 seconds
[2026-05-12T14:31:13.429+0000] {processor.py:161} INFO - Started process (PID=71) to work on /opt/airflow/dags/job_etl_dag.py
[2026-05-12T14:31:13.432+0000] {processor.py:830} INFO - Processing file /opt/airflow/dags/job_etl_dag.py for tasks to queue
[2026-05-12T14:31:13.434+0000] {logging_mixin.py:188} INFO - [2026-05-12T14:31:13.434+0000] {dagbag.py:538} INFO - Filling up the DagBag from /opt/airflow/dags/job_etl_dag.py
[2026-05-12T14:31:13.475+0000] {processor.py:840} INFO - DAG(s) 'job_market_etl' retrieved from /opt/airflow/dags/job_etl_dag.py
[2026-05-12T14:31:13.530+0000] {logging_mixin.py:188} INFO - [2026-05-12T14:31:13.529+0000] {dag.py:3036} INFO - Sync 1 DAGs
[2026-05-12T14:31:13.550+0000] {logging_mixin.py:188} INFO - [2026-05-12T14:31:13.549+0000] {dag.py:3823} INFO - Setting next_dagrun for job_market_etl to None, run_after=None
[2026-05-12T14:31:13.590+0000] {processor.py:183} INFO - Processing /opt/airflow/dags/job_etl_dag.py took 0.167 seconds
[2026-05-12T14:31:43.673+0000] {processor.py:161} INFO - Started process (PID=72) to work on /opt/airflow/dags/job_etl_dag.py
[2026-05-12T14:31:43.675+0000] {processor.py:830} INFO - Processing file /opt/airflow/dags/job_etl_dag.py for tasks to queue
[2026-05-12T14:31:43.677+0000] {logging_mixin.py:188} INFO - [2026-05-12T14:31:43.677+0000] {dagbag.py:538} INFO - Filling up the DagBag from /opt/airflow/dags/job_etl_dag.py
[2026-05-12T14:31:43.711+0000] {processor.py:840} INFO - DAG(s) 'job_market_etl' retrieved from /opt/airflow/dags/job_etl_dag.py
[2026-05-12T14:31:43.761+0000] {logging_mixin.py:188} INFO - [2026-05-12T14:31:43.760+0000] {dag.py:3036} INFO - Sync 1 DAGs
[2026-05-12T14:31:43.779+0000] {logging_mixin.py:188} INFO - [2026-05-12T14:31:43.779+0000] {dag.py:3823} INFO - Setting next_dagrun for job_market_etl to None, run_after=None
[2026-05-12T14:31:43.814+0000] {processor.py:183} INFO - Processing /opt/airflow/dags/job_etl_dag.py took 0.147 seconds
[2026-05-12T14:32:14.096+0000] {processor.py:161} INFO - Started process (PID=73) to work on /opt/airflow/dags/job_etl_dag.py
[2026-05-12T14:32:14.097+0000] {processor.py:830} INFO - Processing file /opt/airflow/dags/job_etl_dag.py for tasks to queue
[2026-05-12T14:32:14.099+0000] {logging_mixin.py:188} INFO - [2026-05-12T14:32:14.099+0000] {dagbag.py:538} INFO - Filling up the DagBag from /opt/airflow/dags/job_etl_dag.py
[2026-05-12T14:32:14.135+0000] {processor.py:840} INFO - DAG(s) 'job_market_etl' retrieved from /opt/airflow/dags/job_etl_dag.py
[2026-05-12T14:32:14.186+0000] {logging_mixin.py:188} INFO - [2026-05-12T14:32:14.186+0000] {dag.py:3036} INFO - Sync 1 DAGs
[2026-05-12T14:32:14.204+0000] {logging_mixin.py:188} INFO - [2026-05-12T14:32:14.204+0000] {dag.py:3823} INFO - Setting next_dagrun for job_market_etl to None, run_after=None
[2026-05-12T14:32:14.248+0000] {processor.py:183} INFO - Processing /opt/airflow/dags/job_etl_dag.py took 0.158 seconds
[2026-05-12T14:32:44.365+0000] {processor.py:161} INFO - Started process (PID=74) to work on /opt/airflow/dags/job_etl_dag.py
[2026-05-12T14:32:44.366+0000] {processor.py:830} INFO - Processing file /opt/airflow/dags/job_etl_dag.py for tasks to queue
[2026-05-12T14:32:44.368+0000] {logging_mixin.py:188} INFO - [2026-05-12T14:32:44.368+0000] {dagbag.py:538} INFO - Filling up the DagBag from /opt/airflow/dags/job_etl_dag.py
[2026-05-12T14:32:44.405+0000] {processor.py:840} INFO - DAG(s) 'job_market_etl' retrieved from /opt/airflow/dags/job_etl_dag.py
[2026-05-12T14:32:44.456+0000] {logging_mixin.py:188} INFO - [2026-05-12T14:32:44.456+0000] {dag.py:3036} INFO - Sync 1 DAGs
[2026-05-12T14:32:44.478+0000] {logging_mixin.py:188} INFO - [2026-05-12T14:32:44.478+0000] {dag.py:3823} INFO - Setting next_dagrun for job_market_etl to None, run_after=None
[2026-05-12T14:32:44.531+0000] {processor.py:183} INFO - Processing /opt/airflow/dags/job_etl_dag.py took 0.172 seconds
[2026-05-12T14:33:14.744+0000] {processor.py:161} INFO - Started process (PID=75) to work on /opt/airflow/dags/job_etl_dag.py
[2026-05-12T14:33:14.746+0000] {processor.py:830} INFO - Processing file /opt/airflow/dags/job_etl_dag.py for tasks to queue
[2026-05-12T14:33:14.748+0000] {logging_mixin.py:188} INFO - [2026-05-12T14:33:14.747+0000] {dagbag.py:538} INFO - Filling up the DagBag from /opt/airflow/dags/job_etl_dag.py
[2026-05-12T14:33:14.780+0000] {processor.py:840} INFO - DAG(s) 'job_market_etl' retrieved from /opt/airflow/dags/job_etl_dag.py
[2026-05-12T14:33:14.829+0000] {logging_mixin.py:188} INFO - [2026-05-12T14:33:14.827+0000] {dag.py:3036} INFO - Sync 1 DAGs
[2026-05-12T14:33:14.847+0000] {logging_mixin.py:188} INFO - [2026-05-12T14:33:14.846+0000] {dag.py:3823} INFO - Setting next_dagrun for job_market_etl to None, run_after=None
[2026-05-12T14:33:14.879+0000] {processor.py:183} INFO - Processing /opt/airflow/dags/job_etl_dag.py took 0.141 seconds
[2026-05-12T14:33:45.038+0000] {processor.py:161} INFO - Started process (PID=76) to work on /opt/airflow/dags/job_etl_dag.py
[2026-05-12T14:33:45.040+0000] {processor.py:830} INFO - Processing file /opt/airflow/dags/job_etl_dag.py for tasks to queue
[2026-05-12T14:33:45.043+0000] {logging_mixin.py:188} INFO - [2026-05-12T14:33:45.042+0000] {dagbag.py:538} INFO - Filling up the DagBag from /opt/airflow/dags/job_etl_dag.py
[2026-05-12T14:33:45.078+0000] {processor.py:840} INFO - DAG(s) 'job_market_etl' retrieved from /opt/airflow/dags/job_etl_dag.py
[2026-05-12T14:33:45.137+0000] {logging_mixin.py:188} INFO - [2026-05-12T14:33:45.136+0000] {dag.py:3036} INFO - Sync 1 DAGs
[2026-05-12T14:33:45.164+0000] {logging_mixin.py:188} INFO - [2026-05-12T14:33:45.163+0000] {dag.py:3823} INFO - Setting next_dagrun for job_market_etl to None, run_after=None
[2026-05-12T14:33:45.217+0000] {processor.py:183} INFO - Processing /opt/airflow/dags/job_etl_dag.py took 0.184 seconds
[2026-05-12T14:34:15.389+0000] {processor.py:161} INFO - Started process (PID=77) to work on /opt/airflow/dags/job_etl_dag.py
[2026-05-12T14:34:15.391+0000] {processor.py:830} INFO - Processing file /opt/airflow/dags/job_etl_dag.py for tasks to queue
[2026-05-12T14:34:15.392+0000] {logging_mixin.py:188} INFO - [2026-05-12T14:34:15.392+0000] {dagbag.py:538} INFO - Filling up the DagBag from /opt/airflow/dags/job_etl_dag.py
[2026-05-12T14:34:15.428+0000] {processor.py:840} INFO - DAG(s) 'job_market_etl' retrieved from /opt/airflow/dags/job_etl_dag.py
[2026-05-12T14:34:15.482+0000] {logging_mixin.py:188} INFO - [2026-05-12T14:34:15.482+0000] {dag.py:3036} INFO - Sync 1 DAGs
[2026-05-12T14:34:15.499+0000] {logging_mixin.py:188} INFO - [2026-05-12T14:34:15.499+0000] {dag.py:3823} INFO - Setting next_dagrun for job_market_etl to None, run_after=None
[2026-05-12T14:34:15.548+0000] {processor.py:183} INFO - Processing /opt/airflow/dags/job_etl_dag.py took 0.163 seconds
[2026-05-12T14:34:45.738+0000] {processor.py:161} INFO - Started process (PID=78) to work on /opt/airflow/dags/job_etl_dag.py
[2026-05-12T14:34:45.741+0000] {processor.py:830} INFO - Processing file /opt/airflow/dags/job_etl_dag.py for tasks to queue
[2026-05-12T14:34:45.744+0000] {logging_mixin.py:188} INFO - [2026-05-12T14:34:45.743+0000] {dagbag.py:538} INFO - Filling up the DagBag from /opt/airflow/dags/job_etl_dag.py
[2026-05-12T14:34:45.799+0000] {processor.py:840} INFO - DAG(s) 'job_market_etl' retrieved from /opt/airflow/dags/job_etl_dag.py
[2026-05-12T14:34:45.859+0000] {logging_mixin.py:188} INFO - [2026-05-12T14:34:45.859+0000] {dag.py:3036} INFO - Sync 1 DAGs
[2026-05-12T14:34:45.879+0000] {logging_mixin.py:188} INFO - [2026-05-12T14:34:45.878+0000] {dag.py:3823} INFO - Setting next_dagrun for job_market_etl to None, run_after=None
[2026-05-12T14:34:45.928+0000] {processor.py:183} INFO - Processing /opt/airflow/dags/job_etl_dag.py took 0.195 seconds
[2026-05-12T14:35:16.084+0000] {processor.py:161} INFO - Started process (PID=79) to work on /opt/airflow/dags/job_etl_dag.py
[2026-05-12T14:35:16.086+0000] {processor.py:830} INFO - Processing file /opt/airflow/dags/job_etl_dag.py for tasks to queue
[2026-05-12T14:35:16.087+0000] {logging_mixin.py:188} INFO - [2026-05-12T14:35:16.087+0000] {dagbag.py:538} INFO - Filling up the DagBag from /opt/airflow/dags/job_etl_dag.py
[2026-05-12T14:35:16.126+0000] {processor.py:840} INFO - DAG(s) 'job_market_etl' retrieved from /opt/airflow/dags/job_etl_dag.py
[2026-05-12T14:35:16.188+0000] {logging_mixin.py:188} INFO - [2026-05-12T14:35:16.188+0000] {dag.py:3036} INFO - Sync 1 DAGs
[2026-05-12T14:35:16.213+0000] {logging_mixin.py:188} INFO - [2026-05-12T14:35:16.213+0000] {dag.py:3823} INFO - Setting next_dagrun for job_market_etl to None, run_after=None
[2026-05-12T14:35:16.251+0000] {processor.py:183} INFO - Processing /opt/airflow/dags/job_etl_dag.py took 0.173 seconds
[2026-05-12T14:35:46.437+0000] {processor.py:161} INFO - Started process (PID=80) to work on /opt/airflow/dags/job_etl_dag.py
[2026-05-12T14:35:46.439+0000] {processor.py:830} INFO - Processing file /opt/airflow/dags/job_etl_dag.py for tasks to queue
[2026-05-12T14:35:46.441+0000] {logging_mixin.py:188} INFO - [2026-05-12T14:35:46.441+0000] {dagbag.py:538} INFO - Filling up the DagBag from /opt/airflow/dags/job_etl_dag.py
[2026-05-12T14:35:46.477+0000] {processor.py:840} INFO - DAG(s) 'job_market_etl' retrieved from /opt/airflow/dags/job_etl_dag.py
[2026-05-12T14:35:46.526+0000] {logging_mixin.py:188} INFO - [2026-05-12T14:35:46.526+0000] {dag.py:3036} INFO - Sync 1 DAGs
[2026-05-12T14:35:46.544+0000] {logging_mixin.py:188} INFO - [2026-05-12T14:35:46.544+0000] {dag.py:3823} INFO - Setting next_dagrun for job_market_etl to None, run_after=None
[2026-05-12T14:35:46.580+0000] {processor.py:183} INFO - Processing /opt/airflow/dags/job_etl_dag.py took 0.150 seconds
[2026-05-12T14:36:16.740+0000] {processor.py:161} INFO - Started process (PID=81) to work on /opt/airflow/dags/job_etl_dag.py
[2026-05-12T14:36:16.742+0000] {processor.py:830} INFO - Processing file /opt/airflow/dags/job_etl_dag.py for tasks to queue
[2026-05-12T14:36:16.745+0000] {logging_mixin.py:188} INFO - [2026-05-12T14:36:16.744+0000] {dagbag.py:538} INFO - Filling up the DagBag from /opt/airflow/dags/job_etl_dag.py
[2026-05-12T14:36:16.782+0000] {processor.py:840} INFO - DAG(s) 'job_market_etl' retrieved from /opt/airflow/dags/job_etl_dag.py
[2026-05-12T14:36:16.836+0000] {logging_mixin.py:188} INFO - [2026-05-12T14:36:16.836+0000] {dag.py:3036} INFO - Sync 1 DAGs
[2026-05-12T14:36:16.853+0000] {logging_mixin.py:188} INFO - [2026-05-12T14:36:16.853+0000] {dag.py:3823} INFO - Setting next_dagrun for job_market_etl to None, run_after=None
[2026-05-12T14:36:16.888+0000] {processor.py:183} INFO - Processing /opt/airflow/dags/job_etl_dag.py took 0.154 seconds
[2026-05-12T14:36:47.088+0000] {processor.py:161} INFO - Started process (PID=82) to work on /opt/airflow/dags/job_etl_dag.py
[2026-05-12T14:36:47.090+0000] {processor.py:830} INFO - Processing file /opt/airflow/dags/job_etl_dag.py for tasks to queue
[2026-05-12T14:36:47.094+0000] {logging_mixin.py:188} INFO - [2026-05-12T14:36:47.092+0000] {dagbag.py:538} INFO - Filling up the DagBag from /opt/airflow/dags/job_etl_dag.py
[2026-05-12T14:36:47.132+0000] {processor.py:840} INFO - DAG(s) 'job_market_etl' retrieved from /opt/airflow/dags/job_etl_dag.py
[2026-05-12T14:36:47.180+0000] {logging_mixin.py:188} INFO - [2026-05-12T14:36:47.180+0000] {dag.py:3036} INFO - Sync 1 DAGs
[2026-05-12T14:36:47.208+0000] {logging_mixin.py:188} INFO - [2026-05-12T14:36:47.207+0000] {dag.py:3823} INFO - Setting next_dagrun for job_market_etl to None, run_after=None
[2026-05-12T14:36:47.245+0000] {processor.py:183} INFO - Processing /opt/airflow/dags/job_etl_dag.py took 0.165 seconds
[2026-05-12T14:37:17.426+0000] {processor.py:161} INFO - Started process (PID=84) to work on /opt/airflow/dags/job_etl_dag.py
[2026-05-12T14:37:17.436+0000] {processor.py:830} INFO - Processing file /opt/airflow/dags/job_etl_dag.py for tasks to queue
[2026-05-12T14:37:17.440+0000] {logging_mixin.py:188} INFO - [2026-05-12T14:37:17.439+0000] {dagbag.py:538} INFO - Filling up the DagBag from /opt/airflow/dags/job_etl_dag.py
[2026-05-12T14:37:17.493+0000] {processor.py:840} INFO - DAG(s) 'job_market_etl' retrieved from /opt/airflow/dags/job_etl_dag.py
[2026-05-12T14:37:17.588+0000] {logging_mixin.py:188} INFO - [2026-05-12T14:37:17.587+0000] {dag.py:3036} INFO - Sync 1 DAGs
[2026-05-12T14:37:17.619+0000] {logging_mixin.py:188} INFO - [2026-05-12T14:37:17.619+0000] {dag.py:3823} INFO - Setting next_dagrun for job_market_etl to None, run_after=None
[2026-05-12T14:37:17.665+0000] {processor.py:183} INFO - Processing /opt/airflow/dags/job_etl_dag.py took 0.255 seconds
[2026-05-12T14:37:47.734+0000] {processor.py:161} INFO - Started process (PID=85) to work on /opt/airflow/dags/job_etl_dag.py
[2026-05-12T14:37:47.736+0000] {processor.py:830} INFO - Processing file /opt/airflow/dags/job_etl_dag.py for tasks to queue
[2026-05-12T14:37:47.740+0000] {logging_mixin.py:188} INFO - [2026-05-12T14:37:47.739+0000] {dagbag.py:538} INFO - Filling up the DagBag from /opt/airflow/dags/job_etl_dag.py
[2026-05-12T14:37:47.778+0000] {processor.py:840} INFO - DAG(s) 'job_market_etl' retrieved from /opt/airflow/dags/job_etl_dag.py
[2026-05-12T14:37:47.833+0000] {logging_mixin.py:188} INFO - [2026-05-12T14:37:47.832+0000] {dag.py:3036} INFO - Sync 1 DAGs
[2026-05-12T14:37:47.853+0000] {logging_mixin.py:188} INFO - [2026-05-12T14:37:47.852+0000] {dag.py:3823} INFO - Setting next_dagrun for job_market_etl to None, run_after=None
[2026-05-12T14:37:47.905+0000] {processor.py:183} INFO - Processing /opt/airflow/dags/job_etl_dag.py took 0.177 seconds
[2026-05-12T14:38:18.187+0000] {processor.py:161} INFO - Started process (PID=86) to work on /opt/airflow/dags/job_etl_dag.py
[2026-05-12T14:38:18.189+0000] {processor.py:830} INFO - Processing file /opt/airflow/dags/job_etl_dag.py for tasks to queue
[2026-05-12T14:38:18.191+0000] {logging_mixin.py:188} INFO - [2026-05-12T14:38:18.191+0000] {dagbag.py:538} INFO - Filling up the DagBag from /opt/airflow/dags/job_etl_dag.py
[2026-05-12T14:38:18.222+0000] {processor.py:840} INFO - DAG(s) 'job_market_etl' retrieved from /opt/airflow/dags/job_etl_dag.py
[2026-05-12T14:38:18.274+0000] {logging_mixin.py:188} INFO - [2026-05-12T14:38:18.273+0000] {dag.py:3036} INFO - Sync 1 DAGs
[2026-05-12T14:38:18.293+0000] {logging_mixin.py:188} INFO - [2026-05-12T14:38:18.293+0000] {dag.py:3823} INFO - Setting next_dagrun for job_market_etl to None, run_after=None
[2026-05-12T14:38:18.327+0000] {processor.py:183} INFO - Processing /opt/airflow/dags/job_etl_dag.py took 0.145 seconds
[2026-05-12T14:38:48.453+0000] {processor.py:161} INFO - Started process (PID=87) to work on /opt/airflow/dags/job_etl_dag.py
[2026-05-12T14:38:48.455+0000] {processor.py:830} INFO - Processing file /opt/airflow/dags/job_etl_dag.py for tasks to queue
[2026-05-12T14:38:48.458+0000] {logging_mixin.py:188} INFO - [2026-05-12T14:38:48.457+0000] {dagbag.py:538} INFO - Filling up the DagBag from /opt/airflow/dags/job_etl_dag.py
[2026-05-12T14:38:48.495+0000] {processor.py:840} INFO - DAG(s) 'job_market_etl' retrieved from /opt/airflow/dags/job_etl_dag.py
[2026-05-12T14:38:48.547+0000] {logging_mixin.py:188} INFO - [2026-05-12T14:38:48.547+0000] {dag.py:3036} INFO - Sync 1 DAGs
[2026-05-12T14:38:48.566+0000] {logging_mixin.py:188} INFO - [2026-05-12T14:38:48.566+0000] {dag.py:3823} INFO - Setting next_dagrun for job_market_etl to None, run_after=None
[2026-05-12T14:38:48.600+0000] {processor.py:183} INFO - Processing /opt/airflow/dags/job_etl_dag.py took 0.152 seconds
[2026-05-12T14:39:18.824+0000] {processor.py:161} INFO - Started process (PID=88) to work on /opt/airflow/dags/job_etl_dag.py
[2026-05-12T14:39:18.825+0000] {processor.py:830} INFO - Processing file /opt/airflow/dags/job_etl_dag.py for tasks to queue
[2026-05-12T14:39:18.827+0000] {logging_mixin.py:188} INFO - [2026-05-12T14:39:18.827+0000] {dagbag.py:538} INFO - Filling up the DagBag from /opt/airflow/dags/job_etl_dag.py
[2026-05-12T14:39:18.860+0000] {processor.py:840} INFO - DAG(s) 'job_market_etl' retrieved from /opt/airflow/dags/job_etl_dag.py
[2026-05-12T14:39:18.910+0000] {logging_mixin.py:188} INFO - [2026-05-12T14:39:18.909+0000] {dag.py:3036} INFO - Sync 1 DAGs
[2026-05-12T14:39:18.929+0000] {logging_mixin.py:188} INFO - [2026-05-12T14:39:18.928+0000] {dag.py:3823} INFO - Setting next_dagrun for job_market_etl to None, run_after=None
[2026-05-12T14:39:18.963+0000] {processor.py:183} INFO - Processing /opt/airflow/dags/job_etl_dag.py took 0.145 seconds
[2026-05-12T14:39:49.107+0000] {processor.py:161} INFO - Started process (PID=89) to work on /opt/airflow/dags/job_etl_dag.py
[2026-05-12T14:39:49.109+0000] {processor.py:830} INFO - Processing file /opt/airflow/dags/job_etl_dag.py for tasks to queue
[2026-05-12T14:39:49.111+0000] {logging_mixin.py:188} INFO - [2026-05-12T14:39:49.111+0000] {dagbag.py:538} INFO - Filling up the DagBag from /opt/airflow/dags/job_etl_dag.py
[2026-05-12T14:39:49.145+0000] {processor.py:840} INFO - DAG(s) 'job_market_etl' retrieved from /opt/airflow/dags/job_etl_dag.py
[2026-05-12T14:39:49.194+0000] {logging_mixin.py:188} INFO - [2026-05-12T14:39:49.193+0000] {dag.py:3036} INFO - Sync 1 DAGs
[2026-05-12T14:39:49.212+0000] {logging_mixin.py:188} INFO - [2026-05-12T14:39:49.212+0000] {dag.py:3823} INFO - Setting next_dagrun for job_market_etl to None, run_after=None
[2026-05-12T14:39:49.250+0000] {processor.py:183} INFO - Processing /opt/airflow/dags/job_etl_dag.py took 0.150 seconds
[2026-05-12T14:40:19.494+0000] {processor.py:161} INFO - Started process (PID=90) to work on /opt/airflow/dags/job_etl_dag.py
[2026-05-12T14:40:19.495+0000] {processor.py:830} INFO - Processing file /opt/airflow/dags/job_etl_dag.py for tasks to queue
[2026-05-12T14:40:19.498+0000] {logging_mixin.py:188} INFO - [2026-05-12T14:40:19.497+0000] {dagbag.py:538} INFO - Filling up the DagBag from /opt/airflow/dags/job_etl_dag.py
[2026-05-12T14:40:19.538+0000] {processor.py:840} INFO - DAG(s) 'job_market_etl' retrieved from /opt/airflow/dags/job_etl_dag.py
[2026-05-12T14:40:19.589+0000] {logging_mixin.py:188} INFO - [2026-05-12T14:40:19.588+0000] {dag.py:3036} INFO - Sync 1 DAGs
[2026-05-12T14:40:19.609+0000] {logging_mixin.py:188} INFO - [2026-05-12T14:40:19.609+0000] {dag.py:3823} INFO - Setting next_dagrun for job_market_etl to None, run_after=None
[2026-05-12T14:40:19.646+0000] {processor.py:183} INFO - Processing /opt/airflow/dags/job_etl_dag.py took 0.158 seconds
[2026-05-12T14:40:49.759+0000] {processor.py:161} INFO - Started process (PID=91) to work on /opt/airflow/dags/job_etl_dag.py
[2026-05-12T14:40:49.761+0000] {processor.py:830} INFO - Processing file /opt/airflow/dags/job_etl_dag.py for tasks to queue
[2026-05-12T14:40:49.763+0000] {logging_mixin.py:188} INFO - [2026-05-12T14:40:49.763+0000] {dagbag.py:538} INFO - Filling up the DagBag from /opt/airflow/dags/job_etl_dag.py
[2026-05-12T14:40:49.802+0000] {processor.py:840} INFO - DAG(s) 'job_market_etl' retrieved from /opt/airflow/dags/job_etl_dag.py
[2026-05-12T14:40:49.852+0000] {logging_mixin.py:188} INFO - [2026-05-12T14:40:49.852+0000] {dag.py:3036} INFO - Sync 1 DAGs
[2026-05-12T14:40:49.870+0000] {logging_mixin.py:188} INFO - [2026-05-12T14:40:49.870+0000] {dag.py:3823} INFO - Setting next_dagrun for job_market_etl to None, run_after=None
[2026-05-12T14:40:49.919+0000] {processor.py:183} INFO - Processing /opt/airflow/dags/job_etl_dag.py took 0.165 seconds
[2026-05-12T14:41:20.148+0000] {processor.py:161} INFO - Started process (PID=92) to work on /opt/airflow/dags/job_etl_dag.py
[2026-05-12T14:41:20.150+0000] {processor.py:830} INFO - Processing file /opt/airflow/dags/job_etl_dag.py for tasks to queue
[2026-05-12T14:41:20.151+0000] {logging_mixin.py:188} INFO - [2026-05-12T14:41:20.151+0000] {dagbag.py:538} INFO - Filling up the DagBag from /opt/airflow/dags/job_etl_dag.py
[2026-05-12T14:41:20.186+0000] {processor.py:840} INFO - DAG(s) 'job_market_etl' retrieved from /opt/airflow/dags/job_etl_dag.py
[2026-05-12T14:41:20.233+0000] {logging_mixin.py:188} INFO - [2026-05-12T14:41:20.232+0000] {dag.py:3036} INFO - Sync 1 DAGs
[2026-05-12T14:41:20.251+0000] {logging_mixin.py:188} INFO - [2026-05-12T14:41:20.250+0000] {dag.py:3823} INFO - Setting next_dagrun for job_market_etl to None, run_after=None
[2026-05-12T14:41:20.286+0000] {processor.py:183} INFO - Processing /opt/airflow/dags/job_etl_dag.py took 0.141 seconds
[2026-05-12T14:41:50.422+0000] {processor.py:161} INFO - Started process (PID=93) to work on /opt/airflow/dags/job_etl_dag.py
[2026-05-12T14:41:50.424+0000] {processor.py:830} INFO - Processing file /opt/airflow/dags/job_etl_dag.py for tasks to queue
[2026-05-12T14:41:50.427+0000] {logging_mixin.py:188} INFO - [2026-05-12T14:41:50.426+0000] {dagbag.py:538} INFO - Filling up the DagBag from /opt/airflow/dags/job_etl_dag.py
[2026-05-12T14:41:50.462+0000] {processor.py:840} INFO - DAG(s) 'job_market_etl' retrieved from /opt/airflow/dags/job_etl_dag.py
[2026-05-12T14:41:50.517+0000] {logging_mixin.py:188} INFO - [2026-05-12T14:41:50.516+0000] {dag.py:3036} INFO - Sync 1 DAGs
[2026-05-12T14:41:50.538+0000] {logging_mixin.py:188} INFO - [2026-05-12T14:41:50.537+0000] {dag.py:3823} INFO - Setting next_dagrun for job_market_etl to None, run_after=None
[2026-05-12T14:41:50.575+0000] {processor.py:183} INFO - Processing /opt/airflow/dags/job_etl_dag.py took 0.157 seconds
[2026-05-12T14:42:20.780+0000] {processor.py:161} INFO - Started process (PID=94) to work on /opt/airflow/dags/job_etl_dag.py
[2026-05-12T14:42:20.781+0000] {processor.py:830} INFO - Processing file /opt/airflow/dags/job_etl_dag.py for tasks to queue
[2026-05-12T14:42:20.783+0000] {logging_mixin.py:188} INFO - [2026-05-12T14:42:20.782+0000] {dagbag.py:538} INFO - Filling up the DagBag from /opt/airflow/dags/job_etl_dag.py
[2026-05-12T14:42:20.817+0000] {processor.py:840} INFO - DAG(s) 'job_market_etl' retrieved from /opt/airflow/dags/job_etl_dag.py
[2026-05-12T14:42:20.866+0000] {logging_mixin.py:188} INFO - [2026-05-12T14:42:20.866+0000] {dag.py:3036} INFO - Sync 1 DAGs
[2026-05-12T14:42:20.884+0000] {logging_mixin.py:188} INFO - [2026-05-12T14:42:20.884+0000] {dag.py:3823} INFO - Setting next_dagrun for job_market_etl to None, run_after=None
[2026-05-12T14:42:20.938+0000] {processor.py:183} INFO - Processing /opt/airflow/dags/job_etl_dag.py took 0.165 seconds
[2026-05-12T14:42:51.077+0000] {processor.py:161} INFO - Started process (PID=123) to work on /opt/airflow/dags/job_etl_dag.py
[2026-05-12T14:42:51.079+0000] {processor.py:830} INFO - Processing file /opt/airflow/dags/job_etl_dag.py for tasks to queue
[2026-05-12T14:42:51.081+0000] {logging_mixin.py:188} INFO - [2026-05-12T14:42:51.081+0000] {dagbag.py:538} INFO - Filling up the DagBag from /opt/airflow/dags/job_etl_dag.py
[2026-05-12T14:42:51.143+0000] {processor.py:840} INFO - DAG(s) 'job_market_etl' retrieved from /opt/airflow/dags/job_etl_dag.py
[2026-05-12T14:42:51.255+0000] {logging_mixin.py:188} INFO - [2026-05-12T14:42:51.255+0000] {dag.py:3036} INFO - Sync 1 DAGs
[2026-05-12T14:42:51.302+0000] {logging_mixin.py:188} INFO - [2026-05-12T14:42:51.301+0000] {dag.py:3823} INFO - Setting next_dagrun for job_market_etl to None, run_after=None
[2026-05-12T14:42:51.383+0000] {processor.py:183} INFO - Processing /opt/airflow/dags/job_etl_dag.py took 0.313 seconds
[2026-05-12T14:43:21.676+0000] {processor.py:161} INFO - Started process (PID=124) to work on /opt/airflow/dags/job_etl_dag.py
[2026-05-12T14:43:21.679+0000] {processor.py:830} INFO - Processing file /opt/airflow/dags/job_etl_dag.py for tasks to queue
[2026-05-12T14:43:21.681+0000] {logging_mixin.py:188} INFO - [2026-05-12T14:43:21.681+0000] {dagbag.py:538} INFO - Filling up the DagBag from /opt/airflow/dags/job_etl_dag.py
[2026-05-12T14:43:21.714+0000] {processor.py:840} INFO - DAG(s) 'job_market_etl' retrieved from /opt/airflow/dags/job_etl_dag.py
[2026-05-12T14:43:21.768+0000] {logging_mixin.py:188} INFO - [2026-05-12T14:43:21.767+0000] {dag.py:3036} INFO - Sync 1 DAGs
[2026-05-12T14:43:21.789+0000] {logging_mixin.py:188} INFO - [2026-05-12T14:43:21.788+0000] {dag.py:3823} INFO - Setting next_dagrun for job_market_etl to None, run_after=None
[2026-05-12T14:43:21.827+0000] {processor.py:183} INFO - Processing /opt/airflow/dags/job_etl_dag.py took 0.157 seconds
[2026-05-12T14:43:51.909+0000] {processor.py:161} INFO - Started process (PID=125) to work on /opt/airflow/dags/job_etl_dag.py
[2026-05-12T14:43:51.911+0000] {processor.py:830} INFO - Processing file /opt/airflow/dags/job_etl_dag.py for tasks to queue
[2026-05-12T14:43:51.914+0000] {logging_mixin.py:188} INFO - [2026-05-12T14:43:51.913+0000] {dagbag.py:538} INFO - Filling up the DagBag from /opt/airflow/dags/job_etl_dag.py
[2026-05-12T14:43:51.948+0000] {processor.py:840} INFO - DAG(s) 'job_market_etl' retrieved from /opt/airflow/dags/job_etl_dag.py
[2026-05-12T14:43:51.998+0000] {logging_mixin.py:188} INFO - [2026-05-12T14:43:51.998+0000] {dag.py:3036} INFO - Sync 1 DAGs
[2026-05-12T14:43:52.018+0000] {logging_mixin.py:188} INFO - [2026-05-12T14:43:52.018+0000] {dag.py:3823} INFO - Setting next_dagrun for job_market_etl to None, run_after=None
[2026-05-12T14:43:52.065+0000] {processor.py:183} INFO - Processing /opt/airflow/dags/job_etl_dag.py took 0.160 seconds
[2026-05-12T14:44:22.334+0000] {processor.py:161} INFO - Started process (PID=126) to work on /opt/airflow/dags/job_etl_dag.py
[2026-05-12T14:44:22.336+0000] {processor.py:830} INFO - Processing file /opt/airflow/dags/job_etl_dag.py for tasks to queue
[2026-05-12T14:44:22.338+0000] {logging_mixin.py:188} INFO - [2026-05-12T14:44:22.337+0000] {dagbag.py:538} INFO - Filling up the DagBag from /opt/airflow/dags/job_etl_dag.py
[2026-05-12T14:44:22.376+0000] {processor.py:840} INFO - DAG(s) 'job_market_etl' retrieved from /opt/airflow/dags/job_etl_dag.py
[2026-05-12T14:44:22.435+0000] {logging_mixin.py:188} INFO - [2026-05-12T14:44:22.435+0000] {dag.py:3036} INFO - Sync 1 DAGs
[2026-05-12T14:44:22.458+0000] {logging_mixin.py:188} INFO - [2026-05-12T14:44:22.458+0000] {dag.py:3823} INFO - Setting next_dagrun for job_market_etl to None, run_after=None
[2026-05-12T14:44:22.499+0000] {processor.py:183} INFO - Processing /opt/airflow/dags/job_etl_dag.py took 0.170 seconds
[2026-05-12T14:44:52.600+0000] {processor.py:161} INFO - Started process (PID=127) to work on /opt/airflow/dags/job_etl_dag.py
[2026-05-12T14:44:52.602+0000] {processor.py:830} INFO - Processing file /opt/airflow/dags/job_etl_dag.py for tasks to queue
[2026-05-12T14:44:52.604+0000] {logging_mixin.py:188} INFO - [2026-05-12T14:44:52.603+0000] {dagbag.py:538} INFO - Filling up the DagBag from /opt/airflow/dags/job_etl_dag.py
[2026-05-12T14:44:52.640+0000] {processor.py:840} INFO - DAG(s) 'job_market_etl' retrieved from /opt/airflow/dags/job_etl_dag.py
[2026-05-12T14:44:52.687+0000] {logging_mixin.py:188} INFO - [2026-05-12T14:44:52.687+0000] {dag.py:3036} INFO - Sync 1 DAGs
[2026-05-12T14:44:52.713+0000] {logging_mixin.py:188} INFO - [2026-05-12T14:44:52.712+0000] {dag.py:3823} INFO - Setting next_dagrun for job_market_etl to None, run_after=None
[2026-05-12T14:44:52.745+0000] {processor.py:183} INFO - Processing /opt/airflow/dags/job_etl_dag.py took 0.151 seconds
[2026-05-12T14:45:23.053+0000] {processor.py:161} INFO - Started process (PID=128) to work on /opt/airflow/dags/job_etl_dag.py
[2026-05-12T14:45:23.055+0000] {processor.py:830} INFO - Processing file /opt/airflow/dags/job_etl_dag.py for tasks to queue
[2026-05-12T14:45:23.058+0000] {logging_mixin.py:188} INFO - [2026-05-12T14:45:23.057+0000] {dagbag.py:538} INFO - Filling up the DagBag from /opt/airflow/dags/job_etl_dag.py
[2026-05-12T14:45:23.110+0000] {processor.py:840} INFO - DAG(s) 'job_market_etl' retrieved from /opt/airflow/dags/job_etl_dag.py
[2026-05-12T14:45:23.163+0000] {logging_mixin.py:188} INFO - [2026-05-12T14:45:23.162+0000] {dag.py:3036} INFO - Sync 1 DAGs
[2026-05-12T14:45:23.195+0000] {logging_mixin.py:188} INFO - [2026-05-12T14:45:23.194+0000] {dag.py:3823} INFO - Setting next_dagrun for job_market_etl to None, run_after=None
[2026-05-12T14:45:23.269+0000] {processor.py:183} INFO - Processing /opt/airflow/dags/job_etl_dag.py took 0.223 seconds
[2026-05-12T14:45:53.519+0000] {processor.py:161} INFO - Started process (PID=129) to work on /opt/airflow/dags/job_etl_dag.py
[2026-05-12T14:45:53.521+0000] {processor.py:830} INFO - Processing file /opt/airflow/dags/job_etl_dag.py for tasks to queue
[2026-05-12T14:45:53.523+0000] {logging_mixin.py:188} INFO - [2026-05-12T14:45:53.523+0000] {dagbag.py:538} INFO - Filling up the DagBag from /opt/airflow/dags/job_etl_dag.py
[2026-05-12T14:45:53.558+0000] {processor.py:840} INFO - DAG(s) 'job_market_etl' retrieved from /opt/airflow/dags/job_etl_dag.py
[2026-05-12T14:45:53.607+0000] {logging_mixin.py:188} INFO - [2026-05-12T14:45:53.606+0000] {dag.py:3036} INFO - Sync 1 DAGs
[2026-05-12T14:45:53.626+0000] {logging_mixin.py:188} INFO - [2026-05-12T14:45:53.625+0000] {dag.py:3823} INFO - Setting next_dagrun for job_market_etl to None, run_after=None
[2026-05-12T14:45:53.659+0000] {processor.py:183} INFO - Processing /opt/airflow/dags/job_etl_dag.py took 0.145 seconds
[2026-05-12T14:46:23.747+0000] {processor.py:161} INFO - Started process (PID=130) to work on /opt/airflow/dags/job_etl_dag.py
[2026-05-12T14:46:23.748+0000] {processor.py:830} INFO - Processing file /opt/airflow/dags/job_etl_dag.py for tasks to queue
[2026-05-12T14:46:23.750+0000] {logging_mixin.py:188} INFO - [2026-05-12T14:46:23.749+0000] {dagbag.py:538} INFO - Filling up the DagBag from /opt/airflow/dags/job_etl_dag.py
[2026-05-12T14:46:23.782+0000] {processor.py:840} INFO - DAG(s) 'job_market_etl' retrieved from /opt/airflow/dags/job_etl_dag.py
[2026-05-12T14:46:23.830+0000] {logging_mixin.py:188} INFO - [2026-05-12T14:46:23.830+0000] {dag.py:3036} INFO - Sync 1 DAGs
[2026-05-12T14:46:23.850+0000] {logging_mixin.py:188} INFO - [2026-05-12T14:46:23.850+0000] {dag.py:3823} INFO - Setting next_dagrun for job_market_etl to None, run_after=None
[2026-05-12T14:46:23.886+0000] {processor.py:183} INFO - Processing /opt/airflow/dags/job_etl_dag.py took 0.143 seconds
[2026-05-12T14:46:54.130+0000] {processor.py:161} INFO - Started process (PID=131) to work on /opt/airflow/dags/job_etl_dag.py
[2026-05-12T14:46:54.132+0000] {processor.py:830} INFO - Processing file /opt/airflow/dags/job_etl_dag.py for tasks to queue
[2026-05-12T14:46:54.133+0000] {logging_mixin.py:188} INFO - [2026-05-12T14:46:54.133+0000] {dagbag.py:538} INFO - Filling up the DagBag from /opt/airflow/dags/job_etl_dag.py
[2026-05-12T14:46:54.164+0000] {processor.py:840} INFO - DAG(s) 'job_market_etl' retrieved from /opt/airflow/dags/job_etl_dag.py
[2026-05-12T14:46:54.209+0000] {logging_mixin.py:188} INFO - [2026-05-12T14:46:54.209+0000] {dag.py:3036} INFO - Sync 1 DAGs
[2026-05-12T14:46:54.227+0000] {logging_mixin.py:188} INFO - [2026-05-12T14:46:54.227+0000] {dag.py:3823} INFO - Setting next_dagrun for job_market_etl to None, run_after=None
[2026-05-12T14:46:54.259+0000] {processor.py:183} INFO - Processing /opt/airflow/dags/job_etl_dag.py took 0.133 seconds
[2026-05-12T14:47:24.381+0000] {processor.py:161} INFO - Started process (PID=132) to work on /opt/airflow/dags/job_etl_dag.py
[2026-05-12T14:47:24.389+0000] {processor.py:830} INFO - Processing file /opt/airflow/dags/job_etl_dag.py for tasks to queue
[2026-05-12T14:47:24.394+0000] {logging_mixin.py:188} INFO - [2026-05-12T14:47:24.393+0000] {dagbag.py:538} INFO - Filling up the DagBag from /opt/airflow/dags/job_etl_dag.py
[2026-05-12T14:47:24.426+0000] {processor.py:840} INFO - DAG(s) 'job_market_etl' retrieved from /opt/airflow/dags/job_etl_dag.py
[2026-05-12T14:47:24.473+0000] {logging_mixin.py:188} INFO - [2026-05-12T14:47:24.473+0000] {dag.py:3036} INFO - Sync 1 DAGs
[2026-05-12T14:47:24.491+0000] {logging_mixin.py:188} INFO - [2026-05-12T14:47:24.491+0000] {dag.py:3823} INFO - Setting next_dagrun for job_market_etl to None, run_after=None
[2026-05-12T14:47:24.535+0000] {processor.py:183} INFO - Processing /opt/airflow/dags/job_etl_dag.py took 0.158 seconds
[2026-05-12T14:47:54.742+0000] {processor.py:161} INFO - Started process (PID=133) to work on /opt/airflow/dags/job_etl_dag.py
[2026-05-12T14:47:54.744+0000] {processor.py:830} INFO - Processing file /opt/airflow/dags/job_etl_dag.py for tasks to queue
[2026-05-12T14:47:54.746+0000] {logging_mixin.py:188} INFO - [2026-05-12T14:47:54.745+0000] {dagbag.py:538} INFO - Filling up the DagBag from /opt/airflow/dags/job_etl_dag.py
[2026-05-12T14:47:54.785+0000] {processor.py:840} INFO - DAG(s) 'job_market_etl' retrieved from /opt/airflow/dags/job_etl_dag.py
[2026-05-12T14:47:54.833+0000] {logging_mixin.py:188} INFO - [2026-05-12T14:47:54.833+0000] {dag.py:3036} INFO - Sync 1 DAGs
[2026-05-12T14:47:54.851+0000] {logging_mixin.py:188} INFO - [2026-05-12T14:47:54.851+0000] {dag.py:3823} INFO - Setting next_dagrun for job_market_etl to None, run_after=None
[2026-05-12T14:47:54.884+0000] {processor.py:183} INFO - Processing /opt/airflow/dags/job_etl_dag.py took 0.147 seconds
[2026-05-12T14:48:25.014+0000] {processor.py:161} INFO - Started process (PID=134) to work on /opt/airflow/dags/job_etl_dag.py
[2026-05-12T14:48:25.016+0000] {processor.py:830} INFO - Processing file /opt/airflow/dags/job_etl_dag.py for tasks to queue
[2026-05-12T14:48:25.018+0000] {logging_mixin.py:188} INFO - [2026-05-12T14:48:25.017+0000] {dagbag.py:538} INFO - Filling up the DagBag from /opt/airflow/dags/job_etl_dag.py
[2026-05-12T14:48:25.047+0000] {processor.py:840} INFO - DAG(s) 'job_market_etl' retrieved from /opt/airflow/dags/job_etl_dag.py
[2026-05-12T14:48:25.093+0000] {logging_mixin.py:188} INFO - [2026-05-12T14:48:25.093+0000] {dag.py:3036} INFO - Sync 1 DAGs
[2026-05-12T14:48:25.110+0000] {logging_mixin.py:188} INFO - [2026-05-12T14:48:25.110+0000] {dag.py:3823} INFO - Setting next_dagrun for job_market_etl to None, run_after=None
[2026-05-12T14:48:25.142+0000] {processor.py:183} INFO - Processing /opt/airflow/dags/job_etl_dag.py took 0.132 seconds
[2026-05-12T14:48:55.383+0000] {processor.py:161} INFO - Started process (PID=135) to work on /opt/airflow/dags/job_etl_dag.py
[2026-05-12T14:48:55.385+0000] {processor.py:830} INFO - Processing file /opt/airflow/dags/job_etl_dag.py for tasks to queue
[2026-05-12T14:48:55.387+0000] {logging_mixin.py:188} INFO - [2026-05-12T14:48:55.386+0000] {dagbag.py:538} INFO - Filling up the DagBag from /opt/airflow/dags/job_etl_dag.py
[2026-05-12T14:48:55.432+0000] {processor.py:840} INFO - DAG(s) 'job_market_etl' retrieved from /opt/airflow/dags/job_etl_dag.py
[2026-05-12T14:48:55.478+0000] {logging_mixin.py:188} INFO - [2026-05-12T14:48:55.478+0000] {dag.py:3036} INFO - Sync 1 DAGs
[2026-05-12T14:48:55.496+0000] {logging_mixin.py:188} INFO - [2026-05-12T14:48:55.496+0000] {dag.py:3823} INFO - Setting next_dagrun for job_market_etl to None, run_after=None
[2026-05-12T14:48:55.527+0000] {processor.py:183} INFO - Processing /opt/airflow/dags/job_etl_dag.py took 0.147 seconds
[2026-05-12T14:49:25.620+0000] {processor.py:161} INFO - Started process (PID=136) to work on /opt/airflow/dags/job_etl_dag.py
[2026-05-12T14:49:25.622+0000] {processor.py:830} INFO - Processing file /opt/airflow/dags/job_etl_dag.py for tasks to queue
[2026-05-12T14:49:25.624+0000] {logging_mixin.py:188} INFO - [2026-05-12T14:49:25.623+0000] {dagbag.py:538} INFO - Filling up the DagBag from /opt/airflow/dags/job_etl_dag.py
[2026-05-12T14:49:25.654+0000] {processor.py:840} INFO - DAG(s) 'job_market_etl' retrieved from /opt/airflow/dags/job_etl_dag.py
[2026-05-12T14:49:25.701+0000] {logging_mixin.py:188} INFO - [2026-05-12T14:49:25.701+0000] {dag.py:3036} INFO - Sync 1 DAGs
[2026-05-12T14:49:25.717+0000] {logging_mixin.py:188} INFO - [2026-05-12T14:49:25.717+0000] {dag.py:3823} INFO - Setting next_dagrun for job_market_etl to None, run_after=None
[2026-05-12T14:49:25.762+0000] {processor.py:183} INFO - Processing /opt/airflow/dags/job_etl_dag.py took 0.147 seconds
[2026-05-12T14:49:56.009+0000] {processor.py:161} INFO - Started process (PID=137) to work on /opt/airflow/dags/job_etl_dag.py
[2026-05-12T14:49:56.011+0000] {processor.py:830} INFO - Processing file /opt/airflow/dags/job_etl_dag.py for tasks to queue
[2026-05-12T14:49:56.013+0000] {logging_mixin.py:188} INFO - [2026-05-12T14:49:56.012+0000] {dagbag.py:538} INFO - Filling up the DagBag from /opt/airflow/dags/job_etl_dag.py
[2026-05-12T14:49:56.047+0000] {processor.py:840} INFO - DAG(s) 'job_market_etl' retrieved from /opt/airflow/dags/job_etl_dag.py
[2026-05-12T14:49:56.089+0000] {logging_mixin.py:188} INFO - [2026-05-12T14:49:56.089+0000] {dag.py:3036} INFO - Sync 1 DAGs
[2026-05-12T14:49:56.106+0000] {logging_mixin.py:188} INFO - [2026-05-12T14:49:56.105+0000] {dag.py:3823} INFO - Setting next_dagrun for job_market_etl to None, run_after=None
[2026-05-12T14:49:56.151+0000] {processor.py:183} INFO - Processing /opt/airflow/dags/job_etl_dag.py took 0.146 seconds
[2026-05-12T14:50:26.345+0000] {processor.py:161} INFO - Started process (PID=138) to work on /opt/airflow/dags/job_etl_dag.py
[2026-05-12T14:50:26.346+0000] {processor.py:830} INFO - Processing file /opt/airflow/dags/job_etl_dag.py for tasks to queue
[2026-05-12T14:50:26.349+0000] {logging_mixin.py:188} INFO - [2026-05-12T14:50:26.348+0000] {dagbag.py:538} INFO - Filling up the DagBag from /opt/airflow/dags/job_etl_dag.py
[2026-05-12T14:50:26.396+0000] {processor.py:840} INFO - DAG(s) 'job_market_etl' retrieved from /opt/airflow/dags/job_etl_dag.py
[2026-05-12T14:50:26.449+0000] {logging_mixin.py:188} INFO - [2026-05-12T14:50:26.449+0000] {dag.py:3036} INFO - Sync 1 DAGs
[2026-05-12T14:50:26.466+0000] {logging_mixin.py:188} INFO - [2026-05-12T14:50:26.466+0000] {dag.py:3823} INFO - Setting next_dagrun for job_market_etl to None, run_after=None
[2026-05-12T14:50:26.511+0000] {processor.py:183} INFO - Processing /opt/airflow/dags/job_etl_dag.py took 0.173 seconds
[2026-05-12T14:50:56.614+0000] {processor.py:161} INFO - Started process (PID=139) to work on /opt/airflow/dags/job_etl_dag.py
[2026-05-12T14:50:56.616+0000] {processor.py:830} INFO - Processing file /opt/airflow/dags/job_etl_dag.py for tasks to queue
[2026-05-12T14:50:56.618+0000] {logging_mixin.py:188} INFO - [2026-05-12T14:50:56.618+0000] {dagbag.py:538} INFO - Filling up the DagBag from /opt/airflow/dags/job_etl_dag.py
[2026-05-12T14:50:56.654+0000] {processor.py:840} INFO - DAG(s) 'job_market_etl' retrieved from /opt/airflow/dags/job_etl_dag.py
[2026-05-12T14:50:56.704+0000] {logging_mixin.py:188} INFO - [2026-05-12T14:50:56.703+0000] {dag.py:3036} INFO - Sync 1 DAGs
[2026-05-12T14:50:56.722+0000] {logging_mixin.py:188} INFO - [2026-05-12T14:50:56.721+0000] {dag.py:3823} INFO - Setting next_dagrun for job_market_etl to None, run_after=None
[2026-05-12T14:50:56.754+0000] {processor.py:183} INFO - Processing /opt/airflow/dags/job_etl_dag.py took 0.145 seconds
[2026-05-12T14:51:27.003+0000] {processor.py:161} INFO - Started process (PID=140) to work on /opt/airflow/dags/job_etl_dag.py
[2026-05-12T14:51:27.005+0000] {processor.py:830} INFO - Processing file /opt/airflow/dags/job_etl_dag.py for tasks to queue
[2026-05-12T14:51:27.008+0000] {logging_mixin.py:188} INFO - [2026-05-12T14:51:27.007+0000] {dagbag.py:538} INFO - Filling up the DagBag from /opt/airflow/dags/job_etl_dag.py
[2026-05-12T14:51:27.049+0000] {processor.py:840} INFO - DAG(s) 'job_market_etl' retrieved from /opt/airflow/dags/job_etl_dag.py
[2026-05-12T14:51:27.097+0000] {logging_mixin.py:188} INFO - [2026-05-12T14:51:27.097+0000] {dag.py:3036} INFO - Sync 1 DAGs
[2026-05-12T14:51:27.114+0000] {logging_mixin.py:188} INFO - [2026-05-12T14:51:27.114+0000] {dag.py:3823} INFO - Setting next_dagrun for job_market_etl to None, run_after=None
[2026-05-12T14:51:27.147+0000] {processor.py:183} INFO - Processing /opt/airflow/dags/job_etl_dag.py took 0.150 seconds
[2026-05-12T14:51:57.254+0000] {processor.py:161} INFO - Started process (PID=141) to work on /opt/airflow/dags/job_etl_dag.py
[2026-05-12T14:51:57.256+0000] {processor.py:830} INFO - Processing file /opt/airflow/dags/job_etl_dag.py for tasks to queue
[2026-05-12T14:51:57.259+0000] {logging_mixin.py:188} INFO - [2026-05-12T14:51:57.258+0000] {dagbag.py:538} INFO - Filling up the DagBag from /opt/airflow/dags/job_etl_dag.py
[2026-05-12T14:51:57.295+0000] {processor.py:840} INFO - DAG(s) 'job_market_etl' retrieved from /opt/airflow/dags/job_etl_dag.py
[2026-05-12T14:51:57.353+0000] {logging_mixin.py:188} INFO - [2026-05-12T14:51:57.352+0000] {dag.py:3036} INFO - Sync 1 DAGs
[2026-05-12T14:51:57.370+0000] {logging_mixin.py:188} INFO - [2026-05-12T14:51:57.370+0000] {dag.py:3823} INFO - Setting next_dagrun for job_market_etl to None, run_after=None
[2026-05-12T14:51:57.403+0000] {processor.py:183} INFO - Processing /opt/airflow/dags/job_etl_dag.py took 0.156 seconds
[2026-05-12T14:52:27.636+0000] {processor.py:161} INFO - Started process (PID=142) to work on /opt/airflow/dags/job_etl_dag.py
[2026-05-12T14:52:27.637+0000] {processor.py:830} INFO - Processing file /opt/airflow/dags/job_etl_dag.py for tasks to queue
[2026-05-12T14:52:27.639+0000] {logging_mixin.py:188} INFO - [2026-05-12T14:52:27.639+0000] {dagbag.py:538} INFO - Filling up the DagBag from /opt/airflow/dags/job_etl_dag.py
[2026-05-12T14:52:27.673+0000] {processor.py:840} INFO - DAG(s) 'job_market_etl' retrieved from /opt/airflow/dags/job_etl_dag.py
[2026-05-12T14:52:27.722+0000] {logging_mixin.py:188} INFO - [2026-05-12T14:52:27.722+0000] {dag.py:3036} INFO - Sync 1 DAGs
[2026-05-12T14:52:27.740+0000] {logging_mixin.py:188} INFO - [2026-05-12T14:52:27.739+0000] {dag.py:3823} INFO - Setting next_dagrun for job_market_etl to None, run_after=None
[2026-05-12T14:52:27.783+0000] {processor.py:183} INFO - Processing /opt/airflow/dags/job_etl_dag.py took 0.151 seconds
[2026-05-12T14:52:57.908+0000] {processor.py:161} INFO - Started process (PID=143) to work on /opt/airflow/dags/job_etl_dag.py
[2026-05-12T14:52:57.909+0000] {processor.py:830} INFO - Processing file /opt/airflow/dags/job_etl_dag.py for tasks to queue
[2026-05-12T14:52:57.912+0000] {logging_mixin.py:188} INFO - [2026-05-12T14:52:57.911+0000] {dagbag.py:538} INFO - Filling up the DagBag from /opt/airflow/dags/job_etl_dag.py
[2026-05-12T14:52:57.952+0000] {processor.py:840} INFO - DAG(s) 'job_market_etl' retrieved from /opt/airflow/dags/job_etl_dag.py
[2026-05-12T14:52:58.017+0000] {logging_mixin.py:188} INFO - [2026-05-12T14:52:58.017+0000] {dag.py:3036} INFO - Sync 1 DAGs
[2026-05-12T14:52:58.036+0000] {logging_mixin.py:188} INFO - [2026-05-12T14:52:58.036+0000] {dag.py:3823} INFO - Setting next_dagrun for job_market_etl to None, run_after=None
[2026-05-12T14:52:58.071+0000] {processor.py:183} INFO - Processing /opt/airflow/dags/job_etl_dag.py took 0.169 seconds
[2026-05-12T14:53:28.284+0000] {processor.py:161} INFO - Started process (PID=144) to work on /opt/airflow/dags/job_etl_dag.py
[2026-05-12T14:53:28.286+0000] {processor.py:830} INFO - Processing file /opt/airflow/dags/job_etl_dag.py for tasks to queue
[2026-05-12T14:53:28.287+0000] {logging_mixin.py:188} INFO - [2026-05-12T14:53:28.287+0000] {dagbag.py:538} INFO - Filling up the DagBag from /opt/airflow/dags/job_etl_dag.py
[2026-05-12T14:53:28.322+0000] {processor.py:840} INFO - DAG(s) 'job_market_etl' retrieved from /opt/airflow/dags/job_etl_dag.py
[2026-05-12T14:53:28.369+0000] {logging_mixin.py:188} INFO - [2026-05-12T14:53:28.369+0000] {dag.py:3036} INFO - Sync 1 DAGs
[2026-05-12T14:53:28.385+0000] {logging_mixin.py:188} INFO - [2026-05-12T14:53:28.385+0000] {dag.py:3823} INFO - Setting next_dagrun for job_market_etl to None, run_after=None
[2026-05-12T14:53:28.432+0000] {processor.py:183} INFO - Processing /opt/airflow/dags/job_etl_dag.py took 0.153 seconds
[2026-05-12T14:53:58.570+0000] {processor.py:161} INFO - Started process (PID=145) to work on /opt/airflow/dags/job_etl_dag.py
[2026-05-12T14:53:58.571+0000] {processor.py:830} INFO - Processing file /opt/airflow/dags/job_etl_dag.py for tasks to queue
[2026-05-12T14:53:58.573+0000] {logging_mixin.py:188} INFO - [2026-05-12T14:53:58.572+0000] {dagbag.py:538} INFO - Filling up the DagBag from /opt/airflow/dags/job_etl_dag.py
[2026-05-12T14:53:58.604+0000] {processor.py:840} INFO - DAG(s) 'job_market_etl' retrieved from /opt/airflow/dags/job_etl_dag.py
[2026-05-12T14:53:58.655+0000] {logging_mixin.py:188} INFO - [2026-05-12T14:53:58.655+0000] {dag.py:3036} INFO - Sync 1 DAGs
[2026-05-12T14:53:58.679+0000] {logging_mixin.py:188} INFO - [2026-05-12T14:53:58.679+0000] {dag.py:3823} INFO - Setting next_dagrun for job_market_etl to None, run_after=None
[2026-05-12T14:53:58.725+0000] {processor.py:183} INFO - Processing /opt/airflow/dags/job_etl_dag.py took 0.162 seconds
[2026-05-12T14:54:28.906+0000] {processor.py:161} INFO - Started process (PID=146) to work on /opt/airflow/dags/job_etl_dag.py
[2026-05-12T14:54:28.908+0000] {processor.py:830} INFO - Processing file /opt/airflow/dags/job_etl_dag.py for tasks to queue
[2026-05-12T14:54:28.909+0000] {logging_mixin.py:188} INFO - [2026-05-12T14:54:28.909+0000] {dagbag.py:538} INFO - Filling up the DagBag from /opt/airflow/dags/job_etl_dag.py
[2026-05-12T14:54:28.945+0000] {processor.py:840} INFO - DAG(s) 'job_market_etl' retrieved from /opt/airflow/dags/job_etl_dag.py
[2026-05-12T14:54:28.992+0000] {logging_mixin.py:188} INFO - [2026-05-12T14:54:28.991+0000] {dag.py:3036} INFO - Sync 1 DAGs
[2026-05-12T14:54:29.012+0000] {logging_mixin.py:188} INFO - [2026-05-12T14:54:29.012+0000] {dag.py:3823} INFO - Setting next_dagrun for job_market_etl to None, run_after=None
[2026-05-12T14:54:29.053+0000] {processor.py:183} INFO - Processing /opt/airflow/dags/job_etl_dag.py took 0.151 seconds
[2026-05-12T14:54:59.214+0000] {processor.py:161} INFO - Started process (PID=147) to work on /opt/airflow/dags/job_etl_dag.py
[2026-05-12T14:54:59.216+0000] {processor.py:830} INFO - Processing file /opt/airflow/dags/job_etl_dag.py for tasks to queue
[2026-05-12T14:54:59.218+0000] {logging_mixin.py:188} INFO - [2026-05-12T14:54:59.218+0000] {dagbag.py:538} INFO - Filling up the DagBag from /opt/airflow/dags/job_etl_dag.py
[2026-05-12T14:54:59.252+0000] {processor.py:840} INFO - DAG(s) 'job_market_etl' retrieved from /opt/airflow/dags/job_etl_dag.py
[2026-05-12T14:54:59.298+0000] {logging_mixin.py:188} INFO - [2026-05-12T14:54:59.297+0000] {dag.py:3036} INFO - Sync 1 DAGs
[2026-05-12T14:54:59.317+0000] {logging_mixin.py:188} INFO - [2026-05-12T14:54:59.317+0000] {dag.py:3823} INFO - Setting next_dagrun for job_market_etl to None, run_after=None
[2026-05-12T14:54:59.351+0000] {processor.py:183} INFO - Processing /opt/airflow/dags/job_etl_dag.py took 0.141 seconds
[2026-05-12T14:55:29.603+0000] {processor.py:161} INFO - Started process (PID=148) to work on /opt/airflow/dags/job_etl_dag.py
[2026-05-12T14:55:29.605+0000] {processor.py:830} INFO - Processing file /opt/airflow/dags/job_etl_dag.py for tasks to queue
[2026-05-12T14:55:29.607+0000] {logging_mixin.py:188} INFO - [2026-05-12T14:55:29.607+0000] {dagbag.py:538} INFO - Filling up the DagBag from /opt/airflow/dags/job_etl_dag.py
[2026-05-12T14:55:29.639+0000] {processor.py:840} INFO - DAG(s) 'job_market_etl' retrieved from /opt/airflow/dags/job_etl_dag.py
[2026-05-12T14:55:29.687+0000] {logging_mixin.py:188} INFO - [2026-05-12T14:55:29.687+0000] {dag.py:3036} INFO - Sync 1 DAGs
[2026-05-12T14:55:29.705+0000] {logging_mixin.py:188} INFO - [2026-05-12T14:55:29.705+0000] {dag.py:3823} INFO - Setting next_dagrun for job_market_etl to None, run_after=None
[2026-05-12T14:55:29.742+0000] {processor.py:183} INFO - Processing /opt/airflow/dags/job_etl_dag.py took 0.144 seconds
[2026-05-12T14:55:59.859+0000] {processor.py:161} INFO - Started process (PID=149) to work on /opt/airflow/dags/job_etl_dag.py
[2026-05-12T14:55:59.860+0000] {processor.py:830} INFO - Processing file /opt/airflow/dags/job_etl_dag.py for tasks to queue
[2026-05-12T14:55:59.863+0000] {logging_mixin.py:188} INFO - [2026-05-12T14:55:59.861+0000] {dagbag.py:538} INFO - Filling up the DagBag from /opt/airflow/dags/job_etl_dag.py
[2026-05-12T14:55:59.894+0000] {processor.py:840} INFO - DAG(s) 'job_market_etl' retrieved from /opt/airflow/dags/job_etl_dag.py
[2026-05-12T14:55:59.945+0000] {logging_mixin.py:188} INFO - [2026-05-12T14:55:59.945+0000] {dag.py:3036} INFO - Sync 1 DAGs
[2026-05-12T14:55:59.963+0000] {logging_mixin.py:188} INFO - [2026-05-12T14:55:59.963+0000] {dag.py:3823} INFO - Setting next_dagrun for job_market_etl to None, run_after=None
[2026-05-12T14:55:59.997+0000] {processor.py:183} INFO - Processing /opt/airflow/dags/job_etl_dag.py took 0.142 seconds
[2026-05-12T14:56:30.251+0000] {processor.py:161} INFO - Started process (PID=150) to work on /opt/airflow/dags/job_etl_dag.py
[2026-05-12T14:56:30.252+0000] {processor.py:830} INFO - Processing file /opt/airflow/dags/job_etl_dag.py for tasks to queue
[2026-05-12T14:56:30.254+0000] {logging_mixin.py:188} INFO - [2026-05-12T14:56:30.254+0000] {dagbag.py:538} INFO - Filling up the DagBag from /opt/airflow/dags/job_etl_dag.py
[2026-05-12T14:56:30.288+0000] {processor.py:840} INFO - DAG(s) 'job_market_etl' retrieved from /opt/airflow/dags/job_etl_dag.py
[2026-05-12T14:56:30.333+0000] {logging_mixin.py:188} INFO - [2026-05-12T14:56:30.332+0000] {dag.py:3036} INFO - Sync 1 DAGs
[2026-05-12T14:56:30.351+0000] {logging_mixin.py:188} INFO - [2026-05-12T14:56:30.350+0000] {dag.py:3823} INFO - Setting next_dagrun for job_market_etl to None, run_after=None
[2026-05-12T14:56:30.386+0000] {processor.py:183} INFO - Processing /opt/airflow/dags/job_etl_dag.py took 0.140 seconds
[2026-05-12T14:57:00.499+0000] {processor.py:161} INFO - Started process (PID=151) to work on /opt/airflow/dags/job_etl_dag.py
[2026-05-12T14:57:00.502+0000] {processor.py:830} INFO - Processing file /opt/airflow/dags/job_etl_dag.py for tasks to queue
[2026-05-12T14:57:00.505+0000] {logging_mixin.py:188} INFO - [2026-05-12T14:57:00.504+0000] {dagbag.py:538} INFO - Filling up the DagBag from /opt/airflow/dags/job_etl_dag.py
[2026-05-12T14:57:00.539+0000] {processor.py:840} INFO - DAG(s) 'job_market_etl' retrieved from /opt/airflow/dags/job_etl_dag.py
[2026-05-12T14:57:00.589+0000] {logging_mixin.py:188} INFO - [2026-05-12T14:57:00.588+0000] {dag.py:3036} INFO - Sync 1 DAGs
[2026-05-12T14:57:00.606+0000] {logging_mixin.py:188} INFO - [2026-05-12T14:57:00.605+0000] {dag.py:3823} INFO - Setting next_dagrun for job_market_etl to None, run_after=None
[2026-05-12T14:57:00.641+0000] {processor.py:183} INFO - Processing /opt/airflow/dags/job_etl_dag.py took 0.147 seconds
[2026-05-12T14:57:30.874+0000] {processor.py:161} INFO - Started process (PID=152) to work on /opt/airflow/dags/job_etl_dag.py
[2026-05-12T14:57:30.876+0000] {processor.py:830} INFO - Processing file /opt/airflow/dags/job_etl_dag.py for tasks to queue
[2026-05-12T14:57:30.878+0000] {logging_mixin.py:188} INFO - [2026-05-12T14:57:30.878+0000] {dagbag.py:538} INFO - Filling up the DagBag from /opt/airflow/dags/job_etl_dag.py
[2026-05-12T14:57:30.913+0000] {processor.py:840} INFO - DAG(s) 'job_market_etl' retrieved from /opt/airflow/dags/job_etl_dag.py
[2026-05-12T14:57:30.961+0000] {logging_mixin.py:188} INFO - [2026-05-12T14:57:30.961+0000] {dag.py:3036} INFO - Sync 1 DAGs
[2026-05-12T14:57:30.980+0000] {logging_mixin.py:188} INFO - [2026-05-12T14:57:30.979+0000] {dag.py:3823} INFO - Setting next_dagrun for job_market_etl to None, run_after=None
[2026-05-12T14:57:31.016+0000] {processor.py:183} INFO - Processing /opt/airflow/dags/job_etl_dag.py took 0.147 seconds
[2026-05-12T14:58:01.123+0000] {processor.py:161} INFO - Started process (PID=153) to work on /opt/airflow/dags/job_etl_dag.py
[2026-05-12T14:58:01.125+0000] {processor.py:830} INFO - Processing file /opt/airflow/dags/job_etl_dag.py for tasks to queue
[2026-05-12T14:58:01.127+0000] {logging_mixin.py:188} INFO - [2026-05-12T14:58:01.126+0000] {dagbag.py:538} INFO - Filling up the DagBag from /opt/airflow/dags/job_etl_dag.py
[2026-05-12T14:58:01.161+0000] {processor.py:840} INFO - DAG(s) 'job_market_etl' retrieved from /opt/airflow/dags/job_etl_dag.py
[2026-05-12T14:58:01.212+0000] {logging_mixin.py:188} INFO - [2026-05-12T14:58:01.211+0000] {dag.py:3036} INFO - Sync 1 DAGs
[2026-05-12T14:58:01.231+0000] {logging_mixin.py:188} INFO - [2026-05-12T14:58:01.231+0000] {dag.py:3823} INFO - Setting next_dagrun for job_market_etl to None, run_after=None
[2026-05-12T14:58:01.268+0000] {processor.py:183} INFO - Processing /opt/airflow/dags/job_etl_dag.py took 0.151 seconds
[2026-05-12T14:58:31.515+0000] {processor.py:161} INFO - Started process (PID=154) to work on /opt/airflow/dags/job_etl_dag.py
[2026-05-12T14:58:31.517+0000] {processor.py:830} INFO - Processing file /opt/airflow/dags/job_etl_dag.py for tasks to queue
[2026-05-12T14:58:31.520+0000] {logging_mixin.py:188} INFO - [2026-05-12T14:58:31.519+0000] {dagbag.py:538} INFO - Filling up the DagBag from /opt/airflow/dags/job_etl_dag.py
[2026-05-12T14:58:31.554+0000] {processor.py:840} INFO - DAG(s) 'job_market_etl' retrieved from /opt/airflow/dags/job_etl_dag.py
[2026-05-12T14:58:31.599+0000] {logging_mixin.py:188} INFO - [2026-05-12T14:58:31.599+0000] {dag.py:3036} INFO - Sync 1 DAGs
[2026-05-12T14:58:31.615+0000] {logging_mixin.py:188} INFO - [2026-05-12T14:58:31.615+0000] {dag.py:3823} INFO - Setting next_dagrun for job_market_etl to None, run_after=None
[2026-05-12T14:58:31.666+0000] {processor.py:183} INFO - Processing /opt/airflow/dags/job_etl_dag.py took 0.156 seconds
[2026-05-12T14:59:01.777+0000] {processor.py:161} INFO - Started process (PID=155) to work on /opt/airflow/dags/job_etl_dag.py
[2026-05-12T14:59:01.779+0000] {processor.py:830} INFO - Processing file /opt/airflow/dags/job_etl_dag.py for tasks to queue
[2026-05-12T14:59:01.781+0000] {logging_mixin.py:188} INFO - [2026-05-12T14:59:01.781+0000] {dagbag.py:538} INFO - Filling up the DagBag from /opt/airflow/dags/job_etl_dag.py
[2026-05-12T14:59:01.815+0000] {processor.py:840} INFO - DAG(s) 'job_market_etl' retrieved from /opt/airflow/dags/job_etl_dag.py
[2026-05-12T14:59:01.867+0000] {logging_mixin.py:188} INFO - [2026-05-12T14:59:01.867+0000] {dag.py:3036} INFO - Sync 1 DAGs
[2026-05-12T14:59:01.886+0000] {logging_mixin.py:188} INFO - [2026-05-12T14:59:01.885+0000] {dag.py:3823} INFO - Setting next_dagrun for job_market_etl to None, run_after=None
[2026-05-12T14:59:01.934+0000] {processor.py:183} INFO - Processing /opt/airflow/dags/job_etl_dag.py took 0.162 seconds
[2026-05-12T14:59:32.177+0000] {processor.py:161} INFO - Started process (PID=156) to work on /opt/airflow/dags/job_etl_dag.py
[2026-05-12T14:59:32.179+0000] {processor.py:830} INFO - Processing file /opt/airflow/dags/job_etl_dag.py for tasks to queue
[2026-05-12T14:59:32.181+0000] {logging_mixin.py:188} INFO - [2026-05-12T14:59:32.181+0000] {dagbag.py:538} INFO - Filling up the DagBag from /opt/airflow/dags/job_etl_dag.py
[2026-05-12T14:59:32.216+0000] {processor.py:840} INFO - DAG(s) 'job_market_etl' retrieved from /opt/airflow/dags/job_etl_dag.py
[2026-05-12T14:59:32.265+0000] {logging_mixin.py:188} INFO - [2026-05-12T14:59:32.265+0000] {dag.py:3036} INFO - Sync 1 DAGs
[2026-05-12T14:59:32.289+0000] {logging_mixin.py:188} INFO - [2026-05-12T14:59:32.288+0000] {dag.py:3823} INFO - Setting next_dagrun for job_market_etl to None, run_after=None
[2026-05-12T14:59:32.324+0000] {processor.py:183} INFO - Processing /opt/airflow/dags/job_etl_dag.py took 0.152 seconds
[2026-05-12T15:00:02.436+0000] {processor.py:161} INFO - Started process (PID=157) to work on /opt/airflow/dags/job_etl_dag.py
[2026-05-12T15:00:02.438+0000] {processor.py:830} INFO - Processing file /opt/airflow/dags/job_etl_dag.py for tasks to queue
[2026-05-12T15:00:02.442+0000] {logging_mixin.py:188} INFO - [2026-05-12T15:00:02.441+0000] {dagbag.py:538} INFO - Filling up the DagBag from /opt/airflow/dags/job_etl_dag.py
[2026-05-12T15:00:02.475+0000] {processor.py:840} INFO - DAG(s) 'job_market_etl' retrieved from /opt/airflow/dags/job_etl_dag.py
[2026-05-12T15:00:02.527+0000] {logging_mixin.py:188} INFO - [2026-05-12T15:00:02.527+0000] {dag.py:3036} INFO - Sync 1 DAGs
[2026-05-12T15:00:02.546+0000] {logging_mixin.py:188} INFO - [2026-05-12T15:00:02.546+0000] {dag.py:3823} INFO - Setting next_dagrun for job_market_etl to None, run_after=None
[2026-05-12T15:00:02.596+0000] {processor.py:183} INFO - Processing /opt/airflow/dags/job_etl_dag.py took 0.165 seconds
[2026-05-12T15:00:32.890+0000] {processor.py:161} INFO - Started process (PID=158) to work on /opt/airflow/dags/job_etl_dag.py
[2026-05-12T15:00:32.892+0000] {processor.py:830} INFO - Processing file /opt/airflow/dags/job_etl_dag.py for tasks to queue
[2026-05-12T15:00:32.893+0000] {logging_mixin.py:188} INFO - [2026-05-12T15:00:32.893+0000] {dagbag.py:538} INFO - Filling up the DagBag from /opt/airflow/dags/job_etl_dag.py
[2026-05-12T15:00:32.928+0000] {processor.py:840} INFO - DAG(s) 'job_market_etl' retrieved from /opt/airflow/dags/job_etl_dag.py
[2026-05-12T15:00:32.974+0000] {logging_mixin.py:188} INFO - [2026-05-12T15:00:32.973+0000] {dag.py:3036} INFO - Sync 1 DAGs
[2026-05-12T15:00:32.995+0000] {logging_mixin.py:188} INFO - [2026-05-12T15:00:32.995+0000] {dag.py:3823} INFO - Setting next_dagrun for job_market_etl to None, run_after=None
[2026-05-12T15:00:33.030+0000] {processor.py:183} INFO - Processing /opt/airflow/dags/job_etl_dag.py took 0.145 seconds
[2026-05-12T15:01:03.163+0000] {processor.py:161} INFO - Started process (PID=159) to work on /opt/airflow/dags/job_etl_dag.py
[2026-05-12T15:01:03.165+0000] {processor.py:830} INFO - Processing file /opt/airflow/dags/job_etl_dag.py for tasks to queue
[2026-05-12T15:01:03.167+0000] {logging_mixin.py:188} INFO - [2026-05-12T15:01:03.166+0000] {dagbag.py:538} INFO - Filling up the DagBag from /opt/airflow/dags/job_etl_dag.py
[2026-05-12T15:01:03.201+0000] {processor.py:840} INFO - DAG(s) 'job_market_etl' retrieved from /opt/airflow/dags/job_etl_dag.py
[2026-05-12T15:01:03.253+0000] {logging_mixin.py:188} INFO - [2026-05-12T15:01:03.252+0000] {dag.py:3036} INFO - Sync 1 DAGs
[2026-05-12T15:01:03.272+0000] {logging_mixin.py:188} INFO - [2026-05-12T15:01:03.272+0000] {dag.py:3823} INFO - Setting next_dagrun for job_market_etl to None, run_after=None
[2026-05-12T15:01:03.322+0000] {processor.py:183} INFO - Processing /opt/airflow/dags/job_etl_dag.py took 0.164 seconds
[2026-05-12T15:01:33.548+0000] {processor.py:161} INFO - Started process (PID=160) to work on /opt/airflow/dags/job_etl_dag.py
[2026-05-12T15:01:33.550+0000] {processor.py:830} INFO - Processing file /opt/airflow/dags/job_etl_dag.py for tasks to queue
[2026-05-12T15:01:33.551+0000] {logging_mixin.py:188} INFO - [2026-05-12T15:01:33.551+0000] {dagbag.py:538} INFO - Filling up the DagBag from /opt/airflow/dags/job_etl_dag.py
[2026-05-12T15:01:33.587+0000] {processor.py:840} INFO - DAG(s) 'job_market_etl' retrieved from /opt/airflow/dags/job_etl_dag.py
[2026-05-12T15:01:33.636+0000] {logging_mixin.py:188} INFO - [2026-05-12T15:01:33.635+0000] {dag.py:3036} INFO - Sync 1 DAGs
[2026-05-12T15:01:33.657+0000] {logging_mixin.py:188} INFO - [2026-05-12T15:01:33.656+0000] {dag.py:3823} INFO - Setting next_dagrun for job_market_etl to None, run_after=None
[2026-05-12T15:01:33.709+0000] {processor.py:183} INFO - Processing /opt/airflow/dags/job_etl_dag.py took 0.165 seconds
[2026-05-12T15:02:03.822+0000] {processor.py:161} INFO - Started process (PID=161) to work on /opt/airflow/dags/job_etl_dag.py
[2026-05-12T15:02:03.824+0000] {processor.py:830} INFO - Processing file /opt/airflow/dags/job_etl_dag.py for tasks to queue
[2026-05-12T15:02:03.828+0000] {logging_mixin.py:188} INFO - [2026-05-12T15:02:03.827+0000] {dagbag.py:538} INFO - Filling up the DagBag from /opt/airflow/dags/job_etl_dag.py
[2026-05-12T15:02:03.867+0000] {processor.py:840} INFO - DAG(s) 'job_market_etl' retrieved from /opt/airflow/dags/job_etl_dag.py
[2026-05-12T15:02:03.920+0000] {logging_mixin.py:188} INFO - [2026-05-12T15:02:03.920+0000] {dag.py:3036} INFO - Sync 1 DAGs
[2026-05-12T15:02:03.937+0000] {logging_mixin.py:188} INFO - [2026-05-12T15:02:03.937+0000] {dag.py:3823} INFO - Setting next_dagrun for job_market_etl to None, run_after=None
[2026-05-12T15:02:03.987+0000] {processor.py:183} INFO - Processing /opt/airflow/dags/job_etl_dag.py took 0.172 seconds
[2026-05-12T15:02:34.218+0000] {processor.py:161} INFO - Started process (PID=162) to work on /opt/airflow/dags/job_etl_dag.py
[2026-05-12T15:02:34.219+0000] {processor.py:830} INFO - Processing file /opt/airflow/dags/job_etl_dag.py for tasks to queue
[2026-05-12T15:02:34.222+0000] {logging_mixin.py:188} INFO - [2026-05-12T15:02:34.221+0000] {dagbag.py:538} INFO - Filling up the DagBag from /opt/airflow/dags/job_etl_dag.py
[2026-05-12T15:02:34.254+0000] {processor.py:840} INFO - DAG(s) 'job_market_etl' retrieved from /opt/airflow/dags/job_etl_dag.py
[2026-05-12T15:02:34.302+0000] {logging_mixin.py:188} INFO - [2026-05-12T15:02:34.301+0000] {dag.py:3036} INFO - Sync 1 DAGs
[2026-05-12T15:02:34.323+0000] {logging_mixin.py:188} INFO - [2026-05-12T15:02:34.322+0000] {dag.py:3823} INFO - Setting next_dagrun for job_market_etl to None, run_after=None
[2026-05-12T15:02:34.369+0000] {processor.py:183} INFO - Processing /opt/airflow/dags/job_etl_dag.py took 0.155 seconds
[2026-05-12T15:03:04.480+0000] {processor.py:161} INFO - Started process (PID=163) to work on /opt/airflow/dags/job_etl_dag.py
[2026-05-12T15:03:04.482+0000] {processor.py:830} INFO - Processing file /opt/airflow/dags/job_etl_dag.py for tasks to queue
[2026-05-12T15:03:04.484+0000] {logging_mixin.py:188} INFO - [2026-05-12T15:03:04.484+0000] {dagbag.py:538} INFO - Filling up the DagBag from /opt/airflow/dags/job_etl_dag.py
[2026-05-12T15:03:04.517+0000] {processor.py:840} INFO - DAG(s) 'job_market_etl' retrieved from /opt/airflow/dags/job_etl_dag.py
[2026-05-12T15:03:04.571+0000] {logging_mixin.py:188} INFO - [2026-05-12T15:03:04.571+0000] {dag.py:3036} INFO - Sync 1 DAGs
[2026-05-12T15:03:04.590+0000] {logging_mixin.py:188} INFO - [2026-05-12T15:03:04.590+0000] {dag.py:3823} INFO - Setting next_dagrun for job_market_etl to None, run_after=None
[2026-05-12T15:03:04.621+0000] {processor.py:183} INFO - Processing /opt/airflow/dags/job_etl_dag.py took 0.148 seconds
[2026-05-12T15:03:34.880+0000] {processor.py:161} INFO - Started process (PID=164) to work on /opt/airflow/dags/job_etl_dag.py
[2026-05-12T15:03:34.883+0000] {processor.py:830} INFO - Processing file /opt/airflow/dags/job_etl_dag.py for tasks to queue
[2026-05-12T15:03:34.886+0000] {logging_mixin.py:188} INFO - [2026-05-12T15:03:34.885+0000] {dagbag.py:538} INFO - Filling up the DagBag from /opt/airflow/dags/job_etl_dag.py
[2026-05-12T15:03:34.924+0000] {processor.py:840} INFO - DAG(s) 'job_market_etl' retrieved from /opt/airflow/dags/job_etl_dag.py
[2026-05-12T15:03:34.978+0000] {logging_mixin.py:188} INFO - [2026-05-12T15:03:34.978+0000] {dag.py:3036} INFO - Sync 1 DAGs
[2026-05-12T15:03:35.000+0000] {logging_mixin.py:188} INFO - [2026-05-12T15:03:34.999+0000] {dag.py:3823} INFO - Setting next_dagrun for job_market_etl to None, run_after=None
[2026-05-12T15:03:35.049+0000] {processor.py:183} INFO - Processing /opt/airflow/dags/job_etl_dag.py took 0.175 seconds
[2026-05-12T15:04:05.143+0000] {processor.py:161} INFO - Started process (PID=165) to work on /opt/airflow/dags/job_etl_dag.py
[2026-05-12T15:04:05.145+0000] {processor.py:830} INFO - Processing file /opt/airflow/dags/job_etl_dag.py for tasks to queue
[2026-05-12T15:04:05.148+0000] {logging_mixin.py:188} INFO - [2026-05-12T15:04:05.147+0000] {dagbag.py:538} INFO - Filling up the DagBag from /opt/airflow/dags/job_etl_dag.py
[2026-05-12T15:04:05.183+0000] {processor.py:840} INFO - DAG(s) 'job_market_etl' retrieved from /opt/airflow/dags/job_etl_dag.py
[2026-05-12T15:04:05.231+0000] {logging_mixin.py:188} INFO - [2026-05-12T15:04:05.231+0000] {dag.py:3036} INFO - Sync 1 DAGs
[2026-05-12T15:04:05.249+0000] {logging_mixin.py:188} INFO - [2026-05-12T15:04:05.248+0000] {dag.py:3823} INFO - Setting next_dagrun for job_market_etl to None, run_after=None
[2026-05-12T15:04:05.293+0000] {processor.py:183} INFO - Processing /opt/airflow/dags/job_etl_dag.py took 0.155 seconds
[2026-05-12T15:04:35.553+0000] {processor.py:161} INFO - Started process (PID=166) to work on /opt/airflow/dags/job_etl_dag.py
[2026-05-12T15:04:35.555+0000] {processor.py:830} INFO - Processing file /opt/airflow/dags/job_etl_dag.py for tasks to queue
[2026-05-12T15:04:35.556+0000] {logging_mixin.py:188} INFO - [2026-05-12T15:04:35.555+0000] {dagbag.py:538} INFO - Filling up the DagBag from /opt/airflow/dags/job_etl_dag.py
[2026-05-12T15:04:35.590+0000] {processor.py:840} INFO - DAG(s) 'job_market_etl' retrieved from /opt/airflow/dags/job_etl_dag.py
[2026-05-12T15:04:35.638+0000] {logging_mixin.py:188} INFO - [2026-05-12T15:04:35.638+0000] {dag.py:3036} INFO - Sync 1 DAGs
[2026-05-12T15:04:35.657+0000] {logging_mixin.py:188} INFO - [2026-05-12T15:04:35.657+0000] {dag.py:3823} INFO - Setting next_dagrun for job_market_etl to None, run_after=None
[2026-05-12T15:04:35.689+0000] {processor.py:183} INFO - Processing /opt/airflow/dags/job_etl_dag.py took 0.141 seconds
[2026-05-12T15:05:05.835+0000] {processor.py:161} INFO - Started process (PID=167) to work on /opt/airflow/dags/job_etl_dag.py
[2026-05-12T15:05:05.836+0000] {processor.py:830} INFO - Processing file /opt/airflow/dags/job_etl_dag.py for tasks to queue
[2026-05-12T15:05:05.838+0000] {logging_mixin.py:188} INFO - [2026-05-12T15:05:05.838+0000] {dagbag.py:538} INFO - Filling up the DagBag from /opt/airflow/dags/job_etl_dag.py
[2026-05-12T15:05:05.870+0000] {processor.py:840} INFO - DAG(s) 'job_market_etl' retrieved from /opt/airflow/dags/job_etl_dag.py
[2026-05-12T15:05:05.921+0000] {logging_mixin.py:188} INFO - [2026-05-12T15:05:05.920+0000] {dag.py:3036} INFO - Sync 1 DAGs
[2026-05-12T15:05:05.939+0000] {logging_mixin.py:188} INFO - [2026-05-12T15:05:05.939+0000] {dag.py:3823} INFO - Setting next_dagrun for job_market_etl to None, run_after=None
[2026-05-12T15:05:05.973+0000] {processor.py:183} INFO - Processing /opt/airflow/dags/job_etl_dag.py took 0.144 seconds
[2026-05-12T15:05:36.266+0000] {processor.py:161} INFO - Started process (PID=168) to work on /opt/airflow/dags/job_etl_dag.py
[2026-05-12T15:05:36.268+0000] {processor.py:830} INFO - Processing file /opt/airflow/dags/job_etl_dag.py for tasks to queue
[2026-05-12T15:05:36.269+0000] {logging_mixin.py:188} INFO - [2026-05-12T15:05:36.269+0000] {dagbag.py:538} INFO - Filling up the DagBag from /opt/airflow/dags/job_etl_dag.py
[2026-05-12T15:05:36.303+0000] {processor.py:840} INFO - DAG(s) 'job_market_etl' retrieved from /opt/airflow/dags/job_etl_dag.py
[2026-05-12T15:05:36.356+0000] {logging_mixin.py:188} INFO - [2026-05-12T15:05:36.356+0000] {dag.py:3036} INFO - Sync 1 DAGs
[2026-05-12T15:05:36.376+0000] {logging_mixin.py:188} INFO - [2026-05-12T15:05:36.375+0000] {dag.py:3823} INFO - Setting next_dagrun for job_market_etl to None, run_after=None
[2026-05-12T15:05:36.425+0000] {processor.py:183} INFO - Processing /opt/airflow/dags/job_etl_dag.py took 0.165 seconds
[2026-05-12T15:06:06.539+0000] {processor.py:161} INFO - Started process (PID=169) to work on /opt/airflow/dags/job_etl_dag.py
[2026-05-12T15:06:06.541+0000] {processor.py:830} INFO - Processing file /opt/airflow/dags/job_etl_dag.py for tasks to queue
[2026-05-12T15:06:06.544+0000] {logging_mixin.py:188} INFO - [2026-05-12T15:06:06.543+0000] {dagbag.py:538} INFO - Filling up the DagBag from /opt/airflow/dags/job_etl_dag.py
[2026-05-12T15:06:06.581+0000] {processor.py:840} INFO - DAG(s) 'job_market_etl' retrieved from /opt/airflow/dags/job_etl_dag.py
[2026-05-12T15:06:06.641+0000] {logging_mixin.py:188} INFO - [2026-05-12T15:06:06.640+0000] {dag.py:3036} INFO - Sync 1 DAGs
[2026-05-12T15:06:06.659+0000] {logging_mixin.py:188} INFO - [2026-05-12T15:06:06.659+0000] {dag.py:3823} INFO - Setting next_dagrun for job_market_etl to None, run_after=None
[2026-05-12T15:06:06.707+0000] {processor.py:183} INFO - Processing /opt/airflow/dags/job_etl_dag.py took 0.172 seconds
[2026-05-12T15:06:36.955+0000] {processor.py:161} INFO - Started process (PID=170) to work on /opt/airflow/dags/job_etl_dag.py
[2026-05-12T15:06:36.957+0000] {processor.py:830} INFO - Processing file /opt/airflow/dags/job_etl_dag.py for tasks to queue
[2026-05-12T15:06:36.959+0000] {logging_mixin.py:188} INFO - [2026-05-12T15:06:36.958+0000] {dagbag.py:538} INFO - Filling up the DagBag from /opt/airflow/dags/job_etl_dag.py
[2026-05-12T15:06:37.007+0000] {processor.py:840} INFO - DAG(s) 'job_market_etl' retrieved from /opt/airflow/dags/job_etl_dag.py
[2026-05-12T15:06:37.062+0000] {logging_mixin.py:188} INFO - [2026-05-12T15:06:37.061+0000] {dag.py:3036} INFO - Sync 1 DAGs
[2026-05-12T15:06:37.080+0000] {logging_mixin.py:188} INFO - [2026-05-12T15:06:37.080+0000] {dag.py:3823} INFO - Setting next_dagrun for job_market_etl to None, run_after=None
[2026-05-12T15:06:37.117+0000] {processor.py:183} INFO - Processing /opt/airflow/dags/job_etl_dag.py took 0.168 seconds
[2026-05-12T15:07:07.219+0000] {processor.py:161} INFO - Started process (PID=171) to work on /opt/airflow/dags/job_etl_dag.py
[2026-05-12T15:07:07.221+0000] {processor.py:830} INFO - Processing file /opt/airflow/dags/job_etl_dag.py for tasks to queue
[2026-05-12T15:07:07.223+0000] {logging_mixin.py:188} INFO - [2026-05-12T15:07:07.223+0000] {dagbag.py:538} INFO - Filling up the DagBag from /opt/airflow/dags/job_etl_dag.py
[2026-05-12T15:07:07.258+0000] {processor.py:840} INFO - DAG(s) 'job_market_etl' retrieved from /opt/airflow/dags/job_etl_dag.py
[2026-05-12T15:07:07.308+0000] {logging_mixin.py:188} INFO - [2026-05-12T15:07:07.308+0000] {dag.py:3036} INFO - Sync 1 DAGs
[2026-05-12T15:07:07.326+0000] {logging_mixin.py:188} INFO - [2026-05-12T15:07:07.326+0000] {dag.py:3823} INFO - Setting next_dagrun for job_market_etl to None, run_after=None
[2026-05-12T15:07:07.362+0000] {processor.py:183} INFO - Processing /opt/airflow/dags/job_etl_dag.py took 0.150 seconds
[2026-05-12T15:07:37.622+0000] {processor.py:161} INFO - Started process (PID=172) to work on /opt/airflow/dags/job_etl_dag.py
[2026-05-12T15:07:37.624+0000] {processor.py:830} INFO - Processing file /opt/airflow/dags/job_etl_dag.py for tasks to queue
[2026-05-12T15:07:37.626+0000] {logging_mixin.py:188} INFO - [2026-05-12T15:07:37.625+0000] {dagbag.py:538} INFO - Filling up the DagBag from /opt/airflow/dags/job_etl_dag.py
[2026-05-12T15:07:37.662+0000] {processor.py:840} INFO - DAG(s) 'job_market_etl' retrieved from /opt/airflow/dags/job_etl_dag.py
[2026-05-12T15:07:37.711+0000] {logging_mixin.py:188} INFO - [2026-05-12T15:07:37.710+0000] {dag.py:3036} INFO - Sync 1 DAGs
[2026-05-12T15:07:37.729+0000] {logging_mixin.py:188} INFO - [2026-05-12T15:07:37.728+0000] {dag.py:3823} INFO - Setting next_dagrun for job_market_etl to None, run_after=None
[2026-05-12T15:07:37.762+0000] {processor.py:183} INFO - Processing /opt/airflow/dags/job_etl_dag.py took 0.144 seconds
[2026-05-12T15:08:07.886+0000] {processor.py:161} INFO - Started process (PID=173) to work on /opt/airflow/dags/job_etl_dag.py
[2026-05-12T15:08:07.888+0000] {processor.py:830} INFO - Processing file /opt/airflow/dags/job_etl_dag.py for tasks to queue
[2026-05-12T15:08:07.890+0000] {logging_mixin.py:188} INFO - [2026-05-12T15:08:07.890+0000] {dagbag.py:538} INFO - Filling up the DagBag from /opt/airflow/dags/job_etl_dag.py
[2026-05-12T15:08:07.923+0000] {processor.py:840} INFO - DAG(s) 'job_market_etl' retrieved from /opt/airflow/dags/job_etl_dag.py
[2026-05-12T15:08:07.973+0000] {logging_mixin.py:188} INFO - [2026-05-12T15:08:07.973+0000] {dag.py:3036} INFO - Sync 1 DAGs
[2026-05-12T15:08:07.991+0000] {logging_mixin.py:188} INFO - [2026-05-12T15:08:07.991+0000] {dag.py:3823} INFO - Setting next_dagrun for job_market_etl to None, run_after=None
[2026-05-12T15:08:08.025+0000] {processor.py:183} INFO - Processing /opt/airflow/dags/job_etl_dag.py took 0.145 seconds
[2026-05-12T15:08:38.261+0000] {processor.py:161} INFO - Started process (PID=174) to work on /opt/airflow/dags/job_etl_dag.py
[2026-05-12T15:08:38.263+0000] {processor.py:830} INFO - Processing file /opt/airflow/dags/job_etl_dag.py for tasks to queue
[2026-05-12T15:08:38.265+0000] {logging_mixin.py:188} INFO - [2026-05-12T15:08:38.264+0000] {dagbag.py:538} INFO - Filling up the DagBag from /opt/airflow/dags/job_etl_dag.py
[2026-05-12T15:08:38.297+0000] {processor.py:840} INFO - DAG(s) 'job_market_etl' retrieved from /opt/airflow/dags/job_etl_dag.py
[2026-05-12T15:08:38.345+0000] {logging_mixin.py:188} INFO - [2026-05-12T15:08:38.345+0000] {dag.py:3036} INFO - Sync 1 DAGs
[2026-05-12T15:08:38.362+0000] {logging_mixin.py:188} INFO - [2026-05-12T15:08:38.361+0000] {dag.py:3823} INFO - Setting next_dagrun for job_market_etl to None, run_after=None
[2026-05-12T15:08:38.408+0000] {processor.py:183} INFO - Processing /opt/airflow/dags/job_etl_dag.py took 0.151 seconds
[2026-05-12T15:09:08.526+0000] {processor.py:161} INFO - Started process (PID=175) to work on /opt/airflow/dags/job_etl_dag.py
[2026-05-12T15:09:08.528+0000] {processor.py:830} INFO - Processing file /opt/airflow/dags/job_etl_dag.py for tasks to queue
[2026-05-12T15:09:08.531+0000] {logging_mixin.py:188} INFO - [2026-05-12T15:09:08.530+0000] {dagbag.py:538} INFO - Filling up the DagBag from /opt/airflow/dags/job_etl_dag.py
[2026-05-12T15:09:08.566+0000] {processor.py:840} INFO - DAG(s) 'job_market_etl' retrieved from /opt/airflow/dags/job_etl_dag.py
[2026-05-12T15:09:08.620+0000] {logging_mixin.py:188} INFO - [2026-05-12T15:09:08.620+0000] {dag.py:3036} INFO - Sync 1 DAGs
[2026-05-12T15:09:08.643+0000] {logging_mixin.py:188} INFO - [2026-05-12T15:09:08.643+0000] {dag.py:3823} INFO - Setting next_dagrun for job_market_etl to None, run_after=None
[2026-05-12T15:09:08.681+0000] {processor.py:183} INFO - Processing /opt/airflow/dags/job_etl_dag.py took 0.160 seconds
[2026-05-12T15:09:38.915+0000] {processor.py:161} INFO - Started process (PID=176) to work on /opt/airflow/dags/job_etl_dag.py
[2026-05-12T15:09:38.918+0000] {processor.py:830} INFO - Processing file /opt/airflow/dags/job_etl_dag.py for tasks to queue
[2026-05-12T15:09:38.920+0000] {logging_mixin.py:188} INFO - [2026-05-12T15:09:38.919+0000] {dagbag.py:538} INFO - Filling up the DagBag from /opt/airflow/dags/job_etl_dag.py
[2026-05-12T15:09:38.953+0000] {processor.py:840} INFO - DAG(s) 'job_market_etl' retrieved from /opt/airflow/dags/job_etl_dag.py
[2026-05-12T15:09:39.002+0000] {logging_mixin.py:188} INFO - [2026-05-12T15:09:39.002+0000] {dag.py:3036} INFO - Sync 1 DAGs
[2026-05-12T15:09:39.021+0000] {logging_mixin.py:188} INFO - [2026-05-12T15:09:39.020+0000] {dag.py:3823} INFO - Setting next_dagrun for job_market_etl to None, run_after=None
[2026-05-12T15:09:39.086+0000] {processor.py:183} INFO - Processing /opt/airflow/dags/job_etl_dag.py took 0.175 seconds
[2026-05-12T15:10:09.188+0000] {processor.py:161} INFO - Started process (PID=177) to work on /opt/airflow/dags/job_etl_dag.py
[2026-05-12T15:10:09.190+0000] {processor.py:830} INFO - Processing file /opt/airflow/dags/job_etl_dag.py for tasks to queue
[2026-05-12T15:10:09.192+0000] {logging_mixin.py:188} INFO - [2026-05-12T15:10:09.192+0000] {dagbag.py:538} INFO - Filling up the DagBag from /opt/airflow/dags/job_etl_dag.py
[2026-05-12T15:10:09.229+0000] {processor.py:840} INFO - DAG(s) 'job_market_etl' retrieved from /opt/airflow/dags/job_etl_dag.py
[2026-05-12T15:10:09.277+0000] {logging_mixin.py:188} INFO - [2026-05-12T15:10:09.276+0000] {dag.py:3036} INFO - Sync 1 DAGs
[2026-05-12T15:10:09.298+0000] {logging_mixin.py:188} INFO - [2026-05-12T15:10:09.298+0000] {dag.py:3823} INFO - Setting next_dagrun for job_market_etl to None, run_after=None
[2026-05-12T15:10:09.333+0000] {processor.py:183} INFO - Processing /opt/airflow/dags/job_etl_dag.py took 0.150 seconds
[2026-05-12T15:10:39.746+0000] {processor.py:161} INFO - Started process (PID=178) to work on /opt/airflow/dags/job_etl_dag.py
[2026-05-12T15:10:39.748+0000] {processor.py:830} INFO - Processing file /opt/airflow/dags/job_etl_dag.py for tasks to queue
[2026-05-12T15:10:39.752+0000] {logging_mixin.py:188} INFO - [2026-05-12T15:10:39.751+0000] {dagbag.py:538} INFO - Filling up the DagBag from /opt/airflow/dags/job_etl_dag.py
[2026-05-12T15:10:39.824+0000] {processor.py:840} INFO - DAG(s) 'job_market_etl' retrieved from /opt/airflow/dags/job_etl_dag.py
[2026-05-12T15:10:39.911+0000] {logging_mixin.py:188} INFO - [2026-05-12T15:10:39.910+0000] {dag.py:3036} INFO - Sync 1 DAGs
[2026-05-12T15:10:39.948+0000] {logging_mixin.py:188} INFO - [2026-05-12T15:10:39.948+0000] {dag.py:3823} INFO - Setting next_dagrun for job_market_etl to None, run_after=None
[2026-05-12T15:10:40.001+0000] {processor.py:183} INFO - Processing /opt/airflow/dags/job_etl_dag.py took 0.266 seconds
[2026-05-12T15:11:10.178+0000] {processor.py:161} INFO - Started process (PID=179) to work on /opt/airflow/dags/job_etl_dag.py
[2026-05-12T15:11:10.181+0000] {processor.py:830} INFO - Processing file /opt/airflow/dags/job_etl_dag.py for tasks to queue
[2026-05-12T15:11:10.187+0000] {logging_mixin.py:188} INFO - [2026-05-12T15:11:10.185+0000] {dagbag.py:538} INFO - Filling up the DagBag from /opt/airflow/dags/job_etl_dag.py
[2026-05-12T15:11:10.278+0000] {processor.py:840} INFO - DAG(s) 'job_market_etl' retrieved from /opt/airflow/dags/job_etl_dag.py
[2026-05-12T15:11:10.397+0000] {logging_mixin.py:188} INFO - [2026-05-12T15:11:10.397+0000] {dag.py:3036} INFO - Sync 1 DAGs
[2026-05-12T15:11:10.439+0000] {logging_mixin.py:188} INFO - [2026-05-12T15:11:10.438+0000] {dag.py:3823} INFO - Setting next_dagrun for job_market_etl to None, run_after=None
[2026-05-12T15:11:10.517+0000] {processor.py:183} INFO - Processing /opt/airflow/dags/job_etl_dag.py took 0.353 seconds
[2026-05-12T15:11:40.854+0000] {processor.py:161} INFO - Started process (PID=180) to work on /opt/airflow/dags/job_etl_dag.py
[2026-05-12T15:11:40.857+0000] {processor.py:830} INFO - Processing file /opt/airflow/dags/job_etl_dag.py for tasks to queue
[2026-05-12T15:11:40.863+0000] {logging_mixin.py:188} INFO - [2026-05-12T15:11:40.862+0000] {dagbag.py:538} INFO - Filling up the DagBag from /opt/airflow/dags/job_etl_dag.py
[2026-05-12T15:11:40.952+0000] {processor.py:840} INFO - DAG(s) 'job_market_etl' retrieved from /opt/airflow/dags/job_etl_dag.py
[2026-05-12T15:11:41.063+0000] {logging_mixin.py:188} INFO - [2026-05-12T15:11:41.063+0000] {dag.py:3036} INFO - Sync 1 DAGs
[2026-05-12T15:11:41.111+0000] {logging_mixin.py:188} INFO - [2026-05-12T15:11:41.110+0000] {dag.py:3823} INFO - Setting next_dagrun for job_market_etl to None, run_after=None
[2026-05-12T15:11:41.188+0000] {processor.py:183} INFO - Processing /opt/airflow/dags/job_etl_dag.py took 0.347 seconds
[2026-05-12T15:12:11.380+0000] {processor.py:161} INFO - Started process (PID=181) to work on /opt/airflow/dags/job_etl_dag.py
[2026-05-12T15:12:11.383+0000] {processor.py:830} INFO - Processing file /opt/airflow/dags/job_etl_dag.py for tasks to queue
[2026-05-12T15:12:11.386+0000] {logging_mixin.py:188} INFO - [2026-05-12T15:12:11.385+0000] {dagbag.py:538} INFO - Filling up the DagBag from /opt/airflow/dags/job_etl_dag.py
[2026-05-12T15:12:11.465+0000] {processor.py:840} INFO - DAG(s) 'job_market_etl' retrieved from /opt/airflow/dags/job_etl_dag.py
[2026-05-12T15:12:11.581+0000] {logging_mixin.py:188} INFO - [2026-05-12T15:12:11.580+0000] {dag.py:3036} INFO - Sync 1 DAGs
[2026-05-12T15:12:11.622+0000] {logging_mixin.py:188} INFO - [2026-05-12T15:12:11.621+0000] {dag.py:3823} INFO - Setting next_dagrun for job_market_etl to None, run_after=None
[2026-05-12T15:12:11.692+0000] {processor.py:183} INFO - Processing /opt/airflow/dags/job_etl_dag.py took 0.325 seconds
[2026-05-12T15:12:42.086+0000] {processor.py:161} INFO - Started process (PID=182) to work on /opt/airflow/dags/job_etl_dag.py
[2026-05-12T15:12:42.090+0000] {processor.py:830} INFO - Processing file /opt/airflow/dags/job_etl_dag.py for tasks to queue
[2026-05-12T15:12:42.096+0000] {logging_mixin.py:188} INFO - [2026-05-12T15:12:42.094+0000] {dagbag.py:538} INFO - Filling up the DagBag from /opt/airflow/dags/job_etl_dag.py
[2026-05-12T15:12:42.176+0000] {processor.py:840} INFO - DAG(s) 'job_market_etl' retrieved from /opt/airflow/dags/job_etl_dag.py
[2026-05-12T15:12:42.278+0000] {logging_mixin.py:188} INFO - [2026-05-12T15:12:42.277+0000] {dag.py:3036} INFO - Sync 1 DAGs
[2026-05-12T15:12:42.327+0000] {logging_mixin.py:188} INFO - [2026-05-12T15:12:42.326+0000] {dag.py:3823} INFO - Setting next_dagrun for job_market_etl to None, run_after=None
[2026-05-12T15:12:42.409+0000] {processor.py:183} INFO - Processing /opt/airflow/dags/job_etl_dag.py took 0.333 seconds
[2026-05-12T15:13:12.563+0000] {processor.py:161} INFO - Started process (PID=183) to work on /opt/airflow/dags/job_etl_dag.py
[2026-05-12T15:13:12.566+0000] {processor.py:830} INFO - Processing file /opt/airflow/dags/job_etl_dag.py for tasks to queue
[2026-05-12T15:13:12.570+0000] {logging_mixin.py:188} INFO - [2026-05-12T15:13:12.569+0000] {dagbag.py:538} INFO - Filling up the DagBag from /opt/airflow/dags/job_etl_dag.py
[2026-05-12T15:13:12.647+0000] {processor.py:840} INFO - DAG(s) 'job_market_etl' retrieved from /opt/airflow/dags/job_etl_dag.py
[2026-05-12T15:13:12.768+0000] {logging_mixin.py:188} INFO - [2026-05-12T15:13:12.767+0000] {dag.py:3036} INFO - Sync 1 DAGs
[2026-05-12T15:13:12.808+0000] {logging_mixin.py:188} INFO - [2026-05-12T15:13:12.807+0000] {dag.py:3823} INFO - Setting next_dagrun for job_market_etl to None, run_after=None
[2026-05-12T15:13:12.879+0000] {processor.py:183} INFO - Processing /opt/airflow/dags/job_etl_dag.py took 0.329 seconds
[2026-05-12T15:13:43.322+0000] {processor.py:161} INFO - Started process (PID=184) to work on /opt/airflow/dags/job_etl_dag.py
[2026-05-12T15:13:43.325+0000] {processor.py:830} INFO - Processing file /opt/airflow/dags/job_etl_dag.py for tasks to queue
[2026-05-12T15:13:43.331+0000] {logging_mixin.py:188} INFO - [2026-05-12T15:13:43.329+0000] {dagbag.py:538} INFO - Filling up the DagBag from /opt/airflow/dags/job_etl_dag.py
[2026-05-12T15:13:43.410+0000] {processor.py:840} INFO - DAG(s) 'job_market_etl' retrieved from /opt/airflow/dags/job_etl_dag.py
[2026-05-12T15:13:43.513+0000] {logging_mixin.py:188} INFO - [2026-05-12T15:13:43.513+0000] {dag.py:3036} INFO - Sync 1 DAGs
[2026-05-12T15:13:43.551+0000] {logging_mixin.py:188} INFO - [2026-05-12T15:13:43.550+0000] {dag.py:3823} INFO - Setting next_dagrun for job_market_etl to None, run_after=None
[2026-05-12T15:13:43.634+0000] {processor.py:183} INFO - Processing /opt/airflow/dags/job_etl_dag.py took 0.320 seconds
[2026-05-12T15:14:13.795+0000] {processor.py:161} INFO - Started process (PID=185) to work on /opt/airflow/dags/job_etl_dag.py
[2026-05-12T15:14:13.800+0000] {processor.py:830} INFO - Processing file /opt/airflow/dags/job_etl_dag.py for tasks to queue
[2026-05-12T15:14:13.804+0000] {logging_mixin.py:188} INFO - [2026-05-12T15:14:13.803+0000] {dagbag.py:538} INFO - Filling up the DagBag from /opt/airflow/dags/job_etl_dag.py
[2026-05-12T15:14:13.888+0000] {processor.py:840} INFO - DAG(s) 'job_market_etl' retrieved from /opt/airflow/dags/job_etl_dag.py
[2026-05-12T15:14:14.000+0000] {logging_mixin.py:188} INFO - [2026-05-12T15:14:14.000+0000] {dag.py:3036} INFO - Sync 1 DAGs
[2026-05-12T15:14:14.039+0000] {logging_mixin.py:188} INFO - [2026-05-12T15:14:14.038+0000] {dag.py:3823} INFO - Setting next_dagrun for job_market_etl to None, run_after=None
[2026-05-12T15:14:14.098+0000] {processor.py:183} INFO - Processing /opt/airflow/dags/job_etl_dag.py took 0.317 seconds
[2026-05-12T15:14:44.485+0000] {processor.py:161} INFO - Started process (PID=186) to work on /opt/airflow/dags/job_etl_dag.py
[2026-05-12T15:14:44.488+0000] {processor.py:830} INFO - Processing file /opt/airflow/dags/job_etl_dag.py for tasks to queue
[2026-05-12T15:14:44.492+0000] {logging_mixin.py:188} INFO - [2026-05-12T15:14:44.491+0000] {dagbag.py:538} INFO - Filling up the DagBag from /opt/airflow/dags/job_etl_dag.py
[2026-05-12T15:14:44.570+0000] {processor.py:840} INFO - DAG(s) 'job_market_etl' retrieved from /opt/airflow/dags/job_etl_dag.py
[2026-05-12T15:14:44.676+0000] {logging_mixin.py:188} INFO - [2026-05-12T15:14:44.676+0000] {dag.py:3036} INFO - Sync 1 DAGs
[2026-05-12T15:14:44.720+0000] {logging_mixin.py:188} INFO - [2026-05-12T15:14:44.719+0000] {dag.py:3823} INFO - Setting next_dagrun for job_market_etl to None, run_after=None
[2026-05-12T15:14:44.792+0000] {processor.py:183} INFO - Processing /opt/airflow/dags/job_etl_dag.py took 0.318 seconds
[2026-05-12T15:15:14.924+0000] {processor.py:161} INFO - Started process (PID=187) to work on /opt/airflow/dags/job_etl_dag.py
[2026-05-12T15:15:14.928+0000] {processor.py:830} INFO - Processing file /opt/airflow/dags/job_etl_dag.py for tasks to queue
[2026-05-12T15:15:14.932+0000] {logging_mixin.py:188} INFO - [2026-05-12T15:15:14.931+0000] {dagbag.py:538} INFO - Filling up the DagBag from /opt/airflow/dags/job_etl_dag.py
[2026-05-12T15:15:15.008+0000] {processor.py:840} INFO - DAG(s) 'job_market_etl' retrieved from /opt/airflow/dags/job_etl_dag.py
[2026-05-12T15:15:15.114+0000] {logging_mixin.py:188} INFO - [2026-05-12T15:15:15.113+0000] {dag.py:3036} INFO - Sync 1 DAGs
[2026-05-12T15:15:15.149+0000] {logging_mixin.py:188} INFO - [2026-05-12T15:15:15.148+0000] {dag.py:3823} INFO - Setting next_dagrun for job_market_etl to None, run_after=None
[2026-05-12T15:15:15.223+0000] {processor.py:183} INFO - Processing /opt/airflow/dags/job_etl_dag.py took 0.310 seconds
[2026-05-12T15:15:45.740+0000] {processor.py:161} INFO - Started process (PID=188) to work on /opt/airflow/dags/job_etl_dag.py
[2026-05-12T15:15:45.743+0000] {processor.py:830} INFO - Processing file /opt/airflow/dags/job_etl_dag.py for tasks to queue
[2026-05-12T15:15:45.748+0000] {logging_mixin.py:188} INFO - [2026-05-12T15:15:45.746+0000] {dagbag.py:538} INFO - Filling up the DagBag from /opt/airflow/dags/job_etl_dag.py
[2026-05-12T15:15:45.823+0000] {processor.py:840} INFO - DAG(s) 'job_market_etl' retrieved from /opt/airflow/dags/job_etl_dag.py
[2026-05-12T15:15:45.925+0000] {logging_mixin.py:188} INFO - [2026-05-12T15:15:45.924+0000] {dag.py:3036} INFO - Sync 1 DAGs
[2026-05-12T15:15:45.967+0000] {logging_mixin.py:188} INFO - [2026-05-12T15:15:45.966+0000] {dag.py:3823} INFO - Setting next_dagrun for job_market_etl to None, run_after=None
[2026-05-12T15:15:46.049+0000] {processor.py:183} INFO - Processing /opt/airflow/dags/job_etl_dag.py took 0.322 seconds
[2026-05-12T15:16:16.202+0000] {processor.py:161} INFO - Started process (PID=189) to work on /opt/airflow/dags/job_etl_dag.py
[2026-05-12T15:16:16.206+0000] {processor.py:830} INFO - Processing file /opt/airflow/dags/job_etl_dag.py for tasks to queue
[2026-05-12T15:16:16.211+0000] {logging_mixin.py:188} INFO - [2026-05-12T15:16:16.209+0000] {dagbag.py:538} INFO - Filling up the DagBag from /opt/airflow/dags/job_etl_dag.py
[2026-05-12T15:16:16.297+0000] {processor.py:840} INFO - DAG(s) 'job_market_etl' retrieved from /opt/airflow/dags/job_etl_dag.py
[2026-05-12T15:16:16.399+0000] {logging_mixin.py:188} INFO - [2026-05-12T15:16:16.398+0000] {dag.py:3036} INFO - Sync 1 DAGs
[2026-05-12T15:16:16.431+0000] {logging_mixin.py:188} INFO - [2026-05-12T15:16:16.430+0000] {dag.py:3823} INFO - Setting next_dagrun for job_market_etl to None, run_after=None
[2026-05-12T15:16:16.493+0000] {processor.py:183} INFO - Processing /opt/airflow/dags/job_etl_dag.py took 0.314 seconds
[2026-05-12T15:16:46.925+0000] {processor.py:161} INFO - Started process (PID=190) to work on /opt/airflow/dags/job_etl_dag.py
[2026-05-12T15:16:46.928+0000] {processor.py:830} INFO - Processing file /opt/airflow/dags/job_etl_dag.py for tasks to queue
[2026-05-12T15:16:46.933+0000] {logging_mixin.py:188} INFO - [2026-05-12T15:16:46.932+0000] {dagbag.py:538} INFO - Filling up the DagBag from /opt/airflow/dags/job_etl_dag.py
[2026-05-12T15:16:47.010+0000] {processor.py:840} INFO - DAG(s) 'job_market_etl' retrieved from /opt/airflow/dags/job_etl_dag.py
[2026-05-12T15:16:47.105+0000] {logging_mixin.py:188} INFO - [2026-05-12T15:16:47.104+0000] {dag.py:3036} INFO - Sync 1 DAGs
[2026-05-12T15:16:47.138+0000] {logging_mixin.py:188} INFO - [2026-05-12T15:16:47.138+0000] {dag.py:3823} INFO - Setting next_dagrun for job_market_etl to None, run_after=None
[2026-05-12T15:16:47.207+0000] {processor.py:183} INFO - Processing /opt/airflow/dags/job_etl_dag.py took 0.300 seconds
[2026-05-12T15:17:17.362+0000] {processor.py:161} INFO - Started process (PID=191) to work on /opt/airflow/dags/job_etl_dag.py
[2026-05-12T15:17:17.368+0000] {processor.py:830} INFO - Processing file /opt/airflow/dags/job_etl_dag.py for tasks to queue
[2026-05-12T15:17:17.372+0000] {logging_mixin.py:188} INFO - [2026-05-12T15:17:17.371+0000] {dagbag.py:538} INFO - Filling up the DagBag from /opt/airflow/dags/job_etl_dag.py
[2026-05-12T15:17:17.471+0000] {processor.py:840} INFO - DAG(s) 'job_market_etl' retrieved from /opt/airflow/dags/job_etl_dag.py
[2026-05-12T15:17:17.580+0000] {logging_mixin.py:188} INFO - [2026-05-12T15:17:17.579+0000] {dag.py:3036} INFO - Sync 1 DAGs
[2026-05-12T15:17:17.639+0000] {logging_mixin.py:188} INFO - [2026-05-12T15:17:17.639+0000] {dag.py:3823} INFO - Setting next_dagrun for job_market_etl to None, run_after=None
[2026-05-12T15:17:17.705+0000] {processor.py:183} INFO - Processing /opt/airflow/dags/job_etl_dag.py took 0.361 seconds
[2026-05-12T15:17:48.037+0000] {processor.py:161} INFO - Started process (PID=192) to work on /opt/airflow/dags/job_etl_dag.py
[2026-05-12T15:17:48.040+0000] {processor.py:830} INFO - Processing file /opt/airflow/dags/job_etl_dag.py for tasks to queue
[2026-05-12T15:17:48.044+0000] {logging_mixin.py:188} INFO - [2026-05-12T15:17:48.043+0000] {dagbag.py:538} INFO - Filling up the DagBag from /opt/airflow/dags/job_etl_dag.py
[2026-05-12T15:17:48.118+0000] {processor.py:840} INFO - DAG(s) 'job_market_etl' retrieved from /opt/airflow/dags/job_etl_dag.py
[2026-05-12T15:17:48.211+0000] {logging_mixin.py:188} INFO - [2026-05-12T15:17:48.210+0000] {dag.py:3036} INFO - Sync 1 DAGs
[2026-05-12T15:17:48.258+0000] {logging_mixin.py:188} INFO - [2026-05-12T15:17:48.258+0000] {dag.py:3823} INFO - Setting next_dagrun for job_market_etl to None, run_after=None
[2026-05-12T15:17:48.332+0000] {processor.py:183} INFO - Processing /opt/airflow/dags/job_etl_dag.py took 0.310 seconds
[2026-05-12T15:18:18.528+0000] {processor.py:161} INFO - Started process (PID=193) to work on /opt/airflow/dags/job_etl_dag.py
[2026-05-12T15:18:18.531+0000] {processor.py:830} INFO - Processing file /opt/airflow/dags/job_etl_dag.py for tasks to queue
[2026-05-12T15:18:18.536+0000] {logging_mixin.py:188} INFO - [2026-05-12T15:18:18.534+0000] {dagbag.py:538} INFO - Filling up the DagBag from /opt/airflow/dags/job_etl_dag.py
[2026-05-12T15:18:18.626+0000] {processor.py:840} INFO - DAG(s) 'job_market_etl' retrieved from /opt/airflow/dags/job_etl_dag.py
[2026-05-12T15:18:18.741+0000] {logging_mixin.py:188} INFO - [2026-05-12T15:18:18.740+0000] {dag.py:3036} INFO - Sync 1 DAGs
[2026-05-12T15:18:18.783+0000] {logging_mixin.py:188} INFO - [2026-05-12T15:18:18.783+0000] {dag.py:3823} INFO - Setting next_dagrun for job_market_etl to None, run_after=None
[2026-05-12T15:18:18.852+0000] {processor.py:183} INFO - Processing /opt/airflow/dags/job_etl_dag.py took 0.336 seconds
[2026-05-12T15:18:49.179+0000] {processor.py:161} INFO - Started process (PID=194) to work on /opt/airflow/dags/job_etl_dag.py
[2026-05-12T15:18:49.182+0000] {processor.py:830} INFO - Processing file /opt/airflow/dags/job_etl_dag.py for tasks to queue
[2026-05-12T15:18:49.187+0000] {logging_mixin.py:188} INFO - [2026-05-12T15:18:49.186+0000] {dagbag.py:538} INFO - Filling up the DagBag from /opt/airflow/dags/job_etl_dag.py
[2026-05-12T15:18:49.270+0000] {processor.py:840} INFO - DAG(s) 'job_market_etl' retrieved from /opt/airflow/dags/job_etl_dag.py
[2026-05-12T15:18:49.375+0000] {logging_mixin.py:188} INFO - [2026-05-12T15:18:49.375+0000] {dag.py:3036} INFO - Sync 1 DAGs
[2026-05-12T15:18:49.430+0000] {logging_mixin.py:188} INFO - [2026-05-12T15:18:49.430+0000] {dag.py:3823} INFO - Setting next_dagrun for job_market_etl to None, run_after=None
[2026-05-12T15:18:49.497+0000] {processor.py:183} INFO - Processing /opt/airflow/dags/job_etl_dag.py took 0.333 seconds
[2026-05-12T15:19:19.680+0000] {processor.py:161} INFO - Started process (PID=195) to work on /opt/airflow/dags/job_etl_dag.py
[2026-05-12T15:19:19.683+0000] {processor.py:830} INFO - Processing file /opt/airflow/dags/job_etl_dag.py for tasks to queue
[2026-05-12T15:19:19.687+0000] {logging_mixin.py:188} INFO - [2026-05-12T15:19:19.686+0000] {dagbag.py:538} INFO - Filling up the DagBag from /opt/airflow/dags/job_etl_dag.py
[2026-05-12T15:19:19.825+0000] {processor.py:840} INFO - DAG(s) 'job_market_etl' retrieved from /opt/airflow/dags/job_etl_dag.py
[2026-05-12T15:19:19.944+0000] {logging_mixin.py:188} INFO - [2026-05-12T15:19:19.943+0000] {dag.py:3036} INFO - Sync 1 DAGs
[2026-05-12T15:19:19.982+0000] {logging_mixin.py:188} INFO - [2026-05-12T15:19:19.981+0000] {dag.py:3823} INFO - Setting next_dagrun for job_market_etl to None, run_after=None
[2026-05-12T15:19:20.039+0000] {processor.py:183} INFO - Processing /opt/airflow/dags/job_etl_dag.py took 0.377 seconds
[2026-05-12T15:19:50.283+0000] {processor.py:161} INFO - Started process (PID=196) to work on /opt/airflow/dags/job_etl_dag.py
[2026-05-12T15:19:50.286+0000] {processor.py:830} INFO - Processing file /opt/airflow/dags/job_etl_dag.py for tasks to queue
[2026-05-12T15:19:50.291+0000] {logging_mixin.py:188} INFO - [2026-05-12T15:19:50.289+0000] {dagbag.py:538} INFO - Filling up the DagBag from /opt/airflow/dags/job_etl_dag.py
[2026-05-12T15:19:50.396+0000] {processor.py:840} INFO - DAG(s) 'job_market_etl' retrieved from /opt/airflow/dags/job_etl_dag.py
[2026-05-12T15:19:50.562+0000] {logging_mixin.py:188} INFO - [2026-05-12T15:19:50.562+0000] {dag.py:3036} INFO - Sync 1 DAGs
[2026-05-12T15:19:50.646+0000] {logging_mixin.py:188} INFO - [2026-05-12T15:19:50.646+0000] {dag.py:3823} INFO - Setting next_dagrun for job_market_etl to None, run_after=None
[2026-05-12T15:19:50.732+0000] {processor.py:183} INFO - Processing /opt/airflow/dags/job_etl_dag.py took 0.461 seconds
[2026-05-12T15:20:21.143+0000] {processor.py:161} INFO - Started process (PID=197) to work on /opt/airflow/dags/job_etl_dag.py
[2026-05-12T15:20:21.147+0000] {processor.py:830} INFO - Processing file /opt/airflow/dags/job_etl_dag.py for tasks to queue
[2026-05-12T15:20:21.151+0000] {logging_mixin.py:188} INFO - [2026-05-12T15:20:21.150+0000] {dagbag.py:538} INFO - Filling up the DagBag from /opt/airflow/dags/job_etl_dag.py
[2026-05-12T15:20:21.213+0000] {processor.py:840} INFO - DAG(s) 'job_market_etl' retrieved from /opt/airflow/dags/job_etl_dag.py
[2026-05-12T15:20:21.296+0000] {logging_mixin.py:188} INFO - [2026-05-12T15:20:21.296+0000] {dag.py:3036} INFO - Sync 1 DAGs
[2026-05-12T15:20:21.332+0000] {logging_mixin.py:188} INFO - [2026-05-12T15:20:21.331+0000] {dag.py:3823} INFO - Setting next_dagrun for job_market_etl to None, run_after=None
[2026-05-12T15:20:21.421+0000] {processor.py:183} INFO - Processing /opt/airflow/dags/job_etl_dag.py took 0.290 seconds
[2026-05-12T15:20:51.878+0000] {processor.py:161} INFO - Started process (PID=198) to work on /opt/airflow/dags/job_etl_dag.py
[2026-05-12T15:20:51.882+0000] {processor.py:830} INFO - Processing file /opt/airflow/dags/job_etl_dag.py for tasks to queue
[2026-05-12T15:20:51.886+0000] {logging_mixin.py:188} INFO - [2026-05-12T15:20:51.885+0000] {dagbag.py:538} INFO - Filling up the DagBag from /opt/airflow/dags/job_etl_dag.py
[2026-05-12T15:20:51.953+0000] {processor.py:840} INFO - DAG(s) 'job_market_etl' retrieved from /opt/airflow/dags/job_etl_dag.py
[2026-05-12T15:20:52.040+0000] {logging_mixin.py:188} INFO - [2026-05-12T15:20:52.039+0000] {dag.py:3036} INFO - Sync 1 DAGs
[2026-05-12T15:20:52.071+0000] {logging_mixin.py:188} INFO - [2026-05-12T15:20:52.071+0000] {dag.py:3823} INFO - Setting next_dagrun for job_market_etl to None, run_after=None
[2026-05-12T15:20:52.124+0000] {processor.py:183} INFO - Processing /opt/airflow/dags/job_etl_dag.py took 0.261 seconds
[2026-05-12T15:21:22.273+0000] {processor.py:161} INFO - Started process (PID=199) to work on /opt/airflow/dags/job_etl_dag.py
[2026-05-12T15:21:22.279+0000] {processor.py:830} INFO - Processing file /opt/airflow/dags/job_etl_dag.py for tasks to queue
[2026-05-12T15:21:22.283+0000] {logging_mixin.py:188} INFO - [2026-05-12T15:21:22.282+0000] {dagbag.py:538} INFO - Filling up the DagBag from /opt/airflow/dags/job_etl_dag.py
[2026-05-12T15:21:22.355+0000] {processor.py:840} INFO - DAG(s) 'job_market_etl' retrieved from /opt/airflow/dags/job_etl_dag.py
[2026-05-12T15:21:22.473+0000] {logging_mixin.py:188} INFO - [2026-05-12T15:21:22.472+0000] {dag.py:3036} INFO - Sync 1 DAGs
[2026-05-12T15:21:22.517+0000] {logging_mixin.py:188} INFO - [2026-05-12T15:21:22.517+0000] {dag.py:3823} INFO - Setting next_dagrun for job_market_etl to None, run_after=None
[2026-05-12T15:21:22.605+0000] {processor.py:183} INFO - Processing /opt/airflow/dags/job_etl_dag.py took 0.346 seconds
[2026-05-12T15:21:52.968+0000] {processor.py:161} INFO - Started process (PID=200) to work on /opt/airflow/dags/job_etl_dag.py
[2026-05-12T15:21:52.973+0000] {processor.py:830} INFO - Processing file /opt/airflow/dags/job_etl_dag.py for tasks to queue
[2026-05-12T15:21:52.977+0000] {logging_mixin.py:188} INFO - [2026-05-12T15:21:52.976+0000] {dagbag.py:538} INFO - Filling up the DagBag from /opt/airflow/dags/job_etl_dag.py
[2026-05-12T15:21:53.051+0000] {processor.py:840} INFO - DAG(s) 'job_market_etl' retrieved from /opt/airflow/dags/job_etl_dag.py
[2026-05-12T15:21:53.153+0000] {logging_mixin.py:188} INFO - [2026-05-12T15:21:53.152+0000] {dag.py:3036} INFO - Sync 1 DAGs
[2026-05-12T15:21:53.185+0000] {logging_mixin.py:188} INFO - [2026-05-12T15:21:53.185+0000] {dag.py:3823} INFO - Setting next_dagrun for job_market_etl to None, run_after=None
[2026-05-12T15:21:53.266+0000] {processor.py:183} INFO - Processing /opt/airflow/dags/job_etl_dag.py took 0.310 seconds
[2026-05-12T15:22:23.475+0000] {processor.py:161} INFO - Started process (PID=201) to work on /opt/airflow/dags/job_etl_dag.py
[2026-05-12T15:22:23.480+0000] {processor.py:830} INFO - Processing file /opt/airflow/dags/job_etl_dag.py for tasks to queue
[2026-05-12T15:22:23.484+0000] {logging_mixin.py:188} INFO - [2026-05-12T15:22:23.483+0000] {dagbag.py:538} INFO - Filling up the DagBag from /opt/airflow/dags/job_etl_dag.py
[2026-05-12T15:22:23.556+0000] {processor.py:840} INFO - DAG(s) 'job_market_etl' retrieved from /opt/airflow/dags/job_etl_dag.py
[2026-05-12T15:22:23.642+0000] {logging_mixin.py:188} INFO - [2026-05-12T15:22:23.641+0000] {dag.py:3036} INFO - Sync 1 DAGs
[2026-05-12T15:22:23.678+0000] {logging_mixin.py:188} INFO - [2026-05-12T15:22:23.677+0000] {dag.py:3823} INFO - Setting next_dagrun for job_market_etl to None, run_after=None
[2026-05-12T15:22:23.749+0000] {processor.py:183} INFO - Processing /opt/airflow/dags/job_etl_dag.py took 0.289 seconds
[2026-05-12T15:22:54.141+0000] {processor.py:161} INFO - Started process (PID=202) to work on /opt/airflow/dags/job_etl_dag.py
[2026-05-12T15:22:54.148+0000] {processor.py:830} INFO - Processing file /opt/airflow/dags/job_etl_dag.py for tasks to queue
[2026-05-12T15:22:54.152+0000] {logging_mixin.py:188} INFO - [2026-05-12T15:22:54.150+0000] {dagbag.py:538} INFO - Filling up the DagBag from /opt/airflow/dags/job_etl_dag.py
[2026-05-12T15:22:54.222+0000] {processor.py:840} INFO - DAG(s) 'job_market_etl' retrieved from /opt/airflow/dags/job_etl_dag.py
[2026-05-12T15:22:54.336+0000] {logging_mixin.py:188} INFO - [2026-05-12T15:22:54.336+0000] {dag.py:3036} INFO - Sync 1 DAGs
[2026-05-12T15:22:54.383+0000] {logging_mixin.py:188} INFO - [2026-05-12T15:22:54.383+0000] {dag.py:3823} INFO - Setting next_dagrun for job_market_etl to None, run_after=None
[2026-05-12T15:22:54.470+0000] {processor.py:183} INFO - Processing /opt/airflow/dags/job_etl_dag.py took 0.346 seconds
[2026-05-12T15:23:24.972+0000] {processor.py:161} INFO - Started process (PID=203) to work on /opt/airflow/dags/job_etl_dag.py
[2026-05-12T15:23:24.978+0000] {processor.py:830} INFO - Processing file /opt/airflow/dags/job_etl_dag.py for tasks to queue
[2026-05-12T15:23:24.984+0000] {logging_mixin.py:188} INFO - [2026-05-12T15:23:24.983+0000] {dagbag.py:538} INFO - Filling up the DagBag from /opt/airflow/dags/job_etl_dag.py
[2026-05-12T15:23:25.062+0000] {processor.py:840} INFO - DAG(s) 'job_market_etl' retrieved from /opt/airflow/dags/job_etl_dag.py
[2026-05-12T15:23:25.157+0000] {logging_mixin.py:188} INFO - [2026-05-12T15:23:25.157+0000] {dag.py:3036} INFO - Sync 1 DAGs
[2026-05-12T15:23:25.193+0000] {logging_mixin.py:188} INFO - [2026-05-12T15:23:25.193+0000] {dag.py:3823} INFO - Setting next_dagrun for job_market_etl to None, run_after=None
[2026-05-12T15:23:25.267+0000] {processor.py:183} INFO - Processing /opt/airflow/dags/job_etl_dag.py took 0.309 seconds
[2026-05-12T15:23:55.752+0000] {processor.py:161} INFO - Started process (PID=204) to work on /opt/airflow/dags/job_etl_dag.py
[2026-05-12T15:23:55.757+0000] {processor.py:830} INFO - Processing file /opt/airflow/dags/job_etl_dag.py for tasks to queue
[2026-05-12T15:23:55.761+0000] {logging_mixin.py:188} INFO - [2026-05-12T15:23:55.760+0000] {dagbag.py:538} INFO - Filling up the DagBag from /opt/airflow/dags/job_etl_dag.py
[2026-05-12T15:23:55.841+0000] {processor.py:840} INFO - DAG(s) 'job_market_etl' retrieved from /opt/airflow/dags/job_etl_dag.py
[2026-05-12T15:23:55.950+0000] {logging_mixin.py:188} INFO - [2026-05-12T15:23:55.949+0000] {dag.py:3036} INFO - Sync 1 DAGs
[2026-05-12T15:23:55.987+0000] {logging_mixin.py:188} INFO - [2026-05-12T15:23:55.986+0000] {dag.py:3823} INFO - Setting next_dagrun for job_market_etl to None, run_after=None
[2026-05-12T15:23:56.061+0000] {processor.py:183} INFO - Processing /opt/airflow/dags/job_etl_dag.py took 0.325 seconds
[2026-05-12T15:24:26.592+0000] {processor.py:161} INFO - Started process (PID=205) to work on /opt/airflow/dags/job_etl_dag.py
[2026-05-12T15:24:26.600+0000] {processor.py:830} INFO - Processing file /opt/airflow/dags/job_etl_dag.py for tasks to queue
[2026-05-12T15:24:26.604+0000] {logging_mixin.py:188} INFO - [2026-05-12T15:24:26.603+0000] {dagbag.py:538} INFO - Filling up the DagBag from /opt/airflow/dags/job_etl_dag.py
[2026-05-12T15:24:26.684+0000] {processor.py:840} INFO - DAG(s) 'job_market_etl' retrieved from /opt/airflow/dags/job_etl_dag.py
[2026-05-12T15:24:26.805+0000] {logging_mixin.py:188} INFO - [2026-05-12T15:24:26.804+0000] {dag.py:3036} INFO - Sync 1 DAGs
[2026-05-12T15:24:26.854+0000] {logging_mixin.py:188} INFO - [2026-05-12T15:24:26.853+0000] {dag.py:3823} INFO - Setting next_dagrun for job_market_etl to None, run_after=None
[2026-05-12T15:24:26.925+0000] {processor.py:183} INFO - Processing /opt/airflow/dags/job_etl_dag.py took 0.352 seconds
[2026-05-12T15:24:57.461+0000] {processor.py:161} INFO - Started process (PID=206) to work on /opt/airflow/dags/job_etl_dag.py
[2026-05-12T15:24:57.466+0000] {processor.py:830} INFO - Processing file /opt/airflow/dags/job_etl_dag.py for tasks to queue
[2026-05-12T15:24:57.471+0000] {logging_mixin.py:188} INFO - [2026-05-12T15:24:57.470+0000] {dagbag.py:538} INFO - Filling up the DagBag from /opt/airflow/dags/job_etl_dag.py
[2026-05-12T15:24:57.559+0000] {processor.py:840} INFO - DAG(s) 'job_market_etl' retrieved from /opt/airflow/dags/job_etl_dag.py
[2026-05-12T15:24:57.726+0000] {logging_mixin.py:188} INFO - [2026-05-12T15:24:57.725+0000] {dag.py:3036} INFO - Sync 1 DAGs
[2026-05-12T15:24:57.785+0000] {logging_mixin.py:188} INFO - [2026-05-12T15:24:57.784+0000] {dag.py:3823} INFO - Setting next_dagrun for job_market_etl to None, run_after=None
[2026-05-12T15:24:57.896+0000] {processor.py:183} INFO - Processing /opt/airflow/dags/job_etl_dag.py took 0.456 seconds
[2026-05-12T15:25:28.486+0000] {processor.py:161} INFO - Started process (PID=207) to work on /opt/airflow/dags/job_etl_dag.py
[2026-05-12T15:25:28.489+0000] {processor.py:830} INFO - Processing file /opt/airflow/dags/job_etl_dag.py for tasks to queue
[2026-05-12T15:25:28.493+0000] {logging_mixin.py:188} INFO - [2026-05-12T15:25:28.492+0000] {dagbag.py:538} INFO - Filling up the DagBag from /opt/airflow/dags/job_etl_dag.py
[2026-05-12T15:25:28.563+0000] {processor.py:840} INFO - DAG(s) 'job_market_etl' retrieved from /opt/airflow/dags/job_etl_dag.py
[2026-05-12T15:25:28.641+0000] {logging_mixin.py:188} INFO - [2026-05-12T15:25:28.640+0000] {dag.py:3036} INFO - Sync 1 DAGs
[2026-05-12T15:25:28.673+0000] {logging_mixin.py:188} INFO - [2026-05-12T15:25:28.672+0000] {dag.py:3823} INFO - Setting next_dagrun for job_market_etl to None, run_after=None
[2026-05-12T15:25:28.741+0000] {processor.py:183} INFO - Processing /opt/airflow/dags/job_etl_dag.py took 0.268 seconds
[2026-05-12T15:25:58.927+0000] {processor.py:161} INFO - Started process (PID=208) to work on /opt/airflow/dags/job_etl_dag.py
[2026-05-12T15:25:58.930+0000] {processor.py:830} INFO - Processing file /opt/airflow/dags/job_etl_dag.py for tasks to queue
[2026-05-12T15:25:58.934+0000] {logging_mixin.py:188} INFO - [2026-05-12T15:25:58.933+0000] {dagbag.py:538} INFO - Filling up the DagBag from /opt/airflow/dags/job_etl_dag.py
[2026-05-12T15:25:59.013+0000] {processor.py:840} INFO - DAG(s) 'job_market_etl' retrieved from /opt/airflow/dags/job_etl_dag.py
[2026-05-12T15:25:59.130+0000] {logging_mixin.py:188} INFO - [2026-05-12T15:25:59.129+0000] {dag.py:3036} INFO - Sync 1 DAGs
[2026-05-12T15:25:59.162+0000] {logging_mixin.py:188} INFO - [2026-05-12T15:25:59.161+0000] {dag.py:3823} INFO - Setting next_dagrun for job_market_etl to None, run_after=None
[2026-05-12T15:25:59.238+0000] {processor.py:183} INFO - Processing /opt/airflow/dags/job_etl_dag.py took 0.324 seconds
[2026-05-12T15:26:29.581+0000] {processor.py:161} INFO - Started process (PID=209) to work on /opt/airflow/dags/job_etl_dag.py
[2026-05-12T15:26:29.587+0000] {processor.py:830} INFO - Processing file /opt/airflow/dags/job_etl_dag.py for tasks to queue
[2026-05-12T15:26:29.592+0000] {logging_mixin.py:188} INFO - [2026-05-12T15:26:29.591+0000] {dagbag.py:538} INFO - Filling up the DagBag from /opt/airflow/dags/job_etl_dag.py
[2026-05-12T15:26:29.679+0000] {processor.py:840} INFO - DAG(s) 'job_market_etl' retrieved from /opt/airflow/dags/job_etl_dag.py
[2026-05-12T15:26:29.788+0000] {logging_mixin.py:188} INFO - [2026-05-12T15:26:29.787+0000] {dag.py:3036} INFO - Sync 1 DAGs
[2026-05-12T15:26:29.826+0000] {logging_mixin.py:188} INFO - [2026-05-12T15:26:29.825+0000] {dag.py:3823} INFO - Setting next_dagrun for job_market_etl to None, run_after=None
[2026-05-12T15:26:29.898+0000] {processor.py:183} INFO - Processing /opt/airflow/dags/job_etl_dag.py took 0.326 seconds
[2026-05-12T15:27:00.175+0000] {processor.py:161} INFO - Started process (PID=210) to work on /opt/airflow/dags/job_etl_dag.py
[2026-05-12T15:27:00.180+0000] {processor.py:830} INFO - Processing file /opt/airflow/dags/job_etl_dag.py for tasks to queue
[2026-05-12T15:27:00.188+0000] {logging_mixin.py:188} INFO - [2026-05-12T15:27:00.184+0000] {dagbag.py:538} INFO - Filling up the DagBag from /opt/airflow/dags/job_etl_dag.py
[2026-05-12T15:27:00.265+0000] {processor.py:840} INFO - DAG(s) 'job_market_etl' retrieved from /opt/airflow/dags/job_etl_dag.py
[2026-05-12T15:27:00.356+0000] {logging_mixin.py:188} INFO - [2026-05-12T15:27:00.355+0000] {dag.py:3036} INFO - Sync 1 DAGs
[2026-05-12T15:27:00.396+0000] {logging_mixin.py:188} INFO - [2026-05-12T15:27:00.395+0000] {dag.py:3823} INFO - Setting next_dagrun for job_market_etl to None, run_after=None
[2026-05-12T15:27:00.479+0000] {processor.py:183} INFO - Processing /opt/airflow/dags/job_etl_dag.py took 0.340 seconds
[2026-05-12T15:27:30.776+0000] {processor.py:161} INFO - Started process (PID=211) to work on /opt/airflow/dags/job_etl_dag.py
[2026-05-12T15:27:30.780+0000] {processor.py:830} INFO - Processing file /opt/airflow/dags/job_etl_dag.py for tasks to queue
[2026-05-12T15:27:30.784+0000] {logging_mixin.py:188} INFO - [2026-05-12T15:27:30.783+0000] {dagbag.py:538} INFO - Filling up the DagBag from /opt/airflow/dags/job_etl_dag.py
[2026-05-12T15:27:30.857+0000] {processor.py:840} INFO - DAG(s) 'job_market_etl' retrieved from /opt/airflow/dags/job_etl_dag.py
[2026-05-12T15:27:30.941+0000] {logging_mixin.py:188} INFO - [2026-05-12T15:27:30.941+0000] {dag.py:3036} INFO - Sync 1 DAGs
[2026-05-12T15:27:30.974+0000] {logging_mixin.py:188} INFO - [2026-05-12T15:27:30.974+0000] {dag.py:3823} INFO - Setting next_dagrun for job_market_etl to None, run_after=None
[2026-05-12T15:27:31.041+0000] {processor.py:183} INFO - Processing /opt/airflow/dags/job_etl_dag.py took 0.278 seconds
[2026-05-12T15:28:01.302+0000] {processor.py:161} INFO - Started process (PID=212) to work on /opt/airflow/dags/job_etl_dag.py
[2026-05-12T15:28:01.307+0000] {processor.py:830} INFO - Processing file /opt/airflow/dags/job_etl_dag.py for tasks to queue
[2026-05-12T15:28:01.310+0000] {logging_mixin.py:188} INFO - [2026-05-12T15:28:01.309+0000] {dagbag.py:538} INFO - Filling up the DagBag from /opt/airflow/dags/job_etl_dag.py
[2026-05-12T15:28:01.376+0000] {processor.py:840} INFO - DAG(s) 'job_market_etl' retrieved from /opt/airflow/dags/job_etl_dag.py
[2026-05-12T15:28:01.466+0000] {logging_mixin.py:188} INFO - [2026-05-12T15:28:01.466+0000] {dag.py:3036} INFO - Sync 1 DAGs
[2026-05-12T15:28:01.499+0000] {logging_mixin.py:188} INFO - [2026-05-12T15:28:01.498+0000] {dag.py:3823} INFO - Setting next_dagrun for job_market_etl to None, run_after=None
[2026-05-12T15:28:01.550+0000] {processor.py:183} INFO - Processing /opt/airflow/dags/job_etl_dag.py took 0.258 seconds
[2026-05-12T15:28:31.871+0000] {processor.py:161} INFO - Started process (PID=213) to work on /opt/airflow/dags/job_etl_dag.py
[2026-05-12T15:28:31.876+0000] {processor.py:830} INFO - Processing file /opt/airflow/dags/job_etl_dag.py for tasks to queue
[2026-05-12T15:28:31.879+0000] {logging_mixin.py:188} INFO - [2026-05-12T15:28:31.878+0000] {dagbag.py:538} INFO - Filling up the DagBag from /opt/airflow/dags/job_etl_dag.py
[2026-05-12T15:28:31.958+0000] {processor.py:840} INFO - DAG(s) 'job_market_etl' retrieved from /opt/airflow/dags/job_etl_dag.py
[2026-05-12T15:28:32.040+0000] {logging_mixin.py:188} INFO - [2026-05-12T15:28:32.040+0000] {dag.py:3036} INFO - Sync 1 DAGs
[2026-05-12T15:28:32.072+0000] {logging_mixin.py:188} INFO - [2026-05-12T15:28:32.071+0000] {dag.py:3823} INFO - Setting next_dagrun for job_market_etl to None, run_after=None
[2026-05-12T15:28:32.135+0000] {processor.py:183} INFO - Processing /opt/airflow/dags/job_etl_dag.py took 0.278 seconds
[2026-05-12T15:29:02.425+0000] {processor.py:161} INFO - Started process (PID=214) to work on /opt/airflow/dags/job_etl_dag.py
[2026-05-12T15:29:02.429+0000] {processor.py:830} INFO - Processing file /opt/airflow/dags/job_etl_dag.py for tasks to queue
[2026-05-12T15:29:02.432+0000] {logging_mixin.py:188} INFO - [2026-05-12T15:29:02.431+0000] {dagbag.py:538} INFO - Filling up the DagBag from /opt/airflow/dags/job_etl_dag.py
[2026-05-12T15:29:02.514+0000] {processor.py:840} INFO - DAG(s) 'job_market_etl' retrieved from /opt/airflow/dags/job_etl_dag.py
[2026-05-12T15:29:02.616+0000] {logging_mixin.py:188} INFO - [2026-05-12T15:29:02.615+0000] {dag.py:3036} INFO - Sync 1 DAGs
[2026-05-12T15:29:02.649+0000] {logging_mixin.py:188} INFO - [2026-05-12T15:29:02.649+0000] {dag.py:3823} INFO - Setting next_dagrun for job_market_etl to None, run_after=None
[2026-05-12T15:29:02.738+0000] {processor.py:183} INFO - Processing /opt/airflow/dags/job_etl_dag.py took 0.325 seconds
[2026-05-12T15:29:32.998+0000] {processor.py:161} INFO - Started process (PID=215) to work on /opt/airflow/dags/job_etl_dag.py
[2026-05-12T15:29:33.001+0000] {processor.py:830} INFO - Processing file /opt/airflow/dags/job_etl_dag.py for tasks to queue
[2026-05-12T15:29:33.006+0000] {logging_mixin.py:188} INFO - [2026-05-12T15:29:33.004+0000] {dagbag.py:538} INFO - Filling up the DagBag from /opt/airflow/dags/job_etl_dag.py
[2026-05-12T15:29:33.087+0000] {processor.py:840} INFO - DAG(s) 'job_market_etl' retrieved from /opt/airflow/dags/job_etl_dag.py
[2026-05-12T15:29:33.181+0000] {logging_mixin.py:188} INFO - [2026-05-12T15:29:33.180+0000] {dag.py:3036} INFO - Sync 1 DAGs
[2026-05-12T15:29:33.209+0000] {logging_mixin.py:188} INFO - [2026-05-12T15:29:33.208+0000] {dag.py:3823} INFO - Setting next_dagrun for job_market_etl to None, run_after=None
[2026-05-12T15:29:33.269+0000] {processor.py:183} INFO - Processing /opt/airflow/dags/job_etl_dag.py took 0.284 seconds
[2026-05-12T15:30:03.667+0000] {processor.py:161} INFO - Started process (PID=216) to work on /opt/airflow/dags/job_etl_dag.py
[2026-05-12T15:30:03.671+0000] {processor.py:830} INFO - Processing file /opt/airflow/dags/job_etl_dag.py for tasks to queue
[2026-05-12T15:30:03.675+0000] {logging_mixin.py:188} INFO - [2026-05-12T15:30:03.674+0000] {dagbag.py:538} INFO - Filling up the DagBag from /opt/airflow/dags/job_etl_dag.py
[2026-05-12T15:30:03.750+0000] {processor.py:840} INFO - DAG(s) 'job_market_etl' retrieved from /opt/airflow/dags/job_etl_dag.py
[2026-05-12T15:30:03.847+0000] {logging_mixin.py:188} INFO - [2026-05-12T15:30:03.847+0000] {dag.py:3036} INFO - Sync 1 DAGs
[2026-05-12T15:30:03.887+0000] {logging_mixin.py:188} INFO - [2026-05-12T15:30:03.886+0000] {dag.py:3823} INFO - Setting next_dagrun for job_market_etl to None, run_after=None
[2026-05-12T15:30:03.971+0000] {processor.py:183} INFO - Processing /opt/airflow/dags/job_etl_dag.py took 0.318 seconds
[2026-05-12T15:30:34.169+0000] {processor.py:161} INFO - Started process (PID=217) to work on /opt/airflow/dags/job_etl_dag.py
[2026-05-12T15:30:34.174+0000] {processor.py:830} INFO - Processing file /opt/airflow/dags/job_etl_dag.py for tasks to queue
[2026-05-12T15:30:34.179+0000] {logging_mixin.py:188} INFO - [2026-05-12T15:30:34.177+0000] {dagbag.py:538} INFO - Filling up the DagBag from /opt/airflow/dags/job_etl_dag.py
[2026-05-12T15:30:34.255+0000] {processor.py:840} INFO - DAG(s) 'job_market_etl' retrieved from /opt/airflow/dags/job_etl_dag.py
[2026-05-12T15:30:34.348+0000] {logging_mixin.py:188} INFO - [2026-05-12T15:30:34.348+0000] {dag.py:3036} INFO - Sync 1 DAGs
[2026-05-12T15:30:34.389+0000] {logging_mixin.py:188} INFO - [2026-05-12T15:30:34.388+0000] {dag.py:3823} INFO - Setting next_dagrun for job_market_etl to None, run_after=None
[2026-05-12T15:30:34.466+0000] {processor.py:183} INFO - Processing /opt/airflow/dags/job_etl_dag.py took 0.311 seconds
[2026-05-12T15:31:04.940+0000] {processor.py:161} INFO - Started process (PID=218) to work on /opt/airflow/dags/job_etl_dag.py
[2026-05-12T15:31:04.945+0000] {processor.py:830} INFO - Processing file /opt/airflow/dags/job_etl_dag.py for tasks to queue
[2026-05-12T15:31:04.949+0000] {logging_mixin.py:188} INFO - [2026-05-12T15:31:04.948+0000] {dagbag.py:538} INFO - Filling up the DagBag from /opt/airflow/dags/job_etl_dag.py
[2026-05-12T15:31:05.024+0000] {processor.py:840} INFO - DAG(s) 'job_market_etl' retrieved from /opt/airflow/dags/job_etl_dag.py
[2026-05-12T15:31:05.127+0000] {logging_mixin.py:188} INFO - [2026-05-12T15:31:05.127+0000] {dag.py:3036} INFO - Sync 1 DAGs
[2026-05-12T15:31:05.165+0000] {logging_mixin.py:188} INFO - [2026-05-12T15:31:05.164+0000] {dag.py:3823} INFO - Setting next_dagrun for job_market_etl to None, run_after=None
[2026-05-12T15:31:05.241+0000] {processor.py:183} INFO - Processing /opt/airflow/dags/job_etl_dag.py took 0.314 seconds
[2026-05-12T15:31:35.382+0000] {processor.py:161} INFO - Started process (PID=219) to work on /opt/airflow/dags/job_etl_dag.py
[2026-05-12T15:31:35.386+0000] {processor.py:830} INFO - Processing file /opt/airflow/dags/job_etl_dag.py for tasks to queue
[2026-05-12T15:31:35.390+0000] {logging_mixin.py:188} INFO - [2026-05-12T15:31:35.389+0000] {dagbag.py:538} INFO - Filling up the DagBag from /opt/airflow/dags/job_etl_dag.py
[2026-05-12T15:31:35.470+0000] {processor.py:840} INFO - DAG(s) 'job_market_etl' retrieved from /opt/airflow/dags/job_etl_dag.py
[2026-05-12T15:31:35.569+0000] {logging_mixin.py:188} INFO - [2026-05-12T15:31:35.568+0000] {dag.py:3036} INFO - Sync 1 DAGs
[2026-05-12T15:31:35.619+0000] {logging_mixin.py:188} INFO - [2026-05-12T15:31:35.619+0000] {dag.py:3823} INFO - Setting next_dagrun for job_market_etl to None, run_after=None
[2026-05-12T15:31:35.690+0000] {processor.py:183} INFO - Processing /opt/airflow/dags/job_etl_dag.py took 0.322 seconds
[2026-05-12T15:32:06.098+0000] {processor.py:161} INFO - Started process (PID=220) to work on /opt/airflow/dags/job_etl_dag.py
[2026-05-12T15:32:06.103+0000] {processor.py:830} INFO - Processing file /opt/airflow/dags/job_etl_dag.py for tasks to queue
[2026-05-12T15:32:06.107+0000] {logging_mixin.py:188} INFO - [2026-05-12T15:32:06.106+0000] {dagbag.py:538} INFO - Filling up the DagBag from /opt/airflow/dags/job_etl_dag.py
[2026-05-12T15:32:06.185+0000] {processor.py:840} INFO - DAG(s) 'job_market_etl' retrieved from /opt/airflow/dags/job_etl_dag.py
[2026-05-12T15:32:06.286+0000] {logging_mixin.py:188} INFO - [2026-05-12T15:32:06.286+0000] {dag.py:3036} INFO - Sync 1 DAGs
[2026-05-12T15:32:06.324+0000] {logging_mixin.py:188} INFO - [2026-05-12T15:32:06.324+0000] {dag.py:3823} INFO - Setting next_dagrun for job_market_etl to None, run_after=None
[2026-05-12T15:32:06.413+0000] {processor.py:183} INFO - Processing /opt/airflow/dags/job_etl_dag.py took 0.328 seconds
[2026-05-12T15:32:36.567+0000] {processor.py:161} INFO - Started process (PID=221) to work on /opt/airflow/dags/job_etl_dag.py
[2026-05-12T15:32:36.572+0000] {processor.py:830} INFO - Processing file /opt/airflow/dags/job_etl_dag.py for tasks to queue
[2026-05-12T15:32:36.576+0000] {logging_mixin.py:188} INFO - [2026-05-12T15:32:36.575+0000] {dagbag.py:538} INFO - Filling up the DagBag from /opt/airflow/dags/job_etl_dag.py
[2026-05-12T15:32:36.650+0000] {processor.py:840} INFO - DAG(s) 'job_market_etl' retrieved from /opt/airflow/dags/job_etl_dag.py
[2026-05-12T15:32:36.752+0000] {logging_mixin.py:188} INFO - [2026-05-12T15:32:36.751+0000] {dag.py:3036} INFO - Sync 1 DAGs
[2026-05-12T15:32:36.793+0000] {logging_mixin.py:188} INFO - [2026-05-12T15:32:36.793+0000] {dag.py:3823} INFO - Setting next_dagrun for job_market_etl to None, run_after=None
[2026-05-12T15:32:36.862+0000] {processor.py:183} INFO - Processing /opt/airflow/dags/job_etl_dag.py took 0.314 seconds
[2026-05-12T15:33:07.297+0000] {processor.py:161} INFO - Started process (PID=222) to work on /opt/airflow/dags/job_etl_dag.py
[2026-05-12T15:33:07.304+0000] {processor.py:830} INFO - Processing file /opt/airflow/dags/job_etl_dag.py for tasks to queue
[2026-05-12T15:33:07.308+0000] {logging_mixin.py:188} INFO - [2026-05-12T15:33:07.307+0000] {dagbag.py:538} INFO - Filling up the DagBag from /opt/airflow/dags/job_etl_dag.py
[2026-05-12T15:33:07.380+0000] {processor.py:840} INFO - DAG(s) 'job_market_etl' retrieved from /opt/airflow/dags/job_etl_dag.py
[2026-05-12T15:33:07.498+0000] {logging_mixin.py:188} INFO - [2026-05-12T15:33:07.497+0000] {dag.py:3036} INFO - Sync 1 DAGs
[2026-05-12T15:33:07.551+0000] {logging_mixin.py:188} INFO - [2026-05-12T15:33:07.550+0000] {dag.py:3823} INFO - Setting next_dagrun for job_market_etl to None, run_after=None
[2026-05-12T15:33:07.625+0000] {processor.py:183} INFO - Processing /opt/airflow/dags/job_etl_dag.py took 0.340 seconds
[2026-05-12T15:33:38.130+0000] {processor.py:161} INFO - Started process (PID=223) to work on /opt/airflow/dags/job_etl_dag.py
[2026-05-12T15:33:38.139+0000] {processor.py:830} INFO - Processing file /opt/airflow/dags/job_etl_dag.py for tasks to queue
[2026-05-12T15:33:38.148+0000] {logging_mixin.py:188} INFO - [2026-05-12T15:33:38.145+0000] {dagbag.py:538} INFO - Filling up the DagBag from /opt/airflow/dags/job_etl_dag.py
[2026-05-12T15:33:38.264+0000] {processor.py:840} INFO - DAG(s) 'job_market_etl' retrieved from /opt/airflow/dags/job_etl_dag.py
[2026-05-12T15:33:38.406+0000] {logging_mixin.py:188} INFO - [2026-05-12T15:33:38.405+0000] {dag.py:3036} INFO - Sync 1 DAGs
[2026-05-12T15:33:38.444+0000] {logging_mixin.py:188} INFO - [2026-05-12T15:33:38.443+0000] {dag.py:3823} INFO - Setting next_dagrun for job_market_etl to None, run_after=None
[2026-05-12T15:33:38.509+0000] {processor.py:183} INFO - Processing /opt/airflow/dags/job_etl_dag.py took 0.401 seconds
[2026-05-12T15:34:08.998+0000] {processor.py:161} INFO - Started process (PID=224) to work on /opt/airflow/dags/job_etl_dag.py
[2026-05-12T15:34:09.003+0000] {processor.py:830} INFO - Processing file /opt/airflow/dags/job_etl_dag.py for tasks to queue
[2026-05-12T15:34:09.007+0000] {logging_mixin.py:188} INFO - [2026-05-12T15:34:09.006+0000] {dagbag.py:538} INFO - Filling up the DagBag from /opt/airflow/dags/job_etl_dag.py
[2026-05-12T15:34:09.089+0000] {processor.py:840} INFO - DAG(s) 'job_market_etl' retrieved from /opt/airflow/dags/job_etl_dag.py
[2026-05-12T15:34:09.195+0000] {logging_mixin.py:188} INFO - [2026-05-12T15:34:09.194+0000] {dag.py:3036} INFO - Sync 1 DAGs
[2026-05-12T15:34:09.235+0000] {logging_mixin.py:188} INFO - [2026-05-12T15:34:09.234+0000] {dag.py:3823} INFO - Setting next_dagrun for job_market_etl to None, run_after=None
[2026-05-12T15:34:09.323+0000] {processor.py:183} INFO - Processing /opt/airflow/dags/job_etl_dag.py took 0.340 seconds
[2026-05-12T15:34:39.815+0000] {processor.py:161} INFO - Started process (PID=225) to work on /opt/airflow/dags/job_etl_dag.py
[2026-05-12T15:34:39.821+0000] {processor.py:830} INFO - Processing file /opt/airflow/dags/job_etl_dag.py for tasks to queue
[2026-05-12T15:34:39.825+0000] {logging_mixin.py:188} INFO - [2026-05-12T15:34:39.824+0000] {dagbag.py:538} INFO - Filling up the DagBag from /opt/airflow/dags/job_etl_dag.py
[2026-05-12T15:34:39.907+0000] {processor.py:840} INFO - DAG(s) 'job_market_etl' retrieved from /opt/airflow/dags/job_etl_dag.py
[2026-05-12T15:34:40.033+0000] {logging_mixin.py:188} INFO - [2026-05-12T15:34:40.033+0000] {dag.py:3036} INFO - Sync 1 DAGs
[2026-05-12T15:34:40.068+0000] {logging_mixin.py:188} INFO - [2026-05-12T15:34:40.067+0000] {dag.py:3823} INFO - Setting next_dagrun for job_market_etl to None, run_after=None
[2026-05-12T15:34:40.158+0000] {processor.py:183} INFO - Processing /opt/airflow/dags/job_etl_dag.py took 0.360 seconds
[2026-05-12T15:35:10.666+0000] {processor.py:161} INFO - Started process (PID=226) to work on /opt/airflow/dags/job_etl_dag.py
[2026-05-12T15:35:10.674+0000] {processor.py:830} INFO - Processing file /opt/airflow/dags/job_etl_dag.py for tasks to queue
[2026-05-12T15:35:10.678+0000] {logging_mixin.py:188} INFO - [2026-05-12T15:35:10.677+0000] {dagbag.py:538} INFO - Filling up the DagBag from /opt/airflow/dags/job_etl_dag.py
[2026-05-12T15:35:10.764+0000] {processor.py:840} INFO - DAG(s) 'job_market_etl' retrieved from /opt/airflow/dags/job_etl_dag.py
[2026-05-12T15:35:10.881+0000] {logging_mixin.py:188} INFO - [2026-05-12T15:35:10.880+0000] {dag.py:3036} INFO - Sync 1 DAGs
[2026-05-12T15:35:10.934+0000] {logging_mixin.py:188} INFO - [2026-05-12T15:35:10.933+0000] {dag.py:3823} INFO - Setting next_dagrun for job_market_etl to None, run_after=None
[2026-05-12T15:35:10.999+0000] {processor.py:183} INFO - Processing /opt/airflow/dags/job_etl_dag.py took 0.353 seconds
[2026-05-12T15:35:41.126+0000] {processor.py:161} INFO - Started process (PID=227) to work on /opt/airflow/dags/job_etl_dag.py
[2026-05-12T15:35:41.131+0000] {processor.py:830} INFO - Processing file /opt/airflow/dags/job_etl_dag.py for tasks to queue
[2026-05-12T15:35:41.134+0000] {logging_mixin.py:188} INFO - [2026-05-12T15:35:41.134+0000] {dagbag.py:538} INFO - Filling up the DagBag from /opt/airflow/dags/job_etl_dag.py
[2026-05-12T15:35:41.199+0000] {processor.py:840} INFO - DAG(s) 'job_market_etl' retrieved from /opt/airflow/dags/job_etl_dag.py
[2026-05-12T15:35:41.292+0000] {logging_mixin.py:188} INFO - [2026-05-12T15:35:41.291+0000] {dag.py:3036} INFO - Sync 1 DAGs
[2026-05-12T15:35:41.327+0000] {logging_mixin.py:188} INFO - [2026-05-12T15:35:41.327+0000] {dag.py:3823} INFO - Setting next_dagrun for job_market_etl to None, run_after=None
[2026-05-12T15:35:41.396+0000] {processor.py:183} INFO - Processing /opt/airflow/dags/job_etl_dag.py took 0.283 seconds
[2026-05-12T15:36:11.866+0000] {processor.py:161} INFO - Started process (PID=228) to work on /opt/airflow/dags/job_etl_dag.py
[2026-05-12T15:36:11.870+0000] {processor.py:830} INFO - Processing file /opt/airflow/dags/job_etl_dag.py for tasks to queue
[2026-05-12T15:36:11.874+0000] {logging_mixin.py:188} INFO - [2026-05-12T15:36:11.873+0000] {dagbag.py:538} INFO - Filling up the DagBag from /opt/airflow/dags/job_etl_dag.py
[2026-05-12T15:36:11.945+0000] {processor.py:840} INFO - DAG(s) 'job_market_etl' retrieved from /opt/airflow/dags/job_etl_dag.py
[2026-05-12T15:36:12.035+0000] {logging_mixin.py:188} INFO - [2026-05-12T15:36:12.035+0000] {dag.py:3036} INFO - Sync 1 DAGs
[2026-05-12T15:36:12.066+0000] {logging_mixin.py:188} INFO - [2026-05-12T15:36:12.065+0000] {dag.py:3823} INFO - Setting next_dagrun for job_market_etl to None, run_after=None
[2026-05-12T15:36:12.127+0000] {processor.py:183} INFO - Processing /opt/airflow/dags/job_etl_dag.py took 0.273 seconds
[2026-05-12T15:36:42.314+0000] {processor.py:161} INFO - Started process (PID=229) to work on /opt/airflow/dags/job_etl_dag.py
[2026-05-12T15:36:42.319+0000] {processor.py:830} INFO - Processing file /opt/airflow/dags/job_etl_dag.py for tasks to queue
[2026-05-12T15:36:42.323+0000] {logging_mixin.py:188} INFO - [2026-05-12T15:36:42.322+0000] {dagbag.py:538} INFO - Filling up the DagBag from /opt/airflow/dags/job_etl_dag.py
[2026-05-12T15:36:42.399+0000] {processor.py:840} INFO - DAG(s) 'job_market_etl' retrieved from /opt/airflow/dags/job_etl_dag.py
[2026-05-12T15:36:42.510+0000] {logging_mixin.py:188} INFO - [2026-05-12T15:36:42.509+0000] {dag.py:3036} INFO - Sync 1 DAGs
[2026-05-12T15:36:42.550+0000] {logging_mixin.py:188} INFO - [2026-05-12T15:36:42.550+0000] {dag.py:3823} INFO - Setting next_dagrun for job_market_etl to None, run_after=None
[2026-05-12T15:36:42.615+0000] {processor.py:183} INFO - Processing /opt/airflow/dags/job_etl_dag.py took 0.321 seconds
[2026-05-12T15:37:13.008+0000] {processor.py:161} INFO - Started process (PID=230) to work on /opt/airflow/dags/job_etl_dag.py
[2026-05-12T15:37:13.012+0000] {processor.py:830} INFO - Processing file /opt/airflow/dags/job_etl_dag.py for tasks to queue
[2026-05-12T15:37:13.016+0000] {logging_mixin.py:188} INFO - [2026-05-12T15:37:13.015+0000] {dagbag.py:538} INFO - Filling up the DagBag from /opt/airflow/dags/job_etl_dag.py
[2026-05-12T15:37:13.089+0000] {processor.py:840} INFO - DAG(s) 'job_market_etl' retrieved from /opt/airflow/dags/job_etl_dag.py
[2026-05-12T15:37:13.190+0000] {logging_mixin.py:188} INFO - [2026-05-12T15:37:13.190+0000] {dag.py:3036} INFO - Sync 1 DAGs
[2026-05-12T15:37:13.227+0000] {logging_mixin.py:188} INFO - [2026-05-12T15:37:13.226+0000] {dag.py:3823} INFO - Setting next_dagrun for job_market_etl to None, run_after=None
[2026-05-12T15:37:13.302+0000] {processor.py:183} INFO - Processing /opt/airflow/dags/job_etl_dag.py took 0.304 seconds
[2026-05-12T15:37:43.476+0000] {processor.py:161} INFO - Started process (PID=231) to work on /opt/airflow/dags/job_etl_dag.py
[2026-05-12T15:37:43.480+0000] {processor.py:830} INFO - Processing file /opt/airflow/dags/job_etl_dag.py for tasks to queue
[2026-05-12T15:37:43.486+0000] {logging_mixin.py:188} INFO - [2026-05-12T15:37:43.484+0000] {dagbag.py:538} INFO - Filling up the DagBag from /opt/airflow/dags/job_etl_dag.py
[2026-05-12T15:37:43.595+0000] {processor.py:840} INFO - DAG(s) 'job_market_etl' retrieved from /opt/airflow/dags/job_etl_dag.py
[2026-05-12T15:37:43.689+0000] {logging_mixin.py:188} INFO - [2026-05-12T15:37:43.688+0000] {dag.py:3036} INFO - Sync 1 DAGs
[2026-05-12T15:37:43.734+0000] {logging_mixin.py:188} INFO - [2026-05-12T15:37:43.732+0000] {dag.py:3823} INFO - Setting next_dagrun for job_market_etl to None, run_after=None
[2026-05-12T15:37:43.809+0000] {processor.py:183} INFO - Processing /opt/airflow/dags/job_etl_dag.py took 0.347 seconds
[2026-05-12T15:38:14.245+0000] {processor.py:161} INFO - Started process (PID=232) to work on /opt/airflow/dags/job_etl_dag.py
[2026-05-12T15:38:14.249+0000] {processor.py:830} INFO - Processing file /opt/airflow/dags/job_etl_dag.py for tasks to queue
[2026-05-12T15:38:14.253+0000] {logging_mixin.py:188} INFO - [2026-05-12T15:38:14.251+0000] {dagbag.py:538} INFO - Filling up the DagBag from /opt/airflow/dags/job_etl_dag.py
[2026-05-12T15:38:14.322+0000] {processor.py:840} INFO - DAG(s) 'job_market_etl' retrieved from /opt/airflow/dags/job_etl_dag.py
[2026-05-12T15:38:14.399+0000] {logging_mixin.py:188} INFO - [2026-05-12T15:38:14.399+0000] {dag.py:3036} INFO - Sync 1 DAGs
[2026-05-12T15:38:14.438+0000] {logging_mixin.py:188} INFO - [2026-05-12T15:38:14.438+0000] {dag.py:3823} INFO - Setting next_dagrun for job_market_etl to None, run_after=None
[2026-05-12T15:38:14.489+0000] {processor.py:183} INFO - Processing /opt/airflow/dags/job_etl_dag.py took 0.257 seconds
[2026-05-12T15:38:44.897+0000] {processor.py:161} INFO - Started process (PID=233) to work on /opt/airflow/dags/job_etl_dag.py
[2026-05-12T15:38:44.902+0000] {processor.py:830} INFO - Processing file /opt/airflow/dags/job_etl_dag.py for tasks to queue
[2026-05-12T15:38:44.910+0000] {logging_mixin.py:188} INFO - [2026-05-12T15:38:44.907+0000] {dagbag.py:538} INFO - Filling up the DagBag from /opt/airflow/dags/job_etl_dag.py
[2026-05-12T15:38:45.004+0000] {processor.py:840} INFO - DAG(s) 'job_market_etl' retrieved from /opt/airflow/dags/job_etl_dag.py
[2026-05-12T15:38:45.157+0000] {logging_mixin.py:188} INFO - [2026-05-12T15:38:45.156+0000] {dag.py:3036} INFO - Sync 1 DAGs
[2026-05-12T15:38:45.266+0000] {logging_mixin.py:188} INFO - [2026-05-12T15:38:45.266+0000] {dag.py:3823} INFO - Setting next_dagrun for job_market_etl to None, run_after=None
[2026-05-12T15:38:45.419+0000] {processor.py:183} INFO - Processing /opt/airflow/dags/job_etl_dag.py took 0.550 seconds
[2026-05-12T15:39:15.898+0000] {processor.py:161} INFO - Started process (PID=234) to work on /opt/airflow/dags/job_etl_dag.py
[2026-05-12T15:39:15.902+0000] {processor.py:830} INFO - Processing file /opt/airflow/dags/job_etl_dag.py for tasks to queue
[2026-05-12T15:39:15.906+0000] {logging_mixin.py:188} INFO - [2026-05-12T15:39:15.905+0000] {dagbag.py:538} INFO - Filling up the DagBag from /opt/airflow/dags/job_etl_dag.py
[2026-05-12T15:39:15.979+0000] {processor.py:840} INFO - DAG(s) 'job_market_etl' retrieved from /opt/airflow/dags/job_etl_dag.py
[2026-05-12T15:39:16.082+0000] {logging_mixin.py:188} INFO - [2026-05-12T15:39:16.082+0000] {dag.py:3036} INFO - Sync 1 DAGs
[2026-05-12T15:39:16.129+0000] {logging_mixin.py:188} INFO - [2026-05-12T15:39:16.128+0000] {dag.py:3823} INFO - Setting next_dagrun for job_market_etl to None, run_after=None
[2026-05-12T15:39:16.193+0000] {processor.py:183} INFO - Processing /opt/airflow/dags/job_etl_dag.py took 0.308 seconds
[2026-05-12T15:39:46.666+0000] {processor.py:161} INFO - Started process (PID=235) to work on /opt/airflow/dags/job_etl_dag.py
[2026-05-12T15:39:46.669+0000] {processor.py:830} INFO - Processing file /opt/airflow/dags/job_etl_dag.py for tasks to queue
[2026-05-12T15:39:46.674+0000] {logging_mixin.py:188} INFO - [2026-05-12T15:39:46.672+0000] {dagbag.py:538} INFO - Filling up the DagBag from /opt/airflow/dags/job_etl_dag.py
[2026-05-12T15:39:46.750+0000] {processor.py:840} INFO - DAG(s) 'job_market_etl' retrieved from /opt/airflow/dags/job_etl_dag.py
[2026-05-12T15:39:46.868+0000] {logging_mixin.py:188} INFO - [2026-05-12T15:39:46.867+0000] {dag.py:3036} INFO - Sync 1 DAGs
[2026-05-12T15:39:46.905+0000] {logging_mixin.py:188} INFO - [2026-05-12T15:39:46.904+0000] {dag.py:3823} INFO - Setting next_dagrun for job_market_etl to None, run_after=None
[2026-05-12T15:39:46.969+0000] {processor.py:183} INFO - Processing /opt/airflow/dags/job_etl_dag.py took 0.318 seconds
[2026-05-12T15:40:17.137+0000] {processor.py:161} INFO - Started process (PID=236) to work on /opt/airflow/dags/job_etl_dag.py
[2026-05-12T15:40:17.144+0000] {processor.py:830} INFO - Processing file /opt/airflow/dags/job_etl_dag.py for tasks to queue
[2026-05-12T15:40:17.149+0000] {logging_mixin.py:188} INFO - [2026-05-12T15:40:17.148+0000] {dagbag.py:538} INFO - Filling up the DagBag from /opt/airflow/dags/job_etl_dag.py
[2026-05-12T15:40:17.238+0000] {processor.py:840} INFO - DAG(s) 'job_market_etl' retrieved from /opt/airflow/dags/job_etl_dag.py
[2026-05-12T15:40:17.377+0000] {logging_mixin.py:188} INFO - [2026-05-12T15:40:17.376+0000] {dag.py:3036} INFO - Sync 1 DAGs
[2026-05-12T15:40:17.423+0000] {logging_mixin.py:188} INFO - [2026-05-12T15:40:17.422+0000] {dag.py:3823} INFO - Setting next_dagrun for job_market_etl to None, run_after=None
[2026-05-12T15:40:17.515+0000] {processor.py:183} INFO - Processing /opt/airflow/dags/job_etl_dag.py took 0.390 seconds
[2026-05-12T15:40:48.221+0000] {processor.py:161} INFO - Started process (PID=237) to work on /opt/airflow/dags/job_etl_dag.py
[2026-05-12T15:40:48.226+0000] {processor.py:830} INFO - Processing file /opt/airflow/dags/job_etl_dag.py for tasks to queue
[2026-05-12T15:40:48.231+0000] {logging_mixin.py:188} INFO - [2026-05-12T15:40:48.229+0000] {dagbag.py:538} INFO - Filling up the DagBag from /opt/airflow/dags/job_etl_dag.py
[2026-05-12T15:40:48.318+0000] {processor.py:840} INFO - DAG(s) 'job_market_etl' retrieved from /opt/airflow/dags/job_etl_dag.py
[2026-05-12T15:40:48.479+0000] {logging_mixin.py:188} INFO - [2026-05-12T15:40:48.478+0000] {dag.py:3036} INFO - Sync 1 DAGs
[2026-05-12T15:40:48.577+0000] {logging_mixin.py:188} INFO - [2026-05-12T15:40:48.575+0000] {dag.py:3823} INFO - Setting next_dagrun for job_market_etl to None, run_after=None
[2026-05-12T15:40:48.722+0000] {processor.py:183} INFO - Processing /opt/airflow/dags/job_etl_dag.py took 0.518 seconds
[2026-05-12T15:41:19.379+0000] {processor.py:161} INFO - Started process (PID=238) to work on /opt/airflow/dags/job_etl_dag.py
[2026-05-12T15:41:19.386+0000] {processor.py:830} INFO - Processing file /opt/airflow/dags/job_etl_dag.py for tasks to queue
[2026-05-12T15:41:19.392+0000] {logging_mixin.py:188} INFO - [2026-05-12T15:41:19.391+0000] {dagbag.py:538} INFO - Filling up the DagBag from /opt/airflow/dags/job_etl_dag.py
[2026-05-12T15:41:19.482+0000] {processor.py:840} INFO - DAG(s) 'job_market_etl' retrieved from /opt/airflow/dags/job_etl_dag.py
[2026-05-12T15:41:19.592+0000] {logging_mixin.py:188} INFO - [2026-05-12T15:41:19.591+0000] {dag.py:3036} INFO - Sync 1 DAGs
[2026-05-12T15:41:19.645+0000] {logging_mixin.py:188} INFO - [2026-05-12T15:41:19.645+0000] {dag.py:3823} INFO - Setting next_dagrun for job_market_etl to None, run_after=None
[2026-05-12T15:41:19.739+0000] {processor.py:183} INFO - Processing /opt/airflow/dags/job_etl_dag.py took 0.377 seconds
[2026-05-12T15:41:50.130+0000] {processor.py:161} INFO - Started process (PID=239) to work on /opt/airflow/dags/job_etl_dag.py
[2026-05-12T15:41:50.134+0000] {processor.py:830} INFO - Processing file /opt/airflow/dags/job_etl_dag.py for tasks to queue
[2026-05-12T15:41:50.139+0000] {logging_mixin.py:188} INFO - [2026-05-12T15:41:50.137+0000] {dagbag.py:538} INFO - Filling up the DagBag from /opt/airflow/dags/job_etl_dag.py
[2026-05-12T15:41:50.223+0000] {processor.py:840} INFO - DAG(s) 'job_market_etl' retrieved from /opt/airflow/dags/job_etl_dag.py
[2026-05-12T15:41:50.349+0000] {logging_mixin.py:188} INFO - [2026-05-12T15:41:50.348+0000] {dag.py:3036} INFO - Sync 1 DAGs
[2026-05-12T15:41:50.395+0000] {logging_mixin.py:188} INFO - [2026-05-12T15:41:50.394+0000] {dag.py:3823} INFO - Setting next_dagrun for job_market_etl to None, run_after=None
[2026-05-12T15:41:50.456+0000] {processor.py:183} INFO - Processing /opt/airflow/dags/job_etl_dag.py took 0.339 seconds
[2026-05-12T15:42:20.710+0000] {processor.py:161} INFO - Started process (PID=240) to work on /opt/airflow/dags/job_etl_dag.py
[2026-05-12T15:42:20.715+0000] {processor.py:830} INFO - Processing file /opt/airflow/dags/job_etl_dag.py for tasks to queue
[2026-05-12T15:42:20.721+0000] {logging_mixin.py:188} INFO - [2026-05-12T15:42:20.719+0000] {dagbag.py:538} INFO - Filling up the DagBag from /opt/airflow/dags/job_etl_dag.py
[2026-05-12T15:42:20.812+0000] {processor.py:840} INFO - DAG(s) 'job_market_etl' retrieved from /opt/airflow/dags/job_etl_dag.py
[2026-05-12T15:42:20.973+0000] {logging_mixin.py:188} INFO - [2026-05-12T15:42:20.971+0000] {dag.py:3036} INFO - Sync 1 DAGs
[2026-05-12T15:42:21.024+0000] {logging_mixin.py:188} INFO - [2026-05-12T15:42:21.023+0000] {dag.py:3823} INFO - Setting next_dagrun for job_market_etl to None, run_after=None
[2026-05-12T15:42:21.119+0000] {processor.py:183} INFO - Processing /opt/airflow/dags/job_etl_dag.py took 0.424 seconds
[2026-05-12T15:42:51.527+0000] {processor.py:161} INFO - Started process (PID=241) to work on /opt/airflow/dags/job_etl_dag.py
[2026-05-12T15:42:51.533+0000] {processor.py:830} INFO - Processing file /opt/airflow/dags/job_etl_dag.py for tasks to queue
[2026-05-12T15:42:51.538+0000] {logging_mixin.py:188} INFO - [2026-05-12T15:42:51.536+0000] {dagbag.py:538} INFO - Filling up the DagBag from /opt/airflow/dags/job_etl_dag.py
[2026-05-12T15:42:51.616+0000] {processor.py:840} INFO - DAG(s) 'job_market_etl' retrieved from /opt/airflow/dags/job_etl_dag.py
[2026-05-12T15:42:51.746+0000] {logging_mixin.py:188} INFO - [2026-05-12T15:42:51.745+0000] {dag.py:3036} INFO - Sync 1 DAGs
[2026-05-12T15:42:51.789+0000] {logging_mixin.py:188} INFO - [2026-05-12T15:42:51.789+0000] {dag.py:3823} INFO - Setting next_dagrun for job_market_etl to None, run_after=None
[2026-05-12T15:42:51.887+0000] {processor.py:183} INFO - Processing /opt/airflow/dags/job_etl_dag.py took 0.374 seconds
[2026-05-12T15:43:22.059+0000] {processor.py:161} INFO - Started process (PID=242) to work on /opt/airflow/dags/job_etl_dag.py
[2026-05-12T15:43:22.062+0000] {processor.py:830} INFO - Processing file /opt/airflow/dags/job_etl_dag.py for tasks to queue
[2026-05-12T15:43:22.067+0000] {logging_mixin.py:188} INFO - [2026-05-12T15:43:22.066+0000] {dagbag.py:538} INFO - Filling up the DagBag from /opt/airflow/dags/job_etl_dag.py
[2026-05-12T15:43:22.151+0000] {processor.py:840} INFO - DAG(s) 'job_market_etl' retrieved from /opt/airflow/dags/job_etl_dag.py
[2026-05-12T15:43:22.256+0000] {logging_mixin.py:188} INFO - [2026-05-12T15:43:22.255+0000] {dag.py:3036} INFO - Sync 1 DAGs
[2026-05-12T15:43:22.293+0000] {logging_mixin.py:188} INFO - [2026-05-12T15:43:22.292+0000] {dag.py:3823} INFO - Setting next_dagrun for job_market_etl to None, run_after=None
[2026-05-12T15:43:22.368+0000] {processor.py:183} INFO - Processing /opt/airflow/dags/job_etl_dag.py took 0.319 seconds
[2026-05-12T15:43:52.761+0000] {processor.py:161} INFO - Started process (PID=243) to work on /opt/airflow/dags/job_etl_dag.py
[2026-05-12T15:43:52.766+0000] {processor.py:830} INFO - Processing file /opt/airflow/dags/job_etl_dag.py for tasks to queue
[2026-05-12T15:43:52.769+0000] {logging_mixin.py:188} INFO - [2026-05-12T15:43:52.768+0000] {dagbag.py:538} INFO - Filling up the DagBag from /opt/airflow/dags/job_etl_dag.py
[2026-05-12T15:43:52.837+0000] {processor.py:840} INFO - DAG(s) 'job_market_etl' retrieved from /opt/airflow/dags/job_etl_dag.py
[2026-05-12T15:43:52.917+0000] {logging_mixin.py:188} INFO - [2026-05-12T15:43:52.916+0000] {dag.py:3036} INFO - Sync 1 DAGs
[2026-05-12T15:43:52.952+0000] {logging_mixin.py:188} INFO - [2026-05-12T15:43:52.952+0000] {dag.py:3823} INFO - Setting next_dagrun for job_market_etl to None, run_after=None
[2026-05-12T15:43:53.021+0000] {processor.py:183} INFO - Processing /opt/airflow/dags/job_etl_dag.py took 0.270 seconds
[2026-05-12T15:44:23.198+0000] {processor.py:161} INFO - Started process (PID=244) to work on /opt/airflow/dags/job_etl_dag.py
[2026-05-12T15:44:23.204+0000] {processor.py:830} INFO - Processing file /opt/airflow/dags/job_etl_dag.py for tasks to queue
[2026-05-12T15:44:23.207+0000] {logging_mixin.py:188} INFO - [2026-05-12T15:44:23.206+0000] {dagbag.py:538} INFO - Filling up the DagBag from /opt/airflow/dags/job_etl_dag.py
[2026-05-12T15:44:23.280+0000] {processor.py:840} INFO - DAG(s) 'job_market_etl' retrieved from /opt/airflow/dags/job_etl_dag.py
[2026-05-12T15:44:23.379+0000] {logging_mixin.py:188} INFO - [2026-05-12T15:44:23.378+0000] {dag.py:3036} INFO - Sync 1 DAGs
[2026-05-12T15:44:23.419+0000] {logging_mixin.py:188} INFO - [2026-05-12T15:44:23.419+0000] {dag.py:3823} INFO - Setting next_dagrun for job_market_etl to None, run_after=None
[2026-05-12T15:44:23.486+0000] {processor.py:183} INFO - Processing /opt/airflow/dags/job_etl_dag.py took 0.303 seconds
[2026-05-12T15:44:53.884+0000] {processor.py:161} INFO - Started process (PID=245) to work on /opt/airflow/dags/job_etl_dag.py
[2026-05-12T15:44:53.888+0000] {processor.py:830} INFO - Processing file /opt/airflow/dags/job_etl_dag.py for tasks to queue
[2026-05-12T15:44:53.893+0000] {logging_mixin.py:188} INFO - [2026-05-12T15:44:53.891+0000] {dagbag.py:538} INFO - Filling up the DagBag from /opt/airflow/dags/job_etl_dag.py
[2026-05-12T15:44:53.982+0000] {processor.py:840} INFO - DAG(s) 'job_market_etl' retrieved from /opt/airflow/dags/job_etl_dag.py
[2026-05-12T15:44:54.074+0000] {logging_mixin.py:188} INFO - [2026-05-12T15:44:54.073+0000] {dag.py:3036} INFO - Sync 1 DAGs
[2026-05-12T15:44:54.116+0000] {logging_mixin.py:188} INFO - [2026-05-12T15:44:54.115+0000] {dag.py:3823} INFO - Setting next_dagrun for job_market_etl to None, run_after=None
[2026-05-12T15:44:54.196+0000] {processor.py:183} INFO - Processing /opt/airflow/dags/job_etl_dag.py took 0.323 seconds
[2026-05-12T15:45:24.772+0000] {processor.py:161} INFO - Started process (PID=246) to work on /opt/airflow/dags/job_etl_dag.py
[2026-05-12T15:45:24.777+0000] {processor.py:830} INFO - Processing file /opt/airflow/dags/job_etl_dag.py for tasks to queue
[2026-05-12T15:45:24.782+0000] {logging_mixin.py:188} INFO - [2026-05-12T15:45:24.780+0000] {dagbag.py:538} INFO - Filling up the DagBag from /opt/airflow/dags/job_etl_dag.py
[2026-05-12T15:45:24.869+0000] {processor.py:840} INFO - DAG(s) 'job_market_etl' retrieved from /opt/airflow/dags/job_etl_dag.py
[2026-05-12T15:45:25.006+0000] {logging_mixin.py:188} INFO - [2026-05-12T15:45:25.005+0000] {dag.py:3036} INFO - Sync 1 DAGs
[2026-05-12T15:45:25.046+0000] {logging_mixin.py:188} INFO - [2026-05-12T15:45:25.045+0000] {dag.py:3823} INFO - Setting next_dagrun for job_market_etl to None, run_after=None
[2026-05-12T15:45:25.122+0000] {processor.py:183} INFO - Processing /opt/airflow/dags/job_etl_dag.py took 0.367 seconds
[2026-05-12T15:45:55.621+0000] {processor.py:161} INFO - Started process (PID=247) to work on /opt/airflow/dags/job_etl_dag.py
[2026-05-12T15:45:55.625+0000] {processor.py:830} INFO - Processing file /opt/airflow/dags/job_etl_dag.py for tasks to queue
[2026-05-12T15:45:55.630+0000] {logging_mixin.py:188} INFO - [2026-05-12T15:45:55.628+0000] {dagbag.py:538} INFO - Filling up the DagBag from /opt/airflow/dags/job_etl_dag.py
[2026-05-12T15:45:55.699+0000] {processor.py:840} INFO - DAG(s) 'job_market_etl' retrieved from /opt/airflow/dags/job_etl_dag.py
[2026-05-12T15:45:55.815+0000] {logging_mixin.py:188} INFO - [2026-05-12T15:45:55.814+0000] {dag.py:3036} INFO - Sync 1 DAGs
[2026-05-12T15:45:55.856+0000] {logging_mixin.py:188} INFO - [2026-05-12T15:45:55.856+0000] {dag.py:3823} INFO - Setting next_dagrun for job_market_etl to None, run_after=None
[2026-05-12T15:45:55.935+0000] {processor.py:183} INFO - Processing /opt/airflow/dags/job_etl_dag.py took 0.328 seconds
[2026-05-12T15:46:26.443+0000] {processor.py:161} INFO - Started process (PID=248) to work on /opt/airflow/dags/job_etl_dag.py
[2026-05-12T15:46:26.448+0000] {processor.py:830} INFO - Processing file /opt/airflow/dags/job_etl_dag.py for tasks to queue
[2026-05-12T15:46:26.454+0000] {logging_mixin.py:188} INFO - [2026-05-12T15:46:26.451+0000] {dagbag.py:538} INFO - Filling up the DagBag from /opt/airflow/dags/job_etl_dag.py
[2026-05-12T15:46:26.556+0000] {processor.py:840} INFO - DAG(s) 'job_market_etl' retrieved from /opt/airflow/dags/job_etl_dag.py
[2026-05-12T15:46:26.697+0000] {logging_mixin.py:188} INFO - [2026-05-12T15:46:26.696+0000] {dag.py:3036} INFO - Sync 1 DAGs
[2026-05-12T15:46:26.761+0000] {logging_mixin.py:188} INFO - [2026-05-12T15:46:26.760+0000] {dag.py:3823} INFO - Setting next_dagrun for job_market_etl to None, run_after=None
[2026-05-12T15:46:26.839+0000] {processor.py:183} INFO - Processing /opt/airflow/dags/job_etl_dag.py took 0.417 seconds
[2026-05-12T15:46:57.288+0000] {processor.py:161} INFO - Started process (PID=249) to work on /opt/airflow/dags/job_etl_dag.py
[2026-05-12T15:46:57.292+0000] {processor.py:830} INFO - Processing file /opt/airflow/dags/job_etl_dag.py for tasks to queue
[2026-05-12T15:46:57.296+0000] {logging_mixin.py:188} INFO - [2026-05-12T15:46:57.295+0000] {dagbag.py:538} INFO - Filling up the DagBag from /opt/airflow/dags/job_etl_dag.py
[2026-05-12T15:46:57.360+0000] {processor.py:840} INFO - DAG(s) 'job_market_etl' retrieved from /opt/airflow/dags/job_etl_dag.py
[2026-05-12T15:46:57.445+0000] {logging_mixin.py:188} INFO - [2026-05-12T15:46:57.445+0000] {dag.py:3036} INFO - Sync 1 DAGs
[2026-05-12T15:46:57.481+0000] {logging_mixin.py:188} INFO - [2026-05-12T15:46:57.480+0000] {dag.py:3823} INFO - Setting next_dagrun for job_market_etl to None, run_after=None
[2026-05-12T15:46:57.529+0000] {processor.py:183} INFO - Processing /opt/airflow/dags/job_etl_dag.py took 0.257 seconds
[2026-05-12T15:47:27.983+0000] {processor.py:161} INFO - Started process (PID=250) to work on /opt/airflow/dags/job_etl_dag.py
[2026-05-12T15:47:27.987+0000] {processor.py:830} INFO - Processing file /opt/airflow/dags/job_etl_dag.py for tasks to queue
[2026-05-12T15:47:27.990+0000] {logging_mixin.py:188} INFO - [2026-05-12T15:47:27.990+0000] {dagbag.py:538} INFO - Filling up the DagBag from /opt/airflow/dags/job_etl_dag.py
[2026-05-12T15:47:28.050+0000] {processor.py:840} INFO - DAG(s) 'job_market_etl' retrieved from /opt/airflow/dags/job_etl_dag.py
[2026-05-12T15:47:28.143+0000] {logging_mixin.py:188} INFO - [2026-05-12T15:47:28.142+0000] {dag.py:3036} INFO - Sync 1 DAGs
[2026-05-12T15:47:28.182+0000] {logging_mixin.py:188} INFO - [2026-05-12T15:47:28.181+0000] {dag.py:3823} INFO - Setting next_dagrun for job_market_etl to None, run_after=None
[2026-05-12T15:47:28.259+0000] {processor.py:183} INFO - Processing /opt/airflow/dags/job_etl_dag.py took 0.287 seconds
[2026-05-12T15:47:58.696+0000] {processor.py:161} INFO - Started process (PID=251) to work on /opt/airflow/dags/job_etl_dag.py
[2026-05-12T15:47:58.701+0000] {processor.py:830} INFO - Processing file /opt/airflow/dags/job_etl_dag.py for tasks to queue
[2026-05-12T15:47:58.708+0000] {logging_mixin.py:188} INFO - [2026-05-12T15:47:58.706+0000] {dagbag.py:538} INFO - Filling up the DagBag from /opt/airflow/dags/job_etl_dag.py
[2026-05-12T15:47:58.804+0000] {processor.py:840} INFO - DAG(s) 'job_market_etl' retrieved from /opt/airflow/dags/job_etl_dag.py
[2026-05-12T15:47:58.938+0000] {logging_mixin.py:188} INFO - [2026-05-12T15:47:58.937+0000] {dag.py:3036} INFO - Sync 1 DAGs
[2026-05-12T15:47:58.999+0000] {logging_mixin.py:188} INFO - [2026-05-12T15:47:58.999+0000] {dag.py:3823} INFO - Setting next_dagrun for job_market_etl to None, run_after=None
[2026-05-12T15:47:59.073+0000] {processor.py:183} INFO - Processing /opt/airflow/dags/job_etl_dag.py took 0.390 seconds
[2026-05-12T15:48:29.503+0000] {processor.py:161} INFO - Started process (PID=252) to work on /opt/airflow/dags/job_etl_dag.py
[2026-05-12T15:48:29.508+0000] {processor.py:830} INFO - Processing file /opt/airflow/dags/job_etl_dag.py for tasks to queue
[2026-05-12T15:48:29.511+0000] {logging_mixin.py:188} INFO - [2026-05-12T15:48:29.510+0000] {dagbag.py:538} INFO - Filling up the DagBag from /opt/airflow/dags/job_etl_dag.py
[2026-05-12T15:48:29.575+0000] {processor.py:840} INFO - DAG(s) 'job_market_etl' retrieved from /opt/airflow/dags/job_etl_dag.py
[2026-05-12T15:48:29.695+0000] {logging_mixin.py:188} INFO - [2026-05-12T15:48:29.694+0000] {dag.py:3036} INFO - Sync 1 DAGs
[2026-05-12T15:48:29.736+0000] {logging_mixin.py:188} INFO - [2026-05-12T15:48:29.735+0000] {dag.py:3823} INFO - Setting next_dagrun for job_market_etl to None, run_after=None
[2026-05-12T15:48:29.816+0000] {processor.py:183} INFO - Processing /opt/airflow/dags/job_etl_dag.py took 0.323 seconds
[2026-05-12T15:49:00.271+0000] {processor.py:161} INFO - Started process (PID=253) to work on /opt/airflow/dags/job_etl_dag.py
[2026-05-12T15:49:00.275+0000] {processor.py:830} INFO - Processing file /opt/airflow/dags/job_etl_dag.py for tasks to queue
[2026-05-12T15:49:00.279+0000] {logging_mixin.py:188} INFO - [2026-05-12T15:49:00.278+0000] {dagbag.py:538} INFO - Filling up the DagBag from /opt/airflow/dags/job_etl_dag.py
[2026-05-12T15:49:00.348+0000] {processor.py:840} INFO - DAG(s) 'job_market_etl' retrieved from /opt/airflow/dags/job_etl_dag.py
[2026-05-12T15:49:00.440+0000] {logging_mixin.py:188} INFO - [2026-05-12T15:49:00.439+0000] {dag.py:3036} INFO - Sync 1 DAGs
[2026-05-12T15:49:00.473+0000] {logging_mixin.py:188} INFO - [2026-05-12T15:49:00.472+0000] {dag.py:3823} INFO - Setting next_dagrun for job_market_etl to None, run_after=None
[2026-05-12T15:49:00.547+0000] {processor.py:183} INFO - Processing /opt/airflow/dags/job_etl_dag.py took 0.289 seconds
[2026-05-12T15:49:31.025+0000] {processor.py:161} INFO - Started process (PID=254) to work on /opt/airflow/dags/job_etl_dag.py
[2026-05-12T15:49:31.028+0000] {processor.py:830} INFO - Processing file /opt/airflow/dags/job_etl_dag.py for tasks to queue
[2026-05-12T15:49:31.032+0000] {logging_mixin.py:188} INFO - [2026-05-12T15:49:31.031+0000] {dagbag.py:538} INFO - Filling up the DagBag from /opt/airflow/dags/job_etl_dag.py
[2026-05-12T15:49:31.096+0000] {processor.py:840} INFO - DAG(s) 'job_market_etl' retrieved from /opt/airflow/dags/job_etl_dag.py
[2026-05-12T15:49:31.213+0000] {logging_mixin.py:188} INFO - [2026-05-12T15:49:31.212+0000] {dag.py:3036} INFO - Sync 1 DAGs
[2026-05-12T15:49:31.257+0000] {logging_mixin.py:188} INFO - [2026-05-12T15:49:31.256+0000] {dag.py:3823} INFO - Setting next_dagrun for job_market_etl to None, run_after=None
[2026-05-12T15:49:31.320+0000] {processor.py:183} INFO - Processing /opt/airflow/dags/job_etl_dag.py took 0.305 seconds
[2026-05-12T15:50:01.764+0000] {processor.py:161} INFO - Started process (PID=255) to work on /opt/airflow/dags/job_etl_dag.py
[2026-05-12T15:50:01.768+0000] {processor.py:830} INFO - Processing file /opt/airflow/dags/job_etl_dag.py for tasks to queue
[2026-05-12T15:50:01.771+0000] {logging_mixin.py:188} INFO - [2026-05-12T15:50:01.770+0000] {dagbag.py:538} INFO - Filling up the DagBag from /opt/airflow/dags/job_etl_dag.py
[2026-05-12T15:50:01.840+0000] {processor.py:840} INFO - DAG(s) 'job_market_etl' retrieved from /opt/airflow/dags/job_etl_dag.py
[2026-05-12T15:50:01.958+0000] {logging_mixin.py:188} INFO - [2026-05-12T15:50:01.957+0000] {dag.py:3036} INFO - Sync 1 DAGs
[2026-05-12T15:50:02.001+0000] {logging_mixin.py:188} INFO - [2026-05-12T15:50:02.000+0000] {dag.py:3823} INFO - Setting next_dagrun for job_market_etl to None, run_after=None
[2026-05-12T15:50:02.065+0000] {processor.py:183} INFO - Processing /opt/airflow/dags/job_etl_dag.py took 0.310 seconds
[2026-05-12T15:50:32.252+0000] {processor.py:161} INFO - Started process (PID=256) to work on /opt/airflow/dags/job_etl_dag.py
[2026-05-12T15:50:32.256+0000] {processor.py:830} INFO - Processing file /opt/airflow/dags/job_etl_dag.py for tasks to queue
[2026-05-12T15:50:32.259+0000] {logging_mixin.py:188} INFO - [2026-05-12T15:50:32.258+0000] {dagbag.py:538} INFO - Filling up the DagBag from /opt/airflow/dags/job_etl_dag.py
[2026-05-12T15:50:32.333+0000] {processor.py:840} INFO - DAG(s) 'job_market_etl' retrieved from /opt/airflow/dags/job_etl_dag.py
[2026-05-12T15:50:32.466+0000] {logging_mixin.py:188} INFO - [2026-05-12T15:50:32.464+0000] {dag.py:3036} INFO - Sync 1 DAGs
[2026-05-12T15:50:32.520+0000] {logging_mixin.py:188} INFO - [2026-05-12T15:50:32.519+0000] {dag.py:3823} INFO - Setting next_dagrun for job_market_etl to None, run_after=None
[2026-05-12T15:50:32.585+0000] {processor.py:183} INFO - Processing /opt/airflow/dags/job_etl_dag.py took 0.342 seconds
[2026-05-12T15:51:02.918+0000] {processor.py:161} INFO - Started process (PID=257) to work on /opt/airflow/dags/job_etl_dag.py
[2026-05-12T15:51:02.922+0000] {processor.py:830} INFO - Processing file /opt/airflow/dags/job_etl_dag.py for tasks to queue
[2026-05-12T15:51:02.926+0000] {logging_mixin.py:188} INFO - [2026-05-12T15:51:02.925+0000] {dagbag.py:538} INFO - Filling up the DagBag from /opt/airflow/dags/job_etl_dag.py
[2026-05-12T15:51:02.997+0000] {processor.py:840} INFO - DAG(s) 'job_market_etl' retrieved from /opt/airflow/dags/job_etl_dag.py
[2026-05-12T15:51:03.092+0000] {logging_mixin.py:188} INFO - [2026-05-12T15:51:03.091+0000] {dag.py:3036} INFO - Sync 1 DAGs
[2026-05-12T15:51:03.132+0000] {logging_mixin.py:188} INFO - [2026-05-12T15:51:03.132+0000] {dag.py:3823} INFO - Setting next_dagrun for job_market_etl to None, run_after=None
[2026-05-12T15:51:03.210+0000] {processor.py:183} INFO - Processing /opt/airflow/dags/job_etl_dag.py took 0.306 seconds
[2026-05-12T15:51:33.371+0000] {processor.py:161} INFO - Started process (PID=258) to work on /opt/airflow/dags/job_etl_dag.py
[2026-05-12T15:51:33.375+0000] {processor.py:830} INFO - Processing file /opt/airflow/dags/job_etl_dag.py for tasks to queue
[2026-05-12T15:51:33.379+0000] {logging_mixin.py:188} INFO - [2026-05-12T15:51:33.378+0000] {dagbag.py:538} INFO - Filling up the DagBag from /opt/airflow/dags/job_etl_dag.py
[2026-05-12T15:51:33.451+0000] {processor.py:840} INFO - DAG(s) 'job_market_etl' retrieved from /opt/airflow/dags/job_etl_dag.py
[2026-05-12T15:51:33.571+0000] {logging_mixin.py:188} INFO - [2026-05-12T15:51:33.569+0000] {dag.py:3036} INFO - Sync 1 DAGs
[2026-05-12T15:51:33.608+0000] {logging_mixin.py:188} INFO - [2026-05-12T15:51:33.607+0000] {dag.py:3823} INFO - Setting next_dagrun for job_market_etl to None, run_after=None
[2026-05-12T15:51:33.669+0000] {processor.py:183} INFO - Processing /opt/airflow/dags/job_etl_dag.py took 0.309 seconds
[2026-05-12T15:52:03.988+0000] {processor.py:161} INFO - Started process (PID=259) to work on /opt/airflow/dags/job_etl_dag.py
[2026-05-12T15:52:03.992+0000] {processor.py:830} INFO - Processing file /opt/airflow/dags/job_etl_dag.py for tasks to queue
[2026-05-12T15:52:03.996+0000] {logging_mixin.py:188} INFO - [2026-05-12T15:52:03.995+0000] {dagbag.py:538} INFO - Filling up the DagBag from /opt/airflow/dags/job_etl_dag.py
[2026-05-12T15:52:04.060+0000] {processor.py:840} INFO - DAG(s) 'job_market_etl' retrieved from /opt/airflow/dags/job_etl_dag.py
[2026-05-12T15:52:04.154+0000] {logging_mixin.py:188} INFO - [2026-05-12T15:52:04.153+0000] {dag.py:3036} INFO - Sync 1 DAGs
[2026-05-12T15:52:04.187+0000] {logging_mixin.py:188} INFO - [2026-05-12T15:52:04.186+0000] {dag.py:3823} INFO - Setting next_dagrun for job_market_etl to None, run_after=None
[2026-05-12T15:52:04.265+0000] {processor.py:183} INFO - Processing /opt/airflow/dags/job_etl_dag.py took 0.291 seconds
[2026-05-12T15:52:34.434+0000] {processor.py:161} INFO - Started process (PID=260) to work on /opt/airflow/dags/job_etl_dag.py
[2026-05-12T15:52:34.439+0000] {processor.py:830} INFO - Processing file /opt/airflow/dags/job_etl_dag.py for tasks to queue
[2026-05-12T15:52:34.442+0000] {logging_mixin.py:188} INFO - [2026-05-12T15:52:34.441+0000] {dagbag.py:538} INFO - Filling up the DagBag from /opt/airflow/dags/job_etl_dag.py
[2026-05-12T15:52:34.502+0000] {processor.py:840} INFO - DAG(s) 'job_market_etl' retrieved from /opt/airflow/dags/job_etl_dag.py
[2026-05-12T15:52:34.598+0000] {logging_mixin.py:188} INFO - [2026-05-12T15:52:34.597+0000] {dag.py:3036} INFO - Sync 1 DAGs
[2026-05-12T15:52:34.644+0000] {logging_mixin.py:188} INFO - [2026-05-12T15:52:34.643+0000] {dag.py:3823} INFO - Setting next_dagrun for job_market_etl to None, run_after=None
[2026-05-12T15:52:34.700+0000] {processor.py:183} INFO - Processing /opt/airflow/dags/job_etl_dag.py took 0.282 seconds
[2026-05-12T15:53:05.063+0000] {processor.py:161} INFO - Started process (PID=261) to work on /opt/airflow/dags/job_etl_dag.py
[2026-05-12T15:53:05.067+0000] {processor.py:830} INFO - Processing file /opt/airflow/dags/job_etl_dag.py for tasks to queue
[2026-05-12T15:53:05.070+0000] {logging_mixin.py:188} INFO - [2026-05-12T15:53:05.069+0000] {dagbag.py:538} INFO - Filling up the DagBag from /opt/airflow/dags/job_etl_dag.py
[2026-05-12T15:53:05.145+0000] {processor.py:840} INFO - DAG(s) 'job_market_etl' retrieved from /opt/airflow/dags/job_etl_dag.py
[2026-05-12T15:53:05.246+0000] {logging_mixin.py:188} INFO - [2026-05-12T15:53:05.245+0000] {dag.py:3036} INFO - Sync 1 DAGs
[2026-05-12T15:53:05.280+0000] {logging_mixin.py:188} INFO - [2026-05-12T15:53:05.280+0000] {dag.py:3823} INFO - Setting next_dagrun for job_market_etl to None, run_after=None
[2026-05-12T15:53:05.357+0000] {processor.py:183} INFO - Processing /opt/airflow/dags/job_etl_dag.py took 0.308 seconds
[2026-05-12T15:53:35.497+0000] {processor.py:161} INFO - Started process (PID=262) to work on /opt/airflow/dags/job_etl_dag.py
[2026-05-12T15:53:35.502+0000] {processor.py:830} INFO - Processing file /opt/airflow/dags/job_etl_dag.py for tasks to queue
[2026-05-12T15:53:35.505+0000] {logging_mixin.py:188} INFO - [2026-05-12T15:53:35.504+0000] {dagbag.py:538} INFO - Filling up the DagBag from /opt/airflow/dags/job_etl_dag.py
[2026-05-12T15:53:35.572+0000] {processor.py:840} INFO - DAG(s) 'job_market_etl' retrieved from /opt/airflow/dags/job_etl_dag.py
[2026-05-12T15:53:35.697+0000] {logging_mixin.py:188} INFO - [2026-05-12T15:53:35.696+0000] {dag.py:3036} INFO - Sync 1 DAGs
[2026-05-12T15:53:35.740+0000] {logging_mixin.py:188} INFO - [2026-05-12T15:53:35.740+0000] {dag.py:3823} INFO - Setting next_dagrun for job_market_etl to None, run_after=None
[2026-05-12T15:53:35.798+0000] {processor.py:183} INFO - Processing /opt/airflow/dags/job_etl_dag.py took 0.313 seconds
[2026-05-12T15:54:06.153+0000] {processor.py:161} INFO - Started process (PID=263) to work on /opt/airflow/dags/job_etl_dag.py
[2026-05-12T15:54:06.157+0000] {processor.py:830} INFO - Processing file /opt/airflow/dags/job_etl_dag.py for tasks to queue
[2026-05-12T15:54:06.161+0000] {logging_mixin.py:188} INFO - [2026-05-12T15:54:06.160+0000] {dagbag.py:538} INFO - Filling up the DagBag from /opt/airflow/dags/job_etl_dag.py
[2026-05-12T15:54:06.227+0000] {processor.py:840} INFO - DAG(s) 'job_market_etl' retrieved from /opt/airflow/dags/job_etl_dag.py
[2026-05-12T15:54:06.329+0000] {logging_mixin.py:188} INFO - [2026-05-12T15:54:06.328+0000] {dag.py:3036} INFO - Sync 1 DAGs
[2026-05-12T15:54:06.364+0000] {logging_mixin.py:188} INFO - [2026-05-12T15:54:06.364+0000] {dag.py:3823} INFO - Setting next_dagrun for job_market_etl to None, run_after=None
[2026-05-12T15:54:06.422+0000] {processor.py:183} INFO - Processing /opt/airflow/dags/job_etl_dag.py took 0.284 seconds
[2026-05-12T15:54:36.615+0000] {processor.py:161} INFO - Started process (PID=264) to work on /opt/airflow/dags/job_etl_dag.py
[2026-05-12T15:54:36.620+0000] {processor.py:830} INFO - Processing file /opt/airflow/dags/job_etl_dag.py for tasks to queue
[2026-05-12T15:54:36.624+0000] {logging_mixin.py:188} INFO - [2026-05-12T15:54:36.623+0000] {dagbag.py:538} INFO - Filling up the DagBag from /opt/airflow/dags/job_etl_dag.py
[2026-05-12T15:54:36.700+0000] {processor.py:840} INFO - DAG(s) 'job_market_etl' retrieved from /opt/airflow/dags/job_etl_dag.py
[2026-05-12T15:54:36.798+0000] {logging_mixin.py:188} INFO - [2026-05-12T15:54:36.797+0000] {dag.py:3036} INFO - Sync 1 DAGs
[2026-05-12T15:54:36.834+0000] {logging_mixin.py:188} INFO - [2026-05-12T15:54:36.834+0000] {dag.py:3823} INFO - Setting next_dagrun for job_market_etl to None, run_after=None
[2026-05-12T15:54:36.911+0000] {processor.py:183} INFO - Processing /opt/airflow/dags/job_etl_dag.py took 0.323 seconds
[2026-05-12T15:55:07.238+0000] {processor.py:161} INFO - Started process (PID=265) to work on /opt/airflow/dags/job_etl_dag.py
[2026-05-12T15:55:07.243+0000] {processor.py:830} INFO - Processing file /opt/airflow/dags/job_etl_dag.py for tasks to queue
[2026-05-12T15:55:07.247+0000] {logging_mixin.py:188} INFO - [2026-05-12T15:55:07.246+0000] {dagbag.py:538} INFO - Filling up the DagBag from /opt/airflow/dags/job_etl_dag.py
[2026-05-12T15:55:07.326+0000] {processor.py:840} INFO - DAG(s) 'job_market_etl' retrieved from /opt/airflow/dags/job_etl_dag.py
[2026-05-12T15:55:07.422+0000] {logging_mixin.py:188} INFO - [2026-05-12T15:55:07.422+0000] {dag.py:3036} INFO - Sync 1 DAGs
[2026-05-12T15:55:07.459+0000] {logging_mixin.py:188} INFO - [2026-05-12T15:55:07.458+0000] {dag.py:3823} INFO - Setting next_dagrun for job_market_etl to None, run_after=None
[2026-05-12T15:55:07.541+0000] {processor.py:183} INFO - Processing /opt/airflow/dags/job_etl_dag.py took 0.319 seconds
[2026-05-12T15:55:37.791+0000] {processor.py:161} INFO - Started process (PID=266) to work on /opt/airflow/dags/job_etl_dag.py
[2026-05-12T15:55:37.795+0000] {processor.py:830} INFO - Processing file /opt/airflow/dags/job_etl_dag.py for tasks to queue
[2026-05-12T15:55:37.798+0000] {logging_mixin.py:188} INFO - [2026-05-12T15:55:37.797+0000] {dagbag.py:538} INFO - Filling up the DagBag from /opt/airflow/dags/job_etl_dag.py
[2026-05-12T15:55:37.861+0000] {processor.py:840} INFO - DAG(s) 'job_market_etl' retrieved from /opt/airflow/dags/job_etl_dag.py
[2026-05-12T15:55:37.947+0000] {logging_mixin.py:188} INFO - [2026-05-12T15:55:37.946+0000] {dag.py:3036} INFO - Sync 1 DAGs
[2026-05-12T15:55:37.981+0000] {logging_mixin.py:188} INFO - [2026-05-12T15:55:37.981+0000] {dag.py:3823} INFO - Setting next_dagrun for job_market_etl to None, run_after=None
[2026-05-12T15:55:38.029+0000] {processor.py:183} INFO - Processing /opt/airflow/dags/job_etl_dag.py took 0.250 seconds
[2026-05-12T15:56:08.365+0000] {processor.py:161} INFO - Started process (PID=267) to work on /opt/airflow/dags/job_etl_dag.py
[2026-05-12T15:56:08.371+0000] {processor.py:830} INFO - Processing file /opt/airflow/dags/job_etl_dag.py for tasks to queue
[2026-05-12T15:56:08.374+0000] {logging_mixin.py:188} INFO - [2026-05-12T15:56:08.373+0000] {dagbag.py:538} INFO - Filling up the DagBag from /opt/airflow/dags/job_etl_dag.py
[2026-05-12T15:56:08.440+0000] {processor.py:840} INFO - DAG(s) 'job_market_etl' retrieved from /opt/airflow/dags/job_etl_dag.py
[2026-05-12T15:56:08.528+0000] {logging_mixin.py:188} INFO - [2026-05-12T15:56:08.527+0000] {dag.py:3036} INFO - Sync 1 DAGs
[2026-05-12T15:56:08.565+0000] {logging_mixin.py:188} INFO - [2026-05-12T15:56:08.564+0000] {dag.py:3823} INFO - Setting next_dagrun for job_market_etl to None, run_after=None
[2026-05-12T15:56:08.641+0000] {processor.py:183} INFO - Processing /opt/airflow/dags/job_etl_dag.py took 0.297 seconds
[2026-05-12T15:56:38.858+0000] {processor.py:161} INFO - Started process (PID=268) to work on /opt/airflow/dags/job_etl_dag.py
[2026-05-12T15:56:38.863+0000] {processor.py:830} INFO - Processing file /opt/airflow/dags/job_etl_dag.py for tasks to queue
[2026-05-12T15:56:38.867+0000] {logging_mixin.py:188} INFO - [2026-05-12T15:56:38.865+0000] {dagbag.py:538} INFO - Filling up the DagBag from /opt/airflow/dags/job_etl_dag.py
[2026-05-12T15:56:38.952+0000] {processor.py:840} INFO - DAG(s) 'job_market_etl' retrieved from /opt/airflow/dags/job_etl_dag.py
[2026-05-12T15:56:39.086+0000] {logging_mixin.py:188} INFO - [2026-05-12T15:56:39.085+0000] {dag.py:3036} INFO - Sync 1 DAGs
[2026-05-12T15:56:39.162+0000] {logging_mixin.py:188} INFO - [2026-05-12T15:56:39.161+0000] {dag.py:3823} INFO - Setting next_dagrun for job_market_etl to None, run_after=None
[2026-05-12T15:56:39.252+0000] {processor.py:183} INFO - Processing /opt/airflow/dags/job_etl_dag.py took 0.411 seconds
[2026-05-12T15:57:09.427+0000] {processor.py:161} INFO - Started process (PID=269) to work on /opt/airflow/dags/job_etl_dag.py
[2026-05-12T15:57:09.431+0000] {processor.py:830} INFO - Processing file /opt/airflow/dags/job_etl_dag.py for tasks to queue
[2026-05-12T15:57:09.435+0000] {logging_mixin.py:188} INFO - [2026-05-12T15:57:09.434+0000] {dagbag.py:538} INFO - Filling up the DagBag from /opt/airflow/dags/job_etl_dag.py
[2026-05-12T15:57:09.510+0000] {processor.py:840} INFO - DAG(s) 'job_market_etl' retrieved from /opt/airflow/dags/job_etl_dag.py
[2026-05-12T15:57:09.596+0000] {logging_mixin.py:188} INFO - [2026-05-12T15:57:09.596+0000] {dag.py:3036} INFO - Sync 1 DAGs
[2026-05-12T15:57:09.636+0000] {logging_mixin.py:188} INFO - [2026-05-12T15:57:09.635+0000] {dag.py:3823} INFO - Setting next_dagrun for job_market_etl to None, run_after=None
[2026-05-12T15:57:09.713+0000] {processor.py:183} INFO - Processing /opt/airflow/dags/job_etl_dag.py took 0.298 seconds
[2026-05-12T15:57:40.077+0000] {processor.py:161} INFO - Started process (PID=270) to work on /opt/airflow/dags/job_etl_dag.py
[2026-05-12T15:57:40.081+0000] {processor.py:830} INFO - Processing file /opt/airflow/dags/job_etl_dag.py for tasks to queue
[2026-05-12T15:57:40.085+0000] {logging_mixin.py:188} INFO - [2026-05-12T15:57:40.084+0000] {dagbag.py:538} INFO - Filling up the DagBag from /opt/airflow/dags/job_etl_dag.py
[2026-05-12T15:57:40.150+0000] {processor.py:840} INFO - DAG(s) 'job_market_etl' retrieved from /opt/airflow/dags/job_etl_dag.py
[2026-05-12T15:57:40.237+0000] {logging_mixin.py:188} INFO - [2026-05-12T15:57:40.236+0000] {dag.py:3036} INFO - Sync 1 DAGs
[2026-05-12T15:57:40.273+0000] {logging_mixin.py:188} INFO - [2026-05-12T15:57:40.272+0000] {dag.py:3823} INFO - Setting next_dagrun for job_market_etl to None, run_after=None
[2026-05-12T15:57:40.351+0000] {processor.py:183} INFO - Processing /opt/airflow/dags/job_etl_dag.py took 0.296 seconds
[2026-05-12T15:58:10.533+0000] {processor.py:161} INFO - Started process (PID=271) to work on /opt/airflow/dags/job_etl_dag.py
[2026-05-12T15:58:10.539+0000] {processor.py:830} INFO - Processing file /opt/airflow/dags/job_etl_dag.py for tasks to queue
[2026-05-12T15:58:10.544+0000] {logging_mixin.py:188} INFO - [2026-05-12T15:58:10.542+0000] {dagbag.py:538} INFO - Filling up the DagBag from /opt/airflow/dags/job_etl_dag.py
[2026-05-12T15:58:10.621+0000] {processor.py:840} INFO - DAG(s) 'job_market_etl' retrieved from /opt/airflow/dags/job_etl_dag.py
[2026-05-12T15:58:10.717+0000] {logging_mixin.py:188} INFO - [2026-05-12T15:58:10.716+0000] {dag.py:3036} INFO - Sync 1 DAGs
[2026-05-12T15:58:10.754+0000] {logging_mixin.py:188} INFO - [2026-05-12T15:58:10.754+0000] {dag.py:3823} INFO - Setting next_dagrun for job_market_etl to None, run_after=None
[2026-05-12T15:58:10.834+0000] {processor.py:183} INFO - Processing /opt/airflow/dags/job_etl_dag.py took 0.313 seconds
[2026-05-12T15:58:41.179+0000] {processor.py:161} INFO - Started process (PID=272) to work on /opt/airflow/dags/job_etl_dag.py
[2026-05-12T15:58:41.183+0000] {processor.py:830} INFO - Processing file /opt/airflow/dags/job_etl_dag.py for tasks to queue
[2026-05-12T15:58:41.188+0000] {logging_mixin.py:188} INFO - [2026-05-12T15:58:41.186+0000] {dagbag.py:538} INFO - Filling up the DagBag from /opt/airflow/dags/job_etl_dag.py
[2026-05-12T15:58:41.264+0000] {processor.py:840} INFO - DAG(s) 'job_market_etl' retrieved from /opt/airflow/dags/job_etl_dag.py
[2026-05-12T15:58:41.362+0000] {logging_mixin.py:188} INFO - [2026-05-12T15:58:41.361+0000] {dag.py:3036} INFO - Sync 1 DAGs
[2026-05-12T15:58:41.400+0000] {logging_mixin.py:188} INFO - [2026-05-12T15:58:41.399+0000] {dag.py:3823} INFO - Setting next_dagrun for job_market_etl to None, run_after=None
[2026-05-12T15:58:41.501+0000] {processor.py:183} INFO - Processing /opt/airflow/dags/job_etl_dag.py took 0.337 seconds
[2026-05-12T15:59:11.681+0000] {processor.py:161} INFO - Started process (PID=273) to work on /opt/airflow/dags/job_etl_dag.py
[2026-05-12T15:59:11.686+0000] {processor.py:830} INFO - Processing file /opt/airflow/dags/job_etl_dag.py for tasks to queue
[2026-05-12T15:59:11.691+0000] {logging_mixin.py:188} INFO - [2026-05-12T15:59:11.690+0000] {dagbag.py:538} INFO - Filling up the DagBag from /opt/airflow/dags/job_etl_dag.py
[2026-05-12T15:59:11.762+0000] {processor.py:840} INFO - DAG(s) 'job_market_etl' retrieved from /opt/airflow/dags/job_etl_dag.py
[2026-05-12T15:59:11.877+0000] {logging_mixin.py:188} INFO - [2026-05-12T15:59:11.877+0000] {dag.py:3036} INFO - Sync 1 DAGs
[2026-05-12T15:59:11.916+0000] {logging_mixin.py:188} INFO - [2026-05-12T15:59:11.915+0000] {dag.py:3823} INFO - Setting next_dagrun for job_market_etl to None, run_after=None
[2026-05-12T15:59:11.991+0000] {processor.py:183} INFO - Processing /opt/airflow/dags/job_etl_dag.py took 0.322 seconds
[2026-05-12T15:59:42.274+0000] {processor.py:161} INFO - Started process (PID=274) to work on /opt/airflow/dags/job_etl_dag.py
[2026-05-12T15:59:42.278+0000] {processor.py:830} INFO - Processing file /opt/airflow/dags/job_etl_dag.py for tasks to queue
[2026-05-12T15:59:42.282+0000] {logging_mixin.py:188} INFO - [2026-05-12T15:59:42.281+0000] {dagbag.py:538} INFO - Filling up the DagBag from /opt/airflow/dags/job_etl_dag.py
[2026-05-12T15:59:42.356+0000] {processor.py:840} INFO - DAG(s) 'job_market_etl' retrieved from /opt/airflow/dags/job_etl_dag.py
[2026-05-12T15:59:42.454+0000] {logging_mixin.py:188} INFO - [2026-05-12T15:59:42.453+0000] {dag.py:3036} INFO - Sync 1 DAGs
[2026-05-12T15:59:42.496+0000] {logging_mixin.py:188} INFO - [2026-05-12T15:59:42.495+0000] {dag.py:3823} INFO - Setting next_dagrun for job_market_etl to None, run_after=None
[2026-05-12T15:59:42.573+0000] {processor.py:183} INFO - Processing /opt/airflow/dags/job_etl_dag.py took 0.308 seconds
[2026-05-12T16:00:12.825+0000] {processor.py:161} INFO - Started process (PID=275) to work on /opt/airflow/dags/job_etl_dag.py
[2026-05-12T16:00:12.830+0000] {processor.py:830} INFO - Processing file /opt/airflow/dags/job_etl_dag.py for tasks to queue
[2026-05-12T16:00:12.834+0000] {logging_mixin.py:188} INFO - [2026-05-12T16:00:12.833+0000] {dagbag.py:538} INFO - Filling up the DagBag from /opt/airflow/dags/job_etl_dag.py
[2026-05-12T16:00:12.906+0000] {processor.py:840} INFO - DAG(s) 'job_market_etl' retrieved from /opt/airflow/dags/job_etl_dag.py
[2026-05-12T16:00:13.011+0000] {logging_mixin.py:188} INFO - [2026-05-12T16:00:13.010+0000] {dag.py:3036} INFO - Sync 1 DAGs
[2026-05-12T16:00:13.048+0000] {logging_mixin.py:188} INFO - [2026-05-12T16:00:13.047+0000] {dag.py:3823} INFO - Setting next_dagrun for job_market_etl to None, run_after=None
[2026-05-12T16:00:13.125+0000] {processor.py:183} INFO - Processing /opt/airflow/dags/job_etl_dag.py took 0.316 seconds
[2026-05-12T16:00:43.482+0000] {processor.py:161} INFO - Started process (PID=276) to work on /opt/airflow/dags/job_etl_dag.py
[2026-05-12T16:00:43.488+0000] {processor.py:830} INFO - Processing file /opt/airflow/dags/job_etl_dag.py for tasks to queue
[2026-05-12T16:00:43.492+0000] {logging_mixin.py:188} INFO - [2026-05-12T16:00:43.491+0000] {dagbag.py:538} INFO - Filling up the DagBag from /opt/airflow/dags/job_etl_dag.py
[2026-05-12T16:00:43.565+0000] {processor.py:840} INFO - DAG(s) 'job_market_etl' retrieved from /opt/airflow/dags/job_etl_dag.py
[2026-05-12T16:00:43.655+0000] {logging_mixin.py:188} INFO - [2026-05-12T16:00:43.654+0000] {dag.py:3036} INFO - Sync 1 DAGs
[2026-05-12T16:00:43.693+0000] {logging_mixin.py:188} INFO - [2026-05-12T16:00:43.692+0000] {dag.py:3823} INFO - Setting next_dagrun for job_market_etl to None, run_after=None
[2026-05-12T16:00:43.769+0000] {processor.py:183} INFO - Processing /opt/airflow/dags/job_etl_dag.py took 0.297 seconds
[2026-05-12T16:01:13.932+0000] {processor.py:161} INFO - Started process (PID=277) to work on /opt/airflow/dags/job_etl_dag.py
[2026-05-12T16:01:13.936+0000] {processor.py:830} INFO - Processing file /opt/airflow/dags/job_etl_dag.py for tasks to queue
[2026-05-12T16:01:13.941+0000] {logging_mixin.py:188} INFO - [2026-05-12T16:01:13.939+0000] {dagbag.py:538} INFO - Filling up the DagBag from /opt/airflow/dags/job_etl_dag.py
[2026-05-12T16:01:14.016+0000] {processor.py:840} INFO - DAG(s) 'job_market_etl' retrieved from /opt/airflow/dags/job_etl_dag.py
[2026-05-12T16:01:14.110+0000] {logging_mixin.py:188} INFO - [2026-05-12T16:01:14.110+0000] {dag.py:3036} INFO - Sync 1 DAGs
[2026-05-12T16:01:14.147+0000] {logging_mixin.py:188} INFO - [2026-05-12T16:01:14.147+0000] {dag.py:3823} INFO - Setting next_dagrun for job_market_etl to None, run_after=None
[2026-05-12T16:01:14.222+0000] {processor.py:183} INFO - Processing /opt/airflow/dags/job_etl_dag.py took 0.305 seconds
[2026-05-12T16:01:44.555+0000] {processor.py:161} INFO - Started process (PID=278) to work on /opt/airflow/dags/job_etl_dag.py
[2026-05-12T16:01:44.559+0000] {processor.py:830} INFO - Processing file /opt/airflow/dags/job_etl_dag.py for tasks to queue
[2026-05-12T16:01:44.566+0000] {logging_mixin.py:188} INFO - [2026-05-12T16:01:44.564+0000] {dagbag.py:538} INFO - Filling up the DagBag from /opt/airflow/dags/job_etl_dag.py
[2026-05-12T16:01:44.646+0000] {processor.py:840} INFO - DAG(s) 'job_market_etl' retrieved from /opt/airflow/dags/job_etl_dag.py
[2026-05-12T16:01:44.737+0000] {logging_mixin.py:188} INFO - [2026-05-12T16:01:44.736+0000] {dag.py:3036} INFO - Sync 1 DAGs
[2026-05-12T16:01:44.781+0000] {logging_mixin.py:188} INFO - [2026-05-12T16:01:44.780+0000] {dag.py:3823} INFO - Setting next_dagrun for job_market_etl to None, run_after=None
[2026-05-12T16:01:44.854+0000] {processor.py:183} INFO - Processing /opt/airflow/dags/job_etl_dag.py took 0.308 seconds
[2026-05-12T16:02:14.987+0000] {processor.py:161} INFO - Started process (PID=279) to work on /opt/airflow/dags/job_etl_dag.py
[2026-05-12T16:02:14.991+0000] {processor.py:830} INFO - Processing file /opt/airflow/dags/job_etl_dag.py for tasks to queue
[2026-05-12T16:02:14.995+0000] {logging_mixin.py:188} INFO - [2026-05-12T16:02:14.994+0000] {dagbag.py:538} INFO - Filling up the DagBag from /opt/airflow/dags/job_etl_dag.py
[2026-05-12T16:02:15.067+0000] {processor.py:840} INFO - DAG(s) 'job_market_etl' retrieved from /opt/airflow/dags/job_etl_dag.py
[2026-05-12T16:02:15.166+0000] {logging_mixin.py:188} INFO - [2026-05-12T16:02:15.165+0000] {dag.py:3036} INFO - Sync 1 DAGs
[2026-05-12T16:02:15.204+0000] {logging_mixin.py:188} INFO - [2026-05-12T16:02:15.203+0000] {dag.py:3823} INFO - Setting next_dagrun for job_market_etl to None, run_after=None
[2026-05-12T16:02:15.282+0000] {processor.py:183} INFO - Processing /opt/airflow/dags/job_etl_dag.py took 0.308 seconds
[2026-05-12T16:02:45.774+0000] {processor.py:161} INFO - Started process (PID=280) to work on /opt/airflow/dags/job_etl_dag.py
[2026-05-12T16:02:45.780+0000] {processor.py:830} INFO - Processing file /opt/airflow/dags/job_etl_dag.py for tasks to queue
[2026-05-12T16:02:45.788+0000] {logging_mixin.py:188} INFO - [2026-05-12T16:02:45.786+0000] {dagbag.py:538} INFO - Filling up the DagBag from /opt/airflow/dags/job_etl_dag.py
[2026-05-12T16:02:45.894+0000] {processor.py:840} INFO - DAG(s) 'job_market_etl' retrieved from /opt/airflow/dags/job_etl_dag.py
[2026-05-12T16:02:46.010+0000] {logging_mixin.py:188} INFO - [2026-05-12T16:02:46.009+0000] {dag.py:3036} INFO - Sync 1 DAGs
[2026-05-12T16:02:46.055+0000] {logging_mixin.py:188} INFO - [2026-05-12T16:02:46.054+0000] {dag.py:3823} INFO - Setting next_dagrun for job_market_etl to None, run_after=None
[2026-05-12T16:02:46.133+0000] {processor.py:183} INFO - Processing /opt/airflow/dags/job_etl_dag.py took 0.380 seconds
[2026-05-12T16:03:16.599+0000] {processor.py:161} INFO - Started process (PID=281) to work on /opt/airflow/dags/job_etl_dag.py
[2026-05-12T16:03:16.603+0000] {processor.py:830} INFO - Processing file /opt/airflow/dags/job_etl_dag.py for tasks to queue
[2026-05-12T16:03:16.606+0000] {logging_mixin.py:188} INFO - [2026-05-12T16:03:16.605+0000] {dagbag.py:538} INFO - Filling up the DagBag from /opt/airflow/dags/job_etl_dag.py
[2026-05-12T16:03:16.678+0000] {processor.py:840} INFO - DAG(s) 'job_market_etl' retrieved from /opt/airflow/dags/job_etl_dag.py
[2026-05-12T16:03:16.769+0000] {logging_mixin.py:188} INFO - [2026-05-12T16:03:16.768+0000] {dag.py:3036} INFO - Sync 1 DAGs
[2026-05-12T16:03:16.812+0000] {logging_mixin.py:188} INFO - [2026-05-12T16:03:16.811+0000] {dag.py:3823} INFO - Setting next_dagrun for job_market_etl to None, run_after=None
[2026-05-12T16:03:16.879+0000] {processor.py:183} INFO - Processing /opt/airflow/dags/job_etl_dag.py took 0.290 seconds
[2026-05-12T16:03:47.354+0000] {processor.py:161} INFO - Started process (PID=282) to work on /opt/airflow/dags/job_etl_dag.py
[2026-05-12T16:03:47.358+0000] {processor.py:830} INFO - Processing file /opt/airflow/dags/job_etl_dag.py for tasks to queue
[2026-05-12T16:03:47.362+0000] {logging_mixin.py:188} INFO - [2026-05-12T16:03:47.361+0000] {dagbag.py:538} INFO - Filling up the DagBag from /opt/airflow/dags/job_etl_dag.py
[2026-05-12T16:03:47.435+0000] {processor.py:840} INFO - DAG(s) 'job_market_etl' retrieved from /opt/airflow/dags/job_etl_dag.py
[2026-05-12T16:03:47.525+0000] {logging_mixin.py:188} INFO - [2026-05-12T16:03:47.524+0000] {dag.py:3036} INFO - Sync 1 DAGs
[2026-05-12T16:03:47.564+0000] {logging_mixin.py:188} INFO - [2026-05-12T16:03:47.563+0000] {dag.py:3823} INFO - Setting next_dagrun for job_market_etl to None, run_after=None
[2026-05-12T16:03:47.637+0000] {processor.py:183} INFO - Processing /opt/airflow/dags/job_etl_dag.py took 0.294 seconds
[2026-05-12T16:04:18.107+0000] {processor.py:161} INFO - Started process (PID=283) to work on /opt/airflow/dags/job_etl_dag.py
[2026-05-12T16:04:18.113+0000] {processor.py:830} INFO - Processing file /opt/airflow/dags/job_etl_dag.py for tasks to queue
[2026-05-12T16:04:18.119+0000] {logging_mixin.py:188} INFO - [2026-05-12T16:04:18.117+0000] {dagbag.py:538} INFO - Filling up the DagBag from /opt/airflow/dags/job_etl_dag.py
[2026-05-12T16:04:18.184+0000] {processor.py:840} INFO - DAG(s) 'job_market_etl' retrieved from /opt/airflow/dags/job_etl_dag.py
[2026-05-12T16:04:18.279+0000] {logging_mixin.py:188} INFO - [2026-05-12T16:04:18.278+0000] {dag.py:3036} INFO - Sync 1 DAGs
[2026-05-12T16:04:18.318+0000] {logging_mixin.py:188} INFO - [2026-05-12T16:04:18.317+0000] {dag.py:3823} INFO - Setting next_dagrun for job_market_etl to None, run_after=None
[2026-05-12T16:04:18.394+0000] {processor.py:183} INFO - Processing /opt/airflow/dags/job_etl_dag.py took 0.303 seconds
[2026-05-12T16:04:48.877+0000] {processor.py:161} INFO - Started process (PID=284) to work on /opt/airflow/dags/job_etl_dag.py
[2026-05-12T16:04:48.881+0000] {processor.py:830} INFO - Processing file /opt/airflow/dags/job_etl_dag.py for tasks to queue
[2026-05-12T16:04:48.885+0000] {logging_mixin.py:188} INFO - [2026-05-12T16:04:48.884+0000] {dagbag.py:538} INFO - Filling up the DagBag from /opt/airflow/dags/job_etl_dag.py
[2026-05-12T16:04:48.961+0000] {processor.py:840} INFO - DAG(s) 'job_market_etl' retrieved from /opt/airflow/dags/job_etl_dag.py
[2026-05-12T16:04:49.059+0000] {logging_mixin.py:188} INFO - [2026-05-12T16:04:49.058+0000] {dag.py:3036} INFO - Sync 1 DAGs
[2026-05-12T16:04:49.107+0000] {logging_mixin.py:188} INFO - [2026-05-12T16:04:49.107+0000] {dag.py:3823} INFO - Setting next_dagrun for job_market_etl to None, run_after=None
[2026-05-12T16:04:49.186+0000] {processor.py:183} INFO - Processing /opt/airflow/dags/job_etl_dag.py took 0.324 seconds
[2026-05-12T16:05:19.708+0000] {processor.py:161} INFO - Started process (PID=285) to work on /opt/airflow/dags/job_etl_dag.py
[2026-05-12T16:05:19.712+0000] {processor.py:830} INFO - Processing file /opt/airflow/dags/job_etl_dag.py for tasks to queue
[2026-05-12T16:05:19.718+0000] {logging_mixin.py:188} INFO - [2026-05-12T16:05:19.716+0000] {dagbag.py:538} INFO - Filling up the DagBag from /opt/airflow/dags/job_etl_dag.py
[2026-05-12T16:05:19.778+0000] {processor.py:840} INFO - DAG(s) 'job_market_etl' retrieved from /opt/airflow/dags/job_etl_dag.py
[2026-05-12T16:05:19.870+0000] {logging_mixin.py:188} INFO - [2026-05-12T16:05:19.869+0000] {dag.py:3036} INFO - Sync 1 DAGs
[2026-05-12T16:05:19.905+0000] {logging_mixin.py:188} INFO - [2026-05-12T16:05:19.904+0000] {dag.py:3823} INFO - Setting next_dagrun for job_market_etl to None, run_after=None
[2026-05-12T16:05:19.983+0000] {processor.py:183} INFO - Processing /opt/airflow/dags/job_etl_dag.py took 0.294 seconds
[2026-05-12T16:05:50.144+0000] {processor.py:161} INFO - Started process (PID=286) to work on /opt/airflow/dags/job_etl_dag.py
[2026-05-12T16:05:50.147+0000] {processor.py:830} INFO - Processing file /opt/airflow/dags/job_etl_dag.py for tasks to queue
[2026-05-12T16:05:50.151+0000] {logging_mixin.py:188} INFO - [2026-05-12T16:05:50.150+0000] {dagbag.py:538} INFO - Filling up the DagBag from /opt/airflow/dags/job_etl_dag.py
[2026-05-12T16:05:50.218+0000] {processor.py:840} INFO - DAG(s) 'job_market_etl' retrieved from /opt/airflow/dags/job_etl_dag.py
[2026-05-12T16:05:50.320+0000] {logging_mixin.py:188} INFO - [2026-05-12T16:05:50.320+0000] {dag.py:3036} INFO - Sync 1 DAGs
[2026-05-12T16:05:50.361+0000] {logging_mixin.py:188} INFO - [2026-05-12T16:05:50.360+0000] {dag.py:3823} INFO - Setting next_dagrun for job_market_etl to None, run_after=None
[2026-05-12T16:05:50.431+0000] {processor.py:183} INFO - Processing /opt/airflow/dags/job_etl_dag.py took 0.298 seconds
[2026-05-12T16:06:20.787+0000] {processor.py:161} INFO - Started process (PID=287) to work on /opt/airflow/dags/job_etl_dag.py
[2026-05-12T16:06:20.791+0000] {processor.py:830} INFO - Processing file /opt/airflow/dags/job_etl_dag.py for tasks to queue
[2026-05-12T16:06:20.795+0000] {logging_mixin.py:188} INFO - [2026-05-12T16:06:20.794+0000] {dagbag.py:538} INFO - Filling up the DagBag from /opt/airflow/dags/job_etl_dag.py
[2026-05-12T16:06:20.855+0000] {processor.py:840} INFO - DAG(s) 'job_market_etl' retrieved from /opt/airflow/dags/job_etl_dag.py
[2026-05-12T16:06:20.945+0000] {logging_mixin.py:188} INFO - [2026-05-12T16:06:20.945+0000] {dag.py:3036} INFO - Sync 1 DAGs
[2026-05-12T16:06:20.988+0000] {logging_mixin.py:188} INFO - [2026-05-12T16:06:20.987+0000] {dag.py:3823} INFO - Setting next_dagrun for job_market_etl to None, run_after=None
[2026-05-12T16:06:21.065+0000] {processor.py:183} INFO - Processing /opt/airflow/dags/job_etl_dag.py took 0.288 seconds
[2026-05-12T16:06:51.204+0000] {processor.py:161} INFO - Started process (PID=288) to work on /opt/airflow/dags/job_etl_dag.py
[2026-05-12T16:06:51.208+0000] {processor.py:830} INFO - Processing file /opt/airflow/dags/job_etl_dag.py for tasks to queue
[2026-05-12T16:06:51.211+0000] {logging_mixin.py:188} INFO - [2026-05-12T16:06:51.210+0000] {dagbag.py:538} INFO - Filling up the DagBag from /opt/airflow/dags/job_etl_dag.py
[2026-05-12T16:06:51.275+0000] {processor.py:840} INFO - DAG(s) 'job_market_etl' retrieved from /opt/airflow/dags/job_etl_dag.py
[2026-05-12T16:06:51.377+0000] {logging_mixin.py:188} INFO - [2026-05-12T16:06:51.376+0000] {dag.py:3036} INFO - Sync 1 DAGs
[2026-05-12T16:06:51.424+0000] {logging_mixin.py:188} INFO - [2026-05-12T16:06:51.423+0000] {dag.py:3823} INFO - Setting next_dagrun for job_market_etl to None, run_after=None
[2026-05-12T16:06:51.501+0000] {processor.py:183} INFO - Processing /opt/airflow/dags/job_etl_dag.py took 0.309 seconds
[2026-05-12T16:07:21.878+0000] {processor.py:161} INFO - Started process (PID=289) to work on /opt/airflow/dags/job_etl_dag.py
[2026-05-12T16:07:21.882+0000] {processor.py:830} INFO - Processing file /opt/airflow/dags/job_etl_dag.py for tasks to queue
[2026-05-12T16:07:21.889+0000] {logging_mixin.py:188} INFO - [2026-05-12T16:07:21.888+0000] {dagbag.py:538} INFO - Filling up the DagBag from /opt/airflow/dags/job_etl_dag.py
[2026-05-12T16:07:21.956+0000] {processor.py:840} INFO - DAG(s) 'job_market_etl' retrieved from /opt/airflow/dags/job_etl_dag.py
[2026-05-12T16:07:22.064+0000] {logging_mixin.py:188} INFO - [2026-05-12T16:07:22.063+0000] {dag.py:3036} INFO - Sync 1 DAGs
[2026-05-12T16:07:22.101+0000] {logging_mixin.py:188} INFO - [2026-05-12T16:07:22.101+0000] {dag.py:3823} INFO - Setting next_dagrun for job_market_etl to None, run_after=None
[2026-05-12T16:07:22.180+0000] {processor.py:183} INFO - Processing /opt/airflow/dags/job_etl_dag.py took 0.315 seconds
[2026-05-12T16:07:52.641+0000] {processor.py:161} INFO - Started process (PID=290) to work on /opt/airflow/dags/job_etl_dag.py
[2026-05-12T16:07:52.645+0000] {processor.py:830} INFO - Processing file /opt/airflow/dags/job_etl_dag.py for tasks to queue
[2026-05-12T16:07:52.648+0000] {logging_mixin.py:188} INFO - [2026-05-12T16:07:52.648+0000] {dagbag.py:538} INFO - Filling up the DagBag from /opt/airflow/dags/job_etl_dag.py
[2026-05-12T16:07:52.720+0000] {processor.py:840} INFO - DAG(s) 'job_market_etl' retrieved from /opt/airflow/dags/job_etl_dag.py
[2026-05-12T16:07:52.813+0000] {logging_mixin.py:188} INFO - [2026-05-12T16:07:52.812+0000] {dag.py:3036} INFO - Sync 1 DAGs
[2026-05-12T16:07:52.853+0000] {logging_mixin.py:188} INFO - [2026-05-12T16:07:52.852+0000] {dag.py:3823} INFO - Setting next_dagrun for job_market_etl to None, run_after=None
[2026-05-12T16:07:52.932+0000] {processor.py:183} INFO - Processing /opt/airflow/dags/job_etl_dag.py took 0.304 seconds
[2026-05-12T16:08:23.379+0000] {processor.py:161} INFO - Started process (PID=291) to work on /opt/airflow/dags/job_etl_dag.py
[2026-05-12T16:08:23.383+0000] {processor.py:830} INFO - Processing file /opt/airflow/dags/job_etl_dag.py for tasks to queue
[2026-05-12T16:08:23.387+0000] {logging_mixin.py:188} INFO - [2026-05-12T16:08:23.386+0000] {dagbag.py:538} INFO - Filling up the DagBag from /opt/airflow/dags/job_etl_dag.py
[2026-05-12T16:08:23.455+0000] {processor.py:840} INFO - DAG(s) 'job_market_etl' retrieved from /opt/airflow/dags/job_etl_dag.py
[2026-05-12T16:08:23.551+0000] {logging_mixin.py:188} INFO - [2026-05-12T16:08:23.550+0000] {dag.py:3036} INFO - Sync 1 DAGs
[2026-05-12T16:08:23.595+0000] {logging_mixin.py:188} INFO - [2026-05-12T16:08:23.594+0000] {dag.py:3823} INFO - Setting next_dagrun for job_market_etl to None, run_after=None
[2026-05-12T16:08:23.674+0000] {processor.py:183} INFO - Processing /opt/airflow/dags/job_etl_dag.py took 0.305 seconds
[2026-05-12T16:08:54.147+0000] {processor.py:161} INFO - Started process (PID=292) to work on /opt/airflow/dags/job_etl_dag.py
[2026-05-12T16:08:54.151+0000] {processor.py:830} INFO - Processing file /opt/airflow/dags/job_etl_dag.py for tasks to queue
[2026-05-12T16:08:54.155+0000] {logging_mixin.py:188} INFO - [2026-05-12T16:08:54.154+0000] {dagbag.py:538} INFO - Filling up the DagBag from /opt/airflow/dags/job_etl_dag.py
[2026-05-12T16:08:54.231+0000] {processor.py:840} INFO - DAG(s) 'job_market_etl' retrieved from /opt/airflow/dags/job_etl_dag.py
[2026-05-12T16:08:54.326+0000] {logging_mixin.py:188} INFO - [2026-05-12T16:08:54.325+0000] {dag.py:3036} INFO - Sync 1 DAGs
[2026-05-12T16:08:54.365+0000] {logging_mixin.py:188} INFO - [2026-05-12T16:08:54.364+0000] {dag.py:3823} INFO - Setting next_dagrun for job_market_etl to None, run_after=None
[2026-05-12T16:08:54.443+0000] {processor.py:183} INFO - Processing /opt/airflow/dags/job_etl_dag.py took 0.308 seconds
[2026-05-12T16:09:24.888+0000] {processor.py:161} INFO - Started process (PID=293) to work on /opt/airflow/dags/job_etl_dag.py
[2026-05-12T16:09:24.893+0000] {processor.py:830} INFO - Processing file /opt/airflow/dags/job_etl_dag.py for tasks to queue
[2026-05-12T16:09:24.897+0000] {logging_mixin.py:188} INFO - [2026-05-12T16:09:24.896+0000] {dagbag.py:538} INFO - Filling up the DagBag from /opt/airflow/dags/job_etl_dag.py
[2026-05-12T16:09:24.969+0000] {processor.py:840} INFO - DAG(s) 'job_market_etl' retrieved from /opt/airflow/dags/job_etl_dag.py
[2026-05-12T16:09:25.053+0000] {logging_mixin.py:188} INFO - [2026-05-12T16:09:25.053+0000] {dag.py:3036} INFO - Sync 1 DAGs
[2026-05-12T16:09:25.087+0000] {logging_mixin.py:188} INFO - [2026-05-12T16:09:25.086+0000] {dag.py:3823} INFO - Setting next_dagrun for job_market_etl to None, run_after=None
[2026-05-12T16:09:25.150+0000] {processor.py:183} INFO - Processing /opt/airflow/dags/job_etl_dag.py took 0.271 seconds
[2026-05-12T16:09:55.276+0000] {processor.py:161} INFO - Started process (PID=294) to work on /opt/airflow/dags/job_etl_dag.py
[2026-05-12T16:09:55.280+0000] {processor.py:830} INFO - Processing file /opt/airflow/dags/job_etl_dag.py for tasks to queue
[2026-05-12T16:09:55.283+0000] {logging_mixin.py:188} INFO - [2026-05-12T16:09:55.282+0000] {dagbag.py:538} INFO - Filling up the DagBag from /opt/airflow/dags/job_etl_dag.py
[2026-05-12T16:09:55.359+0000] {processor.py:840} INFO - DAG(s) 'job_market_etl' retrieved from /opt/airflow/dags/job_etl_dag.py
[2026-05-12T16:09:55.445+0000] {logging_mixin.py:188} INFO - [2026-05-12T16:09:55.444+0000] {dag.py:3036} INFO - Sync 1 DAGs
[2026-05-12T16:09:55.481+0000] {logging_mixin.py:188} INFO - [2026-05-12T16:09:55.480+0000] {dag.py:3823} INFO - Setting next_dagrun for job_market_etl to None, run_after=None
[2026-05-12T16:09:55.554+0000] {processor.py:183} INFO - Processing /opt/airflow/dags/job_etl_dag.py took 0.290 seconds
[2026-05-12T16:10:26.127+0000] {processor.py:161} INFO - Started process (PID=296) to work on /opt/airflow/dags/job_etl_dag.py
[2026-05-12T16:10:26.133+0000] {processor.py:830} INFO - Processing file /opt/airflow/dags/job_etl_dag.py for tasks to queue
[2026-05-12T16:10:26.138+0000] {logging_mixin.py:188} INFO - [2026-05-12T16:10:26.137+0000] {dagbag.py:538} INFO - Filling up the DagBag from /opt/airflow/dags/job_etl_dag.py
[2026-05-12T16:10:26.270+0000] {processor.py:840} INFO - DAG(s) 'job_market_etl' retrieved from /opt/airflow/dags/job_etl_dag.py
[2026-05-12T16:10:26.476+0000] {logging_mixin.py:188} INFO - [2026-05-12T16:10:26.476+0000] {dag.py:3036} INFO - Sync 1 DAGs
[2026-05-12T16:10:26.584+0000] {logging_mixin.py:188} INFO - [2026-05-12T16:10:26.584+0000] {dag.py:3823} INFO - Setting next_dagrun for job_market_etl to None, run_after=None
[2026-05-12T16:10:26.663+0000] {processor.py:183} INFO - Processing /opt/airflow/dags/job_etl_dag.py took 0.579 seconds
[2026-05-12T16:10:57.187+0000] {processor.py:161} INFO - Started process (PID=297) to work on /opt/airflow/dags/job_etl_dag.py
[2026-05-12T16:10:57.191+0000] {processor.py:830} INFO - Processing file /opt/airflow/dags/job_etl_dag.py for tasks to queue
[2026-05-12T16:10:57.195+0000] {logging_mixin.py:188} INFO - [2026-05-12T16:10:57.194+0000] {dagbag.py:538} INFO - Filling up the DagBag from /opt/airflow/dags/job_etl_dag.py
[2026-05-12T16:10:57.259+0000] {processor.py:840} INFO - DAG(s) 'job_market_etl' retrieved from /opt/airflow/dags/job_etl_dag.py
[2026-05-12T16:10:57.361+0000] {logging_mixin.py:188} INFO - [2026-05-12T16:10:57.360+0000] {dag.py:3036} INFO - Sync 1 DAGs
[2026-05-12T16:10:57.396+0000] {logging_mixin.py:188} INFO - [2026-05-12T16:10:57.395+0000] {dag.py:3823} INFO - Setting next_dagrun for job_market_etl to None, run_after=None
[2026-05-12T16:10:57.469+0000] {processor.py:183} INFO - Processing /opt/airflow/dags/job_etl_dag.py took 0.294 seconds
[2026-05-12T16:11:27.871+0000] {processor.py:161} INFO - Started process (PID=298) to work on /opt/airflow/dags/job_etl_dag.py
[2026-05-12T16:11:27.874+0000] {processor.py:830} INFO - Processing file /opt/airflow/dags/job_etl_dag.py for tasks to queue
[2026-05-12T16:11:27.879+0000] {logging_mixin.py:188} INFO - [2026-05-12T16:11:27.876+0000] {dagbag.py:538} INFO - Filling up the DagBag from /opt/airflow/dags/job_etl_dag.py
[2026-05-12T16:11:27.941+0000] {processor.py:840} INFO - DAG(s) 'job_market_etl' retrieved from /opt/airflow/dags/job_etl_dag.py
[2026-05-12T16:11:28.030+0000] {logging_mixin.py:188} INFO - [2026-05-12T16:11:28.029+0000] {dag.py:3036} INFO - Sync 1 DAGs
[2026-05-12T16:11:28.068+0000] {logging_mixin.py:188} INFO - [2026-05-12T16:11:28.067+0000] {dag.py:3823} INFO - Setting next_dagrun for job_market_etl to None, run_after=None
[2026-05-12T16:11:28.152+0000] {processor.py:183} INFO - Processing /opt/airflow/dags/job_etl_dag.py took 0.292 seconds
[2026-05-12T16:11:58.284+0000] {processor.py:161} INFO - Started process (PID=299) to work on /opt/airflow/dags/job_etl_dag.py
[2026-05-12T16:11:58.287+0000] {processor.py:830} INFO - Processing file /opt/airflow/dags/job_etl_dag.py for tasks to queue
[2026-05-12T16:11:58.292+0000] {logging_mixin.py:188} INFO - [2026-05-12T16:11:58.291+0000] {dagbag.py:538} INFO - Filling up the DagBag from /opt/airflow/dags/job_etl_dag.py
[2026-05-12T16:11:58.365+0000] {processor.py:840} INFO - DAG(s) 'job_market_etl' retrieved from /opt/airflow/dags/job_etl_dag.py
[2026-05-12T16:11:58.453+0000] {logging_mixin.py:188} INFO - [2026-05-12T16:11:58.453+0000] {dag.py:3036} INFO - Sync 1 DAGs
[2026-05-12T16:11:58.490+0000] {logging_mixin.py:188} INFO - [2026-05-12T16:11:58.489+0000] {dag.py:3823} INFO - Setting next_dagrun for job_market_etl to None, run_after=None
[2026-05-12T16:11:58.569+0000] {processor.py:183} INFO - Processing /opt/airflow/dags/job_etl_dag.py took 0.301 seconds
[2026-05-12T16:12:28.958+0000] {processor.py:161} INFO - Started process (PID=300) to work on /opt/airflow/dags/job_etl_dag.py
[2026-05-12T16:12:28.962+0000] {processor.py:830} INFO - Processing file /opt/airflow/dags/job_etl_dag.py for tasks to queue
[2026-05-12T16:12:28.966+0000] {logging_mixin.py:188} INFO - [2026-05-12T16:12:28.965+0000] {dagbag.py:538} INFO - Filling up the DagBag from /opt/airflow/dags/job_etl_dag.py
[2026-05-12T16:12:29.027+0000] {processor.py:840} INFO - DAG(s) 'job_market_etl' retrieved from /opt/airflow/dags/job_etl_dag.py
[2026-05-12T16:12:29.112+0000] {logging_mixin.py:188} INFO - [2026-05-12T16:12:29.111+0000] {dag.py:3036} INFO - Sync 1 DAGs
[2026-05-12T16:12:29.142+0000] {logging_mixin.py:188} INFO - [2026-05-12T16:12:29.142+0000] {dag.py:3823} INFO - Setting next_dagrun for job_market_etl to None, run_after=None
[2026-05-12T16:12:29.217+0000] {processor.py:183} INFO - Processing /opt/airflow/dags/job_etl_dag.py took 0.266 seconds
[2026-05-12T16:12:59.347+0000] {processor.py:161} INFO - Started process (PID=301) to work on /opt/airflow/dags/job_etl_dag.py
[2026-05-12T16:12:59.356+0000] {processor.py:830} INFO - Processing file /opt/airflow/dags/job_etl_dag.py for tasks to queue
[2026-05-12T16:12:59.360+0000] {logging_mixin.py:188} INFO - [2026-05-12T16:12:59.359+0000] {dagbag.py:538} INFO - Filling up the DagBag from /opt/airflow/dags/job_etl_dag.py
[2026-05-12T16:12:59.444+0000] {processor.py:840} INFO - DAG(s) 'job_market_etl' retrieved from /opt/airflow/dags/job_etl_dag.py
[2026-05-12T16:12:59.549+0000] {logging_mixin.py:188} INFO - [2026-05-12T16:12:59.548+0000] {dag.py:3036} INFO - Sync 1 DAGs
[2026-05-12T16:12:59.603+0000] {logging_mixin.py:188} INFO - [2026-05-12T16:12:59.602+0000] {dag.py:3823} INFO - Setting next_dagrun for job_market_etl to None, run_after=None
[2026-05-12T16:12:59.676+0000] {processor.py:183} INFO - Processing /opt/airflow/dags/job_etl_dag.py took 0.340 seconds
[2026-05-12T16:13:30.068+0000] {processor.py:161} INFO - Started process (PID=302) to work on /opt/airflow/dags/job_etl_dag.py
[2026-05-12T16:13:30.072+0000] {processor.py:830} INFO - Processing file /opt/airflow/dags/job_etl_dag.py for tasks to queue
[2026-05-12T16:13:30.077+0000] {logging_mixin.py:188} INFO - [2026-05-12T16:13:30.076+0000] {dagbag.py:538} INFO - Filling up the DagBag from /opt/airflow/dags/job_etl_dag.py
[2026-05-12T16:13:30.143+0000] {processor.py:840} INFO - DAG(s) 'job_market_etl' retrieved from /opt/airflow/dags/job_etl_dag.py
[2026-05-12T16:13:30.237+0000] {logging_mixin.py:188} INFO - [2026-05-12T16:13:30.236+0000] {dag.py:3036} INFO - Sync 1 DAGs
[2026-05-12T16:13:30.273+0000] {logging_mixin.py:188} INFO - [2026-05-12T16:13:30.272+0000] {dag.py:3823} INFO - Setting next_dagrun for job_market_etl to None, run_after=None
[2026-05-12T16:13:30.336+0000] {processor.py:183} INFO - Processing /opt/airflow/dags/job_etl_dag.py took 0.283 seconds
[2026-05-12T16:14:00.504+0000] {processor.py:161} INFO - Started process (PID=303) to work on /opt/airflow/dags/job_etl_dag.py
[2026-05-12T16:14:00.508+0000] {processor.py:830} INFO - Processing file /opt/airflow/dags/job_etl_dag.py for tasks to queue
[2026-05-12T16:14:00.511+0000] {logging_mixin.py:188} INFO - [2026-05-12T16:14:00.510+0000] {dagbag.py:538} INFO - Filling up the DagBag from /opt/airflow/dags/job_etl_dag.py
[2026-05-12T16:14:00.581+0000] {processor.py:840} INFO - DAG(s) 'job_market_etl' retrieved from /opt/airflow/dags/job_etl_dag.py
[2026-05-12T16:14:00.694+0000] {logging_mixin.py:188} INFO - [2026-05-12T16:14:00.693+0000] {dag.py:3036} INFO - Sync 1 DAGs
[2026-05-12T16:14:00.727+0000] {logging_mixin.py:188} INFO - [2026-05-12T16:14:00.726+0000] {dag.py:3823} INFO - Setting next_dagrun for job_market_etl to None, run_after=None
[2026-05-12T16:14:00.787+0000] {processor.py:183} INFO - Processing /opt/airflow/dags/job_etl_dag.py took 0.300 seconds
[2026-05-12T16:14:31.151+0000] {processor.py:161} INFO - Started process (PID=304) to work on /opt/airflow/dags/job_etl_dag.py
[2026-05-12T16:14:31.155+0000] {processor.py:830} INFO - Processing file /opt/airflow/dags/job_etl_dag.py for tasks to queue
[2026-05-12T16:14:31.159+0000] {logging_mixin.py:188} INFO - [2026-05-12T16:14:31.158+0000] {dagbag.py:538} INFO - Filling up the DagBag from /opt/airflow/dags/job_etl_dag.py
[2026-05-12T16:14:31.223+0000] {processor.py:840} INFO - DAG(s) 'job_market_etl' retrieved from /opt/airflow/dags/job_etl_dag.py
[2026-05-12T16:14:31.322+0000] {logging_mixin.py:188} INFO - [2026-05-12T16:14:31.321+0000] {dag.py:3036} INFO - Sync 1 DAGs
[2026-05-12T16:14:31.367+0000] {logging_mixin.py:188} INFO - [2026-05-12T16:14:31.366+0000] {dag.py:3823} INFO - Setting next_dagrun for job_market_etl to None, run_after=None
[2026-05-12T16:14:31.445+0000] {processor.py:183} INFO - Processing /opt/airflow/dags/job_etl_dag.py took 0.303 seconds
[2026-05-12T16:15:01.596+0000] {processor.py:161} INFO - Started process (PID=305) to work on /opt/airflow/dags/job_etl_dag.py
[2026-05-12T16:15:01.602+0000] {processor.py:830} INFO - Processing file /opt/airflow/dags/job_etl_dag.py for tasks to queue
[2026-05-12T16:15:01.607+0000] {logging_mixin.py:188} INFO - [2026-05-12T16:15:01.605+0000] {dagbag.py:538} INFO - Filling up the DagBag from /opt/airflow/dags/job_etl_dag.py
[2026-05-12T16:15:01.683+0000] {processor.py:840} INFO - DAG(s) 'job_market_etl' retrieved from /opt/airflow/dags/job_etl_dag.py
[2026-05-12T16:15:01.789+0000] {logging_mixin.py:188} INFO - [2026-05-12T16:15:01.788+0000] {dag.py:3036} INFO - Sync 1 DAGs
[2026-05-12T16:15:01.834+0000] {logging_mixin.py:188} INFO - [2026-05-12T16:15:01.833+0000] {dag.py:3823} INFO - Setting next_dagrun for job_market_etl to None, run_after=None
[2026-05-12T16:15:01.911+0000] {processor.py:183} INFO - Processing /opt/airflow/dags/job_etl_dag.py took 0.333 seconds
[2026-05-12T16:15:32.348+0000] {processor.py:161} INFO - Started process (PID=306) to work on /opt/airflow/dags/job_etl_dag.py
[2026-05-12T16:15:32.351+0000] {processor.py:830} INFO - Processing file /opt/airflow/dags/job_etl_dag.py for tasks to queue
[2026-05-12T16:15:32.354+0000] {logging_mixin.py:188} INFO - [2026-05-12T16:15:32.354+0000] {dagbag.py:538} INFO - Filling up the DagBag from /opt/airflow/dags/job_etl_dag.py
[2026-05-12T16:15:32.425+0000] {processor.py:840} INFO - DAG(s) 'job_market_etl' retrieved from /opt/airflow/dags/job_etl_dag.py
[2026-05-12T16:15:32.516+0000] {logging_mixin.py:188} INFO - [2026-05-12T16:15:32.516+0000] {dag.py:3036} INFO - Sync 1 DAGs
[2026-05-12T16:15:32.558+0000] {logging_mixin.py:188} INFO - [2026-05-12T16:15:32.558+0000] {dag.py:3823} INFO - Setting next_dagrun for job_market_etl to None, run_after=None
[2026-05-12T16:15:32.624+0000] {processor.py:183} INFO - Processing /opt/airflow/dags/job_etl_dag.py took 0.284 seconds
[2026-05-12T16:16:03.094+0000] {processor.py:161} INFO - Started process (PID=307) to work on /opt/airflow/dags/job_etl_dag.py
[2026-05-12T16:16:03.098+0000] {processor.py:830} INFO - Processing file /opt/airflow/dags/job_etl_dag.py for tasks to queue
[2026-05-12T16:16:03.103+0000] {logging_mixin.py:188} INFO - [2026-05-12T16:16:03.101+0000] {dagbag.py:538} INFO - Filling up the DagBag from /opt/airflow/dags/job_etl_dag.py
[2026-05-12T16:16:03.173+0000] {processor.py:840} INFO - DAG(s) 'job_market_etl' retrieved from /opt/airflow/dags/job_etl_dag.py
[2026-05-12T16:16:03.267+0000] {logging_mixin.py:188} INFO - [2026-05-12T16:16:03.266+0000] {dag.py:3036} INFO - Sync 1 DAGs
[2026-05-12T16:16:03.307+0000] {logging_mixin.py:188} INFO - [2026-05-12T16:16:03.307+0000] {dag.py:3823} INFO - Setting next_dagrun for job_market_etl to None, run_after=None
[2026-05-12T16:16:03.366+0000] {processor.py:183} INFO - Processing /opt/airflow/dags/job_etl_dag.py took 0.286 seconds
[2026-05-12T16:16:33.818+0000] {processor.py:161} INFO - Started process (PID=308) to work on /opt/airflow/dags/job_etl_dag.py
[2026-05-12T16:16:33.823+0000] {processor.py:830} INFO - Processing file /opt/airflow/dags/job_etl_dag.py for tasks to queue
[2026-05-12T16:16:33.829+0000] {logging_mixin.py:188} INFO - [2026-05-12T16:16:33.827+0000] {dagbag.py:538} INFO - Filling up the DagBag from /opt/airflow/dags/job_etl_dag.py
[2026-05-12T16:16:33.905+0000] {processor.py:840} INFO - DAG(s) 'job_market_etl' retrieved from /opt/airflow/dags/job_etl_dag.py
[2026-05-12T16:16:34.016+0000] {logging_mixin.py:188} INFO - [2026-05-12T16:16:34.015+0000] {dag.py:3036} INFO - Sync 1 DAGs
[2026-05-12T16:16:34.059+0000] {logging_mixin.py:188} INFO - [2026-05-12T16:16:34.059+0000] {dag.py:3823} INFO - Setting next_dagrun for job_market_etl to None, run_after=None
[2026-05-12T16:16:34.140+0000] {processor.py:183} INFO - Processing /opt/airflow/dags/job_etl_dag.py took 0.335 seconds
[2026-05-12T16:17:04.591+0000] {processor.py:161} INFO - Started process (PID=309) to work on /opt/airflow/dags/job_etl_dag.py
[2026-05-12T16:17:04.596+0000] {processor.py:830} INFO - Processing file /opt/airflow/dags/job_etl_dag.py for tasks to queue
[2026-05-12T16:17:04.600+0000] {logging_mixin.py:188} INFO - [2026-05-12T16:17:04.599+0000] {dagbag.py:538} INFO - Filling up the DagBag from /opt/airflow/dags/job_etl_dag.py
[2026-05-12T16:17:04.675+0000] {processor.py:840} INFO - DAG(s) 'job_market_etl' retrieved from /opt/airflow/dags/job_etl_dag.py
[2026-05-12T16:17:04.775+0000] {logging_mixin.py:188} INFO - [2026-05-12T16:17:04.774+0000] {dag.py:3036} INFO - Sync 1 DAGs
[2026-05-12T16:17:04.811+0000] {logging_mixin.py:188} INFO - [2026-05-12T16:17:04.810+0000] {dag.py:3823} INFO - Setting next_dagrun for job_market_etl to None, run_after=None
[2026-05-12T16:17:04.886+0000] {processor.py:183} INFO - Processing /opt/airflow/dags/job_etl_dag.py took 0.308 seconds
[2026-05-12T16:17:35.345+0000] {processor.py:161} INFO - Started process (PID=310) to work on /opt/airflow/dags/job_etl_dag.py
[2026-05-12T16:17:35.349+0000] {processor.py:830} INFO - Processing file /opt/airflow/dags/job_etl_dag.py for tasks to queue
[2026-05-12T16:17:35.353+0000] {logging_mixin.py:188} INFO - [2026-05-12T16:17:35.352+0000] {dagbag.py:538} INFO - Filling up the DagBag from /opt/airflow/dags/job_etl_dag.py
[2026-05-12T16:17:35.422+0000] {processor.py:840} INFO - DAG(s) 'job_market_etl' retrieved from /opt/airflow/dags/job_etl_dag.py
[2026-05-12T16:17:35.517+0000] {logging_mixin.py:188} INFO - [2026-05-12T16:17:35.517+0000] {dag.py:3036} INFO - Sync 1 DAGs
[2026-05-12T16:17:35.555+0000] {logging_mixin.py:188} INFO - [2026-05-12T16:17:35.554+0000] {dag.py:3823} INFO - Setting next_dagrun for job_market_etl to None, run_after=None
[2026-05-12T16:17:35.629+0000] {processor.py:183} INFO - Processing /opt/airflow/dags/job_etl_dag.py took 0.294 seconds
[2026-05-12T16:18:06.070+0000] {processor.py:161} INFO - Started process (PID=311) to work on /opt/airflow/dags/job_etl_dag.py
[2026-05-12T16:18:06.074+0000] {processor.py:830} INFO - Processing file /opt/airflow/dags/job_etl_dag.py for tasks to queue
[2026-05-12T16:18:06.078+0000] {logging_mixin.py:188} INFO - [2026-05-12T16:18:06.077+0000] {dagbag.py:538} INFO - Filling up the DagBag from /opt/airflow/dags/job_etl_dag.py
[2026-05-12T16:18:06.146+0000] {processor.py:840} INFO - DAG(s) 'job_market_etl' retrieved from /opt/airflow/dags/job_etl_dag.py
[2026-05-12T16:18:06.243+0000] {logging_mixin.py:188} INFO - [2026-05-12T16:18:06.243+0000] {dag.py:3036} INFO - Sync 1 DAGs
[2026-05-12T16:18:06.287+0000] {logging_mixin.py:188} INFO - [2026-05-12T16:18:06.287+0000] {dag.py:3823} INFO - Setting next_dagrun for job_market_etl to None, run_after=None
[2026-05-12T16:18:06.350+0000] {processor.py:183} INFO - Processing /opt/airflow/dags/job_etl_dag.py took 0.290 seconds
[2026-05-12T16:18:36.783+0000] {processor.py:161} INFO - Started process (PID=312) to work on /opt/airflow/dags/job_etl_dag.py
[2026-05-12T16:18:36.787+0000] {processor.py:830} INFO - Processing file /opt/airflow/dags/job_etl_dag.py for tasks to queue
[2026-05-12T16:18:36.791+0000] {logging_mixin.py:188} INFO - [2026-05-12T16:18:36.790+0000] {dagbag.py:538} INFO - Filling up the DagBag from /opt/airflow/dags/job_etl_dag.py
[2026-05-12T16:18:36.865+0000] {processor.py:840} INFO - DAG(s) 'job_market_etl' retrieved from /opt/airflow/dags/job_etl_dag.py
[2026-05-12T16:18:36.971+0000] {logging_mixin.py:188} INFO - [2026-05-12T16:18:36.970+0000] {dag.py:3036} INFO - Sync 1 DAGs
[2026-05-12T16:18:37.012+0000] {logging_mixin.py:188} INFO - [2026-05-12T16:18:37.012+0000] {dag.py:3823} INFO - Setting next_dagrun for job_market_etl to None, run_after=None
[2026-05-12T16:18:37.074+0000] {processor.py:183} INFO - Processing /opt/airflow/dags/job_etl_dag.py took 0.304 seconds
[2026-05-12T16:19:07.569+0000] {processor.py:161} INFO - Started process (PID=313) to work on /opt/airflow/dags/job_etl_dag.py
[2026-05-12T16:19:07.574+0000] {processor.py:830} INFO - Processing file /opt/airflow/dags/job_etl_dag.py for tasks to queue
[2026-05-12T16:19:07.577+0000] {logging_mixin.py:188} INFO - [2026-05-12T16:19:07.576+0000] {dagbag.py:538} INFO - Filling up the DagBag from /opt/airflow/dags/job_etl_dag.py
[2026-05-12T16:19:07.655+0000] {processor.py:840} INFO - DAG(s) 'job_market_etl' retrieved from /opt/airflow/dags/job_etl_dag.py
[2026-05-12T16:19:07.776+0000] {logging_mixin.py:188} INFO - [2026-05-12T16:19:07.775+0000] {dag.py:3036} INFO - Sync 1 DAGs
[2026-05-12T16:19:07.814+0000] {logging_mixin.py:188} INFO - [2026-05-12T16:19:07.813+0000] {dag.py:3823} INFO - Setting next_dagrun for job_market_etl to None, run_after=None
[2026-05-12T16:19:07.889+0000] {processor.py:183} INFO - Processing /opt/airflow/dags/job_etl_dag.py took 0.333 seconds
[2026-05-12T16:19:38.393+0000] {processor.py:161} INFO - Started process (PID=314) to work on /opt/airflow/dags/job_etl_dag.py
[2026-05-12T16:19:38.397+0000] {processor.py:830} INFO - Processing file /opt/airflow/dags/job_etl_dag.py for tasks to queue
[2026-05-12T16:19:38.401+0000] {logging_mixin.py:188} INFO - [2026-05-12T16:19:38.400+0000] {dagbag.py:538} INFO - Filling up the DagBag from /opt/airflow/dags/job_etl_dag.py
[2026-05-12T16:19:38.468+0000] {processor.py:840} INFO - DAG(s) 'job_market_etl' retrieved from /opt/airflow/dags/job_etl_dag.py
[2026-05-12T16:19:38.561+0000] {logging_mixin.py:188} INFO - [2026-05-12T16:19:38.561+0000] {dag.py:3036} INFO - Sync 1 DAGs
[2026-05-12T16:19:38.596+0000] {logging_mixin.py:188} INFO - [2026-05-12T16:19:38.596+0000] {dag.py:3823} INFO - Setting next_dagrun for job_market_etl to None, run_after=None
[2026-05-12T16:19:38.673+0000] {processor.py:183} INFO - Processing /opt/airflow/dags/job_etl_dag.py took 0.292 seconds
[2026-05-12T16:20:09.123+0000] {processor.py:161} INFO - Started process (PID=315) to work on /opt/airflow/dags/job_etl_dag.py
[2026-05-12T16:20:09.129+0000] {processor.py:830} INFO - Processing file /opt/airflow/dags/job_etl_dag.py for tasks to queue
[2026-05-12T16:20:09.134+0000] {logging_mixin.py:188} INFO - [2026-05-12T16:20:09.133+0000] {dagbag.py:538} INFO - Filling up the DagBag from /opt/airflow/dags/job_etl_dag.py
[2026-05-12T16:20:09.212+0000] {processor.py:840} INFO - DAG(s) 'job_market_etl' retrieved from /opt/airflow/dags/job_etl_dag.py
[2026-05-12T16:20:09.322+0000] {logging_mixin.py:188} INFO - [2026-05-12T16:20:09.321+0000] {dag.py:3036} INFO - Sync 1 DAGs
[2026-05-12T16:20:09.367+0000] {logging_mixin.py:188} INFO - [2026-05-12T16:20:09.366+0000] {dag.py:3823} INFO - Setting next_dagrun for job_market_etl to None, run_after=None
[2026-05-12T16:20:09.453+0000] {processor.py:183} INFO - Processing /opt/airflow/dags/job_etl_dag.py took 0.344 seconds
[2026-05-12T16:20:39.592+0000] {processor.py:161} INFO - Started process (PID=316) to work on /opt/airflow/dags/job_etl_dag.py
[2026-05-12T16:20:39.598+0000] {processor.py:830} INFO - Processing file /opt/airflow/dags/job_etl_dag.py for tasks to queue
[2026-05-12T16:20:39.602+0000] {logging_mixin.py:188} INFO - [2026-05-12T16:20:39.601+0000] {dagbag.py:538} INFO - Filling up the DagBag from /opt/airflow/dags/job_etl_dag.py
[2026-05-12T16:20:39.679+0000] {processor.py:840} INFO - DAG(s) 'job_market_etl' retrieved from /opt/airflow/dags/job_etl_dag.py
[2026-05-12T16:20:39.773+0000] {logging_mixin.py:188} INFO - [2026-05-12T16:20:39.773+0000] {dag.py:3036} INFO - Sync 1 DAGs
[2026-05-12T16:20:39.810+0000] {logging_mixin.py:188} INFO - [2026-05-12T16:20:39.810+0000] {dag.py:3823} INFO - Setting next_dagrun for job_market_etl to None, run_after=None
[2026-05-12T16:20:39.887+0000] {processor.py:183} INFO - Processing /opt/airflow/dags/job_etl_dag.py took 0.309 seconds
[2026-05-12T16:21:10.320+0000] {processor.py:161} INFO - Started process (PID=317) to work on /opt/airflow/dags/job_etl_dag.py
[2026-05-12T16:21:10.324+0000] {processor.py:830} INFO - Processing file /opt/airflow/dags/job_etl_dag.py for tasks to queue
[2026-05-12T16:21:10.329+0000] {logging_mixin.py:188} INFO - [2026-05-12T16:21:10.328+0000] {dagbag.py:538} INFO - Filling up the DagBag from /opt/airflow/dags/job_etl_dag.py
[2026-05-12T16:21:10.405+0000] {processor.py:840} INFO - DAG(s) 'job_market_etl' retrieved from /opt/airflow/dags/job_etl_dag.py
[2026-05-12T16:21:10.498+0000] {logging_mixin.py:188} INFO - [2026-05-12T16:21:10.497+0000] {dag.py:3036} INFO - Sync 1 DAGs
[2026-05-12T16:21:10.535+0000] {logging_mixin.py:188} INFO - [2026-05-12T16:21:10.534+0000] {dag.py:3823} INFO - Setting next_dagrun for job_market_etl to None, run_after=None
[2026-05-12T16:21:10.612+0000] {processor.py:183} INFO - Processing /opt/airflow/dags/job_etl_dag.py took 0.306 seconds
[2026-05-12T16:21:41.057+0000] {processor.py:161} INFO - Started process (PID=318) to work on /opt/airflow/dags/job_etl_dag.py
[2026-05-12T16:21:41.062+0000] {processor.py:830} INFO - Processing file /opt/airflow/dags/job_etl_dag.py for tasks to queue
[2026-05-12T16:21:41.067+0000] {logging_mixin.py:188} INFO - [2026-05-12T16:21:41.066+0000] {dagbag.py:538} INFO - Filling up the DagBag from /opt/airflow/dags/job_etl_dag.py
[2026-05-12T16:21:41.147+0000] {processor.py:840} INFO - DAG(s) 'job_market_etl' retrieved from /opt/airflow/dags/job_etl_dag.py
[2026-05-12T16:21:41.245+0000] {logging_mixin.py:188} INFO - [2026-05-12T16:21:41.244+0000] {dag.py:3036} INFO - Sync 1 DAGs
[2026-05-12T16:21:41.309+0000] {logging_mixin.py:188} INFO - [2026-05-12T16:21:41.308+0000] {dag.py:3823} INFO - Setting next_dagrun for job_market_etl to None, run_after=None
[2026-05-12T16:21:41.376+0000] {processor.py:183} INFO - Processing /opt/airflow/dags/job_etl_dag.py took 0.331 seconds
[2026-05-12T16:22:11.846+0000] {processor.py:161} INFO - Started process (PID=319) to work on /opt/airflow/dags/job_etl_dag.py
[2026-05-12T16:22:11.849+0000] {processor.py:830} INFO - Processing file /opt/airflow/dags/job_etl_dag.py for tasks to queue
[2026-05-12T16:22:11.853+0000] {logging_mixin.py:188} INFO - [2026-05-12T16:22:11.852+0000] {dagbag.py:538} INFO - Filling up the DagBag from /opt/airflow/dags/job_etl_dag.py
[2026-05-12T16:22:11.928+0000] {processor.py:840} INFO - DAG(s) 'job_market_etl' retrieved from /opt/airflow/dags/job_etl_dag.py
[2026-05-12T16:22:12.031+0000] {logging_mixin.py:188} INFO - [2026-05-12T16:22:12.030+0000] {dag.py:3036} INFO - Sync 1 DAGs
[2026-05-12T16:22:12.071+0000] {logging_mixin.py:188} INFO - [2026-05-12T16:22:12.070+0000] {dag.py:3823} INFO - Setting next_dagrun for job_market_etl to None, run_after=None
[2026-05-12T16:22:12.154+0000] {processor.py:183} INFO - Processing /opt/airflow/dags/job_etl_dag.py took 0.319 seconds
[2026-05-12T16:22:42.604+0000] {processor.py:161} INFO - Started process (PID=320) to work on /opt/airflow/dags/job_etl_dag.py
[2026-05-12T16:22:42.608+0000] {processor.py:830} INFO - Processing file /opt/airflow/dags/job_etl_dag.py for tasks to queue
[2026-05-12T16:22:42.613+0000] {logging_mixin.py:188} INFO - [2026-05-12T16:22:42.612+0000] {dagbag.py:538} INFO - Filling up the DagBag from /opt/airflow/dags/job_etl_dag.py
[2026-05-12T16:22:42.685+0000] {processor.py:840} INFO - DAG(s) 'job_market_etl' retrieved from /opt/airflow/dags/job_etl_dag.py
[2026-05-12T16:22:42.792+0000] {logging_mixin.py:188} INFO - [2026-05-12T16:22:42.791+0000] {dag.py:3036} INFO - Sync 1 DAGs
[2026-05-12T16:22:42.829+0000] {logging_mixin.py:188} INFO - [2026-05-12T16:22:42.829+0000] {dag.py:3823} INFO - Setting next_dagrun for job_market_etl to None, run_after=None
[2026-05-12T16:22:42.904+0000] {processor.py:183} INFO - Processing /opt/airflow/dags/job_etl_dag.py took 0.310 seconds
[2026-05-12T16:23:13.360+0000] {processor.py:161} INFO - Started process (PID=321) to work on /opt/airflow/dags/job_etl_dag.py
[2026-05-12T16:23:13.364+0000] {processor.py:830} INFO - Processing file /opt/airflow/dags/job_etl_dag.py for tasks to queue
[2026-05-12T16:23:13.367+0000] {logging_mixin.py:188} INFO - [2026-05-12T16:23:13.366+0000] {dagbag.py:538} INFO - Filling up the DagBag from /opt/airflow/dags/job_etl_dag.py
[2026-05-12T16:23:13.438+0000] {processor.py:840} INFO - DAG(s) 'job_market_etl' retrieved from /opt/airflow/dags/job_etl_dag.py
[2026-05-12T16:23:13.535+0000] {logging_mixin.py:188} INFO - [2026-05-12T16:23:13.535+0000] {dag.py:3036} INFO - Sync 1 DAGs
[2026-05-12T16:23:13.575+0000] {logging_mixin.py:188} INFO - [2026-05-12T16:23:13.574+0000] {dag.py:3823} INFO - Setting next_dagrun for job_market_etl to None, run_after=None
[2026-05-12T16:23:13.642+0000] {processor.py:183} INFO - Processing /opt/airflow/dags/job_etl_dag.py took 0.294 seconds
[2026-05-12T16:23:44.080+0000] {processor.py:161} INFO - Started process (PID=322) to work on /opt/airflow/dags/job_etl_dag.py
[2026-05-12T16:23:44.086+0000] {processor.py:830} INFO - Processing file /opt/airflow/dags/job_etl_dag.py for tasks to queue
[2026-05-12T16:23:44.090+0000] {logging_mixin.py:188} INFO - [2026-05-12T16:23:44.089+0000] {dagbag.py:538} INFO - Filling up the DagBag from /opt/airflow/dags/job_etl_dag.py
[2026-05-12T16:23:44.167+0000] {processor.py:840} INFO - DAG(s) 'job_market_etl' retrieved from /opt/airflow/dags/job_etl_dag.py
[2026-05-12T16:23:44.277+0000] {logging_mixin.py:188} INFO - [2026-05-12T16:23:44.277+0000] {dag.py:3036} INFO - Sync 1 DAGs
[2026-05-12T16:23:44.328+0000] {logging_mixin.py:188} INFO - [2026-05-12T16:23:44.327+0000] {dag.py:3823} INFO - Setting next_dagrun for job_market_etl to None, run_after=None
[2026-05-12T16:23:44.393+0000] {processor.py:183} INFO - Processing /opt/airflow/dags/job_etl_dag.py took 0.326 seconds
[2026-05-12T16:24:14.848+0000] {processor.py:161} INFO - Started process (PID=323) to work on /opt/airflow/dags/job_etl_dag.py
[2026-05-12T16:24:14.853+0000] {processor.py:830} INFO - Processing file /opt/airflow/dags/job_etl_dag.py for tasks to queue
[2026-05-12T16:24:14.856+0000] {logging_mixin.py:188} INFO - [2026-05-12T16:24:14.855+0000] {dagbag.py:538} INFO - Filling up the DagBag from /opt/airflow/dags/job_etl_dag.py
[2026-05-12T16:24:14.927+0000] {processor.py:840} INFO - DAG(s) 'job_market_etl' retrieved from /opt/airflow/dags/job_etl_dag.py
[2026-05-12T16:24:15.025+0000] {logging_mixin.py:188} INFO - [2026-05-12T16:24:15.024+0000] {dag.py:3036} INFO - Sync 1 DAGs
[2026-05-12T16:24:15.067+0000] {logging_mixin.py:188} INFO - [2026-05-12T16:24:15.066+0000] {dag.py:3823} INFO - Setting next_dagrun for job_market_etl to None, run_after=None
[2026-05-12T16:24:15.145+0000] {processor.py:183} INFO - Processing /opt/airflow/dags/job_etl_dag.py took 0.312 seconds
[2026-05-12T16:24:45.621+0000] {processor.py:161} INFO - Started process (PID=324) to work on /opt/airflow/dags/job_etl_dag.py
[2026-05-12T16:24:45.627+0000] {processor.py:830} INFO - Processing file /opt/airflow/dags/job_etl_dag.py for tasks to queue
[2026-05-12T16:24:45.632+0000] {logging_mixin.py:188} INFO - [2026-05-12T16:24:45.630+0000] {dagbag.py:538} INFO - Filling up the DagBag from /opt/airflow/dags/job_etl_dag.py
[2026-05-12T16:24:45.709+0000] {processor.py:840} INFO - DAG(s) 'job_market_etl' retrieved from /opt/airflow/dags/job_etl_dag.py
[2026-05-12T16:24:45.839+0000] {logging_mixin.py:188} INFO - [2026-05-12T16:24:45.838+0000] {dag.py:3036} INFO - Sync 1 DAGs
[2026-05-12T16:24:45.893+0000] {logging_mixin.py:188} INFO - [2026-05-12T16:24:45.892+0000] {dag.py:3823} INFO - Setting next_dagrun for job_market_etl to None, run_after=None
[2026-05-12T16:24:45.971+0000] {processor.py:183} INFO - Processing /opt/airflow/dags/job_etl_dag.py took 0.365 seconds
[2026-05-12T16:25:16.413+0000] {processor.py:161} INFO - Started process (PID=325) to work on /opt/airflow/dags/job_etl_dag.py
[2026-05-12T16:25:16.416+0000] {processor.py:830} INFO - Processing file /opt/airflow/dags/job_etl_dag.py for tasks to queue
[2026-05-12T16:25:16.419+0000] {logging_mixin.py:188} INFO - [2026-05-12T16:25:16.419+0000] {dagbag.py:538} INFO - Filling up the DagBag from /opt/airflow/dags/job_etl_dag.py
[2026-05-12T16:25:16.484+0000] {processor.py:840} INFO - DAG(s) 'job_market_etl' retrieved from /opt/airflow/dags/job_etl_dag.py
[2026-05-12T16:25:16.577+0000] {logging_mixin.py:188} INFO - [2026-05-12T16:25:16.576+0000] {dag.py:3036} INFO - Sync 1 DAGs
[2026-05-12T16:25:16.615+0000] {logging_mixin.py:188} INFO - [2026-05-12T16:25:16.614+0000] {dag.py:3823} INFO - Setting next_dagrun for job_market_etl to None, run_after=None
[2026-05-12T16:25:16.710+0000] {processor.py:183} INFO - Processing /opt/airflow/dags/job_etl_dag.py took 0.307 seconds
[2026-05-12T16:25:46.918+0000] {processor.py:161} INFO - Started process (PID=326) to work on /opt/airflow/dags/job_etl_dag.py
[2026-05-12T16:25:46.921+0000] {processor.py:830} INFO - Processing file /opt/airflow/dags/job_etl_dag.py for tasks to queue
[2026-05-12T16:25:46.925+0000] {logging_mixin.py:188} INFO - [2026-05-12T16:25:46.924+0000] {dagbag.py:538} INFO - Filling up the DagBag from /opt/airflow/dags/job_etl_dag.py
[2026-05-12T16:25:46.999+0000] {processor.py:840} INFO - DAG(s) 'job_market_etl' retrieved from /opt/airflow/dags/job_etl_dag.py
[2026-05-12T16:25:47.106+0000] {logging_mixin.py:188} INFO - [2026-05-12T16:25:47.106+0000] {dag.py:3036} INFO - Sync 1 DAGs
[2026-05-12T16:25:47.142+0000] {logging_mixin.py:188} INFO - [2026-05-12T16:25:47.141+0000] {dag.py:3823} INFO - Setting next_dagrun for job_market_etl to None, run_after=None
[2026-05-12T16:25:47.202+0000] {processor.py:183} INFO - Processing /opt/airflow/dags/job_etl_dag.py took 0.296 seconds
[2026-05-12T16:26:17.537+0000] {processor.py:161} INFO - Started process (PID=327) to work on /opt/airflow/dags/job_etl_dag.py
[2026-05-12T16:26:17.539+0000] {processor.py:830} INFO - Processing file /opt/airflow/dags/job_etl_dag.py for tasks to queue
[2026-05-12T16:26:17.542+0000] {logging_mixin.py:188} INFO - [2026-05-12T16:26:17.542+0000] {dagbag.py:538} INFO - Filling up the DagBag from /opt/airflow/dags/job_etl_dag.py
[2026-05-12T16:26:17.612+0000] {processor.py:840} INFO - DAG(s) 'job_market_etl' retrieved from /opt/airflow/dags/job_etl_dag.py
[2026-05-12T16:26:17.713+0000] {logging_mixin.py:188} INFO - [2026-05-12T16:26:17.712+0000] {dag.py:3036} INFO - Sync 1 DAGs
[2026-05-12T16:26:17.755+0000] {logging_mixin.py:188} INFO - [2026-05-12T16:26:17.755+0000] {dag.py:3823} INFO - Setting next_dagrun for job_market_etl to None, run_after=None
[2026-05-12T16:26:17.821+0000] {processor.py:183} INFO - Processing /opt/airflow/dags/job_etl_dag.py took 0.294 seconds
[2026-05-12T16:26:48.012+0000] {processor.py:161} INFO - Started process (PID=328) to work on /opt/airflow/dags/job_etl_dag.py
[2026-05-12T16:26:48.015+0000] {processor.py:830} INFO - Processing file /opt/airflow/dags/job_etl_dag.py for tasks to queue
[2026-05-12T16:26:48.019+0000] {logging_mixin.py:188} INFO - [2026-05-12T16:26:48.018+0000] {dagbag.py:538} INFO - Filling up the DagBag from /opt/airflow/dags/job_etl_dag.py
[2026-05-12T16:26:48.096+0000] {processor.py:840} INFO - DAG(s) 'job_market_etl' retrieved from /opt/airflow/dags/job_etl_dag.py
[2026-05-12T16:26:48.207+0000] {logging_mixin.py:188} INFO - [2026-05-12T16:26:48.206+0000] {dag.py:3036} INFO - Sync 1 DAGs
[2026-05-12T16:26:48.251+0000] {logging_mixin.py:188} INFO - [2026-05-12T16:26:48.251+0000] {dag.py:3823} INFO - Setting next_dagrun for job_market_etl to None, run_after=None
[2026-05-12T16:26:48.328+0000] {processor.py:183} INFO - Processing /opt/airflow/dags/job_etl_dag.py took 0.328 seconds
[2026-05-12T16:27:18.637+0000] {processor.py:161} INFO - Started process (PID=329) to work on /opt/airflow/dags/job_etl_dag.py
[2026-05-12T16:27:18.640+0000] {processor.py:830} INFO - Processing file /opt/airflow/dags/job_etl_dag.py for tasks to queue
[2026-05-12T16:27:18.645+0000] {logging_mixin.py:188} INFO - [2026-05-12T16:27:18.643+0000] {dagbag.py:538} INFO - Filling up the DagBag from /opt/airflow/dags/job_etl_dag.py
[2026-05-12T16:27:18.711+0000] {processor.py:840} INFO - DAG(s) 'job_market_etl' retrieved from /opt/airflow/dags/job_etl_dag.py
[2026-05-12T16:27:18.805+0000] {logging_mixin.py:188} INFO - [2026-05-12T16:27:18.804+0000] {dag.py:3036} INFO - Sync 1 DAGs
[2026-05-12T16:27:18.850+0000] {logging_mixin.py:188} INFO - [2026-05-12T16:27:18.849+0000] {dag.py:3823} INFO - Setting next_dagrun for job_market_etl to None, run_after=None
[2026-05-12T16:27:18.925+0000] {processor.py:183} INFO - Processing /opt/airflow/dags/job_etl_dag.py took 0.297 seconds
[2026-05-12T16:27:49.104+0000] {processor.py:161} INFO - Started process (PID=330) to work on /opt/airflow/dags/job_etl_dag.py
[2026-05-12T16:27:49.108+0000] {processor.py:830} INFO - Processing file /opt/airflow/dags/job_etl_dag.py for tasks to queue
[2026-05-12T16:27:49.114+0000] {logging_mixin.py:188} INFO - [2026-05-12T16:27:49.112+0000] {dagbag.py:538} INFO - Filling up the DagBag from /opt/airflow/dags/job_etl_dag.py
[2026-05-12T16:27:49.193+0000] {processor.py:840} INFO - DAG(s) 'job_market_etl' retrieved from /opt/airflow/dags/job_etl_dag.py
[2026-05-12T16:27:49.304+0000] {logging_mixin.py:188} INFO - [2026-05-12T16:27:49.303+0000] {dag.py:3036} INFO - Sync 1 DAGs
[2026-05-12T16:27:49.349+0000] {logging_mixin.py:188} INFO - [2026-05-12T16:27:49.348+0000] {dag.py:3823} INFO - Setting next_dagrun for job_market_etl to None, run_after=None
[2026-05-12T16:27:49.430+0000] {processor.py:183} INFO - Processing /opt/airflow/dags/job_etl_dag.py took 0.336 seconds
[2026-05-12T16:28:19.722+0000] {processor.py:161} INFO - Started process (PID=331) to work on /opt/airflow/dags/job_etl_dag.py
[2026-05-12T16:28:19.725+0000] {processor.py:830} INFO - Processing file /opt/airflow/dags/job_etl_dag.py for tasks to queue
[2026-05-12T16:28:19.730+0000] {logging_mixin.py:188} INFO - [2026-05-12T16:28:19.728+0000] {dagbag.py:538} INFO - Filling up the DagBag from /opt/airflow/dags/job_etl_dag.py
[2026-05-12T16:28:19.801+0000] {processor.py:840} INFO - DAG(s) 'job_market_etl' retrieved from /opt/airflow/dags/job_etl_dag.py
[2026-05-12T16:28:19.895+0000] {logging_mixin.py:188} INFO - [2026-05-12T16:28:19.894+0000] {dag.py:3036} INFO - Sync 1 DAGs
[2026-05-12T16:28:19.932+0000] {logging_mixin.py:188} INFO - [2026-05-12T16:28:19.932+0000] {dag.py:3823} INFO - Setting next_dagrun for job_market_etl to None, run_after=None
[2026-05-12T16:28:20.009+0000] {processor.py:183} INFO - Processing /opt/airflow/dags/job_etl_dag.py took 0.296 seconds
[2026-05-12T16:28:50.219+0000] {processor.py:161} INFO - Started process (PID=332) to work on /opt/airflow/dags/job_etl_dag.py
[2026-05-12T16:28:50.222+0000] {processor.py:830} INFO - Processing file /opt/airflow/dags/job_etl_dag.py for tasks to queue
[2026-05-12T16:28:50.225+0000] {logging_mixin.py:188} INFO - [2026-05-12T16:28:50.224+0000] {dagbag.py:538} INFO - Filling up the DagBag from /opt/airflow/dags/job_etl_dag.py
[2026-05-12T16:28:50.313+0000] {processor.py:840} INFO - DAG(s) 'job_market_etl' retrieved from /opt/airflow/dags/job_etl_dag.py
[2026-05-12T16:28:50.472+0000] {logging_mixin.py:188} INFO - [2026-05-12T16:28:50.471+0000] {dag.py:3036} INFO - Sync 1 DAGs
[2026-05-12T16:28:50.543+0000] {logging_mixin.py:188} INFO - [2026-05-12T16:28:50.542+0000] {dag.py:3823} INFO - Setting next_dagrun for job_market_etl to None, run_after=None
[2026-05-12T16:28:50.634+0000] {processor.py:183} INFO - Processing /opt/airflow/dags/job_etl_dag.py took 0.424 seconds
[2026-05-12T16:29:20.817+0000] {processor.py:161} INFO - Started process (PID=333) to work on /opt/airflow/dags/job_etl_dag.py
[2026-05-12T16:29:20.820+0000] {processor.py:830} INFO - Processing file /opt/airflow/dags/job_etl_dag.py for tasks to queue
[2026-05-12T16:29:20.823+0000] {logging_mixin.py:188} INFO - [2026-05-12T16:29:20.822+0000] {dagbag.py:538} INFO - Filling up the DagBag from /opt/airflow/dags/job_etl_dag.py
[2026-05-12T16:29:20.881+0000] {processor.py:840} INFO - DAG(s) 'job_market_etl' retrieved from /opt/airflow/dags/job_etl_dag.py
[2026-05-12T16:29:20.975+0000] {logging_mixin.py:188} INFO - [2026-05-12T16:29:20.975+0000] {dag.py:3036} INFO - Sync 1 DAGs
[2026-05-12T16:29:21.017+0000] {logging_mixin.py:188} INFO - [2026-05-12T16:29:21.017+0000] {dag.py:3823} INFO - Setting next_dagrun for job_market_etl to None, run_after=None
[2026-05-12T16:29:21.100+0000] {processor.py:183} INFO - Processing /opt/airflow/dags/job_etl_dag.py took 0.294 seconds
[2026-05-12T16:29:51.400+0000] {processor.py:161} INFO - Started process (PID=334) to work on /opt/airflow/dags/job_etl_dag.py
[2026-05-12T16:29:51.404+0000] {processor.py:830} INFO - Processing file /opt/airflow/dags/job_etl_dag.py for tasks to queue
[2026-05-12T16:29:51.408+0000] {logging_mixin.py:188} INFO - [2026-05-12T16:29:51.407+0000] {dagbag.py:538} INFO - Filling up the DagBag from /opt/airflow/dags/job_etl_dag.py
[2026-05-12T16:29:51.472+0000] {processor.py:840} INFO - DAG(s) 'job_market_etl' retrieved from /opt/airflow/dags/job_etl_dag.py
[2026-05-12T16:29:51.560+0000] {logging_mixin.py:188} INFO - [2026-05-12T16:29:51.559+0000] {dag.py:3036} INFO - Sync 1 DAGs
[2026-05-12T16:29:51.597+0000] {logging_mixin.py:188} INFO - [2026-05-12T16:29:51.596+0000] {dag.py:3823} INFO - Setting next_dagrun for job_market_etl to None, run_after=None
[2026-05-12T16:29:51.671+0000] {processor.py:183} INFO - Processing /opt/airflow/dags/job_etl_dag.py took 0.280 seconds
[2026-05-12T16:30:21.992+0000] {processor.py:161} INFO - Started process (PID=335) to work on /opt/airflow/dags/job_etl_dag.py
[2026-05-12T16:30:21.995+0000] {processor.py:830} INFO - Processing file /opt/airflow/dags/job_etl_dag.py for tasks to queue
[2026-05-12T16:30:21.999+0000] {logging_mixin.py:188} INFO - [2026-05-12T16:30:21.998+0000] {dagbag.py:538} INFO - Filling up the DagBag from /opt/airflow/dags/job_etl_dag.py
[2026-05-12T16:30:22.065+0000] {processor.py:840} INFO - DAG(s) 'job_market_etl' retrieved from /opt/airflow/dags/job_etl_dag.py
[2026-05-12T16:30:22.155+0000] {logging_mixin.py:188} INFO - [2026-05-12T16:30:22.155+0000] {dag.py:3036} INFO - Sync 1 DAGs
[2026-05-12T16:30:22.191+0000] {logging_mixin.py:188} INFO - [2026-05-12T16:30:22.190+0000] {dag.py:3823} INFO - Setting next_dagrun for job_market_etl to None, run_after=None
[2026-05-12T16:30:22.264+0000] {processor.py:183} INFO - Processing /opt/airflow/dags/job_etl_dag.py took 0.281 seconds
[2026-05-12T16:30:52.453+0000] {processor.py:161} INFO - Started process (PID=336) to work on /opt/airflow/dags/job_etl_dag.py
[2026-05-12T16:30:52.456+0000] {processor.py:830} INFO - Processing file /opt/airflow/dags/job_etl_dag.py for tasks to queue
[2026-05-12T16:30:52.460+0000] {logging_mixin.py:188} INFO - [2026-05-12T16:30:52.459+0000] {dagbag.py:538} INFO - Filling up the DagBag from /opt/airflow/dags/job_etl_dag.py
[2026-05-12T16:30:52.525+0000] {processor.py:840} INFO - DAG(s) 'job_market_etl' retrieved from /opt/airflow/dags/job_etl_dag.py
[2026-05-12T16:30:52.656+0000] {logging_mixin.py:188} INFO - [2026-05-12T16:30:52.655+0000] {dag.py:3036} INFO - Sync 1 DAGs
[2026-05-12T16:30:52.707+0000] {logging_mixin.py:188} INFO - [2026-05-12T16:30:52.706+0000] {dag.py:3823} INFO - Setting next_dagrun for job_market_etl to None, run_after=None
[2026-05-12T16:30:52.781+0000] {processor.py:183} INFO - Processing /opt/airflow/dags/job_etl_dag.py took 0.338 seconds
[2026-05-12T16:31:23.057+0000] {processor.py:161} INFO - Started process (PID=337) to work on /opt/airflow/dags/job_etl_dag.py
[2026-05-12T16:31:23.060+0000] {processor.py:830} INFO - Processing file /opt/airflow/dags/job_etl_dag.py for tasks to queue
[2026-05-12T16:31:23.064+0000] {logging_mixin.py:188} INFO - [2026-05-12T16:31:23.063+0000] {dagbag.py:538} INFO - Filling up the DagBag from /opt/airflow/dags/job_etl_dag.py
[2026-05-12T16:31:23.145+0000] {processor.py:840} INFO - DAG(s) 'job_market_etl' retrieved from /opt/airflow/dags/job_etl_dag.py
[2026-05-12T16:31:23.233+0000] {logging_mixin.py:188} INFO - [2026-05-12T16:31:23.232+0000] {dag.py:3036} INFO - Sync 1 DAGs
[2026-05-12T16:31:23.268+0000] {logging_mixin.py:188} INFO - [2026-05-12T16:31:23.268+0000] {dag.py:3823} INFO - Setting next_dagrun for job_market_etl to None, run_after=None
[2026-05-12T16:31:23.342+0000] {processor.py:183} INFO - Processing /opt/airflow/dags/job_etl_dag.py took 0.295 seconds
[2026-05-12T16:31:53.530+0000] {processor.py:161} INFO - Started process (PID=338) to work on /opt/airflow/dags/job_etl_dag.py
[2026-05-12T16:31:53.532+0000] {processor.py:830} INFO - Processing file /opt/airflow/dags/job_etl_dag.py for tasks to queue
[2026-05-12T16:31:53.535+0000] {logging_mixin.py:188} INFO - [2026-05-12T16:31:53.534+0000] {dagbag.py:538} INFO - Filling up the DagBag from /opt/airflow/dags/job_etl_dag.py
[2026-05-12T16:31:53.595+0000] {processor.py:840} INFO - DAG(s) 'job_market_etl' retrieved from /opt/airflow/dags/job_etl_dag.py
[2026-05-12T16:31:53.687+0000] {logging_mixin.py:188} INFO - [2026-05-12T16:31:53.686+0000] {dag.py:3036} INFO - Sync 1 DAGs
[2026-05-12T16:31:53.722+0000] {logging_mixin.py:188} INFO - [2026-05-12T16:31:53.722+0000] {dag.py:3823} INFO - Setting next_dagrun for job_market_etl to None, run_after=None
[2026-05-12T16:31:53.775+0000] {processor.py:183} INFO - Processing /opt/airflow/dags/job_etl_dag.py took 0.254 seconds
[2026-05-12T16:32:24.118+0000] {processor.py:161} INFO - Started process (PID=339) to work on /opt/airflow/dags/job_etl_dag.py
[2026-05-12T16:32:24.121+0000] {processor.py:830} INFO - Processing file /opt/airflow/dags/job_etl_dag.py for tasks to queue
[2026-05-12T16:32:24.124+0000] {logging_mixin.py:188} INFO - [2026-05-12T16:32:24.123+0000] {dagbag.py:538} INFO - Filling up the DagBag from /opt/airflow/dags/job_etl_dag.py
[2026-05-12T16:32:24.194+0000] {processor.py:840} INFO - DAG(s) 'job_market_etl' retrieved from /opt/airflow/dags/job_etl_dag.py
[2026-05-12T16:32:24.293+0000] {logging_mixin.py:188} INFO - [2026-05-12T16:32:24.293+0000] {dag.py:3036} INFO - Sync 1 DAGs
[2026-05-12T16:32:24.345+0000] {logging_mixin.py:188} INFO - [2026-05-12T16:32:24.344+0000] {dag.py:3823} INFO - Setting next_dagrun for job_market_etl to None, run_after=None
[2026-05-12T16:32:24.422+0000] {processor.py:183} INFO - Processing /opt/airflow/dags/job_etl_dag.py took 0.314 seconds
[2026-05-12T16:32:54.865+0000] {processor.py:161} INFO - Started process (PID=340) to work on /opt/airflow/dags/job_etl_dag.py
[2026-05-12T16:32:54.869+0000] {processor.py:830} INFO - Processing file /opt/airflow/dags/job_etl_dag.py for tasks to queue
[2026-05-12T16:32:54.873+0000] {logging_mixin.py:188} INFO - [2026-05-12T16:32:54.871+0000] {dagbag.py:538} INFO - Filling up the DagBag from /opt/airflow/dags/job_etl_dag.py
[2026-05-12T16:32:54.939+0000] {processor.py:840} INFO - DAG(s) 'job_market_etl' retrieved from /opt/airflow/dags/job_etl_dag.py
[2026-05-12T16:32:55.042+0000] {logging_mixin.py:188} INFO - [2026-05-12T16:32:55.041+0000] {dag.py:3036} INFO - Sync 1 DAGs
[2026-05-12T16:32:55.082+0000] {logging_mixin.py:188} INFO - [2026-05-12T16:32:55.082+0000] {dag.py:3823} INFO - Setting next_dagrun for job_market_etl to None, run_after=None
[2026-05-12T16:32:55.160+0000] {processor.py:183} INFO - Processing /opt/airflow/dags/job_etl_dag.py took 0.308 seconds
[2026-05-12T16:33:25.605+0000] {processor.py:161} INFO - Started process (PID=341) to work on /opt/airflow/dags/job_etl_dag.py
[2026-05-12T16:33:25.610+0000] {processor.py:830} INFO - Processing file /opt/airflow/dags/job_etl_dag.py for tasks to queue
[2026-05-12T16:33:25.614+0000] {logging_mixin.py:188} INFO - [2026-05-12T16:33:25.613+0000] {dagbag.py:538} INFO - Filling up the DagBag from /opt/airflow/dags/job_etl_dag.py
[2026-05-12T16:33:25.688+0000] {processor.py:840} INFO - DAG(s) 'job_market_etl' retrieved from /opt/airflow/dags/job_etl_dag.py
[2026-05-12T16:33:25.781+0000] {logging_mixin.py:188} INFO - [2026-05-12T16:33:25.780+0000] {dag.py:3036} INFO - Sync 1 DAGs
[2026-05-12T16:33:25.816+0000] {logging_mixin.py:188} INFO - [2026-05-12T16:33:25.815+0000] {dag.py:3823} INFO - Setting next_dagrun for job_market_etl to None, run_after=None
[2026-05-12T16:33:25.877+0000] {processor.py:183} INFO - Processing /opt/airflow/dags/job_etl_dag.py took 0.284 seconds
[2026-05-12T16:33:56.326+0000] {processor.py:161} INFO - Started process (PID=342) to work on /opt/airflow/dags/job_etl_dag.py
[2026-05-12T16:33:56.330+0000] {processor.py:830} INFO - Processing file /opt/airflow/dags/job_etl_dag.py for tasks to queue
[2026-05-12T16:33:56.333+0000] {logging_mixin.py:188} INFO - [2026-05-12T16:33:56.332+0000] {dagbag.py:538} INFO - Filling up the DagBag from /opt/airflow/dags/job_etl_dag.py
[2026-05-12T16:33:56.393+0000] {processor.py:840} INFO - DAG(s) 'job_market_etl' retrieved from /opt/airflow/dags/job_etl_dag.py
[2026-05-12T16:33:56.500+0000] {logging_mixin.py:188} INFO - [2026-05-12T16:33:56.499+0000] {dag.py:3036} INFO - Sync 1 DAGs
[2026-05-12T16:33:56.537+0000] {logging_mixin.py:188} INFO - [2026-05-12T16:33:56.537+0000] {dag.py:3823} INFO - Setting next_dagrun for job_market_etl to None, run_after=None
[2026-05-12T16:33:56.613+0000] {processor.py:183} INFO - Processing /opt/airflow/dags/job_etl_dag.py took 0.298 seconds
[2026-05-12T16:34:27.065+0000] {processor.py:161} INFO - Started process (PID=343) to work on /opt/airflow/dags/job_etl_dag.py
[2026-05-12T16:34:27.069+0000] {processor.py:830} INFO - Processing file /opt/airflow/dags/job_etl_dag.py for tasks to queue
[2026-05-12T16:34:27.074+0000] {logging_mixin.py:188} INFO - [2026-05-12T16:34:27.072+0000] {dagbag.py:538} INFO - Filling up the DagBag from /opt/airflow/dags/job_etl_dag.py
[2026-05-12T16:34:27.141+0000] {processor.py:840} INFO - DAG(s) 'job_market_etl' retrieved from /opt/airflow/dags/job_etl_dag.py
[2026-05-12T16:34:27.236+0000] {logging_mixin.py:188} INFO - [2026-05-12T16:34:27.235+0000] {dag.py:3036} INFO - Sync 1 DAGs
[2026-05-12T16:34:27.271+0000] {logging_mixin.py:188} INFO - [2026-05-12T16:34:27.271+0000] {dag.py:3823} INFO - Setting next_dagrun for job_market_etl to None, run_after=None
[2026-05-12T16:34:27.333+0000] {processor.py:183} INFO - Processing /opt/airflow/dags/job_etl_dag.py took 0.281 seconds
[2026-05-12T16:34:57.788+0000] {processor.py:161} INFO - Started process (PID=344) to work on /opt/airflow/dags/job_etl_dag.py
[2026-05-12T16:34:57.792+0000] {processor.py:830} INFO - Processing file /opt/airflow/dags/job_etl_dag.py for tasks to queue
[2026-05-12T16:34:57.796+0000] {logging_mixin.py:188} INFO - [2026-05-12T16:34:57.795+0000] {dagbag.py:538} INFO - Filling up the DagBag from /opt/airflow/dags/job_etl_dag.py
[2026-05-12T16:34:57.869+0000] {processor.py:840} INFO - DAG(s) 'job_market_etl' retrieved from /opt/airflow/dags/job_etl_dag.py
[2026-05-12T16:34:57.975+0000] {logging_mixin.py:188} INFO - [2026-05-12T16:34:57.975+0000] {dag.py:3036} INFO - Sync 1 DAGs
[2026-05-12T16:34:58.019+0000] {logging_mixin.py:188} INFO - [2026-05-12T16:34:58.018+0000] {dag.py:3823} INFO - Setting next_dagrun for job_market_etl to None, run_after=None
[2026-05-12T16:34:58.106+0000] {processor.py:183} INFO - Processing /opt/airflow/dags/job_etl_dag.py took 0.332 seconds
[2026-05-12T16:35:28.227+0000] {processor.py:161} INFO - Started process (PID=345) to work on /opt/airflow/dags/job_etl_dag.py
[2026-05-12T16:35:28.231+0000] {processor.py:830} INFO - Processing file /opt/airflow/dags/job_etl_dag.py for tasks to queue
[2026-05-12T16:35:28.234+0000] {logging_mixin.py:188} INFO - [2026-05-12T16:35:28.233+0000] {dagbag.py:538} INFO - Filling up the DagBag from /opt/airflow/dags/job_etl_dag.py
[2026-05-12T16:35:28.304+0000] {processor.py:840} INFO - DAG(s) 'job_market_etl' retrieved from /opt/airflow/dags/job_etl_dag.py
[2026-05-12T16:35:28.414+0000] {logging_mixin.py:188} INFO - [2026-05-12T16:35:28.413+0000] {dag.py:3036} INFO - Sync 1 DAGs
[2026-05-12T16:35:28.452+0000] {logging_mixin.py:188} INFO - [2026-05-12T16:35:28.452+0000] {dag.py:3823} INFO - Setting next_dagrun for job_market_etl to None, run_after=None
[2026-05-12T16:35:28.523+0000] {processor.py:183} INFO - Processing /opt/airflow/dags/job_etl_dag.py took 0.306 seconds
[2026-05-12T16:35:58.913+0000] {processor.py:161} INFO - Started process (PID=346) to work on /opt/airflow/dags/job_etl_dag.py
[2026-05-12T16:35:58.917+0000] {processor.py:830} INFO - Processing file /opt/airflow/dags/job_etl_dag.py for tasks to queue
[2026-05-12T16:35:58.920+0000] {logging_mixin.py:188} INFO - [2026-05-12T16:35:58.919+0000] {dagbag.py:538} INFO - Filling up the DagBag from /opt/airflow/dags/job_etl_dag.py
[2026-05-12T16:35:58.996+0000] {processor.py:840} INFO - DAG(s) 'job_market_etl' retrieved from /opt/airflow/dags/job_etl_dag.py
[2026-05-12T16:35:59.116+0000] {logging_mixin.py:188} INFO - [2026-05-12T16:35:59.116+0000] {dag.py:3036} INFO - Sync 1 DAGs
[2026-05-12T16:35:59.150+0000] {logging_mixin.py:188} INFO - [2026-05-12T16:35:59.150+0000] {dag.py:3823} INFO - Setting next_dagrun for job_market_etl to None, run_after=None
[2026-05-12T16:35:59.222+0000] {processor.py:183} INFO - Processing /opt/airflow/dags/job_etl_dag.py took 0.321 seconds
[2026-05-12T16:36:29.676+0000] {processor.py:161} INFO - Started process (PID=347) to work on /opt/airflow/dags/job_etl_dag.py
[2026-05-12T16:36:29.680+0000] {processor.py:830} INFO - Processing file /opt/airflow/dags/job_etl_dag.py for tasks to queue
[2026-05-12T16:36:29.684+0000] {logging_mixin.py:188} INFO - [2026-05-12T16:36:29.684+0000] {dagbag.py:538} INFO - Filling up the DagBag from /opt/airflow/dags/job_etl_dag.py
[2026-05-12T16:36:29.757+0000] {processor.py:840} INFO - DAG(s) 'job_market_etl' retrieved from /opt/airflow/dags/job_etl_dag.py
[2026-05-12T16:36:29.858+0000] {logging_mixin.py:188} INFO - [2026-05-12T16:36:29.858+0000] {dag.py:3036} INFO - Sync 1 DAGs
[2026-05-12T16:36:29.894+0000] {logging_mixin.py:188} INFO - [2026-05-12T16:36:29.893+0000] {dag.py:3823} INFO - Setting next_dagrun for job_market_etl to None, run_after=None
[2026-05-12T16:36:29.959+0000] {processor.py:183} INFO - Processing /opt/airflow/dags/job_etl_dag.py took 0.294 seconds
[2026-05-12T16:37:00.408+0000] {processor.py:161} INFO - Started process (PID=348) to work on /opt/airflow/dags/job_etl_dag.py
[2026-05-12T16:37:00.412+0000] {processor.py:830} INFO - Processing file /opt/airflow/dags/job_etl_dag.py for tasks to queue
[2026-05-12T16:37:00.415+0000] {logging_mixin.py:188} INFO - [2026-05-12T16:37:00.414+0000] {dagbag.py:538} INFO - Filling up the DagBag from /opt/airflow/dags/job_etl_dag.py
[2026-05-12T16:37:00.489+0000] {processor.py:840} INFO - DAG(s) 'job_market_etl' retrieved from /opt/airflow/dags/job_etl_dag.py
[2026-05-12T16:37:00.613+0000] {logging_mixin.py:188} INFO - [2026-05-12T16:37:00.611+0000] {dag.py:3036} INFO - Sync 1 DAGs
[2026-05-12T16:37:00.694+0000] {logging_mixin.py:188} INFO - [2026-05-12T16:37:00.694+0000] {dag.py:3823} INFO - Setting next_dagrun for job_market_etl to None, run_after=None
[2026-05-12T16:37:00.790+0000] {processor.py:183} INFO - Processing /opt/airflow/dags/job_etl_dag.py took 0.393 seconds
[2026-05-12T16:37:31.252+0000] {processor.py:161} INFO - Started process (PID=349) to work on /opt/airflow/dags/job_etl_dag.py
[2026-05-12T16:37:31.256+0000] {processor.py:830} INFO - Processing file /opt/airflow/dags/job_etl_dag.py for tasks to queue
[2026-05-12T16:37:31.260+0000] {logging_mixin.py:188} INFO - [2026-05-12T16:37:31.259+0000] {dagbag.py:538} INFO - Filling up the DagBag from /opt/airflow/dags/job_etl_dag.py
[2026-05-12T16:37:31.322+0000] {processor.py:840} INFO - DAG(s) 'job_market_etl' retrieved from /opt/airflow/dags/job_etl_dag.py
[2026-05-12T16:37:31.415+0000] {logging_mixin.py:188} INFO - [2026-05-12T16:37:31.415+0000] {dag.py:3036} INFO - Sync 1 DAGs
[2026-05-12T16:37:31.451+0000] {logging_mixin.py:188} INFO - [2026-05-12T16:37:31.450+0000] {dag.py:3823} INFO - Setting next_dagrun for job_market_etl to None, run_after=None
[2026-05-12T16:37:31.506+0000] {processor.py:183} INFO - Processing /opt/airflow/dags/job_etl_dag.py took 0.263 seconds
[2026-05-12T16:38:01.974+0000] {processor.py:161} INFO - Started process (PID=350) to work on /opt/airflow/dags/job_etl_dag.py
[2026-05-12T16:38:01.978+0000] {processor.py:830} INFO - Processing file /opt/airflow/dags/job_etl_dag.py for tasks to queue
[2026-05-12T16:38:01.982+0000] {logging_mixin.py:188} INFO - [2026-05-12T16:38:01.981+0000] {dagbag.py:538} INFO - Filling up the DagBag from /opt/airflow/dags/job_etl_dag.py
[2026-05-12T16:38:02.057+0000] {processor.py:840} INFO - DAG(s) 'job_market_etl' retrieved from /opt/airflow/dags/job_etl_dag.py
[2026-05-12T16:38:02.158+0000] {logging_mixin.py:188} INFO - [2026-05-12T16:38:02.157+0000] {dag.py:3036} INFO - Sync 1 DAGs
[2026-05-12T16:38:02.198+0000] {logging_mixin.py:188} INFO - [2026-05-12T16:38:02.198+0000] {dag.py:3823} INFO - Setting next_dagrun for job_market_etl to None, run_after=None
[2026-05-12T16:38:02.275+0000] {processor.py:183} INFO - Processing /opt/airflow/dags/job_etl_dag.py took 0.313 seconds
[2026-05-12T16:38:32.730+0000] {processor.py:161} INFO - Started process (PID=351) to work on /opt/airflow/dags/job_etl_dag.py
[2026-05-12T16:38:32.734+0000] {processor.py:830} INFO - Processing file /opt/airflow/dags/job_etl_dag.py for tasks to queue
[2026-05-12T16:38:32.738+0000] {logging_mixin.py:188} INFO - [2026-05-12T16:38:32.737+0000] {dagbag.py:538} INFO - Filling up the DagBag from /opt/airflow/dags/job_etl_dag.py
[2026-05-12T16:38:32.805+0000] {processor.py:840} INFO - DAG(s) 'job_market_etl' retrieved from /opt/airflow/dags/job_etl_dag.py
[2026-05-12T16:38:32.904+0000] {logging_mixin.py:188} INFO - [2026-05-12T16:38:32.904+0000] {dag.py:3036} INFO - Sync 1 DAGs
[2026-05-12T16:38:32.953+0000] {logging_mixin.py:188} INFO - [2026-05-12T16:38:32.952+0000] {dag.py:3823} INFO - Setting next_dagrun for job_market_etl to None, run_after=None
[2026-05-12T16:38:33.052+0000] {processor.py:183} INFO - Processing /opt/airflow/dags/job_etl_dag.py took 0.337 seconds
[2026-05-12T16:39:03.501+0000] {processor.py:161} INFO - Started process (PID=352) to work on /opt/airflow/dags/job_etl_dag.py
[2026-05-12T16:39:03.505+0000] {processor.py:830} INFO - Processing file /opt/airflow/dags/job_etl_dag.py for tasks to queue
[2026-05-12T16:39:03.508+0000] {logging_mixin.py:188} INFO - [2026-05-12T16:39:03.507+0000] {dagbag.py:538} INFO - Filling up the DagBag from /opt/airflow/dags/job_etl_dag.py
[2026-05-12T16:39:03.575+0000] {processor.py:840} INFO - DAG(s) 'job_market_etl' retrieved from /opt/airflow/dags/job_etl_dag.py
[2026-05-12T16:39:03.675+0000] {logging_mixin.py:188} INFO - [2026-05-12T16:39:03.674+0000] {dag.py:3036} INFO - Sync 1 DAGs
[2026-05-12T16:39:03.717+0000] {logging_mixin.py:188} INFO - [2026-05-12T16:39:03.716+0000] {dag.py:3823} INFO - Setting next_dagrun for job_market_etl to None, run_after=None
[2026-05-12T16:39:03.796+0000] {processor.py:183} INFO - Processing /opt/airflow/dags/job_etl_dag.py took 0.305 seconds
[2026-05-12T16:39:34.244+0000] {processor.py:161} INFO - Started process (PID=353) to work on /opt/airflow/dags/job_etl_dag.py
[2026-05-12T16:39:34.247+0000] {processor.py:830} INFO - Processing file /opt/airflow/dags/job_etl_dag.py for tasks to queue
[2026-05-12T16:39:34.251+0000] {logging_mixin.py:188} INFO - [2026-05-12T16:39:34.250+0000] {dagbag.py:538} INFO - Filling up the DagBag from /opt/airflow/dags/job_etl_dag.py
[2026-05-12T16:39:34.317+0000] {processor.py:840} INFO - DAG(s) 'job_market_etl' retrieved from /opt/airflow/dags/job_etl_dag.py
[2026-05-12T16:39:34.411+0000] {logging_mixin.py:188} INFO - [2026-05-12T16:39:34.411+0000] {dag.py:3036} INFO - Sync 1 DAGs
[2026-05-12T16:39:34.446+0000] {logging_mixin.py:188} INFO - [2026-05-12T16:39:34.446+0000] {dag.py:3823} INFO - Setting next_dagrun for job_market_etl to None, run_after=None
[2026-05-12T16:39:34.525+0000] {processor.py:183} INFO - Processing /opt/airflow/dags/job_etl_dag.py took 0.292 seconds
[2026-05-12T16:40:04.977+0000] {processor.py:161} INFO - Started process (PID=354) to work on /opt/airflow/dags/job_etl_dag.py
[2026-05-12T16:40:04.981+0000] {processor.py:830} INFO - Processing file /opt/airflow/dags/job_etl_dag.py for tasks to queue
[2026-05-12T16:40:04.984+0000] {logging_mixin.py:188} INFO - [2026-05-12T16:40:04.983+0000] {dagbag.py:538} INFO - Filling up the DagBag from /opt/airflow/dags/job_etl_dag.py
[2026-05-12T16:40:05.055+0000] {processor.py:840} INFO - DAG(s) 'job_market_etl' retrieved from /opt/airflow/dags/job_etl_dag.py
[2026-05-12T16:40:05.152+0000] {logging_mixin.py:188} INFO - [2026-05-12T16:40:05.151+0000] {dag.py:3036} INFO - Sync 1 DAGs
[2026-05-12T16:40:05.201+0000] {logging_mixin.py:188} INFO - [2026-05-12T16:40:05.201+0000] {dag.py:3823} INFO - Setting next_dagrun for job_market_etl to None, run_after=None
[2026-05-12T16:40:05.264+0000] {processor.py:183} INFO - Processing /opt/airflow/dags/job_etl_dag.py took 0.296 seconds
[2026-05-12T16:40:35.427+0000] {processor.py:161} INFO - Started process (PID=355) to work on /opt/airflow/dags/job_etl_dag.py
[2026-05-12T16:40:35.431+0000] {processor.py:830} INFO - Processing file /opt/airflow/dags/job_etl_dag.py for tasks to queue
[2026-05-12T16:40:35.435+0000] {logging_mixin.py:188} INFO - [2026-05-12T16:40:35.434+0000] {dagbag.py:538} INFO - Filling up the DagBag from /opt/airflow/dags/job_etl_dag.py
[2026-05-12T16:40:35.505+0000] {processor.py:840} INFO - DAG(s) 'job_market_etl' retrieved from /opt/airflow/dags/job_etl_dag.py
[2026-05-12T16:40:35.609+0000] {logging_mixin.py:188} INFO - [2026-05-12T16:40:35.608+0000] {dag.py:3036} INFO - Sync 1 DAGs
[2026-05-12T16:40:35.659+0000] {logging_mixin.py:188} INFO - [2026-05-12T16:40:35.659+0000] {dag.py:3823} INFO - Setting next_dagrun for job_market_etl to None, run_after=None
[2026-05-12T16:40:35.732+0000] {processor.py:183} INFO - Processing /opt/airflow/dags/job_etl_dag.py took 0.314 seconds
[2026-05-12T16:41:06.083+0000] {processor.py:161} INFO - Started process (PID=356) to work on /opt/airflow/dags/job_etl_dag.py
[2026-05-12T16:41:06.086+0000] {processor.py:830} INFO - Processing file /opt/airflow/dags/job_etl_dag.py for tasks to queue
[2026-05-12T16:41:06.090+0000] {logging_mixin.py:188} INFO - [2026-05-12T16:41:06.089+0000] {dagbag.py:538} INFO - Filling up the DagBag from /opt/airflow/dags/job_etl_dag.py
[2026-05-12T16:41:06.159+0000] {processor.py:840} INFO - DAG(s) 'job_market_etl' retrieved from /opt/airflow/dags/job_etl_dag.py
[2026-05-12T16:41:06.259+0000] {logging_mixin.py:188} INFO - [2026-05-12T16:41:06.259+0000] {dag.py:3036} INFO - Sync 1 DAGs
[2026-05-12T16:41:06.303+0000] {logging_mixin.py:188} INFO - [2026-05-12T16:41:06.302+0000] {dag.py:3823} INFO - Setting next_dagrun for job_market_etl to None, run_after=None
[2026-05-12T16:41:06.375+0000] {processor.py:183} INFO - Processing /opt/airflow/dags/job_etl_dag.py took 0.303 seconds
[2026-05-12T16:41:36.532+0000] {processor.py:161} INFO - Started process (PID=357) to work on /opt/airflow/dags/job_etl_dag.py
[2026-05-12T16:41:36.537+0000] {processor.py:830} INFO - Processing file /opt/airflow/dags/job_etl_dag.py for tasks to queue
[2026-05-12T16:41:36.541+0000] {logging_mixin.py:188} INFO - [2026-05-12T16:41:36.540+0000] {dagbag.py:538} INFO - Filling up the DagBag from /opt/airflow/dags/job_etl_dag.py
[2026-05-12T16:41:36.629+0000] {processor.py:840} INFO - DAG(s) 'job_market_etl' retrieved from /opt/airflow/dags/job_etl_dag.py
[2026-05-12T16:41:36.727+0000] {logging_mixin.py:188} INFO - [2026-05-12T16:41:36.726+0000] {dag.py:3036} INFO - Sync 1 DAGs
[2026-05-12T16:41:36.769+0000] {logging_mixin.py:188} INFO - [2026-05-12T16:41:36.769+0000] {dag.py:3823} INFO - Setting next_dagrun for job_market_etl to None, run_after=None
[2026-05-12T16:41:36.846+0000] {processor.py:183} INFO - Processing /opt/airflow/dags/job_etl_dag.py took 0.330 seconds
[2026-05-12T16:42:07.168+0000] {processor.py:161} INFO - Started process (PID=358) to work on /opt/airflow/dags/job_etl_dag.py
[2026-05-12T16:42:07.173+0000] {processor.py:830} INFO - Processing file /opt/airflow/dags/job_etl_dag.py for tasks to queue
[2026-05-12T16:42:07.176+0000] {logging_mixin.py:188} INFO - [2026-05-12T16:42:07.175+0000] {dagbag.py:538} INFO - Filling up the DagBag from /opt/airflow/dags/job_etl_dag.py
[2026-05-12T16:42:07.243+0000] {processor.py:840} INFO - DAG(s) 'job_market_etl' retrieved from /opt/airflow/dags/job_etl_dag.py
[2026-05-12T16:42:07.339+0000] {logging_mixin.py:188} INFO - [2026-05-12T16:42:07.339+0000] {dag.py:3036} INFO - Sync 1 DAGs
[2026-05-12T16:42:07.377+0000] {logging_mixin.py:188} INFO - [2026-05-12T16:42:07.376+0000] {dag.py:3823} INFO - Setting next_dagrun for job_market_etl to None, run_after=None
[2026-05-12T16:42:07.440+0000] {processor.py:183} INFO - Processing /opt/airflow/dags/job_etl_dag.py took 0.284 seconds
[2026-05-12T16:42:37.628+0000] {processor.py:161} INFO - Started process (PID=359) to work on /opt/airflow/dags/job_etl_dag.py
[2026-05-12T16:42:37.632+0000] {processor.py:830} INFO - Processing file /opt/airflow/dags/job_etl_dag.py for tasks to queue
[2026-05-12T16:42:37.636+0000] {logging_mixin.py:188} INFO - [2026-05-12T16:42:37.635+0000] {dagbag.py:538} INFO - Filling up the DagBag from /opt/airflow/dags/job_etl_dag.py
[2026-05-12T16:42:37.708+0000] {processor.py:840} INFO - DAG(s) 'job_market_etl' retrieved from /opt/airflow/dags/job_etl_dag.py
[2026-05-12T16:42:37.825+0000] {logging_mixin.py:188} INFO - [2026-05-12T16:42:37.824+0000] {dag.py:3036} INFO - Sync 1 DAGs
[2026-05-12T16:42:37.863+0000] {logging_mixin.py:188} INFO - [2026-05-12T16:42:37.862+0000] {dag.py:3823} INFO - Setting next_dagrun for job_market_etl to None, run_after=None
[2026-05-12T16:42:37.941+0000] {processor.py:183} INFO - Processing /opt/airflow/dags/job_etl_dag.py took 0.323 seconds
[2026-05-12T16:43:08.229+0000] {processor.py:161} INFO - Started process (PID=360) to work on /opt/airflow/dags/job_etl_dag.py
[2026-05-12T16:43:08.234+0000] {processor.py:830} INFO - Processing file /opt/airflow/dags/job_etl_dag.py for tasks to queue
[2026-05-12T16:43:08.237+0000] {logging_mixin.py:188} INFO - [2026-05-12T16:43:08.236+0000] {dagbag.py:538} INFO - Filling up the DagBag from /opt/airflow/dags/job_etl_dag.py
[2026-05-12T16:43:08.308+0000] {processor.py:840} INFO - DAG(s) 'job_market_etl' retrieved from /opt/airflow/dags/job_etl_dag.py
[2026-05-12T16:43:08.396+0000] {logging_mixin.py:188} INFO - [2026-05-12T16:43:08.396+0000] {dag.py:3036} INFO - Sync 1 DAGs
[2026-05-12T16:43:08.432+0000] {logging_mixin.py:188} INFO - [2026-05-12T16:43:08.431+0000] {dag.py:3823} INFO - Setting next_dagrun for job_market_etl to None, run_after=None
[2026-05-12T16:43:08.499+0000] {processor.py:183} INFO - Processing /opt/airflow/dags/job_etl_dag.py took 0.279 seconds
[2026-05-12T16:43:38.745+0000] {processor.py:161} INFO - Started process (PID=361) to work on /opt/airflow/dags/job_etl_dag.py
[2026-05-12T16:43:38.748+0000] {processor.py:830} INFO - Processing file /opt/airflow/dags/job_etl_dag.py for tasks to queue
[2026-05-12T16:43:38.752+0000] {logging_mixin.py:188} INFO - [2026-05-12T16:43:38.751+0000] {dagbag.py:538} INFO - Filling up the DagBag from /opt/airflow/dags/job_etl_dag.py
[2026-05-12T16:43:38.821+0000] {processor.py:840} INFO - DAG(s) 'job_market_etl' retrieved from /opt/airflow/dags/job_etl_dag.py
[2026-05-12T16:43:38.912+0000] {logging_mixin.py:188} INFO - [2026-05-12T16:43:38.912+0000] {dag.py:3036} INFO - Sync 1 DAGs
[2026-05-12T16:43:38.956+0000] {logging_mixin.py:188} INFO - [2026-05-12T16:43:38.956+0000] {dag.py:3823} INFO - Setting next_dagrun for job_market_etl to None, run_after=None
[2026-05-12T16:43:39.008+0000] {processor.py:183} INFO - Processing /opt/airflow/dags/job_etl_dag.py took 0.275 seconds
[2026-05-12T16:44:09.314+0000] {processor.py:161} INFO - Started process (PID=362) to work on /opt/airflow/dags/job_etl_dag.py
[2026-05-12T16:44:09.318+0000] {processor.py:830} INFO - Processing file /opt/airflow/dags/job_etl_dag.py for tasks to queue
[2026-05-12T16:44:09.321+0000] {logging_mixin.py:188} INFO - [2026-05-12T16:44:09.320+0000] {dagbag.py:538} INFO - Filling up the DagBag from /opt/airflow/dags/job_etl_dag.py
[2026-05-12T16:44:09.390+0000] {processor.py:840} INFO - DAG(s) 'job_market_etl' retrieved from /opt/airflow/dags/job_etl_dag.py
[2026-05-12T16:44:09.489+0000] {logging_mixin.py:188} INFO - [2026-05-12T16:44:09.488+0000] {dag.py:3036} INFO - Sync 1 DAGs
[2026-05-12T16:44:09.529+0000] {logging_mixin.py:188} INFO - [2026-05-12T16:44:09.528+0000] {dag.py:3823} INFO - Setting next_dagrun for job_market_etl to None, run_after=None
[2026-05-12T16:44:09.593+0000] {processor.py:183} INFO - Processing /opt/airflow/dags/job_etl_dag.py took 0.289 seconds
[2026-05-12T16:44:39.818+0000] {processor.py:161} INFO - Started process (PID=363) to work on /opt/airflow/dags/job_etl_dag.py
[2026-05-12T16:44:39.822+0000] {processor.py:830} INFO - Processing file /opt/airflow/dags/job_etl_dag.py for tasks to queue
[2026-05-12T16:44:39.826+0000] {logging_mixin.py:188} INFO - [2026-05-12T16:44:39.825+0000] {dagbag.py:538} INFO - Filling up the DagBag from /opt/airflow/dags/job_etl_dag.py
[2026-05-12T16:44:39.893+0000] {processor.py:840} INFO - DAG(s) 'job_market_etl' retrieved from /opt/airflow/dags/job_etl_dag.py
[2026-05-12T16:44:39.992+0000] {logging_mixin.py:188} INFO - [2026-05-12T16:44:39.991+0000] {dag.py:3036} INFO - Sync 1 DAGs
[2026-05-12T16:44:40.031+0000] {logging_mixin.py:188} INFO - [2026-05-12T16:44:40.030+0000] {dag.py:3823} INFO - Setting next_dagrun for job_market_etl to None, run_after=None
[2026-05-12T16:44:40.105+0000] {processor.py:183} INFO - Processing /opt/airflow/dags/job_etl_dag.py took 0.295 seconds
[2026-05-12T16:45:10.407+0000] {processor.py:161} INFO - Started process (PID=364) to work on /opt/airflow/dags/job_etl_dag.py
[2026-05-12T16:45:10.412+0000] {processor.py:830} INFO - Processing file /opt/airflow/dags/job_etl_dag.py for tasks to queue
[2026-05-12T16:45:10.416+0000] {logging_mixin.py:188} INFO - [2026-05-12T16:45:10.415+0000] {dagbag.py:538} INFO - Filling up the DagBag from /opt/airflow/dags/job_etl_dag.py
[2026-05-12T16:45:10.490+0000] {processor.py:840} INFO - DAG(s) 'job_market_etl' retrieved from /opt/airflow/dags/job_etl_dag.py
[2026-05-12T16:45:10.581+0000] {logging_mixin.py:188} INFO - [2026-05-12T16:45:10.581+0000] {dag.py:3036} INFO - Sync 1 DAGs
[2026-05-12T16:45:10.621+0000] {logging_mixin.py:188} INFO - [2026-05-12T16:45:10.621+0000] {dag.py:3823} INFO - Setting next_dagrun for job_market_etl to None, run_after=None
[2026-05-12T16:45:10.682+0000] {processor.py:183} INFO - Processing /opt/airflow/dags/job_etl_dag.py took 0.291 seconds
[2026-05-12T16:45:41.012+0000] {processor.py:161} INFO - Started process (PID=365) to work on /opt/airflow/dags/job_etl_dag.py
[2026-05-12T16:45:41.017+0000] {processor.py:830} INFO - Processing file /opt/airflow/dags/job_etl_dag.py for tasks to queue
[2026-05-12T16:45:41.022+0000] {logging_mixin.py:188} INFO - [2026-05-12T16:45:41.020+0000] {dagbag.py:538} INFO - Filling up the DagBag from /opt/airflow/dags/job_etl_dag.py
[2026-05-12T16:45:41.134+0000] {processor.py:840} INFO - DAG(s) 'job_market_etl' retrieved from /opt/airflow/dags/job_etl_dag.py
[2026-05-12T16:45:41.276+0000] {logging_mixin.py:188} INFO - [2026-05-12T16:45:41.275+0000] {dag.py:3036} INFO - Sync 1 DAGs
[2026-05-12T16:45:41.335+0000] {logging_mixin.py:188} INFO - [2026-05-12T16:45:41.334+0000] {dag.py:3823} INFO - Setting next_dagrun for job_market_etl to None, run_after=None
[2026-05-12T16:45:41.422+0000] {processor.py:183} INFO - Processing /opt/airflow/dags/job_etl_dag.py took 0.435 seconds
[2026-05-12T16:46:11.854+0000] {processor.py:161} INFO - Started process (PID=366) to work on /opt/airflow/dags/job_etl_dag.py
[2026-05-12T16:46:11.859+0000] {processor.py:830} INFO - Processing file /opt/airflow/dags/job_etl_dag.py for tasks to queue
[2026-05-12T16:46:11.863+0000] {logging_mixin.py:188} INFO - [2026-05-12T16:46:11.862+0000] {dagbag.py:538} INFO - Filling up the DagBag from /opt/airflow/dags/job_etl_dag.py
[2026-05-12T16:46:11.931+0000] {processor.py:840} INFO - DAG(s) 'job_market_etl' retrieved from /opt/airflow/dags/job_etl_dag.py
[2026-05-12T16:46:12.031+0000] {logging_mixin.py:188} INFO - [2026-05-12T16:46:12.030+0000] {dag.py:3036} INFO - Sync 1 DAGs
[2026-05-12T16:46:12.070+0000] {logging_mixin.py:188} INFO - [2026-05-12T16:46:12.069+0000] {dag.py:3823} INFO - Setting next_dagrun for job_market_etl to None, run_after=None
[2026-05-12T16:46:12.148+0000] {processor.py:183} INFO - Processing /opt/airflow/dags/job_etl_dag.py took 0.303 seconds
[2026-05-12T16:46:42.596+0000] {processor.py:161} INFO - Started process (PID=367) to work on /opt/airflow/dags/job_etl_dag.py
[2026-05-12T16:46:42.600+0000] {processor.py:830} INFO - Processing file /opt/airflow/dags/job_etl_dag.py for tasks to queue
[2026-05-12T16:46:42.603+0000] {logging_mixin.py:188} INFO - [2026-05-12T16:46:42.602+0000] {dagbag.py:538} INFO - Filling up the DagBag from /opt/airflow/dags/job_etl_dag.py
[2026-05-12T16:46:42.670+0000] {processor.py:840} INFO - DAG(s) 'job_market_etl' retrieved from /opt/airflow/dags/job_etl_dag.py
[2026-05-12T16:46:42.774+0000] {logging_mixin.py:188} INFO - [2026-05-12T16:46:42.773+0000] {dag.py:3036} INFO - Sync 1 DAGs
[2026-05-12T16:46:42.816+0000] {logging_mixin.py:188} INFO - [2026-05-12T16:46:42.815+0000] {dag.py:3823} INFO - Setting next_dagrun for job_market_etl to None, run_after=None
[2026-05-12T16:46:42.882+0000] {processor.py:183} INFO - Processing /opt/airflow/dags/job_etl_dag.py took 0.296 seconds
[2026-05-12T16:47:13.386+0000] {processor.py:161} INFO - Started process (PID=368) to work on /opt/airflow/dags/job_etl_dag.py
[2026-05-12T16:47:13.392+0000] {processor.py:830} INFO - Processing file /opt/airflow/dags/job_etl_dag.py for tasks to queue
[2026-05-12T16:47:13.395+0000] {logging_mixin.py:188} INFO - [2026-05-12T16:47:13.394+0000] {dagbag.py:538} INFO - Filling up the DagBag from /opt/airflow/dags/job_etl_dag.py
[2026-05-12T16:47:13.468+0000] {processor.py:840} INFO - DAG(s) 'job_market_etl' retrieved from /opt/airflow/dags/job_etl_dag.py
[2026-05-12T16:47:13.584+0000] {logging_mixin.py:188} INFO - [2026-05-12T16:47:13.583+0000] {dag.py:3036} INFO - Sync 1 DAGs
[2026-05-12T16:47:13.624+0000] {logging_mixin.py:188} INFO - [2026-05-12T16:47:13.623+0000] {dag.py:3823} INFO - Setting next_dagrun for job_market_etl to None, run_after=None
[2026-05-12T16:47:13.694+0000] {processor.py:183} INFO - Processing /opt/airflow/dags/job_etl_dag.py took 0.322 seconds
[2026-05-12T16:47:44.145+0000] {processor.py:161} INFO - Started process (PID=369) to work on /opt/airflow/dags/job_etl_dag.py
[2026-05-12T16:47:44.150+0000] {processor.py:830} INFO - Processing file /opt/airflow/dags/job_etl_dag.py for tasks to queue
[2026-05-12T16:47:44.153+0000] {logging_mixin.py:188} INFO - [2026-05-12T16:47:44.152+0000] {dagbag.py:538} INFO - Filling up the DagBag from /opt/airflow/dags/job_etl_dag.py
[2026-05-12T16:47:44.227+0000] {processor.py:840} INFO - DAG(s) 'job_market_etl' retrieved from /opt/airflow/dags/job_etl_dag.py
[2026-05-12T16:47:44.340+0000] {logging_mixin.py:188} INFO - [2026-05-12T16:47:44.340+0000] {dag.py:3036} INFO - Sync 1 DAGs
[2026-05-12T16:47:44.376+0000] {logging_mixin.py:188} INFO - [2026-05-12T16:47:44.375+0000] {dag.py:3823} INFO - Setting next_dagrun for job_market_etl to None, run_after=None
[2026-05-12T16:47:44.434+0000] {processor.py:183} INFO - Processing /opt/airflow/dags/job_etl_dag.py took 0.303 seconds
[2026-05-12T16:48:14.881+0000] {processor.py:161} INFO - Started process (PID=370) to work on /opt/airflow/dags/job_etl_dag.py
[2026-05-12T16:48:14.885+0000] {processor.py:830} INFO - Processing file /opt/airflow/dags/job_etl_dag.py for tasks to queue
[2026-05-12T16:48:14.889+0000] {logging_mixin.py:188} INFO - [2026-05-12T16:48:14.887+0000] {dagbag.py:538} INFO - Filling up the DagBag from /opt/airflow/dags/job_etl_dag.py
[2026-05-12T16:48:14.956+0000] {processor.py:840} INFO - DAG(s) 'job_market_etl' retrieved from /opt/airflow/dags/job_etl_dag.py
[2026-05-12T16:48:15.054+0000] {logging_mixin.py:188} INFO - [2026-05-12T16:48:15.053+0000] {dag.py:3036} INFO - Sync 1 DAGs
[2026-05-12T16:48:15.089+0000] {logging_mixin.py:188} INFO - [2026-05-12T16:48:15.088+0000] {dag.py:3823} INFO - Setting next_dagrun for job_market_etl to None, run_after=None
[2026-05-12T16:48:15.171+0000] {processor.py:183} INFO - Processing /opt/airflow/dags/job_etl_dag.py took 0.299 seconds
[2026-05-12T16:48:45.705+0000] {processor.py:161} INFO - Started process (PID=371) to work on /opt/airflow/dags/job_etl_dag.py
[2026-05-12T16:48:45.710+0000] {processor.py:830} INFO - Processing file /opt/airflow/dags/job_etl_dag.py for tasks to queue
[2026-05-12T16:48:45.717+0000] {logging_mixin.py:188} INFO - [2026-05-12T16:48:45.715+0000] {dagbag.py:538} INFO - Filling up the DagBag from /opt/airflow/dags/job_etl_dag.py
[2026-05-12T16:48:45.795+0000] {processor.py:840} INFO - DAG(s) 'job_market_etl' retrieved from /opt/airflow/dags/job_etl_dag.py
[2026-05-12T16:48:45.893+0000] {logging_mixin.py:188} INFO - [2026-05-12T16:48:45.892+0000] {dag.py:3036} INFO - Sync 1 DAGs
[2026-05-12T16:48:45.965+0000] {logging_mixin.py:188} INFO - [2026-05-12T16:48:45.964+0000] {dag.py:3823} INFO - Setting next_dagrun for job_market_etl to None, run_after=None
[2026-05-12T16:48:46.050+0000] {processor.py:183} INFO - Processing /opt/airflow/dags/job_etl_dag.py took 0.360 seconds
[2026-05-12T16:49:16.452+0000] {processor.py:161} INFO - Started process (PID=372) to work on /opt/airflow/dags/job_etl_dag.py
[2026-05-12T16:49:16.454+0000] {processor.py:830} INFO - Processing file /opt/airflow/dags/job_etl_dag.py for tasks to queue
[2026-05-12T16:49:16.455+0000] {logging_mixin.py:188} INFO - [2026-05-12T16:49:16.455+0000] {dagbag.py:538} INFO - Filling up the DagBag from /opt/airflow/dags/job_etl_dag.py
[2026-05-12T16:49:16.484+0000] {processor.py:840} INFO - DAG(s) 'job_market_etl' retrieved from /opt/airflow/dags/job_etl_dag.py
[2026-05-12T16:49:16.533+0000] {logging_mixin.py:188} INFO - [2026-05-12T16:49:16.533+0000] {dag.py:3036} INFO - Sync 1 DAGs
[2026-05-12T16:49:16.551+0000] {logging_mixin.py:188} INFO - [2026-05-12T16:49:16.550+0000] {dag.py:3823} INFO - Setting next_dagrun for job_market_etl to None, run_after=None
[2026-05-12T16:49:16.584+0000] {processor.py:183} INFO - Processing /opt/airflow/dags/job_etl_dag.py took 0.137 seconds
[2026-05-12T16:49:46.702+0000] {processor.py:161} INFO - Started process (PID=373) to work on /opt/airflow/dags/job_etl_dag.py
[2026-05-12T16:49:46.703+0000] {processor.py:830} INFO - Processing file /opt/airflow/dags/job_etl_dag.py for tasks to queue
[2026-05-12T16:49:46.706+0000] {logging_mixin.py:188} INFO - [2026-05-12T16:49:46.705+0000] {dagbag.py:538} INFO - Filling up the DagBag from /opt/airflow/dags/job_etl_dag.py
[2026-05-12T16:49:46.736+0000] {processor.py:840} INFO - DAG(s) 'job_market_etl' retrieved from /opt/airflow/dags/job_etl_dag.py
[2026-05-12T16:49:46.780+0000] {logging_mixin.py:188} INFO - [2026-05-12T16:49:46.779+0000] {dag.py:3036} INFO - Sync 1 DAGs
[2026-05-12T16:49:46.798+0000] {logging_mixin.py:188} INFO - [2026-05-12T16:49:46.798+0000] {dag.py:3823} INFO - Setting next_dagrun for job_market_etl to None, run_after=None
[2026-05-12T16:49:46.844+0000] {processor.py:183} INFO - Processing /opt/airflow/dags/job_etl_dag.py took 0.147 seconds
[2026-05-12T16:50:17.098+0000] {processor.py:161} INFO - Started process (PID=374) to work on /opt/airflow/dags/job_etl_dag.py
[2026-05-12T16:50:17.100+0000] {processor.py:830} INFO - Processing file /opt/airflow/dags/job_etl_dag.py for tasks to queue
[2026-05-12T16:50:17.102+0000] {logging_mixin.py:188} INFO - [2026-05-12T16:50:17.101+0000] {dagbag.py:538} INFO - Filling up the DagBag from /opt/airflow/dags/job_etl_dag.py
[2026-05-12T16:50:17.135+0000] {processor.py:840} INFO - DAG(s) 'job_market_etl' retrieved from /opt/airflow/dags/job_etl_dag.py
[2026-05-12T16:50:17.183+0000] {logging_mixin.py:188} INFO - [2026-05-12T16:50:17.183+0000] {dag.py:3036} INFO - Sync 1 DAGs
[2026-05-12T16:50:17.200+0000] {logging_mixin.py:188} INFO - [2026-05-12T16:50:17.200+0000] {dag.py:3823} INFO - Setting next_dagrun for job_market_etl to None, run_after=None
[2026-05-12T16:50:17.234+0000] {processor.py:183} INFO - Processing /opt/airflow/dags/job_etl_dag.py took 0.141 seconds
[2026-05-12T16:50:47.377+0000] {processor.py:161} INFO - Started process (PID=375) to work on /opt/airflow/dags/job_etl_dag.py
[2026-05-12T16:50:47.379+0000] {processor.py:830} INFO - Processing file /opt/airflow/dags/job_etl_dag.py for tasks to queue
[2026-05-12T16:50:47.383+0000] {logging_mixin.py:188} INFO - [2026-05-12T16:50:47.381+0000] {dagbag.py:538} INFO - Filling up the DagBag from /opt/airflow/dags/job_etl_dag.py
[2026-05-12T16:50:47.417+0000] {processor.py:840} INFO - DAG(s) 'job_market_etl' retrieved from /opt/airflow/dags/job_etl_dag.py
[2026-05-12T16:50:47.465+0000] {logging_mixin.py:188} INFO - [2026-05-12T16:50:47.465+0000] {dag.py:3036} INFO - Sync 1 DAGs
[2026-05-12T16:50:47.485+0000] {logging_mixin.py:188} INFO - [2026-05-12T16:50:47.485+0000] {dag.py:3823} INFO - Setting next_dagrun for job_market_etl to None, run_after=None
[2026-05-12T16:50:47.520+0000] {processor.py:183} INFO - Processing /opt/airflow/dags/job_etl_dag.py took 0.150 seconds
[2026-05-12T16:51:17.711+0000] {processor.py:161} INFO - Started process (PID=376) to work on /opt/airflow/dags/job_etl_dag.py
[2026-05-12T16:51:17.714+0000] {processor.py:830} INFO - Processing file /opt/airflow/dags/job_etl_dag.py for tasks to queue
[2026-05-12T16:51:17.715+0000] {logging_mixin.py:188} INFO - [2026-05-12T16:51:17.715+0000] {dagbag.py:538} INFO - Filling up the DagBag from /opt/airflow/dags/job_etl_dag.py
[2026-05-12T16:51:17.746+0000] {processor.py:840} INFO - DAG(s) 'job_market_etl' retrieved from /opt/airflow/dags/job_etl_dag.py
[2026-05-12T16:51:17.790+0000] {logging_mixin.py:188} INFO - [2026-05-12T16:51:17.790+0000] {dag.py:3036} INFO - Sync 1 DAGs
[2026-05-12T16:51:17.807+0000] {logging_mixin.py:188} INFO - [2026-05-12T16:51:17.807+0000] {dag.py:3823} INFO - Setting next_dagrun for job_market_etl to None, run_after=None
[2026-05-12T16:51:17.841+0000] {processor.py:183} INFO - Processing /opt/airflow/dags/job_etl_dag.py took 0.138 seconds
[2026-05-12T16:51:47.992+0000] {processor.py:161} INFO - Started process (PID=377) to work on /opt/airflow/dags/job_etl_dag.py
[2026-05-12T16:51:47.994+0000] {processor.py:830} INFO - Processing file /opt/airflow/dags/job_etl_dag.py for tasks to queue
[2026-05-12T16:51:47.996+0000] {logging_mixin.py:188} INFO - [2026-05-12T16:51:47.996+0000] {dagbag.py:538} INFO - Filling up the DagBag from /opt/airflow/dags/job_etl_dag.py
[2026-05-12T16:51:48.031+0000] {processor.py:840} INFO - DAG(s) 'job_market_etl' retrieved from /opt/airflow/dags/job_etl_dag.py
[2026-05-12T16:51:48.081+0000] {logging_mixin.py:188} INFO - [2026-05-12T16:51:48.081+0000] {dag.py:3036} INFO - Sync 1 DAGs
[2026-05-12T16:51:48.100+0000] {logging_mixin.py:188} INFO - [2026-05-12T16:51:48.100+0000] {dag.py:3823} INFO - Setting next_dagrun for job_market_etl to None, run_after=None
[2026-05-12T16:51:48.129+0000] {processor.py:183} INFO - Processing /opt/airflow/dags/job_etl_dag.py took 0.141 seconds
[2026-05-12T16:52:18.345+0000] {processor.py:161} INFO - Started process (PID=378) to work on /opt/airflow/dags/job_etl_dag.py
[2026-05-12T16:52:18.347+0000] {processor.py:830} INFO - Processing file /opt/airflow/dags/job_etl_dag.py for tasks to queue
[2026-05-12T16:52:18.349+0000] {logging_mixin.py:188} INFO - [2026-05-12T16:52:18.349+0000] {dagbag.py:538} INFO - Filling up the DagBag from /opt/airflow/dags/job_etl_dag.py
[2026-05-12T16:52:18.382+0000] {processor.py:840} INFO - DAG(s) 'job_market_etl' retrieved from /opt/airflow/dags/job_etl_dag.py
[2026-05-12T16:52:18.428+0000] {logging_mixin.py:188} INFO - [2026-05-12T16:52:18.427+0000] {dag.py:3036} INFO - Sync 1 DAGs
[2026-05-12T16:52:18.446+0000] {logging_mixin.py:188} INFO - [2026-05-12T16:52:18.446+0000] {dag.py:3823} INFO - Setting next_dagrun for job_market_etl to None, run_after=None
[2026-05-12T16:52:18.492+0000] {processor.py:183} INFO - Processing /opt/airflow/dags/job_etl_dag.py took 0.151 seconds
[2026-05-12T16:52:48.616+0000] {processor.py:161} INFO - Started process (PID=379) to work on /opt/airflow/dags/job_etl_dag.py
[2026-05-12T16:52:48.618+0000] {processor.py:830} INFO - Processing file /opt/airflow/dags/job_etl_dag.py for tasks to queue
[2026-05-12T16:52:48.620+0000] {logging_mixin.py:188} INFO - [2026-05-12T16:52:48.619+0000] {dagbag.py:538} INFO - Filling up the DagBag from /opt/airflow/dags/job_etl_dag.py
[2026-05-12T16:52:48.652+0000] {processor.py:840} INFO - DAG(s) 'job_market_etl' retrieved from /opt/airflow/dags/job_etl_dag.py
[2026-05-12T16:52:48.703+0000] {logging_mixin.py:188} INFO - [2026-05-12T16:52:48.702+0000] {dag.py:3036} INFO - Sync 1 DAGs
[2026-05-12T16:52:48.721+0000] {logging_mixin.py:188} INFO - [2026-05-12T16:52:48.721+0000] {dag.py:3823} INFO - Setting next_dagrun for job_market_etl to None, run_after=None
[2026-05-12T16:52:48.755+0000] {processor.py:183} INFO - Processing /opt/airflow/dags/job_etl_dag.py took 0.143 seconds
[2026-05-12T16:53:18.984+0000] {processor.py:161} INFO - Started process (PID=380) to work on /opt/airflow/dags/job_etl_dag.py
[2026-05-12T16:53:18.986+0000] {processor.py:830} INFO - Processing file /opt/airflow/dags/job_etl_dag.py for tasks to queue
[2026-05-12T16:53:18.988+0000] {logging_mixin.py:188} INFO - [2026-05-12T16:53:18.987+0000] {dagbag.py:538} INFO - Filling up the DagBag from /opt/airflow/dags/job_etl_dag.py
[2026-05-12T16:53:19.020+0000] {processor.py:840} INFO - DAG(s) 'job_market_etl' retrieved from /opt/airflow/dags/job_etl_dag.py
[2026-05-12T16:53:19.067+0000] {logging_mixin.py:188} INFO - [2026-05-12T16:53:19.066+0000] {dag.py:3036} INFO - Sync 1 DAGs
[2026-05-12T16:53:19.088+0000] {logging_mixin.py:188} INFO - [2026-05-12T16:53:19.088+0000] {dag.py:3823} INFO - Setting next_dagrun for job_market_etl to None, run_after=None
[2026-05-12T16:53:19.122+0000] {processor.py:183} INFO - Processing /opt/airflow/dags/job_etl_dag.py took 0.142 seconds
[2026-05-12T16:53:49.240+0000] {processor.py:161} INFO - Started process (PID=381) to work on /opt/airflow/dags/job_etl_dag.py
[2026-05-12T16:53:49.242+0000] {processor.py:830} INFO - Processing file /opt/airflow/dags/job_etl_dag.py for tasks to queue
[2026-05-12T16:53:49.244+0000] {logging_mixin.py:188} INFO - [2026-05-12T16:53:49.244+0000] {dagbag.py:538} INFO - Filling up the DagBag from /opt/airflow/dags/job_etl_dag.py
[2026-05-12T16:53:49.275+0000] {processor.py:840} INFO - DAG(s) 'job_market_etl' retrieved from /opt/airflow/dags/job_etl_dag.py
[2026-05-12T16:53:49.325+0000] {logging_mixin.py:188} INFO - [2026-05-12T16:53:49.325+0000] {dag.py:3036} INFO - Sync 1 DAGs
[2026-05-12T16:53:49.345+0000] {logging_mixin.py:188} INFO - [2026-05-12T16:53:49.345+0000] {dag.py:3823} INFO - Setting next_dagrun for job_market_etl to None, run_after=None
[2026-05-12T16:53:49.394+0000] {processor.py:183} INFO - Processing /opt/airflow/dags/job_etl_dag.py took 0.159 seconds
[2026-05-12T16:54:19.608+0000] {processor.py:161} INFO - Started process (PID=382) to work on /opt/airflow/dags/job_etl_dag.py
[2026-05-12T16:54:19.610+0000] {processor.py:830} INFO - Processing file /opt/airflow/dags/job_etl_dag.py for tasks to queue
[2026-05-12T16:54:19.612+0000] {logging_mixin.py:188} INFO - [2026-05-12T16:54:19.611+0000] {dagbag.py:538} INFO - Filling up the DagBag from /opt/airflow/dags/job_etl_dag.py
[2026-05-12T16:54:19.645+0000] {processor.py:840} INFO - DAG(s) 'job_market_etl' retrieved from /opt/airflow/dags/job_etl_dag.py
[2026-05-12T16:54:19.687+0000] {logging_mixin.py:188} INFO - [2026-05-12T16:54:19.687+0000] {dag.py:3036} INFO - Sync 1 DAGs
[2026-05-12T16:54:19.705+0000] {logging_mixin.py:188} INFO - [2026-05-12T16:54:19.704+0000] {dag.py:3823} INFO - Setting next_dagrun for job_market_etl to None, run_after=None
[2026-05-12T16:54:19.747+0000] {processor.py:183} INFO - Processing /opt/airflow/dags/job_etl_dag.py took 0.142 seconds
[2026-05-12T16:54:49.874+0000] {processor.py:161} INFO - Started process (PID=383) to work on /opt/airflow/dags/job_etl_dag.py
[2026-05-12T16:54:49.876+0000] {processor.py:830} INFO - Processing file /opt/airflow/dags/job_etl_dag.py for tasks to queue
[2026-05-12T16:54:49.878+0000] {logging_mixin.py:188} INFO - [2026-05-12T16:54:49.878+0000] {dagbag.py:538} INFO - Filling up the DagBag from /opt/airflow/dags/job_etl_dag.py
[2026-05-12T16:54:49.912+0000] {processor.py:840} INFO - DAG(s) 'job_market_etl' retrieved from /opt/airflow/dags/job_etl_dag.py
[2026-05-12T16:54:49.957+0000] {logging_mixin.py:188} INFO - [2026-05-12T16:54:49.957+0000] {dag.py:3036} INFO - Sync 1 DAGs
[2026-05-12T16:54:49.974+0000] {logging_mixin.py:188} INFO - [2026-05-12T16:54:49.973+0000] {dag.py:3823} INFO - Setting next_dagrun for job_market_etl to None, run_after=None
[2026-05-12T16:54:50.005+0000] {processor.py:183} INFO - Processing /opt/airflow/dags/job_etl_dag.py took 0.135 seconds
[2026-05-12T16:55:20.251+0000] {processor.py:161} INFO - Started process (PID=384) to work on /opt/airflow/dags/job_etl_dag.py
[2026-05-12T16:55:20.253+0000] {processor.py:830} INFO - Processing file /opt/airflow/dags/job_etl_dag.py for tasks to queue
[2026-05-12T16:55:20.256+0000] {logging_mixin.py:188} INFO - [2026-05-12T16:55:20.255+0000] {dagbag.py:538} INFO - Filling up the DagBag from /opt/airflow/dags/job_etl_dag.py
[2026-05-12T16:55:20.287+0000] {processor.py:840} INFO - DAG(s) 'job_market_etl' retrieved from /opt/airflow/dags/job_etl_dag.py
[2026-05-12T16:55:20.329+0000] {logging_mixin.py:188} INFO - [2026-05-12T16:55:20.329+0000] {dag.py:3036} INFO - Sync 1 DAGs
[2026-05-12T16:55:20.345+0000] {logging_mixin.py:188} INFO - [2026-05-12T16:55:20.344+0000] {dag.py:3823} INFO - Setting next_dagrun for job_market_etl to None, run_after=None
[2026-05-12T16:55:20.388+0000] {processor.py:183} INFO - Processing /opt/airflow/dags/job_etl_dag.py took 0.142 seconds
[2026-05-12T16:55:50.545+0000] {processor.py:161} INFO - Started process (PID=385) to work on /opt/airflow/dags/job_etl_dag.py
[2026-05-12T16:55:50.547+0000] {processor.py:830} INFO - Processing file /opt/airflow/dags/job_etl_dag.py for tasks to queue
[2026-05-12T16:55:50.549+0000] {logging_mixin.py:188} INFO - [2026-05-12T16:55:50.548+0000] {dagbag.py:538} INFO - Filling up the DagBag from /opt/airflow/dags/job_etl_dag.py
[2026-05-12T16:55:50.583+0000] {processor.py:840} INFO - DAG(s) 'job_market_etl' retrieved from /opt/airflow/dags/job_etl_dag.py
[2026-05-12T16:55:50.628+0000] {logging_mixin.py:188} INFO - [2026-05-12T16:55:50.628+0000] {dag.py:3036} INFO - Sync 1 DAGs
[2026-05-12T16:55:50.646+0000] {logging_mixin.py:188} INFO - [2026-05-12T16:55:50.646+0000] {dag.py:3823} INFO - Setting next_dagrun for job_market_etl to None, run_after=None
[2026-05-12T16:55:50.680+0000] {processor.py:183} INFO - Processing /opt/airflow/dags/job_etl_dag.py took 0.140 seconds
[2026-05-12T16:56:20.895+0000] {processor.py:161} INFO - Started process (PID=386) to work on /opt/airflow/dags/job_etl_dag.py
[2026-05-12T16:56:20.897+0000] {processor.py:830} INFO - Processing file /opt/airflow/dags/job_etl_dag.py for tasks to queue
[2026-05-12T16:56:20.898+0000] {logging_mixin.py:188} INFO - [2026-05-12T16:56:20.898+0000] {dagbag.py:538} INFO - Filling up the DagBag from /opt/airflow/dags/job_etl_dag.py
[2026-05-12T16:56:20.929+0000] {processor.py:840} INFO - DAG(s) 'job_market_etl' retrieved from /opt/airflow/dags/job_etl_dag.py
[2026-05-12T16:56:20.974+0000] {logging_mixin.py:188} INFO - [2026-05-12T16:56:20.974+0000] {dag.py:3036} INFO - Sync 1 DAGs
[2026-05-12T16:56:20.993+0000] {logging_mixin.py:188} INFO - [2026-05-12T16:56:20.993+0000] {dag.py:3823} INFO - Setting next_dagrun for job_market_etl to None, run_after=None
[2026-05-12T16:56:21.038+0000] {processor.py:183} INFO - Processing /opt/airflow/dags/job_etl_dag.py took 0.149 seconds
[2026-05-12T16:56:51.167+0000] {processor.py:161} INFO - Started process (PID=387) to work on /opt/airflow/dags/job_etl_dag.py
[2026-05-12T16:56:51.169+0000] {processor.py:830} INFO - Processing file /opt/airflow/dags/job_etl_dag.py for tasks to queue
[2026-05-12T16:56:51.172+0000] {logging_mixin.py:188} INFO - [2026-05-12T16:56:51.171+0000] {dagbag.py:538} INFO - Filling up the DagBag from /opt/airflow/dags/job_etl_dag.py
[2026-05-12T16:56:51.220+0000] {processor.py:840} INFO - DAG(s) 'job_market_etl' retrieved from /opt/airflow/dags/job_etl_dag.py
[2026-05-12T16:56:51.268+0000] {logging_mixin.py:188} INFO - [2026-05-12T16:56:51.268+0000] {dag.py:3036} INFO - Sync 1 DAGs
[2026-05-12T16:56:51.286+0000] {logging_mixin.py:188} INFO - [2026-05-12T16:56:51.286+0000] {dag.py:3823} INFO - Setting next_dagrun for job_market_etl to None, run_after=None
[2026-05-12T16:56:51.321+0000] {processor.py:183} INFO - Processing /opt/airflow/dags/job_etl_dag.py took 0.158 seconds
[2026-05-12T16:57:21.541+0000] {processor.py:161} INFO - Started process (PID=388) to work on /opt/airflow/dags/job_etl_dag.py
[2026-05-12T16:57:21.543+0000] {processor.py:830} INFO - Processing file /opt/airflow/dags/job_etl_dag.py for tasks to queue
[2026-05-12T16:57:21.546+0000] {logging_mixin.py:188} INFO - [2026-05-12T16:57:21.545+0000] {dagbag.py:538} INFO - Filling up the DagBag from /opt/airflow/dags/job_etl_dag.py
[2026-05-12T16:57:21.583+0000] {processor.py:840} INFO - DAG(s) 'job_market_etl' retrieved from /opt/airflow/dags/job_etl_dag.py
[2026-05-12T16:57:21.634+0000] {logging_mixin.py:188} INFO - [2026-05-12T16:57:21.634+0000] {dag.py:3036} INFO - Sync 1 DAGs
[2026-05-12T16:57:21.652+0000] {logging_mixin.py:188} INFO - [2026-05-12T16:57:21.651+0000] {dag.py:3823} INFO - Setting next_dagrun for job_market_etl to None, run_after=None
[2026-05-12T16:57:21.683+0000] {processor.py:183} INFO - Processing /opt/airflow/dags/job_etl_dag.py took 0.148 seconds
[2026-05-12T16:57:51.810+0000] {processor.py:161} INFO - Started process (PID=389) to work on /opt/airflow/dags/job_etl_dag.py
[2026-05-12T16:57:51.812+0000] {processor.py:830} INFO - Processing file /opt/airflow/dags/job_etl_dag.py for tasks to queue
[2026-05-12T16:57:51.813+0000] {logging_mixin.py:188} INFO - [2026-05-12T16:57:51.813+0000] {dagbag.py:538} INFO - Filling up the DagBag from /opt/airflow/dags/job_etl_dag.py
[2026-05-12T16:57:51.846+0000] {processor.py:840} INFO - DAG(s) 'job_market_etl' retrieved from /opt/airflow/dags/job_etl_dag.py
[2026-05-12T16:57:51.892+0000] {logging_mixin.py:188} INFO - [2026-05-12T16:57:51.892+0000] {dag.py:3036} INFO - Sync 1 DAGs
[2026-05-12T16:57:51.910+0000] {logging_mixin.py:188} INFO - [2026-05-12T16:57:51.909+0000] {dag.py:3823} INFO - Setting next_dagrun for job_market_etl to None, run_after=None
[2026-05-12T16:57:51.955+0000] {processor.py:183} INFO - Processing /opt/airflow/dags/job_etl_dag.py took 0.150 seconds
[2026-05-12T16:58:22.168+0000] {processor.py:161} INFO - Started process (PID=390) to work on /opt/airflow/dags/job_etl_dag.py
[2026-05-12T16:58:22.170+0000] {processor.py:830} INFO - Processing file /opt/airflow/dags/job_etl_dag.py for tasks to queue
[2026-05-12T16:58:22.171+0000] {logging_mixin.py:188} INFO - [2026-05-12T16:58:22.171+0000] {dagbag.py:538} INFO - Filling up the DagBag from /opt/airflow/dags/job_etl_dag.py
[2026-05-12T16:58:22.201+0000] {processor.py:840} INFO - DAG(s) 'job_market_etl' retrieved from /opt/airflow/dags/job_etl_dag.py
[2026-05-12T16:58:22.245+0000] {logging_mixin.py:188} INFO - [2026-05-12T16:58:22.244+0000] {dag.py:3036} INFO - Sync 1 DAGs
[2026-05-12T16:58:22.262+0000] {logging_mixin.py:188} INFO - [2026-05-12T16:58:22.261+0000] {dag.py:3823} INFO - Setting next_dagrun for job_market_etl to None, run_after=None
[2026-05-12T16:58:22.307+0000] {processor.py:183} INFO - Processing /opt/airflow/dags/job_etl_dag.py took 0.143 seconds
[2026-05-12T16:58:52.431+0000] {processor.py:161} INFO - Started process (PID=391) to work on /opt/airflow/dags/job_etl_dag.py
[2026-05-12T16:58:52.433+0000] {processor.py:830} INFO - Processing file /opt/airflow/dags/job_etl_dag.py for tasks to queue
[2026-05-12T16:58:52.434+0000] {logging_mixin.py:188} INFO - [2026-05-12T16:58:52.434+0000] {dagbag.py:538} INFO - Filling up the DagBag from /opt/airflow/dags/job_etl_dag.py
[2026-05-12T16:58:52.464+0000] {processor.py:840} INFO - DAG(s) 'job_market_etl' retrieved from /opt/airflow/dags/job_etl_dag.py
[2026-05-12T16:58:52.509+0000] {logging_mixin.py:188} INFO - [2026-05-12T16:58:52.509+0000] {dag.py:3036} INFO - Sync 1 DAGs
[2026-05-12T16:58:52.527+0000] {logging_mixin.py:188} INFO - [2026-05-12T16:58:52.527+0000] {dag.py:3823} INFO - Setting next_dagrun for job_market_etl to None, run_after=None
[2026-05-12T16:58:52.574+0000] {processor.py:183} INFO - Processing /opt/airflow/dags/job_etl_dag.py took 0.148 seconds
[2026-05-12T16:59:22.799+0000] {processor.py:161} INFO - Started process (PID=392) to work on /opt/airflow/dags/job_etl_dag.py
[2026-05-12T16:59:22.801+0000] {processor.py:830} INFO - Processing file /opt/airflow/dags/job_etl_dag.py for tasks to queue
[2026-05-12T16:59:22.802+0000] {logging_mixin.py:188} INFO - [2026-05-12T16:59:22.802+0000] {dagbag.py:538} INFO - Filling up the DagBag from /opt/airflow/dags/job_etl_dag.py
[2026-05-12T16:59:22.833+0000] {processor.py:840} INFO - DAG(s) 'job_market_etl' retrieved from /opt/airflow/dags/job_etl_dag.py
[2026-05-12T16:59:22.877+0000] {logging_mixin.py:188} INFO - [2026-05-12T16:59:22.876+0000] {dag.py:3036} INFO - Sync 1 DAGs
[2026-05-12T16:59:22.896+0000] {logging_mixin.py:188} INFO - [2026-05-12T16:59:22.895+0000] {dag.py:3823} INFO - Setting next_dagrun for job_market_etl to None, run_after=None
[2026-05-12T16:59:22.930+0000] {processor.py:183} INFO - Processing /opt/airflow/dags/job_etl_dag.py took 0.136 seconds
[2026-05-12T16:59:53.045+0000] {processor.py:161} INFO - Started process (PID=393) to work on /opt/airflow/dags/job_etl_dag.py
[2026-05-12T16:59:53.047+0000] {processor.py:830} INFO - Processing file /opt/airflow/dags/job_etl_dag.py for tasks to queue
[2026-05-12T16:59:53.049+0000] {logging_mixin.py:188} INFO - [2026-05-12T16:59:53.048+0000] {dagbag.py:538} INFO - Filling up the DagBag from /opt/airflow/dags/job_etl_dag.py
[2026-05-12T16:59:53.080+0000] {processor.py:840} INFO - DAG(s) 'job_market_etl' retrieved from /opt/airflow/dags/job_etl_dag.py
[2026-05-12T16:59:53.126+0000] {logging_mixin.py:188} INFO - [2026-05-12T16:59:53.125+0000] {dag.py:3036} INFO - Sync 1 DAGs
[2026-05-12T16:59:53.144+0000] {logging_mixin.py:188} INFO - [2026-05-12T16:59:53.143+0000] {dag.py:3823} INFO - Setting next_dagrun for job_market_etl to None, run_after=None
[2026-05-12T16:59:53.188+0000] {processor.py:183} INFO - Processing /opt/airflow/dags/job_etl_dag.py took 0.148 seconds
[2026-05-12T17:00:23.478+0000] {processor.py:161} INFO - Started process (PID=394) to work on /opt/airflow/dags/job_etl_dag.py
[2026-05-12T17:00:23.479+0000] {processor.py:830} INFO - Processing file /opt/airflow/dags/job_etl_dag.py for tasks to queue
[2026-05-12T17:00:23.481+0000] {logging_mixin.py:188} INFO - [2026-05-12T17:00:23.480+0000] {dagbag.py:538} INFO - Filling up the DagBag from /opt/airflow/dags/job_etl_dag.py
[2026-05-12T17:00:23.509+0000] {processor.py:840} INFO - DAG(s) 'job_market_etl' retrieved from /opt/airflow/dags/job_etl_dag.py
[2026-05-12T17:00:23.563+0000] {logging_mixin.py:188} INFO - [2026-05-12T17:00:23.563+0000] {dag.py:3036} INFO - Sync 1 DAGs
[2026-05-12T17:00:23.582+0000] {logging_mixin.py:188} INFO - [2026-05-12T17:00:23.581+0000] {dag.py:3823} INFO - Setting next_dagrun for job_market_etl to None, run_after=None
[2026-05-12T17:00:23.617+0000] {processor.py:183} INFO - Processing /opt/airflow/dags/job_etl_dag.py took 0.144 seconds
[2026-05-12T17:00:53.728+0000] {processor.py:161} INFO - Started process (PID=395) to work on /opt/airflow/dags/job_etl_dag.py
[2026-05-12T17:00:53.729+0000] {processor.py:830} INFO - Processing file /opt/airflow/dags/job_etl_dag.py for tasks to queue
[2026-05-12T17:00:53.731+0000] {logging_mixin.py:188} INFO - [2026-05-12T17:00:53.731+0000] {dagbag.py:538} INFO - Filling up the DagBag from /opt/airflow/dags/job_etl_dag.py
[2026-05-12T17:00:53.764+0000] {processor.py:840} INFO - DAG(s) 'job_market_etl' retrieved from /opt/airflow/dags/job_etl_dag.py
[2026-05-12T17:00:53.813+0000] {logging_mixin.py:188} INFO - [2026-05-12T17:00:53.812+0000] {dag.py:3036} INFO - Sync 1 DAGs
[2026-05-12T17:00:53.831+0000] {logging_mixin.py:188} INFO - [2026-05-12T17:00:53.830+0000] {dag.py:3823} INFO - Setting next_dagrun for job_market_etl to None, run_after=None
[2026-05-12T17:00:53.864+0000] {processor.py:183} INFO - Processing /opt/airflow/dags/job_etl_dag.py took 0.140 seconds
[2026-05-12T17:01:24.113+0000] {processor.py:161} INFO - Started process (PID=396) to work on /opt/airflow/dags/job_etl_dag.py
[2026-05-12T17:01:24.115+0000] {processor.py:830} INFO - Processing file /opt/airflow/dags/job_etl_dag.py for tasks to queue
[2026-05-12T17:01:24.118+0000] {logging_mixin.py:188} INFO - [2026-05-12T17:01:24.117+0000] {dagbag.py:538} INFO - Filling up the DagBag from /opt/airflow/dags/job_etl_dag.py
[2026-05-12T17:01:24.147+0000] {processor.py:840} INFO - DAG(s) 'job_market_etl' retrieved from /opt/airflow/dags/job_etl_dag.py
[2026-05-12T17:01:24.187+0000] {logging_mixin.py:188} INFO - [2026-05-12T17:01:24.187+0000] {dag.py:3036} INFO - Sync 1 DAGs
[2026-05-12T17:01:24.205+0000] {logging_mixin.py:188} INFO - [2026-05-12T17:01:24.205+0000] {dag.py:3823} INFO - Setting next_dagrun for job_market_etl to None, run_after=None
[2026-05-12T17:01:24.240+0000] {processor.py:183} INFO - Processing /opt/airflow/dags/job_etl_dag.py took 0.130 seconds
[2026-05-12T17:01:54.369+0000] {processor.py:161} INFO - Started process (PID=397) to work on /opt/airflow/dags/job_etl_dag.py
[2026-05-12T17:01:54.371+0000] {processor.py:830} INFO - Processing file /opt/airflow/dags/job_etl_dag.py for tasks to queue
[2026-05-12T17:01:54.373+0000] {logging_mixin.py:188} INFO - [2026-05-12T17:01:54.373+0000] {dagbag.py:538} INFO - Filling up the DagBag from /opt/airflow/dags/job_etl_dag.py
[2026-05-12T17:01:54.403+0000] {processor.py:840} INFO - DAG(s) 'job_market_etl' retrieved from /opt/airflow/dags/job_etl_dag.py
[2026-05-12T17:01:54.446+0000] {logging_mixin.py:188} INFO - [2026-05-12T17:01:54.446+0000] {dag.py:3036} INFO - Sync 1 DAGs
[2026-05-12T17:01:54.464+0000] {logging_mixin.py:188} INFO - [2026-05-12T17:01:54.464+0000] {dag.py:3823} INFO - Setting next_dagrun for job_market_etl to None, run_after=None
[2026-05-12T17:01:54.509+0000] {processor.py:183} INFO - Processing /opt/airflow/dags/job_etl_dag.py took 0.145 seconds
[2026-05-12T17:02:24.748+0000] {processor.py:161} INFO - Started process (PID=398) to work on /opt/airflow/dags/job_etl_dag.py
[2026-05-12T17:02:24.750+0000] {processor.py:830} INFO - Processing file /opt/airflow/dags/job_etl_dag.py for tasks to queue
[2026-05-12T17:02:24.753+0000] {logging_mixin.py:188} INFO - [2026-05-12T17:02:24.752+0000] {dagbag.py:538} INFO - Filling up the DagBag from /opt/airflow/dags/job_etl_dag.py
[2026-05-12T17:02:24.785+0000] {processor.py:840} INFO - DAG(s) 'job_market_etl' retrieved from /opt/airflow/dags/job_etl_dag.py
[2026-05-12T17:02:24.829+0000] {logging_mixin.py:188} INFO - [2026-05-12T17:02:24.829+0000] {dag.py:3036} INFO - Sync 1 DAGs
[2026-05-12T17:02:24.846+0000] {logging_mixin.py:188} INFO - [2026-05-12T17:02:24.845+0000] {dag.py:3823} INFO - Setting next_dagrun for job_market_etl to None, run_after=None
[2026-05-12T17:02:24.880+0000] {processor.py:183} INFO - Processing /opt/airflow/dags/job_etl_dag.py took 0.136 seconds
[2026-05-12T17:02:55.009+0000] {processor.py:161} INFO - Started process (PID=399) to work on /opt/airflow/dags/job_etl_dag.py
[2026-05-12T17:02:55.011+0000] {processor.py:830} INFO - Processing file /opt/airflow/dags/job_etl_dag.py for tasks to queue
[2026-05-12T17:02:55.014+0000] {logging_mixin.py:188} INFO - [2026-05-12T17:02:55.013+0000] {dagbag.py:538} INFO - Filling up the DagBag from /opt/airflow/dags/job_etl_dag.py
[2026-05-12T17:02:55.041+0000] {processor.py:840} INFO - DAG(s) 'job_market_etl' retrieved from /opt/airflow/dags/job_etl_dag.py
[2026-05-12T17:02:55.087+0000] {logging_mixin.py:188} INFO - [2026-05-12T17:02:55.087+0000] {dag.py:3036} INFO - Sync 1 DAGs
[2026-05-12T17:02:55.104+0000] {logging_mixin.py:188} INFO - [2026-05-12T17:02:55.103+0000] {dag.py:3823} INFO - Setting next_dagrun for job_market_etl to None, run_after=None
[2026-05-12T17:02:55.135+0000] {processor.py:183} INFO - Processing /opt/airflow/dags/job_etl_dag.py took 0.132 seconds
[2026-05-12T17:03:25.366+0000] {processor.py:161} INFO - Started process (PID=400) to work on /opt/airflow/dags/job_etl_dag.py
[2026-05-12T17:03:25.368+0000] {processor.py:830} INFO - Processing file /opt/airflow/dags/job_etl_dag.py for tasks to queue
[2026-05-12T17:03:25.369+0000] {logging_mixin.py:188} INFO - [2026-05-12T17:03:25.369+0000] {dagbag.py:538} INFO - Filling up the DagBag from /opt/airflow/dags/job_etl_dag.py
[2026-05-12T17:03:25.394+0000] {processor.py:840} INFO - DAG(s) 'job_market_etl' retrieved from /opt/airflow/dags/job_etl_dag.py
[2026-05-12T17:03:25.436+0000] {logging_mixin.py:188} INFO - [2026-05-12T17:03:25.436+0000] {dag.py:3036} INFO - Sync 1 DAGs
[2026-05-12T17:03:25.452+0000] {logging_mixin.py:188} INFO - [2026-05-12T17:03:25.452+0000] {dag.py:3823} INFO - Setting next_dagrun for job_market_etl to None, run_after=None
[2026-05-12T17:03:25.496+0000] {processor.py:183} INFO - Processing /opt/airflow/dags/job_etl_dag.py took 0.134 seconds
[2026-05-12T17:03:55.620+0000] {processor.py:161} INFO - Started process (PID=401) to work on /opt/airflow/dags/job_etl_dag.py
[2026-05-12T17:03:55.623+0000] {processor.py:830} INFO - Processing file /opt/airflow/dags/job_etl_dag.py for tasks to queue
[2026-05-12T17:03:55.624+0000] {logging_mixin.py:188} INFO - [2026-05-12T17:03:55.624+0000] {dagbag.py:538} INFO - Filling up the DagBag from /opt/airflow/dags/job_etl_dag.py
[2026-05-12T17:03:55.652+0000] {processor.py:840} INFO - DAG(s) 'job_market_etl' retrieved from /opt/airflow/dags/job_etl_dag.py
[2026-05-12T17:03:55.698+0000] {logging_mixin.py:188} INFO - [2026-05-12T17:03:55.698+0000] {dag.py:3036} INFO - Sync 1 DAGs
[2026-05-12T17:03:55.716+0000] {logging_mixin.py:188} INFO - [2026-05-12T17:03:55.716+0000] {dag.py:3823} INFO - Setting next_dagrun for job_market_etl to None, run_after=None
[2026-05-12T17:03:55.752+0000] {processor.py:183} INFO - Processing /opt/airflow/dags/job_etl_dag.py took 0.137 seconds
[2026-05-12T17:04:25.974+0000] {processor.py:161} INFO - Started process (PID=402) to work on /opt/airflow/dags/job_etl_dag.py
[2026-05-12T17:04:25.976+0000] {processor.py:830} INFO - Processing file /opt/airflow/dags/job_etl_dag.py for tasks to queue
[2026-05-12T17:04:25.978+0000] {logging_mixin.py:188} INFO - [2026-05-12T17:04:25.977+0000] {dagbag.py:538} INFO - Filling up the DagBag from /opt/airflow/dags/job_etl_dag.py
[2026-05-12T17:04:26.005+0000] {processor.py:840} INFO - DAG(s) 'job_market_etl' retrieved from /opt/airflow/dags/job_etl_dag.py
[2026-05-12T17:04:26.047+0000] {logging_mixin.py:188} INFO - [2026-05-12T17:04:26.046+0000] {dag.py:3036} INFO - Sync 1 DAGs
[2026-05-12T17:04:26.066+0000] {logging_mixin.py:188} INFO - [2026-05-12T17:04:26.065+0000] {dag.py:3823} INFO - Setting next_dagrun for job_market_etl to None, run_after=None
[2026-05-12T17:04:26.111+0000] {processor.py:183} INFO - Processing /opt/airflow/dags/job_etl_dag.py took 0.142 seconds
[2026-05-12T17:04:56.287+0000] {processor.py:161} INFO - Started process (PID=403) to work on /opt/airflow/dags/job_etl_dag.py
[2026-05-12T17:04:56.290+0000] {processor.py:830} INFO - Processing file /opt/airflow/dags/job_etl_dag.py for tasks to queue
[2026-05-12T17:04:56.293+0000] {logging_mixin.py:188} INFO - [2026-05-12T17:04:56.293+0000] {dagbag.py:538} INFO - Filling up the DagBag from /opt/airflow/dags/job_etl_dag.py
[2026-05-12T17:04:56.327+0000] {processor.py:840} INFO - DAG(s) 'job_market_etl' retrieved from /opt/airflow/dags/job_etl_dag.py
[2026-05-12T17:04:56.368+0000] {logging_mixin.py:188} INFO - [2026-05-12T17:04:56.367+0000] {dag.py:3036} INFO - Sync 1 DAGs
[2026-05-12T17:04:56.385+0000] {logging_mixin.py:188} INFO - [2026-05-12T17:04:56.385+0000] {dag.py:3823} INFO - Setting next_dagrun for job_market_etl to None, run_after=None
[2026-05-12T17:04:56.415+0000] {processor.py:183} INFO - Processing /opt/airflow/dags/job_etl_dag.py took 0.134 seconds
[2026-05-12T17:05:26.659+0000] {processor.py:161} INFO - Started process (PID=404) to work on /opt/airflow/dags/job_etl_dag.py
[2026-05-12T17:05:26.661+0000] {processor.py:830} INFO - Processing file /opt/airflow/dags/job_etl_dag.py for tasks to queue
[2026-05-12T17:05:26.663+0000] {logging_mixin.py:188} INFO - [2026-05-12T17:05:26.662+0000] {dagbag.py:538} INFO - Filling up the DagBag from /opt/airflow/dags/job_etl_dag.py
[2026-05-12T17:05:26.695+0000] {processor.py:840} INFO - DAG(s) 'job_market_etl' retrieved from /opt/airflow/dags/job_etl_dag.py
[2026-05-12T17:05:26.735+0000] {logging_mixin.py:188} INFO - [2026-05-12T17:05:26.735+0000] {dag.py:3036} INFO - Sync 1 DAGs
[2026-05-12T17:05:26.752+0000] {logging_mixin.py:188} INFO - [2026-05-12T17:05:26.752+0000] {dag.py:3823} INFO - Setting next_dagrun for job_market_etl to None, run_after=None
[2026-05-12T17:05:26.785+0000] {processor.py:183} INFO - Processing /opt/airflow/dags/job_etl_dag.py took 0.132 seconds
[2026-05-12T17:05:56.918+0000] {processor.py:161} INFO - Started process (PID=405) to work on /opt/airflow/dags/job_etl_dag.py
[2026-05-12T17:05:56.920+0000] {processor.py:830} INFO - Processing file /opt/airflow/dags/job_etl_dag.py for tasks to queue
[2026-05-12T17:05:56.923+0000] {logging_mixin.py:188} INFO - [2026-05-12T17:05:56.922+0000] {dagbag.py:538} INFO - Filling up the DagBag from /opt/airflow/dags/job_etl_dag.py
[2026-05-12T17:05:56.952+0000] {processor.py:840} INFO - DAG(s) 'job_market_etl' retrieved from /opt/airflow/dags/job_etl_dag.py
[2026-05-12T17:05:56.994+0000] {logging_mixin.py:188} INFO - [2026-05-12T17:05:56.994+0000] {dag.py:3036} INFO - Sync 1 DAGs
[2026-05-12T17:05:57.013+0000] {logging_mixin.py:188} INFO - [2026-05-12T17:05:57.013+0000] {dag.py:3823} INFO - Setting next_dagrun for job_market_etl to None, run_after=None
[2026-05-12T17:05:57.061+0000] {processor.py:183} INFO - Processing /opt/airflow/dags/job_etl_dag.py took 0.147 seconds
[2026-05-12T17:06:27.286+0000] {processor.py:161} INFO - Started process (PID=406) to work on /opt/airflow/dags/job_etl_dag.py
[2026-05-12T17:06:27.288+0000] {processor.py:830} INFO - Processing file /opt/airflow/dags/job_etl_dag.py for tasks to queue
[2026-05-12T17:06:27.290+0000] {logging_mixin.py:188} INFO - [2026-05-12T17:06:27.289+0000] {dagbag.py:538} INFO - Filling up the DagBag from /opt/airflow/dags/job_etl_dag.py
[2026-05-12T17:06:27.317+0000] {processor.py:840} INFO - DAG(s) 'job_market_etl' retrieved from /opt/airflow/dags/job_etl_dag.py
[2026-05-12T17:06:27.355+0000] {logging_mixin.py:188} INFO - [2026-05-12T17:06:27.354+0000] {dag.py:3036} INFO - Sync 1 DAGs
[2026-05-12T17:06:27.374+0000] {logging_mixin.py:188} INFO - [2026-05-12T17:06:27.374+0000] {dag.py:3823} INFO - Setting next_dagrun for job_market_etl to None, run_after=None
[2026-05-12T17:06:27.422+0000] {processor.py:183} INFO - Processing /opt/airflow/dags/job_etl_dag.py took 0.140 seconds
[2026-05-12T17:06:57.549+0000] {processor.py:161} INFO - Started process (PID=407) to work on /opt/airflow/dags/job_etl_dag.py
[2026-05-12T17:06:57.551+0000] {processor.py:830} INFO - Processing file /opt/airflow/dags/job_etl_dag.py for tasks to queue
[2026-05-12T17:06:57.553+0000] {logging_mixin.py:188} INFO - [2026-05-12T17:06:57.553+0000] {dagbag.py:538} INFO - Filling up the DagBag from /opt/airflow/dags/job_etl_dag.py
[2026-05-12T17:06:57.583+0000] {processor.py:840} INFO - DAG(s) 'job_market_etl' retrieved from /opt/airflow/dags/job_etl_dag.py
[2026-05-12T17:06:57.630+0000] {logging_mixin.py:188} INFO - [2026-05-12T17:06:57.630+0000] {dag.py:3036} INFO - Sync 1 DAGs
[2026-05-12T17:06:57.650+0000] {logging_mixin.py:188} INFO - [2026-05-12T17:06:57.650+0000] {dag.py:3823} INFO - Setting next_dagrun for job_market_etl to None, run_after=None
[2026-05-12T17:06:57.696+0000] {processor.py:183} INFO - Processing /opt/airflow/dags/job_etl_dag.py took 0.151 seconds
[2026-05-12T17:07:27.911+0000] {processor.py:161} INFO - Started process (PID=408) to work on /opt/airflow/dags/job_etl_dag.py
[2026-05-12T17:07:27.912+0000] {processor.py:830} INFO - Processing file /opt/airflow/dags/job_etl_dag.py for tasks to queue
[2026-05-12T17:07:27.914+0000] {logging_mixin.py:188} INFO - [2026-05-12T17:07:27.914+0000] {dagbag.py:538} INFO - Filling up the DagBag from /opt/airflow/dags/job_etl_dag.py
[2026-05-12T17:07:27.942+0000] {processor.py:840} INFO - DAG(s) 'job_market_etl' retrieved from /opt/airflow/dags/job_etl_dag.py
[2026-05-12T17:07:27.983+0000] {logging_mixin.py:188} INFO - [2026-05-12T17:07:27.983+0000] {dag.py:3036} INFO - Sync 1 DAGs
[2026-05-12T17:07:28.003+0000] {logging_mixin.py:188} INFO - [2026-05-12T17:07:28.003+0000] {dag.py:3823} INFO - Setting next_dagrun for job_market_etl to None, run_after=None
[2026-05-12T17:07:28.035+0000] {processor.py:183} INFO - Processing /opt/airflow/dags/job_etl_dag.py took 0.129 seconds
[2026-05-12T17:07:58.178+0000] {processor.py:161} INFO - Started process (PID=409) to work on /opt/airflow/dags/job_etl_dag.py
[2026-05-12T17:07:58.180+0000] {processor.py:830} INFO - Processing file /opt/airflow/dags/job_etl_dag.py for tasks to queue
[2026-05-12T17:07:58.182+0000] {logging_mixin.py:188} INFO - [2026-05-12T17:07:58.181+0000] {dagbag.py:538} INFO - Filling up the DagBag from /opt/airflow/dags/job_etl_dag.py
[2026-05-12T17:07:58.212+0000] {processor.py:840} INFO - DAG(s) 'job_market_etl' retrieved from /opt/airflow/dags/job_etl_dag.py
[2026-05-12T17:07:58.256+0000] {logging_mixin.py:188} INFO - [2026-05-12T17:07:58.256+0000] {dag.py:3036} INFO - Sync 1 DAGs
[2026-05-12T17:07:58.274+0000] {logging_mixin.py:188} INFO - [2026-05-12T17:07:58.274+0000] {dag.py:3823} INFO - Setting next_dagrun for job_market_etl to None, run_after=None
[2026-05-12T17:07:58.321+0000] {processor.py:183} INFO - Processing /opt/airflow/dags/job_etl_dag.py took 0.148 seconds
[2026-05-12T17:08:28.542+0000] {processor.py:161} INFO - Started process (PID=410) to work on /opt/airflow/dags/job_etl_dag.py
[2026-05-12T17:08:28.544+0000] {processor.py:830} INFO - Processing file /opt/airflow/dags/job_etl_dag.py for tasks to queue
[2026-05-12T17:08:28.546+0000] {logging_mixin.py:188} INFO - [2026-05-12T17:08:28.545+0000] {dagbag.py:538} INFO - Filling up the DagBag from /opt/airflow/dags/job_etl_dag.py
[2026-05-12T17:08:28.575+0000] {processor.py:840} INFO - DAG(s) 'job_market_etl' retrieved from /opt/airflow/dags/job_etl_dag.py
[2026-05-12T17:08:28.615+0000] {logging_mixin.py:188} INFO - [2026-05-12T17:08:28.615+0000] {dag.py:3036} INFO - Sync 1 DAGs
[2026-05-12T17:08:28.632+0000] {logging_mixin.py:188} INFO - [2026-05-12T17:08:28.632+0000] {dag.py:3823} INFO - Setting next_dagrun for job_market_etl to None, run_after=None
[2026-05-12T17:08:28.675+0000] {processor.py:183} INFO - Processing /opt/airflow/dags/job_etl_dag.py took 0.138 seconds
[2026-05-12T17:08:58.819+0000] {processor.py:161} INFO - Started process (PID=411) to work on /opt/airflow/dags/job_etl_dag.py
[2026-05-12T17:08:58.822+0000] {processor.py:830} INFO - Processing file /opt/airflow/dags/job_etl_dag.py for tasks to queue
[2026-05-12T17:08:58.823+0000] {logging_mixin.py:188} INFO - [2026-05-12T17:08:58.823+0000] {dagbag.py:538} INFO - Filling up the DagBag from /opt/airflow/dags/job_etl_dag.py
[2026-05-12T17:08:58.855+0000] {processor.py:840} INFO - DAG(s) 'job_market_etl' retrieved from /opt/airflow/dags/job_etl_dag.py
[2026-05-12T17:08:58.897+0000] {logging_mixin.py:188} INFO - [2026-05-12T17:08:58.896+0000] {dag.py:3036} INFO - Sync 1 DAGs
[2026-05-12T17:08:58.918+0000] {logging_mixin.py:188} INFO - [2026-05-12T17:08:58.918+0000] {dag.py:3823} INFO - Setting next_dagrun for job_market_etl to None, run_after=None
[2026-05-12T17:08:58.966+0000] {processor.py:183} INFO - Processing /opt/airflow/dags/job_etl_dag.py took 0.152 seconds
[2026-05-12T17:09:29.187+0000] {processor.py:161} INFO - Started process (PID=412) to work on /opt/airflow/dags/job_etl_dag.py
[2026-05-12T17:09:29.189+0000] {processor.py:830} INFO - Processing file /opt/airflow/dags/job_etl_dag.py for tasks to queue
[2026-05-12T17:09:29.191+0000] {logging_mixin.py:188} INFO - [2026-05-12T17:09:29.190+0000] {dagbag.py:538} INFO - Filling up the DagBag from /opt/airflow/dags/job_etl_dag.py
[2026-05-12T17:09:29.228+0000] {processor.py:840} INFO - DAG(s) 'job_market_etl' retrieved from /opt/airflow/dags/job_etl_dag.py
[2026-05-12T17:09:29.268+0000] {logging_mixin.py:188} INFO - [2026-05-12T17:09:29.268+0000] {dag.py:3036} INFO - Sync 1 DAGs
[2026-05-12T17:09:29.285+0000] {logging_mixin.py:188} INFO - [2026-05-12T17:09:29.284+0000] {dag.py:3823} INFO - Setting next_dagrun for job_market_etl to None, run_after=None
[2026-05-12T17:09:29.316+0000] {processor.py:183} INFO - Processing /opt/airflow/dags/job_etl_dag.py took 0.134 seconds
[2026-05-12T17:09:59.455+0000] {processor.py:161} INFO - Started process (PID=413) to work on /opt/airflow/dags/job_etl_dag.py
[2026-05-12T17:09:59.457+0000] {processor.py:830} INFO - Processing file /opt/airflow/dags/job_etl_dag.py for tasks to queue
[2026-05-12T17:09:59.458+0000] {logging_mixin.py:188} INFO - [2026-05-12T17:09:59.458+0000] {dagbag.py:538} INFO - Filling up the DagBag from /opt/airflow/dags/job_etl_dag.py
[2026-05-12T17:09:59.487+0000] {processor.py:840} INFO - DAG(s) 'job_market_etl' retrieved from /opt/airflow/dags/job_etl_dag.py
[2026-05-12T17:09:59.529+0000] {logging_mixin.py:188} INFO - [2026-05-12T17:09:59.529+0000] {dag.py:3036} INFO - Sync 1 DAGs
[2026-05-12T17:09:59.548+0000] {logging_mixin.py:188} INFO - [2026-05-12T17:09:59.548+0000] {dag.py:3823} INFO - Setting next_dagrun for job_market_etl to None, run_after=None
[2026-05-12T17:09:59.580+0000] {processor.py:183} INFO - Processing /opt/airflow/dags/job_etl_dag.py took 0.131 seconds
[2026-05-12T17:10:29.856+0000] {processor.py:161} INFO - Started process (PID=414) to work on /opt/airflow/dags/job_etl_dag.py
[2026-05-12T17:10:29.858+0000] {processor.py:830} INFO - Processing file /opt/airflow/dags/job_etl_dag.py for tasks to queue
[2026-05-12T17:10:29.860+0000] {logging_mixin.py:188} INFO - [2026-05-12T17:10:29.859+0000] {dagbag.py:538} INFO - Filling up the DagBag from /opt/airflow/dags/job_etl_dag.py
[2026-05-12T17:10:29.886+0000] {processor.py:840} INFO - DAG(s) 'job_market_etl' retrieved from /opt/airflow/dags/job_etl_dag.py
[2026-05-12T17:10:29.922+0000] {logging_mixin.py:188} INFO - [2026-05-12T17:10:29.921+0000] {dag.py:3036} INFO - Sync 1 DAGs
[2026-05-12T17:10:29.938+0000] {logging_mixin.py:188} INFO - [2026-05-12T17:10:29.938+0000] {dag.py:3823} INFO - Setting next_dagrun for job_market_etl to None, run_after=None
[2026-05-12T17:10:29.969+0000] {processor.py:183} INFO - Processing /opt/airflow/dags/job_etl_dag.py took 0.118 seconds
[2026-05-12T17:11:00.112+0000] {processor.py:161} INFO - Started process (PID=415) to work on /opt/airflow/dags/job_etl_dag.py
[2026-05-12T17:11:00.114+0000] {processor.py:830} INFO - Processing file /opt/airflow/dags/job_etl_dag.py for tasks to queue
[2026-05-12T17:11:00.116+0000] {logging_mixin.py:188} INFO - [2026-05-12T17:11:00.115+0000] {dagbag.py:538} INFO - Filling up the DagBag from /opt/airflow/dags/job_etl_dag.py
[2026-05-12T17:11:00.143+0000] {processor.py:840} INFO - DAG(s) 'job_market_etl' retrieved from /opt/airflow/dags/job_etl_dag.py
[2026-05-12T17:11:00.188+0000] {logging_mixin.py:188} INFO - [2026-05-12T17:11:00.188+0000] {dag.py:3036} INFO - Sync 1 DAGs
[2026-05-12T17:11:00.206+0000] {logging_mixin.py:188} INFO - [2026-05-12T17:11:00.206+0000] {dag.py:3823} INFO - Setting next_dagrun for job_market_etl to None, run_after=None
[2026-05-12T17:11:00.238+0000] {processor.py:183} INFO - Processing /opt/airflow/dags/job_etl_dag.py took 0.131 seconds
[2026-05-12T17:11:30.471+0000] {processor.py:161} INFO - Started process (PID=416) to work on /opt/airflow/dags/job_etl_dag.py
[2026-05-12T17:11:30.473+0000] {processor.py:830} INFO - Processing file /opt/airflow/dags/job_etl_dag.py for tasks to queue
[2026-05-12T17:11:30.475+0000] {logging_mixin.py:188} INFO - [2026-05-12T17:11:30.474+0000] {dagbag.py:538} INFO - Filling up the DagBag from /opt/airflow/dags/job_etl_dag.py
[2026-05-12T17:11:30.501+0000] {processor.py:840} INFO - DAG(s) 'job_market_etl' retrieved from /opt/airflow/dags/job_etl_dag.py
[2026-05-12T17:11:30.538+0000] {logging_mixin.py:188} INFO - [2026-05-12T17:11:30.537+0000] {dag.py:3036} INFO - Sync 1 DAGs
[2026-05-12T17:11:30.555+0000] {logging_mixin.py:188} INFO - [2026-05-12T17:11:30.554+0000] {dag.py:3823} INFO - Setting next_dagrun for job_market_etl to None, run_after=None
[2026-05-12T17:11:30.596+0000] {processor.py:183} INFO - Processing /opt/airflow/dags/job_etl_dag.py took 0.129 seconds
[2026-05-12T17:12:00.724+0000] {processor.py:161} INFO - Started process (PID=417) to work on /opt/airflow/dags/job_etl_dag.py
[2026-05-12T17:12:00.725+0000] {processor.py:830} INFO - Processing file /opt/airflow/dags/job_etl_dag.py for tasks to queue
[2026-05-12T17:12:00.727+0000] {logging_mixin.py:188} INFO - [2026-05-12T17:12:00.726+0000] {dagbag.py:538} INFO - Filling up the DagBag from /opt/airflow/dags/job_etl_dag.py
[2026-05-12T17:12:00.751+0000] {processor.py:840} INFO - DAG(s) 'job_market_etl' retrieved from /opt/airflow/dags/job_etl_dag.py
[2026-05-12T17:12:00.792+0000] {logging_mixin.py:188} INFO - [2026-05-12T17:12:00.792+0000] {dag.py:3036} INFO - Sync 1 DAGs
[2026-05-12T17:12:00.809+0000] {logging_mixin.py:188} INFO - [2026-05-12T17:12:00.809+0000] {dag.py:3823} INFO - Setting next_dagrun for job_market_etl to None, run_after=None
[2026-05-12T17:12:00.855+0000] {processor.py:183} INFO - Processing /opt/airflow/dags/job_etl_dag.py took 0.135 seconds
[2026-05-12T17:12:31.084+0000] {processor.py:161} INFO - Started process (PID=418) to work on /opt/airflow/dags/job_etl_dag.py
[2026-05-12T17:12:31.086+0000] {processor.py:830} INFO - Processing file /opt/airflow/dags/job_etl_dag.py for tasks to queue
[2026-05-12T17:12:31.088+0000] {logging_mixin.py:188} INFO - [2026-05-12T17:12:31.088+0000] {dagbag.py:538} INFO - Filling up the DagBag from /opt/airflow/dags/job_etl_dag.py
[2026-05-12T17:12:31.119+0000] {processor.py:840} INFO - DAG(s) 'job_market_etl' retrieved from /opt/airflow/dags/job_etl_dag.py
[2026-05-12T17:12:31.160+0000] {logging_mixin.py:188} INFO - [2026-05-12T17:12:31.160+0000] {dag.py:3036} INFO - Sync 1 DAGs
[2026-05-12T17:12:31.178+0000] {logging_mixin.py:188} INFO - [2026-05-12T17:12:31.178+0000] {dag.py:3823} INFO - Setting next_dagrun for job_market_etl to None, run_after=None
[2026-05-12T17:12:31.225+0000] {processor.py:183} INFO - Processing /opt/airflow/dags/job_etl_dag.py took 0.144 seconds
[2026-05-12T17:13:01.348+0000] {processor.py:161} INFO - Started process (PID=419) to work on /opt/airflow/dags/job_etl_dag.py
[2026-05-12T17:13:01.350+0000] {processor.py:830} INFO - Processing file /opt/airflow/dags/job_etl_dag.py for tasks to queue
[2026-05-12T17:13:01.353+0000] {logging_mixin.py:188} INFO - [2026-05-12T17:13:01.353+0000] {dagbag.py:538} INFO - Filling up the DagBag from /opt/airflow/dags/job_etl_dag.py
[2026-05-12T17:13:01.384+0000] {processor.py:840} INFO - DAG(s) 'job_market_etl' retrieved from /opt/airflow/dags/job_etl_dag.py
[2026-05-12T17:13:01.427+0000] {logging_mixin.py:188} INFO - [2026-05-12T17:13:01.426+0000] {dag.py:3036} INFO - Sync 1 DAGs
[2026-05-12T17:13:01.443+0000] {logging_mixin.py:188} INFO - [2026-05-12T17:13:01.443+0000] {dag.py:3823} INFO - Setting next_dagrun for job_market_etl to None, run_after=None
[2026-05-12T17:13:01.477+0000] {processor.py:183} INFO - Processing /opt/airflow/dags/job_etl_dag.py took 0.133 seconds
[2026-05-12T17:13:31.713+0000] {processor.py:161} INFO - Started process (PID=420) to work on /opt/airflow/dags/job_etl_dag.py
[2026-05-12T17:13:31.715+0000] {processor.py:830} INFO - Processing file /opt/airflow/dags/job_etl_dag.py for tasks to queue
[2026-05-12T17:13:31.716+0000] {logging_mixin.py:188} INFO - [2026-05-12T17:13:31.716+0000] {dagbag.py:538} INFO - Filling up the DagBag from /opt/airflow/dags/job_etl_dag.py
[2026-05-12T17:13:31.750+0000] {processor.py:840} INFO - DAG(s) 'job_market_etl' retrieved from /opt/airflow/dags/job_etl_dag.py
[2026-05-12T17:13:31.794+0000] {logging_mixin.py:188} INFO - [2026-05-12T17:13:31.794+0000] {dag.py:3036} INFO - Sync 1 DAGs
[2026-05-12T17:13:31.812+0000] {logging_mixin.py:188} INFO - [2026-05-12T17:13:31.812+0000] {dag.py:3823} INFO - Setting next_dagrun for job_market_etl to None, run_after=None
[2026-05-12T17:13:31.850+0000] {processor.py:183} INFO - Processing /opt/airflow/dags/job_etl_dag.py took 0.142 seconds
[2026-05-12T17:14:01.979+0000] {processor.py:161} INFO - Started process (PID=421) to work on /opt/airflow/dags/job_etl_dag.py
[2026-05-12T17:14:01.981+0000] {processor.py:830} INFO - Processing file /opt/airflow/dags/job_etl_dag.py for tasks to queue
[2026-05-12T17:14:01.983+0000] {logging_mixin.py:188} INFO - [2026-05-12T17:14:01.983+0000] {dagbag.py:538} INFO - Filling up the DagBag from /opt/airflow/dags/job_etl_dag.py
[2026-05-12T17:14:02.027+0000] {processor.py:840} INFO - DAG(s) 'job_market_etl' retrieved from /opt/airflow/dags/job_etl_dag.py
[2026-05-12T17:14:02.073+0000] {logging_mixin.py:188} INFO - [2026-05-12T17:14:02.073+0000] {dag.py:3036} INFO - Sync 1 DAGs
[2026-05-12T17:14:02.093+0000] {logging_mixin.py:188} INFO - [2026-05-12T17:14:02.092+0000] {dag.py:3823} INFO - Setting next_dagrun for job_market_etl to None, run_after=None
[2026-05-12T17:14:02.127+0000] {processor.py:183} INFO - Processing /opt/airflow/dags/job_etl_dag.py took 0.155 seconds
[2026-05-12T17:14:32.354+0000] {processor.py:161} INFO - Started process (PID=422) to work on /opt/airflow/dags/job_etl_dag.py
[2026-05-12T17:14:32.356+0000] {processor.py:830} INFO - Processing file /opt/airflow/dags/job_etl_dag.py for tasks to queue
[2026-05-12T17:14:32.358+0000] {logging_mixin.py:188} INFO - [2026-05-12T17:14:32.357+0000] {dagbag.py:538} INFO - Filling up the DagBag from /opt/airflow/dags/job_etl_dag.py
[2026-05-12T17:14:32.387+0000] {processor.py:840} INFO - DAG(s) 'job_market_etl' retrieved from /opt/airflow/dags/job_etl_dag.py
[2026-05-12T17:14:32.429+0000] {logging_mixin.py:188} INFO - [2026-05-12T17:14:32.429+0000] {dag.py:3036} INFO - Sync 1 DAGs
[2026-05-12T17:14:32.445+0000] {logging_mixin.py:188} INFO - [2026-05-12T17:14:32.445+0000] {dag.py:3823} INFO - Setting next_dagrun for job_market_etl to None, run_after=None
[2026-05-12T17:14:32.495+0000] {processor.py:183} INFO - Processing /opt/airflow/dags/job_etl_dag.py took 0.145 seconds
[2026-05-12T17:15:02.615+0000] {processor.py:161} INFO - Started process (PID=423) to work on /opt/airflow/dags/job_etl_dag.py
[2026-05-12T17:15:02.617+0000] {processor.py:830} INFO - Processing file /opt/airflow/dags/job_etl_dag.py for tasks to queue
[2026-05-12T17:15:02.619+0000] {logging_mixin.py:188} INFO - [2026-05-12T17:15:02.618+0000] {dagbag.py:538} INFO - Filling up the DagBag from /opt/airflow/dags/job_etl_dag.py
[2026-05-12T17:15:02.649+0000] {processor.py:840} INFO - DAG(s) 'job_market_etl' retrieved from /opt/airflow/dags/job_etl_dag.py
[2026-05-12T17:15:02.688+0000] {logging_mixin.py:188} INFO - [2026-05-12T17:15:02.688+0000] {dag.py:3036} INFO - Sync 1 DAGs
[2026-05-12T17:15:02.706+0000] {logging_mixin.py:188} INFO - [2026-05-12T17:15:02.705+0000] {dag.py:3823} INFO - Setting next_dagrun for job_market_etl to None, run_after=None
[2026-05-12T17:15:02.752+0000] {processor.py:183} INFO - Processing /opt/airflow/dags/job_etl_dag.py took 0.142 seconds
[2026-05-12T17:15:33.036+0000] {processor.py:161} INFO - Started process (PID=424) to work on /opt/airflow/dags/job_etl_dag.py
[2026-05-12T17:15:33.038+0000] {processor.py:830} INFO - Processing file /opt/airflow/dags/job_etl_dag.py for tasks to queue
[2026-05-12T17:15:33.039+0000] {logging_mixin.py:188} INFO - [2026-05-12T17:15:33.039+0000] {dagbag.py:538} INFO - Filling up the DagBag from /opt/airflow/dags/job_etl_dag.py
[2026-05-12T17:15:33.079+0000] {processor.py:840} INFO - DAG(s) 'job_market_etl' retrieved from /opt/airflow/dags/job_etl_dag.py
[2026-05-12T17:15:33.119+0000] {logging_mixin.py:188} INFO - [2026-05-12T17:15:33.118+0000] {dag.py:3036} INFO - Sync 1 DAGs
[2026-05-12T17:15:33.136+0000] {logging_mixin.py:188} INFO - [2026-05-12T17:15:33.136+0000] {dag.py:3823} INFO - Setting next_dagrun for job_market_etl to None, run_after=None
[2026-05-12T17:15:33.183+0000] {processor.py:183} INFO - Processing /opt/airflow/dags/job_etl_dag.py took 0.151 seconds
[2026-05-12T17:16:03.287+0000] {processor.py:161} INFO - Started process (PID=425) to work on /opt/airflow/dags/job_etl_dag.py
[2026-05-12T17:16:03.288+0000] {processor.py:830} INFO - Processing file /opt/airflow/dags/job_etl_dag.py for tasks to queue
[2026-05-12T17:16:03.290+0000] {logging_mixin.py:188} INFO - [2026-05-12T17:16:03.289+0000] {dagbag.py:538} INFO - Filling up the DagBag from /opt/airflow/dags/job_etl_dag.py
[2026-05-12T17:16:03.320+0000] {processor.py:840} INFO - DAG(s) 'job_market_etl' retrieved from /opt/airflow/dags/job_etl_dag.py
[2026-05-12T17:16:03.361+0000] {logging_mixin.py:188} INFO - [2026-05-12T17:16:03.360+0000] {dag.py:3036} INFO - Sync 1 DAGs
[2026-05-12T17:16:03.377+0000] {logging_mixin.py:188} INFO - [2026-05-12T17:16:03.376+0000] {dag.py:3823} INFO - Setting next_dagrun for job_market_etl to None, run_after=None
[2026-05-12T17:16:03.429+0000] {processor.py:183} INFO - Processing /opt/airflow/dags/job_etl_dag.py took 0.148 seconds
[2026-05-12T17:16:33.704+0000] {processor.py:161} INFO - Started process (PID=426) to work on /opt/airflow/dags/job_etl_dag.py
[2026-05-12T17:16:33.706+0000] {processor.py:830} INFO - Processing file /opt/airflow/dags/job_etl_dag.py for tasks to queue
[2026-05-12T17:16:33.708+0000] {logging_mixin.py:188} INFO - [2026-05-12T17:16:33.708+0000] {dagbag.py:538} INFO - Filling up the DagBag from /opt/airflow/dags/job_etl_dag.py
[2026-05-12T17:16:33.736+0000] {processor.py:840} INFO - DAG(s) 'job_market_etl' retrieved from /opt/airflow/dags/job_etl_dag.py
[2026-05-12T17:16:33.775+0000] {logging_mixin.py:188} INFO - [2026-05-12T17:16:33.775+0000] {dag.py:3036} INFO - Sync 1 DAGs
[2026-05-12T17:16:33.791+0000] {logging_mixin.py:188} INFO - [2026-05-12T17:16:33.791+0000] {dag.py:3823} INFO - Setting next_dagrun for job_market_etl to None, run_after=None
[2026-05-12T17:16:33.821+0000] {processor.py:183} INFO - Processing /opt/airflow/dags/job_etl_dag.py took 0.120 seconds
[2026-05-12T17:17:03.948+0000] {processor.py:161} INFO - Started process (PID=427) to work on /opt/airflow/dags/job_etl_dag.py
[2026-05-12T17:17:03.950+0000] {processor.py:830} INFO - Processing file /opt/airflow/dags/job_etl_dag.py for tasks to queue
[2026-05-12T17:17:03.951+0000] {logging_mixin.py:188} INFO - [2026-05-12T17:17:03.951+0000] {dagbag.py:538} INFO - Filling up the DagBag from /opt/airflow/dags/job_etl_dag.py
[2026-05-12T17:17:03.978+0000] {processor.py:840} INFO - DAG(s) 'job_market_etl' retrieved from /opt/airflow/dags/job_etl_dag.py
[2026-05-12T17:17:04.022+0000] {logging_mixin.py:188} INFO - [2026-05-12T17:17:04.021+0000] {dag.py:3036} INFO - Sync 1 DAGs
[2026-05-12T17:17:04.041+0000] {logging_mixin.py:188} INFO - [2026-05-12T17:17:04.041+0000] {dag.py:3823} INFO - Setting next_dagrun for job_market_etl to None, run_after=None
[2026-05-12T17:17:04.089+0000] {processor.py:183} INFO - Processing /opt/airflow/dags/job_etl_dag.py took 0.146 seconds
[2026-05-12T17:17:34.323+0000] {processor.py:161} INFO - Started process (PID=428) to work on /opt/airflow/dags/job_etl_dag.py
[2026-05-12T17:17:34.325+0000] {processor.py:830} INFO - Processing file /opt/airflow/dags/job_etl_dag.py for tasks to queue
[2026-05-12T17:17:34.326+0000] {logging_mixin.py:188} INFO - [2026-05-12T17:17:34.326+0000] {dagbag.py:538} INFO - Filling up the DagBag from /opt/airflow/dags/job_etl_dag.py
[2026-05-12T17:17:34.362+0000] {processor.py:840} INFO - DAG(s) 'job_market_etl' retrieved from /opt/airflow/dags/job_etl_dag.py
[2026-05-12T17:17:34.401+0000] {logging_mixin.py:188} INFO - [2026-05-12T17:17:34.401+0000] {dag.py:3036} INFO - Sync 1 DAGs
[2026-05-12T17:17:34.417+0000] {logging_mixin.py:188} INFO - [2026-05-12T17:17:34.417+0000] {dag.py:3823} INFO - Setting next_dagrun for job_market_etl to None, run_after=None
[2026-05-12T17:17:34.448+0000] {processor.py:183} INFO - Processing /opt/airflow/dags/job_etl_dag.py took 0.128 seconds
[2026-05-12T17:18:04.588+0000] {processor.py:161} INFO - Started process (PID=429) to work on /opt/airflow/dags/job_etl_dag.py
[2026-05-12T17:18:04.590+0000] {processor.py:830} INFO - Processing file /opt/airflow/dags/job_etl_dag.py for tasks to queue
[2026-05-12T17:18:04.592+0000] {logging_mixin.py:188} INFO - [2026-05-12T17:18:04.591+0000] {dagbag.py:538} INFO - Filling up the DagBag from /opt/airflow/dags/job_etl_dag.py
[2026-05-12T17:18:04.625+0000] {processor.py:840} INFO - DAG(s) 'job_market_etl' retrieved from /opt/airflow/dags/job_etl_dag.py
[2026-05-12T17:18:04.664+0000] {logging_mixin.py:188} INFO - [2026-05-12T17:18:04.664+0000] {dag.py:3036} INFO - Sync 1 DAGs
[2026-05-12T17:18:04.680+0000] {logging_mixin.py:188} INFO - [2026-05-12T17:18:04.680+0000] {dag.py:3823} INFO - Setting next_dagrun for job_market_etl to None, run_after=None
[2026-05-12T17:18:04.715+0000] {processor.py:183} INFO - Processing /opt/airflow/dags/job_etl_dag.py took 0.131 seconds
[2026-05-12T17:18:34.943+0000] {processor.py:161} INFO - Started process (PID=430) to work on /opt/airflow/dags/job_etl_dag.py
[2026-05-12T17:18:34.946+0000] {processor.py:830} INFO - Processing file /opt/airflow/dags/job_etl_dag.py for tasks to queue
[2026-05-12T17:18:34.947+0000] {logging_mixin.py:188} INFO - [2026-05-12T17:18:34.947+0000] {dagbag.py:538} INFO - Filling up the DagBag from /opt/airflow/dags/job_etl_dag.py
[2026-05-12T17:18:34.976+0000] {processor.py:840} INFO - DAG(s) 'job_market_etl' retrieved from /opt/airflow/dags/job_etl_dag.py
[2026-05-12T17:18:35.018+0000] {logging_mixin.py:188} INFO - [2026-05-12T17:18:35.018+0000] {dag.py:3036} INFO - Sync 1 DAGs
[2026-05-12T17:18:35.035+0000] {logging_mixin.py:188} INFO - [2026-05-12T17:18:35.035+0000] {dag.py:3823} INFO - Setting next_dagrun for job_market_etl to None, run_after=None
[2026-05-12T17:18:35.079+0000] {processor.py:183} INFO - Processing /opt/airflow/dags/job_etl_dag.py took 0.139 seconds
[2026-05-12T17:19:05.203+0000] {processor.py:161} INFO - Started process (PID=431) to work on /opt/airflow/dags/job_etl_dag.py
[2026-05-12T17:19:05.204+0000] {processor.py:830} INFO - Processing file /opt/airflow/dags/job_etl_dag.py for tasks to queue
[2026-05-12T17:19:05.207+0000] {logging_mixin.py:188} INFO - [2026-05-12T17:19:05.206+0000] {dagbag.py:538} INFO - Filling up the DagBag from /opt/airflow/dags/job_etl_dag.py
[2026-05-12T17:19:05.234+0000] {processor.py:840} INFO - DAG(s) 'job_market_etl' retrieved from /opt/airflow/dags/job_etl_dag.py
[2026-05-12T17:19:05.276+0000] {logging_mixin.py:188} INFO - [2026-05-12T17:19:05.276+0000] {dag.py:3036} INFO - Sync 1 DAGs
[2026-05-12T17:19:05.296+0000] {logging_mixin.py:188} INFO - [2026-05-12T17:19:05.295+0000] {dag.py:3823} INFO - Setting next_dagrun for job_market_etl to None, run_after=None
[2026-05-12T17:19:05.344+0000] {processor.py:183} INFO - Processing /opt/airflow/dags/job_etl_dag.py took 0.147 seconds
[2026-05-12T17:19:35.570+0000] {processor.py:161} INFO - Started process (PID=432) to work on /opt/airflow/dags/job_etl_dag.py
[2026-05-12T17:19:35.571+0000] {processor.py:830} INFO - Processing file /opt/airflow/dags/job_etl_dag.py for tasks to queue
[2026-05-12T17:19:35.573+0000] {logging_mixin.py:188} INFO - [2026-05-12T17:19:35.573+0000] {dagbag.py:538} INFO - Filling up the DagBag from /opt/airflow/dags/job_etl_dag.py
[2026-05-12T17:19:35.605+0000] {processor.py:840} INFO - DAG(s) 'job_market_etl' retrieved from /opt/airflow/dags/job_etl_dag.py
[2026-05-12T17:19:35.650+0000] {logging_mixin.py:188} INFO - [2026-05-12T17:19:35.650+0000] {dag.py:3036} INFO - Sync 1 DAGs
[2026-05-12T17:19:35.670+0000] {logging_mixin.py:188} INFO - [2026-05-12T17:19:35.670+0000] {dag.py:3823} INFO - Setting next_dagrun for job_market_etl to None, run_after=None
[2026-05-12T17:19:35.702+0000] {processor.py:183} INFO - Processing /opt/airflow/dags/job_etl_dag.py took 0.136 seconds
[2026-05-12T17:20:05.825+0000] {processor.py:161} INFO - Started process (PID=433) to work on /opt/airflow/dags/job_etl_dag.py
[2026-05-12T17:20:05.828+0000] {processor.py:830} INFO - Processing file /opt/airflow/dags/job_etl_dag.py for tasks to queue
[2026-05-12T17:20:05.829+0000] {logging_mixin.py:188} INFO - [2026-05-12T17:20:05.829+0000] {dagbag.py:538} INFO - Filling up the DagBag from /opt/airflow/dags/job_etl_dag.py
[2026-05-12T17:20:05.858+0000] {processor.py:840} INFO - DAG(s) 'job_market_etl' retrieved from /opt/airflow/dags/job_etl_dag.py
[2026-05-12T17:20:05.899+0000] {logging_mixin.py:188} INFO - [2026-05-12T17:20:05.899+0000] {dag.py:3036} INFO - Sync 1 DAGs
[2026-05-12T17:20:05.917+0000] {logging_mixin.py:188} INFO - [2026-05-12T17:20:05.917+0000] {dag.py:3823} INFO - Setting next_dagrun for job_market_etl to None, run_after=None
[2026-05-12T17:20:05.948+0000] {processor.py:183} INFO - Processing /opt/airflow/dags/job_etl_dag.py took 0.127 seconds
[2026-05-12T17:20:36.228+0000] {processor.py:161} INFO - Started process (PID=434) to work on /opt/airflow/dags/job_etl_dag.py
[2026-05-12T17:20:36.230+0000] {processor.py:830} INFO - Processing file /opt/airflow/dags/job_etl_dag.py for tasks to queue
[2026-05-12T17:20:36.231+0000] {logging_mixin.py:188} INFO - [2026-05-12T17:20:36.231+0000] {dagbag.py:538} INFO - Filling up the DagBag from /opt/airflow/dags/job_etl_dag.py
[2026-05-12T17:20:36.262+0000] {processor.py:840} INFO - DAG(s) 'job_market_etl' retrieved from /opt/airflow/dags/job_etl_dag.py
[2026-05-12T17:20:36.305+0000] {logging_mixin.py:188} INFO - [2026-05-12T17:20:36.304+0000] {dag.py:3036} INFO - Sync 1 DAGs
[2026-05-12T17:20:36.321+0000] {logging_mixin.py:188} INFO - [2026-05-12T17:20:36.321+0000] {dag.py:3823} INFO - Setting next_dagrun for job_market_etl to None, run_after=None
[2026-05-12T17:20:36.365+0000] {processor.py:183} INFO - Processing /opt/airflow/dags/job_etl_dag.py took 0.142 seconds
[2026-05-12T17:21:06.477+0000] {processor.py:161} INFO - Started process (PID=435) to work on /opt/airflow/dags/job_etl_dag.py
[2026-05-12T17:21:06.480+0000] {processor.py:830} INFO - Processing file /opt/airflow/dags/job_etl_dag.py for tasks to queue
[2026-05-12T17:21:06.481+0000] {logging_mixin.py:188} INFO - [2026-05-12T17:21:06.481+0000] {dagbag.py:538} INFO - Filling up the DagBag from /opt/airflow/dags/job_etl_dag.py
[2026-05-12T17:21:06.513+0000] {processor.py:840} INFO - DAG(s) 'job_market_etl' retrieved from /opt/airflow/dags/job_etl_dag.py
[2026-05-12T17:21:06.552+0000] {logging_mixin.py:188} INFO - [2026-05-12T17:21:06.551+0000] {dag.py:3036} INFO - Sync 1 DAGs
[2026-05-12T17:21:06.570+0000] {logging_mixin.py:188} INFO - [2026-05-12T17:21:06.570+0000] {dag.py:3823} INFO - Setting next_dagrun for job_market_etl to None, run_after=None
[2026-05-12T17:21:06.603+0000] {processor.py:183} INFO - Processing /opt/airflow/dags/job_etl_dag.py took 0.131 seconds
[2026-05-12T17:21:36.867+0000] {processor.py:161} INFO - Started process (PID=436) to work on /opt/airflow/dags/job_etl_dag.py
[2026-05-12T17:21:36.869+0000] {processor.py:830} INFO - Processing file /opt/airflow/dags/job_etl_dag.py for tasks to queue
[2026-05-12T17:21:36.871+0000] {logging_mixin.py:188} INFO - [2026-05-12T17:21:36.870+0000] {dagbag.py:538} INFO - Filling up the DagBag from /opt/airflow/dags/job_etl_dag.py
[2026-05-12T17:21:36.900+0000] {processor.py:840} INFO - DAG(s) 'job_market_etl' retrieved from /opt/airflow/dags/job_etl_dag.py
[2026-05-12T17:21:36.937+0000] {logging_mixin.py:188} INFO - [2026-05-12T17:21:36.937+0000] {dag.py:3036} INFO - Sync 1 DAGs
[2026-05-12T17:21:36.957+0000] {logging_mixin.py:188} INFO - [2026-05-12T17:21:36.956+0000] {dag.py:3823} INFO - Setting next_dagrun for job_market_etl to None, run_after=None
[2026-05-12T17:21:36.989+0000] {processor.py:183} INFO - Processing /opt/airflow/dags/job_etl_dag.py took 0.126 seconds
[2026-05-12T17:22:07.145+0000] {processor.py:161} INFO - Started process (PID=437) to work on /opt/airflow/dags/job_etl_dag.py
[2026-05-12T17:22:07.148+0000] {processor.py:830} INFO - Processing file /opt/airflow/dags/job_etl_dag.py for tasks to queue
[2026-05-12T17:22:07.151+0000] {logging_mixin.py:188} INFO - [2026-05-12T17:22:07.150+0000] {dagbag.py:538} INFO - Filling up the DagBag from /opt/airflow/dags/job_etl_dag.py
[2026-05-12T17:22:07.202+0000] {processor.py:840} INFO - DAG(s) 'job_market_etl' retrieved from /opt/airflow/dags/job_etl_dag.py
[2026-05-12T17:22:07.254+0000] {logging_mixin.py:188} INFO - [2026-05-12T17:22:07.253+0000] {dag.py:3036} INFO - Sync 1 DAGs
[2026-05-12T17:22:07.277+0000] {logging_mixin.py:188} INFO - [2026-05-12T17:22:07.276+0000] {dag.py:3823} INFO - Setting next_dagrun for job_market_etl to None, run_after=None
[2026-05-12T17:22:07.308+0000] {processor.py:183} INFO - Processing /opt/airflow/dags/job_etl_dag.py took 0.173 seconds
[2026-05-12T17:22:37.489+0000] {processor.py:161} INFO - Started process (PID=438) to work on /opt/airflow/dags/job_etl_dag.py
[2026-05-12T17:22:37.492+0000] {processor.py:830} INFO - Processing file /opt/airflow/dags/job_etl_dag.py for tasks to queue
[2026-05-12T17:22:37.494+0000] {logging_mixin.py:188} INFO - [2026-05-12T17:22:37.494+0000] {dagbag.py:538} INFO - Filling up the DagBag from /opt/airflow/dags/job_etl_dag.py
[2026-05-12T17:22:37.530+0000] {processor.py:840} INFO - DAG(s) 'job_market_etl' retrieved from /opt/airflow/dags/job_etl_dag.py
[2026-05-12T17:22:37.581+0000] {logging_mixin.py:188} INFO - [2026-05-12T17:22:37.580+0000] {dag.py:3036} INFO - Sync 1 DAGs
[2026-05-12T17:22:37.597+0000] {logging_mixin.py:188} INFO - [2026-05-12T17:22:37.597+0000] {dag.py:3823} INFO - Setting next_dagrun for job_market_etl to None, run_after=None
[2026-05-12T17:22:37.631+0000] {processor.py:183} INFO - Processing /opt/airflow/dags/job_etl_dag.py took 0.148 seconds
[2026-05-12T17:23:07.800+0000] {processor.py:161} INFO - Started process (PID=439) to work on /opt/airflow/dags/job_etl_dag.py
[2026-05-12T17:23:07.802+0000] {processor.py:830} INFO - Processing file /opt/airflow/dags/job_etl_dag.py for tasks to queue
[2026-05-12T17:23:07.804+0000] {logging_mixin.py:188} INFO - [2026-05-12T17:23:07.803+0000] {dagbag.py:538} INFO - Filling up the DagBag from /opt/airflow/dags/job_etl_dag.py
[2026-05-12T17:23:07.833+0000] {processor.py:840} INFO - DAG(s) 'job_market_etl' retrieved from /opt/airflow/dags/job_etl_dag.py
[2026-05-12T17:23:07.873+0000] {logging_mixin.py:188} INFO - [2026-05-12T17:23:07.872+0000] {dag.py:3036} INFO - Sync 1 DAGs
[2026-05-12T17:23:07.889+0000] {logging_mixin.py:188} INFO - [2026-05-12T17:23:07.889+0000] {dag.py:3823} INFO - Setting next_dagrun for job_market_etl to None, run_after=None
[2026-05-12T17:23:07.935+0000] {processor.py:183} INFO - Processing /opt/airflow/dags/job_etl_dag.py took 0.140 seconds
[2026-05-12T17:23:38.132+0000] {processor.py:161} INFO - Started process (PID=440) to work on /opt/airflow/dags/job_etl_dag.py
[2026-05-12T17:23:38.134+0000] {processor.py:830} INFO - Processing file /opt/airflow/dags/job_etl_dag.py for tasks to queue
[2026-05-12T17:23:38.136+0000] {logging_mixin.py:188} INFO - [2026-05-12T17:23:38.136+0000] {dagbag.py:538} INFO - Filling up the DagBag from /opt/airflow/dags/job_etl_dag.py
[2026-05-12T17:23:38.188+0000] {processor.py:840} INFO - DAG(s) 'job_market_etl' retrieved from /opt/airflow/dags/job_etl_dag.py
[2026-05-12T17:23:38.237+0000] {logging_mixin.py:188} INFO - [2026-05-12T17:23:38.236+0000] {dag.py:3036} INFO - Sync 1 DAGs
[2026-05-12T17:23:38.253+0000] {logging_mixin.py:188} INFO - [2026-05-12T17:23:38.252+0000] {dag.py:3823} INFO - Setting next_dagrun for job_market_etl to None, run_after=None
[2026-05-12T17:23:38.288+0000] {processor.py:183} INFO - Processing /opt/airflow/dags/job_etl_dag.py took 0.164 seconds
[2026-05-12T17:24:08.430+0000] {processor.py:161} INFO - Started process (PID=441) to work on /opt/airflow/dags/job_etl_dag.py
[2026-05-12T17:24:08.432+0000] {processor.py:830} INFO - Processing file /opt/airflow/dags/job_etl_dag.py for tasks to queue
[2026-05-12T17:24:08.434+0000] {logging_mixin.py:188} INFO - [2026-05-12T17:24:08.433+0000] {dagbag.py:538} INFO - Filling up the DagBag from /opt/airflow/dags/job_etl_dag.py
[2026-05-12T17:24:08.463+0000] {processor.py:840} INFO - DAG(s) 'job_market_etl' retrieved from /opt/airflow/dags/job_etl_dag.py
[2026-05-12T17:24:08.503+0000] {logging_mixin.py:188} INFO - [2026-05-12T17:24:08.503+0000] {dag.py:3036} INFO - Sync 1 DAGs
[2026-05-12T17:24:08.518+0000] {logging_mixin.py:188} INFO - [2026-05-12T17:24:08.518+0000] {dag.py:3823} INFO - Setting next_dagrun for job_market_etl to None, run_after=None
[2026-05-12T17:24:08.552+0000] {processor.py:183} INFO - Processing /opt/airflow/dags/job_etl_dag.py took 0.129 seconds
[2026-05-12T17:24:38.789+0000] {processor.py:161} INFO - Started process (PID=442) to work on /opt/airflow/dags/job_etl_dag.py
[2026-05-12T17:24:38.791+0000] {processor.py:830} INFO - Processing file /opt/airflow/dags/job_etl_dag.py for tasks to queue
[2026-05-12T17:24:38.792+0000] {logging_mixin.py:188} INFO - [2026-05-12T17:24:38.792+0000] {dagbag.py:538} INFO - Filling up the DagBag from /opt/airflow/dags/job_etl_dag.py
[2026-05-12T17:24:38.822+0000] {processor.py:840} INFO - DAG(s) 'job_market_etl' retrieved from /opt/airflow/dags/job_etl_dag.py
[2026-05-12T17:24:38.862+0000] {logging_mixin.py:188} INFO - [2026-05-12T17:24:38.862+0000] {dag.py:3036} INFO - Sync 1 DAGs
[2026-05-12T17:24:38.881+0000] {logging_mixin.py:188} INFO - [2026-05-12T17:24:38.881+0000] {dag.py:3823} INFO - Setting next_dagrun for job_market_etl to None, run_after=None
[2026-05-12T17:24:38.926+0000] {processor.py:183} INFO - Processing /opt/airflow/dags/job_etl_dag.py took 0.141 seconds
[2026-05-12T17:25:09.037+0000] {processor.py:161} INFO - Started process (PID=443) to work on /opt/airflow/dags/job_etl_dag.py
[2026-05-12T17:25:09.039+0000] {processor.py:830} INFO - Processing file /opt/airflow/dags/job_etl_dag.py for tasks to queue
[2026-05-12T17:25:09.041+0000] {logging_mixin.py:188} INFO - [2026-05-12T17:25:09.041+0000] {dagbag.py:538} INFO - Filling up the DagBag from /opt/airflow/dags/job_etl_dag.py
[2026-05-12T17:25:09.069+0000] {processor.py:840} INFO - DAG(s) 'job_market_etl' retrieved from /opt/airflow/dags/job_etl_dag.py
[2026-05-12T17:25:09.107+0000] {logging_mixin.py:188} INFO - [2026-05-12T17:25:09.107+0000] {dag.py:3036} INFO - Sync 1 DAGs
[2026-05-12T17:25:09.125+0000] {logging_mixin.py:188} INFO - [2026-05-12T17:25:09.125+0000] {dag.py:3823} INFO - Setting next_dagrun for job_market_etl to None, run_after=None
[2026-05-12T17:25:09.174+0000] {processor.py:183} INFO - Processing /opt/airflow/dags/job_etl_dag.py took 0.141 seconds
[2026-05-12T17:25:39.464+0000] {processor.py:161} INFO - Started process (PID=444) to work on /opt/airflow/dags/job_etl_dag.py
[2026-05-12T17:25:39.466+0000] {processor.py:830} INFO - Processing file /opt/airflow/dags/job_etl_dag.py for tasks to queue
[2026-05-12T17:25:39.467+0000] {logging_mixin.py:188} INFO - [2026-05-12T17:25:39.467+0000] {dagbag.py:538} INFO - Filling up the DagBag from /opt/airflow/dags/job_etl_dag.py
[2026-05-12T17:25:39.501+0000] {processor.py:840} INFO - DAG(s) 'job_market_etl' retrieved from /opt/airflow/dags/job_etl_dag.py
[2026-05-12T17:25:39.542+0000] {logging_mixin.py:188} INFO - [2026-05-12T17:25:39.541+0000] {dag.py:3036} INFO - Sync 1 DAGs
[2026-05-12T17:25:39.559+0000] {logging_mixin.py:188} INFO - [2026-05-12T17:25:39.559+0000] {dag.py:3823} INFO - Setting next_dagrun for job_market_etl to None, run_after=None
[2026-05-12T17:25:39.591+0000] {processor.py:183} INFO - Processing /opt/airflow/dags/job_etl_dag.py took 0.132 seconds
[2026-05-12T17:26:09.705+0000] {processor.py:161} INFO - Started process (PID=445) to work on /opt/airflow/dags/job_etl_dag.py
[2026-05-12T17:26:09.707+0000] {processor.py:830} INFO - Processing file /opt/airflow/dags/job_etl_dag.py for tasks to queue
[2026-05-12T17:26:09.710+0000] {logging_mixin.py:188} INFO - [2026-05-12T17:26:09.709+0000] {dagbag.py:538} INFO - Filling up the DagBag from /opt/airflow/dags/job_etl_dag.py
[2026-05-12T17:26:09.740+0000] {processor.py:840} INFO - DAG(s) 'job_market_etl' retrieved from /opt/airflow/dags/job_etl_dag.py
[2026-05-12T17:26:09.778+0000] {logging_mixin.py:188} INFO - [2026-05-12T17:26:09.778+0000] {dag.py:3036} INFO - Sync 1 DAGs
[2026-05-12T17:26:09.808+0000] {logging_mixin.py:188} INFO - [2026-05-12T17:26:09.808+0000] {dag.py:3823} INFO - Setting next_dagrun for job_market_etl to None, run_after=None
[2026-05-12T17:26:09.841+0000] {processor.py:183} INFO - Processing /opt/airflow/dags/job_etl_dag.py took 0.141 seconds
[2026-05-12T17:26:40.101+0000] {processor.py:161} INFO - Started process (PID=446) to work on /opt/airflow/dags/job_etl_dag.py
[2026-05-12T17:26:40.103+0000] {processor.py:830} INFO - Processing file /opt/airflow/dags/job_etl_dag.py for tasks to queue
[2026-05-12T17:26:40.105+0000] {logging_mixin.py:188} INFO - [2026-05-12T17:26:40.104+0000] {dagbag.py:538} INFO - Filling up the DagBag from /opt/airflow/dags/job_etl_dag.py
[2026-05-12T17:26:40.137+0000] {processor.py:840} INFO - DAG(s) 'job_market_etl' retrieved from /opt/airflow/dags/job_etl_dag.py
[2026-05-12T17:26:40.177+0000] {logging_mixin.py:188} INFO - [2026-05-12T17:26:40.177+0000] {dag.py:3036} INFO - Sync 1 DAGs
[2026-05-12T17:26:40.195+0000] {logging_mixin.py:188} INFO - [2026-05-12T17:26:40.195+0000] {dag.py:3823} INFO - Setting next_dagrun for job_market_etl to None, run_after=None
[2026-05-12T17:26:40.227+0000] {processor.py:183} INFO - Processing /opt/airflow/dags/job_etl_dag.py took 0.130 seconds
[2026-05-12T17:27:10.341+0000] {processor.py:161} INFO - Started process (PID=447) to work on /opt/airflow/dags/job_etl_dag.py
[2026-05-12T17:27:10.343+0000] {processor.py:830} INFO - Processing file /opt/airflow/dags/job_etl_dag.py for tasks to queue
[2026-05-12T17:27:10.345+0000] {logging_mixin.py:188} INFO - [2026-05-12T17:27:10.345+0000] {dagbag.py:538} INFO - Filling up the DagBag from /opt/airflow/dags/job_etl_dag.py
[2026-05-12T17:27:10.373+0000] {processor.py:840} INFO - DAG(s) 'job_market_etl' retrieved from /opt/airflow/dags/job_etl_dag.py
[2026-05-12T17:27:10.439+0000] {logging_mixin.py:188} INFO - [2026-05-12T17:27:10.439+0000] {dag.py:3036} INFO - Sync 1 DAGs
[2026-05-12T17:27:10.457+0000] {logging_mixin.py:188} INFO - [2026-05-12T17:27:10.456+0000] {dag.py:3823} INFO - Setting next_dagrun for job_market_etl to None, run_after=None
[2026-05-12T17:27:10.489+0000] {processor.py:183} INFO - Processing /opt/airflow/dags/job_etl_dag.py took 0.152 seconds
[2026-05-12T17:27:40.734+0000] {processor.py:161} INFO - Started process (PID=448) to work on /opt/airflow/dags/job_etl_dag.py
[2026-05-12T17:27:40.736+0000] {processor.py:830} INFO - Processing file /opt/airflow/dags/job_etl_dag.py for tasks to queue
[2026-05-12T17:27:40.738+0000] {logging_mixin.py:188} INFO - [2026-05-12T17:27:40.738+0000] {dagbag.py:538} INFO - Filling up the DagBag from /opt/airflow/dags/job_etl_dag.py
[2026-05-12T17:27:40.769+0000] {processor.py:840} INFO - DAG(s) 'job_market_etl' retrieved from /opt/airflow/dags/job_etl_dag.py
[2026-05-12T17:27:40.813+0000] {logging_mixin.py:188} INFO - [2026-05-12T17:27:40.813+0000] {dag.py:3036} INFO - Sync 1 DAGs
[2026-05-12T17:27:40.835+0000] {logging_mixin.py:188} INFO - [2026-05-12T17:27:40.834+0000] {dag.py:3823} INFO - Setting next_dagrun for job_market_etl to None, run_after=None
[2026-05-12T17:27:40.880+0000] {processor.py:183} INFO - Processing /opt/airflow/dags/job_etl_dag.py took 0.150 seconds
[2026-05-12T17:28:10.999+0000] {processor.py:161} INFO - Started process (PID=449) to work on /opt/airflow/dags/job_etl_dag.py
[2026-05-12T17:28:11.001+0000] {processor.py:830} INFO - Processing file /opt/airflow/dags/job_etl_dag.py for tasks to queue
[2026-05-12T17:28:11.003+0000] {logging_mixin.py:188} INFO - [2026-05-12T17:28:11.002+0000] {dagbag.py:538} INFO - Filling up the DagBag from /opt/airflow/dags/job_etl_dag.py
[2026-05-12T17:28:11.034+0000] {processor.py:840} INFO - DAG(s) 'job_market_etl' retrieved from /opt/airflow/dags/job_etl_dag.py
[2026-05-12T17:28:11.084+0000] {logging_mixin.py:188} INFO - [2026-05-12T17:28:11.083+0000] {dag.py:3036} INFO - Sync 1 DAGs
[2026-05-12T17:28:11.104+0000] {logging_mixin.py:188} INFO - [2026-05-12T17:28:11.103+0000] {dag.py:3823} INFO - Setting next_dagrun for job_market_etl to None, run_after=None
[2026-05-12T17:28:11.138+0000] {processor.py:183} INFO - Processing /opt/airflow/dags/job_etl_dag.py took 0.144 seconds
[2026-05-12T17:28:41.392+0000] {processor.py:161} INFO - Started process (PID=450) to work on /opt/airflow/dags/job_etl_dag.py
[2026-05-12T17:28:41.394+0000] {processor.py:830} INFO - Processing file /opt/airflow/dags/job_etl_dag.py for tasks to queue
[2026-05-12T17:28:41.397+0000] {logging_mixin.py:188} INFO - [2026-05-12T17:28:41.396+0000] {dagbag.py:538} INFO - Filling up the DagBag from /opt/airflow/dags/job_etl_dag.py
[2026-05-12T17:28:41.427+0000] {processor.py:840} INFO - DAG(s) 'job_market_etl' retrieved from /opt/airflow/dags/job_etl_dag.py
[2026-05-12T17:28:41.475+0000] {logging_mixin.py:188} INFO - [2026-05-12T17:28:41.475+0000] {dag.py:3036} INFO - Sync 1 DAGs
[2026-05-12T17:28:41.494+0000] {logging_mixin.py:188} INFO - [2026-05-12T17:28:41.494+0000] {dag.py:3823} INFO - Setting next_dagrun for job_market_etl to None, run_after=None
[2026-05-12T17:28:41.534+0000] {processor.py:183} INFO - Processing /opt/airflow/dags/job_etl_dag.py took 0.146 seconds
[2026-05-12T17:29:11.648+0000] {processor.py:161} INFO - Started process (PID=451) to work on /opt/airflow/dags/job_etl_dag.py
[2026-05-12T17:29:11.650+0000] {processor.py:830} INFO - Processing file /opt/airflow/dags/job_etl_dag.py for tasks to queue
[2026-05-12T17:29:11.652+0000] {logging_mixin.py:188} INFO - [2026-05-12T17:29:11.652+0000] {dagbag.py:538} INFO - Filling up the DagBag from /opt/airflow/dags/job_etl_dag.py
[2026-05-12T17:29:11.686+0000] {processor.py:840} INFO - DAG(s) 'job_market_etl' retrieved from /opt/airflow/dags/job_etl_dag.py
[2026-05-12T17:29:11.731+0000] {logging_mixin.py:188} INFO - [2026-05-12T17:29:11.731+0000] {dag.py:3036} INFO - Sync 1 DAGs
[2026-05-12T17:29:11.749+0000] {logging_mixin.py:188} INFO - [2026-05-12T17:29:11.749+0000] {dag.py:3823} INFO - Setting next_dagrun for job_market_etl to None, run_after=None
[2026-05-12T17:29:11.783+0000] {processor.py:183} INFO - Processing /opt/airflow/dags/job_etl_dag.py took 0.140 seconds
[2026-05-12T17:29:42.041+0000] {processor.py:161} INFO - Started process (PID=452) to work on /opt/airflow/dags/job_etl_dag.py
[2026-05-12T17:29:42.043+0000] {processor.py:830} INFO - Processing file /opt/airflow/dags/job_etl_dag.py for tasks to queue
[2026-05-12T17:29:42.045+0000] {logging_mixin.py:188} INFO - [2026-05-12T17:29:42.044+0000] {dagbag.py:538} INFO - Filling up the DagBag from /opt/airflow/dags/job_etl_dag.py
[2026-05-12T17:29:42.077+0000] {processor.py:840} INFO - DAG(s) 'job_market_etl' retrieved from /opt/airflow/dags/job_etl_dag.py
[2026-05-12T17:29:42.119+0000] {logging_mixin.py:188} INFO - [2026-05-12T17:29:42.119+0000] {dag.py:3036} INFO - Sync 1 DAGs
[2026-05-12T17:29:42.137+0000] {logging_mixin.py:188} INFO - [2026-05-12T17:29:42.136+0000] {dag.py:3823} INFO - Setting next_dagrun for job_market_etl to None, run_after=None
[2026-05-12T17:29:42.183+0000] {processor.py:183} INFO - Processing /opt/airflow/dags/job_etl_dag.py took 0.146 seconds
[2026-05-12T17:30:12.309+0000] {processor.py:161} INFO - Started process (PID=453) to work on /opt/airflow/dags/job_etl_dag.py
[2026-05-12T17:30:12.312+0000] {processor.py:830} INFO - Processing file /opt/airflow/dags/job_etl_dag.py for tasks to queue
[2026-05-12T17:30:12.315+0000] {logging_mixin.py:188} INFO - [2026-05-12T17:30:12.314+0000] {dagbag.py:538} INFO - Filling up the DagBag from /opt/airflow/dags/job_etl_dag.py
[2026-05-12T17:30:12.347+0000] {processor.py:840} INFO - DAG(s) 'job_market_etl' retrieved from /opt/airflow/dags/job_etl_dag.py
[2026-05-12T17:30:12.398+0000] {logging_mixin.py:188} INFO - [2026-05-12T17:30:12.397+0000] {dag.py:3036} INFO - Sync 1 DAGs
[2026-05-12T17:30:12.423+0000] {logging_mixin.py:188} INFO - [2026-05-12T17:30:12.422+0000] {dag.py:3823} INFO - Setting next_dagrun for job_market_etl to None, run_after=None
[2026-05-12T17:30:12.462+0000] {processor.py:183} INFO - Processing /opt/airflow/dags/job_etl_dag.py took 0.158 seconds
[2026-05-12T17:30:42.742+0000] {processor.py:161} INFO - Started process (PID=454) to work on /opt/airflow/dags/job_etl_dag.py
[2026-05-12T17:30:42.744+0000] {processor.py:830} INFO - Processing file /opt/airflow/dags/job_etl_dag.py for tasks to queue
[2026-05-12T17:30:42.746+0000] {logging_mixin.py:188} INFO - [2026-05-12T17:30:42.746+0000] {dagbag.py:538} INFO - Filling up the DagBag from /opt/airflow/dags/job_etl_dag.py
[2026-05-12T17:30:42.779+0000] {processor.py:840} INFO - DAG(s) 'job_market_etl' retrieved from /opt/airflow/dags/job_etl_dag.py
[2026-05-12T17:30:42.823+0000] {logging_mixin.py:188} INFO - [2026-05-12T17:30:42.823+0000] {dag.py:3036} INFO - Sync 1 DAGs
[2026-05-12T17:30:42.841+0000] {logging_mixin.py:188} INFO - [2026-05-12T17:30:42.841+0000] {dag.py:3823} INFO - Setting next_dagrun for job_market_etl to None, run_after=None
[2026-05-12T17:30:42.874+0000] {processor.py:183} INFO - Processing /opt/airflow/dags/job_etl_dag.py took 0.136 seconds
[2026-05-12T17:31:12.995+0000] {processor.py:161} INFO - Started process (PID=455) to work on /opt/airflow/dags/job_etl_dag.py
[2026-05-12T17:31:12.997+0000] {processor.py:830} INFO - Processing file /opt/airflow/dags/job_etl_dag.py for tasks to queue
[2026-05-12T17:31:13.000+0000] {logging_mixin.py:188} INFO - [2026-05-12T17:31:12.999+0000] {dagbag.py:538} INFO - Filling up the DagBag from /opt/airflow/dags/job_etl_dag.py
[2026-05-12T17:31:13.039+0000] {processor.py:840} INFO - DAG(s) 'job_market_etl' retrieved from /opt/airflow/dags/job_etl_dag.py
[2026-05-12T17:31:13.088+0000] {logging_mixin.py:188} INFO - [2026-05-12T17:31:13.087+0000] {dag.py:3036} INFO - Sync 1 DAGs
[2026-05-12T17:31:13.106+0000] {logging_mixin.py:188} INFO - [2026-05-12T17:31:13.106+0000] {dag.py:3823} INFO - Setting next_dagrun for job_market_etl to None, run_after=None
[2026-05-12T17:31:13.136+0000] {processor.py:183} INFO - Processing /opt/airflow/dags/job_etl_dag.py took 0.146 seconds
[2026-05-12T17:31:43.369+0000] {processor.py:161} INFO - Started process (PID=456) to work on /opt/airflow/dags/job_etl_dag.py
[2026-05-12T17:31:43.371+0000] {processor.py:830} INFO - Processing file /opt/airflow/dags/job_etl_dag.py for tasks to queue
[2026-05-12T17:31:43.374+0000] {logging_mixin.py:188} INFO - [2026-05-12T17:31:43.373+0000] {dagbag.py:538} INFO - Filling up the DagBag from /opt/airflow/dags/job_etl_dag.py
[2026-05-12T17:31:43.412+0000] {processor.py:840} INFO - DAG(s) 'job_market_etl' retrieved from /opt/airflow/dags/job_etl_dag.py
[2026-05-12T17:31:43.457+0000] {logging_mixin.py:188} INFO - [2026-05-12T17:31:43.456+0000] {dag.py:3036} INFO - Sync 1 DAGs
[2026-05-12T17:31:43.473+0000] {logging_mixin.py:188} INFO - [2026-05-12T17:31:43.473+0000] {dag.py:3823} INFO - Setting next_dagrun for job_market_etl to None, run_after=None
[2026-05-12T17:31:43.504+0000] {processor.py:183} INFO - Processing /opt/airflow/dags/job_etl_dag.py took 0.141 seconds
[2026-05-12T17:32:13.631+0000] {processor.py:161} INFO - Started process (PID=457) to work on /opt/airflow/dags/job_etl_dag.py
[2026-05-12T17:32:13.633+0000] {processor.py:830} INFO - Processing file /opt/airflow/dags/job_etl_dag.py for tasks to queue
[2026-05-12T17:32:13.635+0000] {logging_mixin.py:188} INFO - [2026-05-12T17:32:13.635+0000] {dagbag.py:538} INFO - Filling up the DagBag from /opt/airflow/dags/job_etl_dag.py
[2026-05-12T17:32:13.668+0000] {processor.py:840} INFO - DAG(s) 'job_market_etl' retrieved from /opt/airflow/dags/job_etl_dag.py
[2026-05-12T17:32:13.712+0000] {logging_mixin.py:188} INFO - [2026-05-12T17:32:13.711+0000] {dag.py:3036} INFO - Sync 1 DAGs
[2026-05-12T17:32:13.730+0000] {logging_mixin.py:188} INFO - [2026-05-12T17:32:13.730+0000] {dag.py:3823} INFO - Setting next_dagrun for job_market_etl to None, run_after=None
[2026-05-12T17:32:13.768+0000] {processor.py:183} INFO - Processing /opt/airflow/dags/job_etl_dag.py took 0.141 seconds
[2026-05-12T17:32:43.988+0000] {processor.py:161} INFO - Started process (PID=458) to work on /opt/airflow/dags/job_etl_dag.py
[2026-05-12T17:32:43.990+0000] {processor.py:830} INFO - Processing file /opt/airflow/dags/job_etl_dag.py for tasks to queue
[2026-05-12T17:32:43.992+0000] {logging_mixin.py:188} INFO - [2026-05-12T17:32:43.991+0000] {dagbag.py:538} INFO - Filling up the DagBag from /opt/airflow/dags/job_etl_dag.py
[2026-05-12T17:32:44.023+0000] {processor.py:840} INFO - DAG(s) 'job_market_etl' retrieved from /opt/airflow/dags/job_etl_dag.py
[2026-05-12T17:32:44.066+0000] {logging_mixin.py:188} INFO - [2026-05-12T17:32:44.065+0000] {dag.py:3036} INFO - Sync 1 DAGs
[2026-05-12T17:32:44.084+0000] {logging_mixin.py:188} INFO - [2026-05-12T17:32:44.084+0000] {dag.py:3823} INFO - Setting next_dagrun for job_market_etl to None, run_after=None
[2026-05-12T17:32:44.125+0000] {processor.py:183} INFO - Processing /opt/airflow/dags/job_etl_dag.py took 0.142 seconds
[2026-05-12T17:33:14.264+0000] {processor.py:161} INFO - Started process (PID=459) to work on /opt/airflow/dags/job_etl_dag.py
[2026-05-12T17:33:14.266+0000] {processor.py:830} INFO - Processing file /opt/airflow/dags/job_etl_dag.py for tasks to queue
[2026-05-12T17:33:14.268+0000] {logging_mixin.py:188} INFO - [2026-05-12T17:33:14.267+0000] {dagbag.py:538} INFO - Filling up the DagBag from /opt/airflow/dags/job_etl_dag.py
[2026-05-12T17:33:14.300+0000] {processor.py:840} INFO - DAG(s) 'job_market_etl' retrieved from /opt/airflow/dags/job_etl_dag.py
[2026-05-12T17:33:14.348+0000] {logging_mixin.py:188} INFO - [2026-05-12T17:33:14.348+0000] {dag.py:3036} INFO - Sync 1 DAGs
[2026-05-12T17:33:14.365+0000] {logging_mixin.py:188} INFO - [2026-05-12T17:33:14.364+0000] {dag.py:3823} INFO - Setting next_dagrun for job_market_etl to None, run_after=None
[2026-05-12T17:33:14.412+0000] {processor.py:183} INFO - Processing /opt/airflow/dags/job_etl_dag.py took 0.153 seconds
[2026-05-12T17:33:44.627+0000] {processor.py:161} INFO - Started process (PID=460) to work on /opt/airflow/dags/job_etl_dag.py
[2026-05-12T17:33:44.637+0000] {processor.py:830} INFO - Processing file /opt/airflow/dags/job_etl_dag.py for tasks to queue
[2026-05-12T17:33:44.638+0000] {logging_mixin.py:188} INFO - [2026-05-12T17:33:44.638+0000] {dagbag.py:538} INFO - Filling up the DagBag from /opt/airflow/dags/job_etl_dag.py
[2026-05-12T17:33:44.685+0000] {processor.py:840} INFO - DAG(s) 'job_market_etl' retrieved from /opt/airflow/dags/job_etl_dag.py
[2026-05-12T17:33:44.737+0000] {logging_mixin.py:188} INFO - [2026-05-12T17:33:44.737+0000] {dag.py:3036} INFO - Sync 1 DAGs
[2026-05-12T17:33:44.763+0000] {logging_mixin.py:188} INFO - [2026-05-12T17:33:44.762+0000] {dag.py:3823} INFO - Setting next_dagrun for job_market_etl to None, run_after=None
[2026-05-12T17:33:44.796+0000] {processor.py:183} INFO - Processing /opt/airflow/dags/job_etl_dag.py took 0.174 seconds
[2026-05-12T17:34:14.928+0000] {processor.py:161} INFO - Started process (PID=461) to work on /opt/airflow/dags/job_etl_dag.py
[2026-05-12T17:34:14.930+0000] {processor.py:830} INFO - Processing file /opt/airflow/dags/job_etl_dag.py for tasks to queue
[2026-05-12T17:34:14.931+0000] {logging_mixin.py:188} INFO - [2026-05-12T17:34:14.931+0000] {dagbag.py:538} INFO - Filling up the DagBag from /opt/airflow/dags/job_etl_dag.py
[2026-05-12T17:34:14.960+0000] {processor.py:840} INFO - DAG(s) 'job_market_etl' retrieved from /opt/airflow/dags/job_etl_dag.py
[2026-05-12T17:34:15.006+0000] {logging_mixin.py:188} INFO - [2026-05-12T17:34:15.006+0000] {dag.py:3036} INFO - Sync 1 DAGs
[2026-05-12T17:34:15.025+0000] {logging_mixin.py:188} INFO - [2026-05-12T17:34:15.025+0000] {dag.py:3823} INFO - Setting next_dagrun for job_market_etl to None, run_after=None
[2026-05-12T17:34:15.057+0000] {processor.py:183} INFO - Processing /opt/airflow/dags/job_etl_dag.py took 0.134 seconds
[2026-05-12T17:34:45.296+0000] {processor.py:161} INFO - Started process (PID=462) to work on /opt/airflow/dags/job_etl_dag.py
[2026-05-12T17:34:45.298+0000] {processor.py:830} INFO - Processing file /opt/airflow/dags/job_etl_dag.py for tasks to queue
[2026-05-12T17:34:45.299+0000] {logging_mixin.py:188} INFO - [2026-05-12T17:34:45.299+0000] {dagbag.py:538} INFO - Filling up the DagBag from /opt/airflow/dags/job_etl_dag.py
[2026-05-12T17:34:45.327+0000] {processor.py:840} INFO - DAG(s) 'job_market_etl' retrieved from /opt/airflow/dags/job_etl_dag.py
[2026-05-12T17:34:45.374+0000] {logging_mixin.py:188} INFO - [2026-05-12T17:34:45.374+0000] {dag.py:3036} INFO - Sync 1 DAGs
[2026-05-12T17:34:45.390+0000] {logging_mixin.py:188} INFO - [2026-05-12T17:34:45.390+0000] {dag.py:3823} INFO - Setting next_dagrun for job_market_etl to None, run_after=None
[2026-05-12T17:34:45.440+0000] {processor.py:183} INFO - Processing /opt/airflow/dags/job_etl_dag.py took 0.148 seconds
[2026-05-12T17:35:15.558+0000] {processor.py:161} INFO - Started process (PID=463) to work on /opt/airflow/dags/job_etl_dag.py
[2026-05-12T17:35:15.559+0000] {processor.py:830} INFO - Processing file /opt/airflow/dags/job_etl_dag.py for tasks to queue
[2026-05-12T17:35:15.562+0000] {logging_mixin.py:188} INFO - [2026-05-12T17:35:15.561+0000] {dagbag.py:538} INFO - Filling up the DagBag from /opt/airflow/dags/job_etl_dag.py
[2026-05-12T17:35:15.597+0000] {processor.py:840} INFO - DAG(s) 'job_market_etl' retrieved from /opt/airflow/dags/job_etl_dag.py
[2026-05-12T17:35:15.646+0000] {logging_mixin.py:188} INFO - [2026-05-12T17:35:15.646+0000] {dag.py:3036} INFO - Sync 1 DAGs
[2026-05-12T17:35:15.662+0000] {logging_mixin.py:188} INFO - [2026-05-12T17:35:15.662+0000] {dag.py:3823} INFO - Setting next_dagrun for job_market_etl to None, run_after=None
[2026-05-12T17:35:15.707+0000] {processor.py:183} INFO - Processing /opt/airflow/dags/job_etl_dag.py took 0.154 seconds
[2026-05-12T17:35:45.987+0000] {processor.py:161} INFO - Started process (PID=464) to work on /opt/airflow/dags/job_etl_dag.py
[2026-05-12T17:35:45.988+0000] {processor.py:830} INFO - Processing file /opt/airflow/dags/job_etl_dag.py for tasks to queue
[2026-05-12T17:35:45.990+0000] {logging_mixin.py:188} INFO - [2026-05-12T17:35:45.989+0000] {dagbag.py:538} INFO - Filling up the DagBag from /opt/airflow/dags/job_etl_dag.py
[2026-05-12T17:35:46.020+0000] {processor.py:840} INFO - DAG(s) 'job_market_etl' retrieved from /opt/airflow/dags/job_etl_dag.py
[2026-05-12T17:35:46.064+0000] {logging_mixin.py:188} INFO - [2026-05-12T17:35:46.063+0000] {dag.py:3036} INFO - Sync 1 DAGs
[2026-05-12T17:35:46.091+0000] {logging_mixin.py:188} INFO - [2026-05-12T17:35:46.091+0000] {dag.py:3823} INFO - Setting next_dagrun for job_market_etl to None, run_after=None
[2026-05-12T17:35:46.144+0000] {processor.py:183} INFO - Processing /opt/airflow/dags/job_etl_dag.py took 0.161 seconds
[2026-05-12T17:36:16.240+0000] {processor.py:161} INFO - Started process (PID=465) to work on /opt/airflow/dags/job_etl_dag.py
[2026-05-12T17:36:16.242+0000] {processor.py:830} INFO - Processing file /opt/airflow/dags/job_etl_dag.py for tasks to queue
[2026-05-12T17:36:16.243+0000] {logging_mixin.py:188} INFO - [2026-05-12T17:36:16.243+0000] {dagbag.py:538} INFO - Filling up the DagBag from /opt/airflow/dags/job_etl_dag.py
[2026-05-12T17:36:16.276+0000] {processor.py:840} INFO - DAG(s) 'job_market_etl' retrieved from /opt/airflow/dags/job_etl_dag.py
[2026-05-12T17:36:16.330+0000] {logging_mixin.py:188} INFO - [2026-05-12T17:36:16.329+0000] {dag.py:3036} INFO - Sync 1 DAGs
[2026-05-12T17:36:16.349+0000] {logging_mixin.py:188} INFO - [2026-05-12T17:36:16.349+0000] {dag.py:3823} INFO - Setting next_dagrun for job_market_etl to None, run_after=None
[2026-05-12T17:36:16.391+0000] {processor.py:183} INFO - Processing /opt/airflow/dags/job_etl_dag.py took 0.156 seconds
[2026-05-12T17:36:46.663+0000] {processor.py:161} INFO - Started process (PID=466) to work on /opt/airflow/dags/job_etl_dag.py
[2026-05-12T17:36:46.665+0000] {processor.py:830} INFO - Processing file /opt/airflow/dags/job_etl_dag.py for tasks to queue
[2026-05-12T17:36:46.667+0000] {logging_mixin.py:188} INFO - [2026-05-12T17:36:46.666+0000] {dagbag.py:538} INFO - Filling up the DagBag from /opt/airflow/dags/job_etl_dag.py
[2026-05-12T17:36:46.702+0000] {processor.py:840} INFO - DAG(s) 'job_market_etl' retrieved from /opt/airflow/dags/job_etl_dag.py
[2026-05-12T17:36:46.756+0000] {logging_mixin.py:188} INFO - [2026-05-12T17:36:46.756+0000] {dag.py:3036} INFO - Sync 1 DAGs
[2026-05-12T17:36:46.774+0000] {logging_mixin.py:188} INFO - [2026-05-12T17:36:46.774+0000] {dag.py:3823} INFO - Setting next_dagrun for job_market_etl to None, run_after=None
[2026-05-12T17:36:46.821+0000] {processor.py:183} INFO - Processing /opt/airflow/dags/job_etl_dag.py took 0.164 seconds
[2026-05-12T17:37:16.927+0000] {processor.py:161} INFO - Started process (PID=467) to work on /opt/airflow/dags/job_etl_dag.py
[2026-05-12T17:37:16.929+0000] {processor.py:830} INFO - Processing file /opt/airflow/dags/job_etl_dag.py for tasks to queue
[2026-05-12T17:37:16.932+0000] {logging_mixin.py:188} INFO - [2026-05-12T17:37:16.931+0000] {dagbag.py:538} INFO - Filling up the DagBag from /opt/airflow/dags/job_etl_dag.py
[2026-05-12T17:37:16.969+0000] {processor.py:840} INFO - DAG(s) 'job_market_etl' retrieved from /opt/airflow/dags/job_etl_dag.py
[2026-05-12T17:37:17.016+0000] {logging_mixin.py:188} INFO - [2026-05-12T17:37:17.016+0000] {dag.py:3036} INFO - Sync 1 DAGs
[2026-05-12T17:37:17.033+0000] {logging_mixin.py:188} INFO - [2026-05-12T17:37:17.032+0000] {dag.py:3823} INFO - Setting next_dagrun for job_market_etl to None, run_after=None
[2026-05-12T17:37:17.077+0000] {processor.py:183} INFO - Processing /opt/airflow/dags/job_etl_dag.py took 0.157 seconds
[2026-05-12T17:37:47.344+0000] {processor.py:161} INFO - Started process (PID=468) to work on /opt/airflow/dags/job_etl_dag.py
[2026-05-12T17:37:47.346+0000] {processor.py:830} INFO - Processing file /opt/airflow/dags/job_etl_dag.py for tasks to queue
[2026-05-12T17:37:47.347+0000] {logging_mixin.py:188} INFO - [2026-05-12T17:37:47.347+0000] {dagbag.py:538} INFO - Filling up the DagBag from /opt/airflow/dags/job_etl_dag.py
[2026-05-12T17:37:47.379+0000] {processor.py:840} INFO - DAG(s) 'job_market_etl' retrieved from /opt/airflow/dags/job_etl_dag.py
[2026-05-12T17:37:47.429+0000] {logging_mixin.py:188} INFO - [2026-05-12T17:37:47.429+0000] {dag.py:3036} INFO - Sync 1 DAGs
[2026-05-12T17:37:47.449+0000] {logging_mixin.py:188} INFO - [2026-05-12T17:37:47.448+0000] {dag.py:3823} INFO - Setting next_dagrun for job_market_etl to None, run_after=None
[2026-05-12T17:37:47.480+0000] {processor.py:183} INFO - Processing /opt/airflow/dags/job_etl_dag.py took 0.141 seconds
[2026-05-12T17:38:17.623+0000] {processor.py:161} INFO - Started process (PID=469) to work on /opt/airflow/dags/job_etl_dag.py
[2026-05-12T17:38:17.625+0000] {processor.py:830} INFO - Processing file /opt/airflow/dags/job_etl_dag.py for tasks to queue
[2026-05-12T17:38:17.627+0000] {logging_mixin.py:188} INFO - [2026-05-12T17:38:17.626+0000] {dagbag.py:538} INFO - Filling up the DagBag from /opt/airflow/dags/job_etl_dag.py
[2026-05-12T17:38:17.659+0000] {processor.py:840} INFO - DAG(s) 'job_market_etl' retrieved from /opt/airflow/dags/job_etl_dag.py
[2026-05-12T17:38:17.708+0000] {logging_mixin.py:188} INFO - [2026-05-12T17:38:17.707+0000] {dag.py:3036} INFO - Sync 1 DAGs
[2026-05-12T17:38:17.731+0000] {logging_mixin.py:188} INFO - [2026-05-12T17:38:17.731+0000] {dag.py:3823} INFO - Setting next_dagrun for job_market_etl to None, run_after=None
[2026-05-12T17:38:17.770+0000] {processor.py:183} INFO - Processing /opt/airflow/dags/job_etl_dag.py took 0.155 seconds
[2026-05-12T17:38:47.999+0000] {processor.py:161} INFO - Started process (PID=470) to work on /opt/airflow/dags/job_etl_dag.py
[2026-05-12T17:38:48.001+0000] {processor.py:830} INFO - Processing file /opt/airflow/dags/job_etl_dag.py for tasks to queue
[2026-05-12T17:38:48.004+0000] {logging_mixin.py:188} INFO - [2026-05-12T17:38:48.003+0000] {dagbag.py:538} INFO - Filling up the DagBag from /opt/airflow/dags/job_etl_dag.py
[2026-05-12T17:38:48.035+0000] {processor.py:840} INFO - DAG(s) 'job_market_etl' retrieved from /opt/airflow/dags/job_etl_dag.py
[2026-05-12T17:38:48.083+0000] {logging_mixin.py:188} INFO - [2026-05-12T17:38:48.082+0000] {dag.py:3036} INFO - Sync 1 DAGs
[2026-05-12T17:38:48.100+0000] {logging_mixin.py:188} INFO - [2026-05-12T17:38:48.099+0000] {dag.py:3823} INFO - Setting next_dagrun for job_market_etl to None, run_after=None
[2026-05-12T17:38:48.145+0000] {processor.py:183} INFO - Processing /opt/airflow/dags/job_etl_dag.py took 0.151 seconds
[2026-05-12T17:39:18.260+0000] {processor.py:161} INFO - Started process (PID=471) to work on /opt/airflow/dags/job_etl_dag.py
[2026-05-12T17:39:18.263+0000] {processor.py:830} INFO - Processing file /opt/airflow/dags/job_etl_dag.py for tasks to queue
[2026-05-12T17:39:18.264+0000] {logging_mixin.py:188} INFO - [2026-05-12T17:39:18.264+0000] {dagbag.py:538} INFO - Filling up the DagBag from /opt/airflow/dags/job_etl_dag.py
[2026-05-12T17:39:18.299+0000] {processor.py:840} INFO - DAG(s) 'job_market_etl' retrieved from /opt/airflow/dags/job_etl_dag.py
[2026-05-12T17:39:18.347+0000] {logging_mixin.py:188} INFO - [2026-05-12T17:39:18.347+0000] {dag.py:3036} INFO - Sync 1 DAGs
[2026-05-12T17:39:18.363+0000] {logging_mixin.py:188} INFO - [2026-05-12T17:39:18.363+0000] {dag.py:3823} INFO - Setting next_dagrun for job_market_etl to None, run_after=None
[2026-05-12T17:39:18.412+0000] {processor.py:183} INFO - Processing /opt/airflow/dags/job_etl_dag.py took 0.157 seconds
[2026-05-12T17:39:48.661+0000] {processor.py:161} INFO - Started process (PID=472) to work on /opt/airflow/dags/job_etl_dag.py
[2026-05-12T17:39:48.663+0000] {processor.py:830} INFO - Processing file /opt/airflow/dags/job_etl_dag.py for tasks to queue
[2026-05-12T17:39:48.665+0000] {logging_mixin.py:188} INFO - [2026-05-12T17:39:48.665+0000] {dagbag.py:538} INFO - Filling up the DagBag from /opt/airflow/dags/job_etl_dag.py
[2026-05-12T17:39:48.697+0000] {processor.py:840} INFO - DAG(s) 'job_market_etl' retrieved from /opt/airflow/dags/job_etl_dag.py
[2026-05-12T17:39:48.741+0000] {logging_mixin.py:188} INFO - [2026-05-12T17:39:48.741+0000] {dag.py:3036} INFO - Sync 1 DAGs
[2026-05-12T17:39:48.760+0000] {logging_mixin.py:188} INFO - [2026-05-12T17:39:48.760+0000] {dag.py:3823} INFO - Setting next_dagrun for job_market_etl to None, run_after=None
[2026-05-12T17:39:48.793+0000] {processor.py:183} INFO - Processing /opt/airflow/dags/job_etl_dag.py took 0.136 seconds
[2026-05-12T17:40:18.894+0000] {processor.py:161} INFO - Started process (PID=473) to work on /opt/airflow/dags/job_etl_dag.py
[2026-05-12T17:40:18.895+0000] {processor.py:830} INFO - Processing file /opt/airflow/dags/job_etl_dag.py for tasks to queue
[2026-05-12T17:40:18.897+0000] {logging_mixin.py:188} INFO - [2026-05-12T17:40:18.896+0000] {dagbag.py:538} INFO - Filling up the DagBag from /opt/airflow/dags/job_etl_dag.py
[2026-05-12T17:40:18.927+0000] {processor.py:840} INFO - DAG(s) 'job_market_etl' retrieved from /opt/airflow/dags/job_etl_dag.py
[2026-05-12T17:40:18.976+0000] {logging_mixin.py:188} INFO - [2026-05-12T17:40:18.976+0000] {dag.py:3036} INFO - Sync 1 DAGs
[2026-05-12T17:40:18.993+0000] {logging_mixin.py:188} INFO - [2026-05-12T17:40:18.992+0000] {dag.py:3823} INFO - Setting next_dagrun for job_market_etl to None, run_after=None
[2026-05-12T17:40:19.024+0000] {processor.py:183} INFO - Processing /opt/airflow/dags/job_etl_dag.py took 0.135 seconds
[2026-05-12T17:40:49.333+0000] {processor.py:161} INFO - Started process (PID=474) to work on /opt/airflow/dags/job_etl_dag.py
[2026-05-12T17:40:49.334+0000] {processor.py:830} INFO - Processing file /opt/airflow/dags/job_etl_dag.py for tasks to queue
[2026-05-12T17:40:49.336+0000] {logging_mixin.py:188} INFO - [2026-05-12T17:40:49.336+0000] {dagbag.py:538} INFO - Filling up the DagBag from /opt/airflow/dags/job_etl_dag.py
[2026-05-12T17:40:49.367+0000] {processor.py:840} INFO - DAG(s) 'job_market_etl' retrieved from /opt/airflow/dags/job_etl_dag.py
[2026-05-12T17:40:49.413+0000] {logging_mixin.py:188} INFO - [2026-05-12T17:40:49.413+0000] {dag.py:3036} INFO - Sync 1 DAGs
[2026-05-12T17:40:49.429+0000] {logging_mixin.py:188} INFO - [2026-05-12T17:40:49.429+0000] {dag.py:3823} INFO - Setting next_dagrun for job_market_etl to None, run_after=None
[2026-05-12T17:40:49.473+0000] {processor.py:183} INFO - Processing /opt/airflow/dags/job_etl_dag.py took 0.145 seconds
[2026-05-12T17:41:19.621+0000] {processor.py:161} INFO - Started process (PID=475) to work on /opt/airflow/dags/job_etl_dag.py
[2026-05-12T17:41:19.623+0000] {processor.py:830} INFO - Processing file /opt/airflow/dags/job_etl_dag.py for tasks to queue
[2026-05-12T17:41:19.626+0000] {logging_mixin.py:188} INFO - [2026-05-12T17:41:19.625+0000] {dagbag.py:538} INFO - Filling up the DagBag from /opt/airflow/dags/job_etl_dag.py
[2026-05-12T17:41:19.658+0000] {processor.py:840} INFO - DAG(s) 'job_market_etl' retrieved from /opt/airflow/dags/job_etl_dag.py
[2026-05-12T17:41:19.705+0000] {logging_mixin.py:188} INFO - [2026-05-12T17:41:19.705+0000] {dag.py:3036} INFO - Sync 1 DAGs
[2026-05-12T17:41:19.723+0000] {logging_mixin.py:188} INFO - [2026-05-12T17:41:19.723+0000] {dag.py:3823} INFO - Setting next_dagrun for job_market_etl to None, run_after=None
[2026-05-12T17:41:19.754+0000] {processor.py:183} INFO - Processing /opt/airflow/dags/job_etl_dag.py took 0.138 seconds
[2026-05-12T17:41:49.967+0000] {processor.py:161} INFO - Started process (PID=476) to work on /opt/airflow/dags/job_etl_dag.py
[2026-05-12T17:41:49.969+0000] {processor.py:830} INFO - Processing file /opt/airflow/dags/job_etl_dag.py for tasks to queue
[2026-05-12T17:41:49.972+0000] {logging_mixin.py:188} INFO - [2026-05-12T17:41:49.971+0000] {dagbag.py:538} INFO - Filling up the DagBag from /opt/airflow/dags/job_etl_dag.py
[2026-05-12T17:41:50.000+0000] {processor.py:840} INFO - DAG(s) 'job_market_etl' retrieved from /opt/airflow/dags/job_etl_dag.py
[2026-05-12T17:41:50.059+0000] {logging_mixin.py:188} INFO - [2026-05-12T17:41:50.059+0000] {dag.py:3036} INFO - Sync 1 DAGs
[2026-05-12T17:41:50.076+0000] {logging_mixin.py:188} INFO - [2026-05-12T17:41:50.076+0000] {dag.py:3823} INFO - Setting next_dagrun for job_market_etl to None, run_after=None
[2026-05-12T17:41:50.110+0000] {processor.py:183} INFO - Processing /opt/airflow/dags/job_etl_dag.py took 0.149 seconds
[2026-05-12T17:42:20.241+0000] {processor.py:161} INFO - Started process (PID=477) to work on /opt/airflow/dags/job_etl_dag.py
[2026-05-12T17:42:20.244+0000] {processor.py:830} INFO - Processing file /opt/airflow/dags/job_etl_dag.py for tasks to queue
[2026-05-12T17:42:20.246+0000] {logging_mixin.py:188} INFO - [2026-05-12T17:42:20.246+0000] {dagbag.py:538} INFO - Filling up the DagBag from /opt/airflow/dags/job_etl_dag.py
[2026-05-12T17:42:20.279+0000] {processor.py:840} INFO - DAG(s) 'job_market_etl' retrieved from /opt/airflow/dags/job_etl_dag.py
[2026-05-12T17:42:20.329+0000] {logging_mixin.py:188} INFO - [2026-05-12T17:42:20.329+0000] {dag.py:3036} INFO - Sync 1 DAGs
[2026-05-12T17:42:20.347+0000] {logging_mixin.py:188} INFO - [2026-05-12T17:42:20.347+0000] {dag.py:3823} INFO - Setting next_dagrun for job_market_etl to None, run_after=None
[2026-05-12T17:42:20.381+0000] {processor.py:183} INFO - Processing /opt/airflow/dags/job_etl_dag.py took 0.145 seconds
[2026-05-12T17:42:50.618+0000] {processor.py:161} INFO - Started process (PID=478) to work on /opt/airflow/dags/job_etl_dag.py
[2026-05-12T17:42:50.620+0000] {processor.py:830} INFO - Processing file /opt/airflow/dags/job_etl_dag.py for tasks to queue
[2026-05-12T17:42:50.621+0000] {logging_mixin.py:188} INFO - [2026-05-12T17:42:50.621+0000] {dagbag.py:538} INFO - Filling up the DagBag from /opt/airflow/dags/job_etl_dag.py
[2026-05-12T17:42:50.656+0000] {processor.py:840} INFO - DAG(s) 'job_market_etl' retrieved from /opt/airflow/dags/job_etl_dag.py
[2026-05-12T17:42:50.703+0000] {logging_mixin.py:188} INFO - [2026-05-12T17:42:50.703+0000] {dag.py:3036} INFO - Sync 1 DAGs
[2026-05-12T17:42:50.722+0000] {logging_mixin.py:188} INFO - [2026-05-12T17:42:50.722+0000] {dag.py:3823} INFO - Setting next_dagrun for job_market_etl to None, run_after=None
[2026-05-12T17:42:50.751+0000] {processor.py:183} INFO - Processing /opt/airflow/dags/job_etl_dag.py took 0.137 seconds
[2026-05-12T17:43:20.866+0000] {processor.py:161} INFO - Started process (PID=479) to work on /opt/airflow/dags/job_etl_dag.py
[2026-05-12T17:43:20.868+0000] {processor.py:830} INFO - Processing file /opt/airflow/dags/job_etl_dag.py for tasks to queue
[2026-05-12T17:43:20.870+0000] {logging_mixin.py:188} INFO - [2026-05-12T17:43:20.870+0000] {dagbag.py:538} INFO - Filling up the DagBag from /opt/airflow/dags/job_etl_dag.py
[2026-05-12T17:43:20.904+0000] {processor.py:840} INFO - DAG(s) 'job_market_etl' retrieved from /opt/airflow/dags/job_etl_dag.py
[2026-05-12T17:43:20.952+0000] {logging_mixin.py:188} INFO - [2026-05-12T17:43:20.952+0000] {dag.py:3036} INFO - Sync 1 DAGs
[2026-05-12T17:43:20.969+0000] {logging_mixin.py:188} INFO - [2026-05-12T17:43:20.969+0000] {dag.py:3823} INFO - Setting next_dagrun for job_market_etl to None, run_after=None
[2026-05-12T17:43:20.999+0000] {processor.py:183} INFO - Processing /opt/airflow/dags/job_etl_dag.py took 0.138 seconds
[2026-05-12T17:43:51.251+0000] {processor.py:161} INFO - Started process (PID=480) to work on /opt/airflow/dags/job_etl_dag.py
[2026-05-12T17:43:51.253+0000] {processor.py:830} INFO - Processing file /opt/airflow/dags/job_etl_dag.py for tasks to queue
[2026-05-12T17:43:51.255+0000] {logging_mixin.py:188} INFO - [2026-05-12T17:43:51.254+0000] {dagbag.py:538} INFO - Filling up the DagBag from /opt/airflow/dags/job_etl_dag.py
[2026-05-12T17:43:51.285+0000] {processor.py:840} INFO - DAG(s) 'job_market_etl' retrieved from /opt/airflow/dags/job_etl_dag.py
[2026-05-12T17:43:51.331+0000] {logging_mixin.py:188} INFO - [2026-05-12T17:43:51.330+0000] {dag.py:3036} INFO - Sync 1 DAGs
[2026-05-12T17:43:51.348+0000] {logging_mixin.py:188} INFO - [2026-05-12T17:43:51.348+0000] {dag.py:3823} INFO - Setting next_dagrun for job_market_etl to None, run_after=None
[2026-05-12T17:43:51.396+0000] {processor.py:183} INFO - Processing /opt/airflow/dags/job_etl_dag.py took 0.149 seconds
[2026-05-12T17:44:21.508+0000] {processor.py:161} INFO - Started process (PID=481) to work on /opt/airflow/dags/job_etl_dag.py
[2026-05-12T17:44:21.510+0000] {processor.py:830} INFO - Processing file /opt/airflow/dags/job_etl_dag.py for tasks to queue
[2026-05-12T17:44:21.514+0000] {logging_mixin.py:188} INFO - [2026-05-12T17:44:21.513+0000] {dagbag.py:538} INFO - Filling up the DagBag from /opt/airflow/dags/job_etl_dag.py
[2026-05-12T17:44:21.548+0000] {processor.py:840} INFO - DAG(s) 'job_market_etl' retrieved from /opt/airflow/dags/job_etl_dag.py
[2026-05-12T17:44:21.595+0000] {logging_mixin.py:188} INFO - [2026-05-12T17:44:21.595+0000] {dag.py:3036} INFO - Sync 1 DAGs
[2026-05-12T17:44:21.612+0000] {logging_mixin.py:188} INFO - [2026-05-12T17:44:21.612+0000] {dag.py:3823} INFO - Setting next_dagrun for job_market_etl to None, run_after=None
[2026-05-12T17:44:21.652+0000] {processor.py:183} INFO - Processing /opt/airflow/dags/job_etl_dag.py took 0.148 seconds
[2026-05-12T17:44:51.897+0000] {processor.py:161} INFO - Started process (PID=482) to work on /opt/airflow/dags/job_etl_dag.py
[2026-05-12T17:44:51.899+0000] {processor.py:830} INFO - Processing file /opt/airflow/dags/job_etl_dag.py for tasks to queue
[2026-05-12T17:44:51.901+0000] {logging_mixin.py:188} INFO - [2026-05-12T17:44:51.900+0000] {dagbag.py:538} INFO - Filling up the DagBag from /opt/airflow/dags/job_etl_dag.py
[2026-05-12T17:44:51.935+0000] {processor.py:840} INFO - DAG(s) 'job_market_etl' retrieved from /opt/airflow/dags/job_etl_dag.py
[2026-05-12T17:44:51.981+0000] {logging_mixin.py:188} INFO - [2026-05-12T17:44:51.981+0000] {dag.py:3036} INFO - Sync 1 DAGs
[2026-05-12T17:44:52.003+0000] {logging_mixin.py:188} INFO - [2026-05-12T17:44:52.002+0000] {dag.py:3823} INFO - Setting next_dagrun for job_market_etl to None, run_after=None
[2026-05-12T17:44:52.037+0000] {processor.py:183} INFO - Processing /opt/airflow/dags/job_etl_dag.py took 0.144 seconds
[2026-05-12T17:45:22.158+0000] {processor.py:161} INFO - Started process (PID=483) to work on /opt/airflow/dags/job_etl_dag.py
[2026-05-12T17:45:22.160+0000] {processor.py:830} INFO - Processing file /opt/airflow/dags/job_etl_dag.py for tasks to queue
[2026-05-12T17:45:22.161+0000] {logging_mixin.py:188} INFO - [2026-05-12T17:45:22.161+0000] {dagbag.py:538} INFO - Filling up the DagBag from /opt/airflow/dags/job_etl_dag.py
[2026-05-12T17:45:22.193+0000] {processor.py:840} INFO - DAG(s) 'job_market_etl' retrieved from /opt/airflow/dags/job_etl_dag.py
[2026-05-12T17:45:22.240+0000] {logging_mixin.py:188} INFO - [2026-05-12T17:45:22.239+0000] {dag.py:3036} INFO - Sync 1 DAGs
[2026-05-12T17:45:22.258+0000] {logging_mixin.py:188} INFO - [2026-05-12T17:45:22.258+0000] {dag.py:3823} INFO - Setting next_dagrun for job_market_etl to None, run_after=None
[2026-05-12T17:45:22.305+0000] {processor.py:183} INFO - Processing /opt/airflow/dags/job_etl_dag.py took 0.152 seconds
[2026-05-12T17:45:52.571+0000] {processor.py:161} INFO - Started process (PID=484) to work on /opt/airflow/dags/job_etl_dag.py
[2026-05-12T17:45:52.573+0000] {processor.py:830} INFO - Processing file /opt/airflow/dags/job_etl_dag.py for tasks to queue
[2026-05-12T17:45:52.575+0000] {logging_mixin.py:188} INFO - [2026-05-12T17:45:52.574+0000] {dagbag.py:538} INFO - Filling up the DagBag from /opt/airflow/dags/job_etl_dag.py
[2026-05-12T17:45:52.611+0000] {processor.py:840} INFO - DAG(s) 'job_market_etl' retrieved from /opt/airflow/dags/job_etl_dag.py
[2026-05-12T17:45:52.658+0000] {logging_mixin.py:188} INFO - [2026-05-12T17:45:52.658+0000] {dag.py:3036} INFO - Sync 1 DAGs
[2026-05-12T17:45:52.677+0000] {logging_mixin.py:188} INFO - [2026-05-12T17:45:52.677+0000] {dag.py:3823} INFO - Setting next_dagrun for job_market_etl to None, run_after=None
[2026-05-12T17:45:52.727+0000] {processor.py:183} INFO - Processing /opt/airflow/dags/job_etl_dag.py took 0.161 seconds
[2026-05-12T17:46:22.821+0000] {processor.py:161} INFO - Started process (PID=485) to work on /opt/airflow/dags/job_etl_dag.py
[2026-05-12T17:46:22.823+0000] {processor.py:830} INFO - Processing file /opt/airflow/dags/job_etl_dag.py for tasks to queue
[2026-05-12T17:46:22.825+0000] {logging_mixin.py:188} INFO - [2026-05-12T17:46:22.824+0000] {dagbag.py:538} INFO - Filling up the DagBag from /opt/airflow/dags/job_etl_dag.py
[2026-05-12T17:46:22.857+0000] {processor.py:840} INFO - DAG(s) 'job_market_etl' retrieved from /opt/airflow/dags/job_etl_dag.py
[2026-05-12T17:46:22.906+0000] {logging_mixin.py:188} INFO - [2026-05-12T17:46:22.905+0000] {dag.py:3036} INFO - Sync 1 DAGs
[2026-05-12T17:46:22.923+0000] {logging_mixin.py:188} INFO - [2026-05-12T17:46:22.923+0000] {dag.py:3823} INFO - Setting next_dagrun for job_market_etl to None, run_after=None
[2026-05-12T17:46:22.966+0000] {processor.py:183} INFO - Processing /opt/airflow/dags/job_etl_dag.py took 0.150 seconds
[2026-05-12T17:46:53.215+0000] {processor.py:161} INFO - Started process (PID=486) to work on /opt/airflow/dags/job_etl_dag.py
[2026-05-12T17:46:53.217+0000] {processor.py:830} INFO - Processing file /opt/airflow/dags/job_etl_dag.py for tasks to queue
[2026-05-12T17:46:53.219+0000] {logging_mixin.py:188} INFO - [2026-05-12T17:46:53.219+0000] {dagbag.py:538} INFO - Filling up the DagBag from /opt/airflow/dags/job_etl_dag.py
[2026-05-12T17:46:53.251+0000] {processor.py:840} INFO - DAG(s) 'job_market_etl' retrieved from /opt/airflow/dags/job_etl_dag.py
[2026-05-12T17:46:53.293+0000] {logging_mixin.py:188} INFO - [2026-05-12T17:46:53.293+0000] {dag.py:3036} INFO - Sync 1 DAGs
[2026-05-12T17:46:53.310+0000] {logging_mixin.py:188} INFO - [2026-05-12T17:46:53.310+0000] {dag.py:3823} INFO - Setting next_dagrun for job_market_etl to None, run_after=None
[2026-05-12T17:46:53.340+0000] {processor.py:183} INFO - Processing /opt/airflow/dags/job_etl_dag.py took 0.129 seconds
[2026-05-12T17:47:23.469+0000] {processor.py:161} INFO - Started process (PID=487) to work on /opt/airflow/dags/job_etl_dag.py
[2026-05-12T17:47:23.471+0000] {processor.py:830} INFO - Processing file /opt/airflow/dags/job_etl_dag.py for tasks to queue
[2026-05-12T17:47:23.474+0000] {logging_mixin.py:188} INFO - [2026-05-12T17:47:23.474+0000] {dagbag.py:538} INFO - Filling up the DagBag from /opt/airflow/dags/job_etl_dag.py
[2026-05-12T17:47:23.509+0000] {processor.py:840} INFO - DAG(s) 'job_market_etl' retrieved from /opt/airflow/dags/job_etl_dag.py
[2026-05-12T17:47:23.556+0000] {logging_mixin.py:188} INFO - [2026-05-12T17:47:23.556+0000] {dag.py:3036} INFO - Sync 1 DAGs
[2026-05-12T17:47:23.574+0000] {logging_mixin.py:188} INFO - [2026-05-12T17:47:23.574+0000] {dag.py:3823} INFO - Setting next_dagrun for job_market_etl to None, run_after=None
[2026-05-12T17:47:23.607+0000] {processor.py:183} INFO - Processing /opt/airflow/dags/job_etl_dag.py took 0.143 seconds
[2026-05-12T17:47:53.824+0000] {processor.py:161} INFO - Started process (PID=488) to work on /opt/airflow/dags/job_etl_dag.py
[2026-05-12T17:47:53.827+0000] {processor.py:830} INFO - Processing file /opt/airflow/dags/job_etl_dag.py for tasks to queue
[2026-05-12T17:47:53.829+0000] {logging_mixin.py:188} INFO - [2026-05-12T17:47:53.829+0000] {dagbag.py:538} INFO - Filling up the DagBag from /opt/airflow/dags/job_etl_dag.py
[2026-05-12T17:47:53.860+0000] {processor.py:840} INFO - DAG(s) 'job_market_etl' retrieved from /opt/airflow/dags/job_etl_dag.py
[2026-05-12T17:47:53.907+0000] {logging_mixin.py:188} INFO - [2026-05-12T17:47:53.906+0000] {dag.py:3036} INFO - Sync 1 DAGs
[2026-05-12T17:47:53.924+0000] {logging_mixin.py:188} INFO - [2026-05-12T17:47:53.923+0000] {dag.py:3823} INFO - Setting next_dagrun for job_market_etl to None, run_after=None
[2026-05-12T17:47:53.972+0000] {processor.py:183} INFO - Processing /opt/airflow/dags/job_etl_dag.py took 0.152 seconds
[2026-05-12T17:48:24.094+0000] {processor.py:161} INFO - Started process (PID=489) to work on /opt/airflow/dags/job_etl_dag.py
[2026-05-12T17:48:24.096+0000] {processor.py:830} INFO - Processing file /opt/airflow/dags/job_etl_dag.py for tasks to queue
[2026-05-12T17:48:24.098+0000] {logging_mixin.py:188} INFO - [2026-05-12T17:48:24.097+0000] {dagbag.py:538} INFO - Filling up the DagBag from /opt/airflow/dags/job_etl_dag.py
[2026-05-12T17:48:24.132+0000] {processor.py:840} INFO - DAG(s) 'job_market_etl' retrieved from /opt/airflow/dags/job_etl_dag.py
[2026-05-12T17:48:24.179+0000] {logging_mixin.py:188} INFO - [2026-05-12T17:48:24.179+0000] {dag.py:3036} INFO - Sync 1 DAGs
[2026-05-12T17:48:24.198+0000] {logging_mixin.py:188} INFO - [2026-05-12T17:48:24.198+0000] {dag.py:3823} INFO - Setting next_dagrun for job_market_etl to None, run_after=None
[2026-05-12T17:48:24.232+0000] {processor.py:183} INFO - Processing /opt/airflow/dags/job_etl_dag.py took 0.144 seconds
[2026-05-12T17:48:54.489+0000] {processor.py:161} INFO - Started process (PID=490) to work on /opt/airflow/dags/job_etl_dag.py
[2026-05-12T17:48:54.491+0000] {processor.py:830} INFO - Processing file /opt/airflow/dags/job_etl_dag.py for tasks to queue
[2026-05-12T17:48:54.494+0000] {logging_mixin.py:188} INFO - [2026-05-12T17:48:54.493+0000] {dagbag.py:538} INFO - Filling up the DagBag from /opt/airflow/dags/job_etl_dag.py
[2026-05-12T17:48:54.529+0000] {processor.py:840} INFO - DAG(s) 'job_market_etl' retrieved from /opt/airflow/dags/job_etl_dag.py
[2026-05-12T17:48:54.573+0000] {logging_mixin.py:188} INFO - [2026-05-12T17:48:54.572+0000] {dag.py:3036} INFO - Sync 1 DAGs
[2026-05-12T17:48:54.590+0000] {logging_mixin.py:188} INFO - [2026-05-12T17:48:54.589+0000] {dag.py:3823} INFO - Setting next_dagrun for job_market_etl to None, run_after=None
[2026-05-12T17:48:54.632+0000] {processor.py:183} INFO - Processing /opt/airflow/dags/job_etl_dag.py took 0.149 seconds
[2026-05-12T17:49:24.757+0000] {processor.py:161} INFO - Started process (PID=491) to work on /opt/airflow/dags/job_etl_dag.py
[2026-05-12T17:49:24.759+0000] {processor.py:830} INFO - Processing file /opt/airflow/dags/job_etl_dag.py for tasks to queue
[2026-05-12T17:49:24.761+0000] {logging_mixin.py:188} INFO - [2026-05-12T17:49:24.760+0000] {dagbag.py:538} INFO - Filling up the DagBag from /opt/airflow/dags/job_etl_dag.py
[2026-05-12T17:49:24.801+0000] {processor.py:840} INFO - DAG(s) 'job_market_etl' retrieved from /opt/airflow/dags/job_etl_dag.py
[2026-05-12T17:49:24.850+0000] {logging_mixin.py:188} INFO - [2026-05-12T17:49:24.850+0000] {dag.py:3036} INFO - Sync 1 DAGs
[2026-05-12T17:49:24.868+0000] {logging_mixin.py:188} INFO - [2026-05-12T17:49:24.868+0000] {dag.py:3823} INFO - Setting next_dagrun for job_market_etl to None, run_after=None
[2026-05-12T17:49:24.901+0000] {processor.py:183} INFO - Processing /opt/airflow/dags/job_etl_dag.py took 0.149 seconds
[2026-05-12T17:49:55.167+0000] {processor.py:161} INFO - Started process (PID=492) to work on /opt/airflow/dags/job_etl_dag.py
[2026-05-12T17:49:55.169+0000] {processor.py:830} INFO - Processing file /opt/airflow/dags/job_etl_dag.py for tasks to queue
[2026-05-12T17:49:55.170+0000] {logging_mixin.py:188} INFO - [2026-05-12T17:49:55.170+0000] {dagbag.py:538} INFO - Filling up the DagBag from /opt/airflow/dags/job_etl_dag.py
[2026-05-12T17:49:55.203+0000] {processor.py:840} INFO - DAG(s) 'job_market_etl' retrieved from /opt/airflow/dags/job_etl_dag.py
[2026-05-12T17:49:55.247+0000] {logging_mixin.py:188} INFO - [2026-05-12T17:49:55.247+0000] {dag.py:3036} INFO - Sync 1 DAGs
[2026-05-12T17:49:55.264+0000] {logging_mixin.py:188} INFO - [2026-05-12T17:49:55.264+0000] {dag.py:3823} INFO - Setting next_dagrun for job_market_etl to None, run_after=None
[2026-05-12T17:49:55.315+0000] {processor.py:183} INFO - Processing /opt/airflow/dags/job_etl_dag.py took 0.152 seconds
[2026-05-12T17:50:25.503+0000] {processor.py:161} INFO - Started process (PID=494) to work on /opt/airflow/dags/job_etl_dag.py
[2026-05-12T17:50:25.505+0000] {processor.py:830} INFO - Processing file /opt/airflow/dags/job_etl_dag.py for tasks to queue
[2026-05-12T17:50:25.509+0000] {logging_mixin.py:188} INFO - [2026-05-12T17:50:25.508+0000] {dagbag.py:538} INFO - Filling up the DagBag from /opt/airflow/dags/job_etl_dag.py
[2026-05-12T17:50:25.570+0000] {processor.py:840} INFO - DAG(s) 'job_market_etl' retrieved from /opt/airflow/dags/job_etl_dag.py
[2026-05-12T17:50:25.646+0000] {logging_mixin.py:188} INFO - [2026-05-12T17:50:25.645+0000] {dag.py:3036} INFO - Sync 1 DAGs
[2026-05-12T17:50:25.679+0000] {logging_mixin.py:188} INFO - [2026-05-12T17:50:25.679+0000] {dag.py:3823} INFO - Setting next_dagrun for job_market_etl to None, run_after=None
[2026-05-12T17:50:25.718+0000] {processor.py:183} INFO - Processing /opt/airflow/dags/job_etl_dag.py took 0.236 seconds
[2026-05-12T17:50:55.845+0000] {processor.py:161} INFO - Started process (PID=495) to work on /opt/airflow/dags/job_etl_dag.py
[2026-05-12T17:50:55.847+0000] {processor.py:830} INFO - Processing file /opt/airflow/dags/job_etl_dag.py for tasks to queue
[2026-05-12T17:50:55.850+0000] {logging_mixin.py:188} INFO - [2026-05-12T17:50:55.849+0000] {dagbag.py:538} INFO - Filling up the DagBag from /opt/airflow/dags/job_etl_dag.py
[2026-05-12T17:50:55.885+0000] {processor.py:840} INFO - DAG(s) 'job_market_etl' retrieved from /opt/airflow/dags/job_etl_dag.py
[2026-05-12T17:50:55.982+0000] {logging_mixin.py:188} INFO - [2026-05-12T17:50:55.982+0000] {dag.py:3036} INFO - Sync 1 DAGs
[2026-05-12T17:50:56.000+0000] {logging_mixin.py:188} INFO - [2026-05-12T17:50:56.000+0000] {dag.py:3823} INFO - Setting next_dagrun for job_market_etl to None, run_after=None
[2026-05-12T17:50:56.034+0000] {processor.py:183} INFO - Processing /opt/airflow/dags/job_etl_dag.py took 0.196 seconds
[2026-05-12T17:51:26.235+0000] {processor.py:161} INFO - Started process (PID=496) to work on /opt/airflow/dags/job_etl_dag.py
[2026-05-12T17:51:26.236+0000] {processor.py:830} INFO - Processing file /opt/airflow/dags/job_etl_dag.py for tasks to queue
[2026-05-12T17:51:26.240+0000] {logging_mixin.py:188} INFO - [2026-05-12T17:51:26.239+0000] {dagbag.py:538} INFO - Filling up the DagBag from /opt/airflow/dags/job_etl_dag.py
[2026-05-12T17:51:26.273+0000] {processor.py:840} INFO - DAG(s) 'job_market_etl' retrieved from /opt/airflow/dags/job_etl_dag.py
[2026-05-12T17:51:26.337+0000] {logging_mixin.py:188} INFO - [2026-05-12T17:51:26.336+0000] {dag.py:3036} INFO - Sync 1 DAGs
[2026-05-12T17:51:26.355+0000] {logging_mixin.py:188} INFO - [2026-05-12T17:51:26.355+0000] {dag.py:3823} INFO - Setting next_dagrun for job_market_etl to None, run_after=None
[2026-05-12T17:51:26.391+0000] {processor.py:183} INFO - Processing /opt/airflow/dags/job_etl_dag.py took 0.163 seconds
[2026-05-12T17:51:56.537+0000] {processor.py:161} INFO - Started process (PID=497) to work on /opt/airflow/dags/job_etl_dag.py
[2026-05-12T17:51:56.539+0000] {processor.py:830} INFO - Processing file /opt/airflow/dags/job_etl_dag.py for tasks to queue
[2026-05-12T17:51:56.542+0000] {logging_mixin.py:188} INFO - [2026-05-12T17:51:56.541+0000] {dagbag.py:538} INFO - Filling up the DagBag from /opt/airflow/dags/job_etl_dag.py
[2026-05-12T17:51:56.571+0000] {processor.py:840} INFO - DAG(s) 'job_market_etl' retrieved from /opt/airflow/dags/job_etl_dag.py
[2026-05-12T17:51:56.630+0000] {logging_mixin.py:188} INFO - [2026-05-12T17:51:56.630+0000] {dag.py:3036} INFO - Sync 1 DAGs
[2026-05-12T17:51:56.647+0000] {logging_mixin.py:188} INFO - [2026-05-12T17:51:56.646+0000] {dag.py:3823} INFO - Setting next_dagrun for job_market_etl to None, run_after=None
[2026-05-12T17:51:56.683+0000] {processor.py:183} INFO - Processing /opt/airflow/dags/job_etl_dag.py took 0.151 seconds
[2026-05-12T17:52:26.881+0000] {processor.py:161} INFO - Started process (PID=498) to work on /opt/airflow/dags/job_etl_dag.py
[2026-05-12T17:52:26.883+0000] {processor.py:830} INFO - Processing file /opt/airflow/dags/job_etl_dag.py for tasks to queue
[2026-05-12T17:52:26.885+0000] {logging_mixin.py:188} INFO - [2026-05-12T17:52:26.885+0000] {dagbag.py:538} INFO - Filling up the DagBag from /opt/airflow/dags/job_etl_dag.py
[2026-05-12T17:52:26.915+0000] {processor.py:840} INFO - DAG(s) 'job_market_etl' retrieved from /opt/airflow/dags/job_etl_dag.py
[2026-05-12T17:52:26.962+0000] {logging_mixin.py:188} INFO - [2026-05-12T17:52:26.960+0000] {dag.py:3036} INFO - Sync 1 DAGs
[2026-05-12T17:52:26.980+0000] {logging_mixin.py:188} INFO - [2026-05-12T17:52:26.980+0000] {dag.py:3823} INFO - Setting next_dagrun for job_market_etl to None, run_after=None
[2026-05-12T17:52:27.011+0000] {processor.py:183} INFO - Processing /opt/airflow/dags/job_etl_dag.py took 0.134 seconds
[2026-05-12T17:52:57.185+0000] {processor.py:161} INFO - Started process (PID=499) to work on /opt/airflow/dags/job_etl_dag.py
[2026-05-12T17:52:57.187+0000] {processor.py:830} INFO - Processing file /opt/airflow/dags/job_etl_dag.py for tasks to queue
[2026-05-12T17:52:57.189+0000] {logging_mixin.py:188} INFO - [2026-05-12T17:52:57.189+0000] {dagbag.py:538} INFO - Filling up the DagBag from /opt/airflow/dags/job_etl_dag.py
[2026-05-12T17:52:57.219+0000] {processor.py:840} INFO - DAG(s) 'job_market_etl' retrieved from /opt/airflow/dags/job_etl_dag.py
[2026-05-12T17:52:57.266+0000] {logging_mixin.py:188} INFO - [2026-05-12T17:52:57.266+0000] {dag.py:3036} INFO - Sync 1 DAGs
[2026-05-12T17:52:57.283+0000] {logging_mixin.py:188} INFO - [2026-05-12T17:52:57.283+0000] {dag.py:3823} INFO - Setting next_dagrun for job_market_etl to None, run_after=None
[2026-05-12T17:52:57.329+0000] {processor.py:183} INFO - Processing /opt/airflow/dags/job_etl_dag.py took 0.151 seconds
[2026-05-12T17:53:27.505+0000] {processor.py:161} INFO - Started process (PID=500) to work on /opt/airflow/dags/job_etl_dag.py
[2026-05-12T17:53:27.507+0000] {processor.py:830} INFO - Processing file /opt/airflow/dags/job_etl_dag.py for tasks to queue
[2026-05-12T17:53:27.510+0000] {logging_mixin.py:188} INFO - [2026-05-12T17:53:27.509+0000] {dagbag.py:538} INFO - Filling up the DagBag from /opt/airflow/dags/job_etl_dag.py
[2026-05-12T17:53:27.543+0000] {processor.py:840} INFO - DAG(s) 'job_market_etl' retrieved from /opt/airflow/dags/job_etl_dag.py
[2026-05-12T17:53:27.590+0000] {logging_mixin.py:188} INFO - [2026-05-12T17:53:27.589+0000] {dag.py:3036} INFO - Sync 1 DAGs
[2026-05-12T17:53:27.606+0000] {logging_mixin.py:188} INFO - [2026-05-12T17:53:27.606+0000] {dag.py:3823} INFO - Setting next_dagrun for job_market_etl to None, run_after=None
[2026-05-12T17:53:27.640+0000] {processor.py:183} INFO - Processing /opt/airflow/dags/job_etl_dag.py took 0.141 seconds
[2026-05-12T17:53:57.846+0000] {processor.py:161} INFO - Started process (PID=501) to work on /opt/airflow/dags/job_etl_dag.py
[2026-05-12T17:53:57.848+0000] {processor.py:830} INFO - Processing file /opt/airflow/dags/job_etl_dag.py for tasks to queue
[2026-05-12T17:53:57.850+0000] {logging_mixin.py:188} INFO - [2026-05-12T17:53:57.850+0000] {dagbag.py:538} INFO - Filling up the DagBag from /opt/airflow/dags/job_etl_dag.py
[2026-05-12T17:53:57.883+0000] {processor.py:840} INFO - DAG(s) 'job_market_etl' retrieved from /opt/airflow/dags/job_etl_dag.py
[2026-05-12T17:53:57.929+0000] {logging_mixin.py:188} INFO - [2026-05-12T17:53:57.928+0000] {dag.py:3036} INFO - Sync 1 DAGs
[2026-05-12T17:53:57.945+0000] {logging_mixin.py:188} INFO - [2026-05-12T17:53:57.944+0000] {dag.py:3823} INFO - Setting next_dagrun for job_market_etl to None, run_after=None
[2026-05-12T17:53:57.992+0000] {processor.py:183} INFO - Processing /opt/airflow/dags/job_etl_dag.py took 0.152 seconds
[2026-05-12T17:54:28.142+0000] {processor.py:161} INFO - Started process (PID=502) to work on /opt/airflow/dags/job_etl_dag.py
[2026-05-12T17:54:28.144+0000] {processor.py:830} INFO - Processing file /opt/airflow/dags/job_etl_dag.py for tasks to queue
[2026-05-12T17:54:28.146+0000] {logging_mixin.py:188} INFO - [2026-05-12T17:54:28.146+0000] {dagbag.py:538} INFO - Filling up the DagBag from /opt/airflow/dags/job_etl_dag.py
[2026-05-12T17:54:28.178+0000] {processor.py:840} INFO - DAG(s) 'job_market_etl' retrieved from /opt/airflow/dags/job_etl_dag.py
[2026-05-12T17:54:28.223+0000] {logging_mixin.py:188} INFO - [2026-05-12T17:54:28.223+0000] {dag.py:3036} INFO - Sync 1 DAGs
[2026-05-12T17:54:28.241+0000] {logging_mixin.py:188} INFO - [2026-05-12T17:54:28.241+0000] {dag.py:3823} INFO - Setting next_dagrun for job_market_etl to None, run_after=None
[2026-05-12T17:54:28.290+0000] {processor.py:183} INFO - Processing /opt/airflow/dags/job_etl_dag.py took 0.154 seconds
[2026-05-12T17:54:58.492+0000] {processor.py:161} INFO - Started process (PID=503) to work on /opt/airflow/dags/job_etl_dag.py
[2026-05-12T17:54:58.493+0000] {processor.py:830} INFO - Processing file /opt/airflow/dags/job_etl_dag.py for tasks to queue
[2026-05-12T17:54:58.495+0000] {logging_mixin.py:188} INFO - [2026-05-12T17:54:58.495+0000] {dagbag.py:538} INFO - Filling up the DagBag from /opt/airflow/dags/job_etl_dag.py
[2026-05-12T17:54:58.524+0000] {processor.py:840} INFO - DAG(s) 'job_market_etl' retrieved from /opt/airflow/dags/job_etl_dag.py
[2026-05-12T17:54:58.569+0000] {logging_mixin.py:188} INFO - [2026-05-12T17:54:58.569+0000] {dag.py:3036} INFO - Sync 1 DAGs
[2026-05-12T17:54:58.586+0000] {logging_mixin.py:188} INFO - [2026-05-12T17:54:58.585+0000] {dag.py:3823} INFO - Setting next_dagrun for job_market_etl to None, run_after=None
[2026-05-12T17:54:58.617+0000] {processor.py:183} INFO - Processing /opt/airflow/dags/job_etl_dag.py took 0.130 seconds
[2026-05-12T17:55:28.822+0000] {processor.py:161} INFO - Started process (PID=504) to work on /opt/airflow/dags/job_etl_dag.py
[2026-05-12T17:55:28.824+0000] {processor.py:830} INFO - Processing file /opt/airflow/dags/job_etl_dag.py for tasks to queue
[2026-05-12T17:55:28.826+0000] {logging_mixin.py:188} INFO - [2026-05-12T17:55:28.826+0000] {dagbag.py:538} INFO - Filling up the DagBag from /opt/airflow/dags/job_etl_dag.py
[2026-05-12T17:55:28.857+0000] {processor.py:840} INFO - DAG(s) 'job_market_etl' retrieved from /opt/airflow/dags/job_etl_dag.py
[2026-05-12T17:55:28.909+0000] {logging_mixin.py:188} INFO - [2026-05-12T17:55:28.909+0000] {dag.py:3036} INFO - Sync 1 DAGs
[2026-05-12T17:55:28.927+0000] {logging_mixin.py:188} INFO - [2026-05-12T17:55:28.927+0000] {dag.py:3823} INFO - Setting next_dagrun for job_market_etl to None, run_after=None
[2026-05-12T17:55:28.960+0000] {processor.py:183} INFO - Processing /opt/airflow/dags/job_etl_dag.py took 0.145 seconds
[2026-05-12T17:55:59.125+0000] {processor.py:161} INFO - Started process (PID=505) to work on /opt/airflow/dags/job_etl_dag.py
[2026-05-12T17:55:59.128+0000] {processor.py:830} INFO - Processing file /opt/airflow/dags/job_etl_dag.py for tasks to queue
[2026-05-12T17:55:59.130+0000] {logging_mixin.py:188} INFO - [2026-05-12T17:55:59.129+0000] {dagbag.py:538} INFO - Filling up the DagBag from /opt/airflow/dags/job_etl_dag.py
[2026-05-12T17:55:59.166+0000] {processor.py:840} INFO - DAG(s) 'job_market_etl' retrieved from /opt/airflow/dags/job_etl_dag.py
[2026-05-12T17:55:59.218+0000] {logging_mixin.py:188} INFO - [2026-05-12T17:55:59.218+0000] {dag.py:3036} INFO - Sync 1 DAGs
[2026-05-12T17:55:59.236+0000] {logging_mixin.py:188} INFO - [2026-05-12T17:55:59.236+0000] {dag.py:3823} INFO - Setting next_dagrun for job_market_etl to None, run_after=None
[2026-05-12T17:55:59.268+0000] {processor.py:183} INFO - Processing /opt/airflow/dags/job_etl_dag.py took 0.152 seconds
[2026-05-12T17:56:29.464+0000] {processor.py:161} INFO - Started process (PID=506) to work on /opt/airflow/dags/job_etl_dag.py
[2026-05-12T17:56:29.466+0000] {processor.py:830} INFO - Processing file /opt/airflow/dags/job_etl_dag.py for tasks to queue
[2026-05-12T17:56:29.468+0000] {logging_mixin.py:188} INFO - [2026-05-12T17:56:29.468+0000] {dagbag.py:538} INFO - Filling up the DagBag from /opt/airflow/dags/job_etl_dag.py
[2026-05-12T17:56:29.496+0000] {processor.py:840} INFO - DAG(s) 'job_market_etl' retrieved from /opt/airflow/dags/job_etl_dag.py
[2026-05-12T17:56:29.542+0000] {logging_mixin.py:188} INFO - [2026-05-12T17:56:29.542+0000] {dag.py:3036} INFO - Sync 1 DAGs
[2026-05-12T17:56:29.563+0000] {logging_mixin.py:188} INFO - [2026-05-12T17:56:29.563+0000] {dag.py:3823} INFO - Setting next_dagrun for job_market_etl to None, run_after=None
[2026-05-12T17:56:29.609+0000] {processor.py:183} INFO - Processing /opt/airflow/dags/job_etl_dag.py took 0.149 seconds
[2026-05-12T17:56:59.764+0000] {processor.py:161} INFO - Started process (PID=507) to work on /opt/airflow/dags/job_etl_dag.py
[2026-05-12T17:56:59.766+0000] {processor.py:830} INFO - Processing file /opt/airflow/dags/job_etl_dag.py for tasks to queue
[2026-05-12T17:56:59.768+0000] {logging_mixin.py:188} INFO - [2026-05-12T17:56:59.767+0000] {dagbag.py:538} INFO - Filling up the DagBag from /opt/airflow/dags/job_etl_dag.py
[2026-05-12T17:56:59.798+0000] {processor.py:840} INFO - DAG(s) 'job_market_etl' retrieved from /opt/airflow/dags/job_etl_dag.py
[2026-05-12T17:56:59.843+0000] {logging_mixin.py:188} INFO - [2026-05-12T17:56:59.842+0000] {dag.py:3036} INFO - Sync 1 DAGs
[2026-05-12T17:56:59.861+0000] {logging_mixin.py:188} INFO - [2026-05-12T17:56:59.860+0000] {dag.py:3823} INFO - Setting next_dagrun for job_market_etl to None, run_after=None
[2026-05-12T17:56:59.892+0000] {processor.py:183} INFO - Processing /opt/airflow/dags/job_etl_dag.py took 0.133 seconds
[2026-05-12T17:57:30.110+0000] {processor.py:161} INFO - Started process (PID=508) to work on /opt/airflow/dags/job_etl_dag.py
[2026-05-12T17:57:30.113+0000] {processor.py:830} INFO - Processing file /opt/airflow/dags/job_etl_dag.py for tasks to queue
[2026-05-12T17:57:30.115+0000] {logging_mixin.py:188} INFO - [2026-05-12T17:57:30.114+0000] {dagbag.py:538} INFO - Filling up the DagBag from /opt/airflow/dags/job_etl_dag.py
[2026-05-12T17:57:30.144+0000] {processor.py:840} INFO - DAG(s) 'job_market_etl' retrieved from /opt/airflow/dags/job_etl_dag.py
[2026-05-12T17:57:30.189+0000] {logging_mixin.py:188} INFO - [2026-05-12T17:57:30.188+0000] {dag.py:3036} INFO - Sync 1 DAGs
[2026-05-12T17:57:30.205+0000] {logging_mixin.py:188} INFO - [2026-05-12T17:57:30.205+0000] {dag.py:3823} INFO - Setting next_dagrun for job_market_etl to None, run_after=None
[2026-05-12T17:57:30.251+0000] {processor.py:183} INFO - Processing /opt/airflow/dags/job_etl_dag.py took 0.144 seconds
[2026-05-12T17:58:00.400+0000] {processor.py:161} INFO - Started process (PID=509) to work on /opt/airflow/dags/job_etl_dag.py
[2026-05-12T17:58:00.403+0000] {processor.py:830} INFO - Processing file /opt/airflow/dags/job_etl_dag.py for tasks to queue
[2026-05-12T17:58:00.405+0000] {logging_mixin.py:188} INFO - [2026-05-12T17:58:00.405+0000] {dagbag.py:538} INFO - Filling up the DagBag from /opt/airflow/dags/job_etl_dag.py
[2026-05-12T17:58:00.436+0000] {processor.py:840} INFO - DAG(s) 'job_market_etl' retrieved from /opt/airflow/dags/job_etl_dag.py
[2026-05-12T17:58:00.489+0000] {logging_mixin.py:188} INFO - [2026-05-12T17:58:00.488+0000] {dag.py:3036} INFO - Sync 1 DAGs
[2026-05-12T17:58:00.505+0000] {logging_mixin.py:188} INFO - [2026-05-12T17:58:00.505+0000] {dag.py:3823} INFO - Setting next_dagrun for job_market_etl to None, run_after=None
[2026-05-12T17:58:00.550+0000] {processor.py:183} INFO - Processing /opt/airflow/dags/job_etl_dag.py took 0.156 seconds
[2026-05-12T17:58:30.742+0000] {processor.py:161} INFO - Started process (PID=510) to work on /opt/airflow/dags/job_etl_dag.py
[2026-05-12T17:58:30.744+0000] {processor.py:830} INFO - Processing file /opt/airflow/dags/job_etl_dag.py for tasks to queue
[2026-05-12T17:58:30.746+0000] {logging_mixin.py:188} INFO - [2026-05-12T17:58:30.745+0000] {dagbag.py:538} INFO - Filling up the DagBag from /opt/airflow/dags/job_etl_dag.py
[2026-05-12T17:58:30.777+0000] {processor.py:840} INFO - DAG(s) 'job_market_etl' retrieved from /opt/airflow/dags/job_etl_dag.py
[2026-05-12T17:58:30.819+0000] {logging_mixin.py:188} INFO - [2026-05-12T17:58:30.818+0000] {dag.py:3036} INFO - Sync 1 DAGs
[2026-05-12T17:58:30.836+0000] {logging_mixin.py:188} INFO - [2026-05-12T17:58:30.836+0000] {dag.py:3823} INFO - Setting next_dagrun for job_market_etl to None, run_after=None
[2026-05-12T17:58:30.882+0000] {processor.py:183} INFO - Processing /opt/airflow/dags/job_etl_dag.py took 0.146 seconds
[2026-05-12T17:59:01.046+0000] {processor.py:161} INFO - Started process (PID=511) to work on /opt/airflow/dags/job_etl_dag.py
[2026-05-12T17:59:01.049+0000] {processor.py:830} INFO - Processing file /opt/airflow/dags/job_etl_dag.py for tasks to queue
[2026-05-12T17:59:01.051+0000] {logging_mixin.py:188} INFO - [2026-05-12T17:59:01.051+0000] {dagbag.py:538} INFO - Filling up the DagBag from /opt/airflow/dags/job_etl_dag.py
[2026-05-12T17:59:01.087+0000] {processor.py:840} INFO - DAG(s) 'job_market_etl' retrieved from /opt/airflow/dags/job_etl_dag.py
[2026-05-12T17:59:01.134+0000] {logging_mixin.py:188} INFO - [2026-05-12T17:59:01.134+0000] {dag.py:3036} INFO - Sync 1 DAGs
[2026-05-12T17:59:01.152+0000] {logging_mixin.py:188} INFO - [2026-05-12T17:59:01.152+0000] {dag.py:3823} INFO - Setting next_dagrun for job_market_etl to None, run_after=None
[2026-05-12T17:59:01.186+0000] {processor.py:183} INFO - Processing /opt/airflow/dags/job_etl_dag.py took 0.146 seconds
[2026-05-12T17:59:31.380+0000] {processor.py:161} INFO - Started process (PID=512) to work on /opt/airflow/dags/job_etl_dag.py
[2026-05-12T17:59:31.382+0000] {processor.py:830} INFO - Processing file /opt/airflow/dags/job_etl_dag.py for tasks to queue
[2026-05-12T17:59:31.384+0000] {logging_mixin.py:188} INFO - [2026-05-12T17:59:31.384+0000] {dagbag.py:538} INFO - Filling up the DagBag from /opt/airflow/dags/job_etl_dag.py
[2026-05-12T17:59:31.423+0000] {processor.py:840} INFO - DAG(s) 'job_market_etl' retrieved from /opt/airflow/dags/job_etl_dag.py
[2026-05-12T17:59:31.466+0000] {logging_mixin.py:188} INFO - [2026-05-12T17:59:31.466+0000] {dag.py:3036} INFO - Sync 1 DAGs
[2026-05-12T17:59:31.484+0000] {logging_mixin.py:188} INFO - [2026-05-12T17:59:31.484+0000] {dag.py:3823} INFO - Setting next_dagrun for job_market_etl to None, run_after=None
[2026-05-12T17:59:31.532+0000] {processor.py:183} INFO - Processing /opt/airflow/dags/job_etl_dag.py took 0.158 seconds
[2026-05-12T18:00:01.708+0000] {processor.py:161} INFO - Started process (PID=513) to work on /opt/airflow/dags/job_etl_dag.py
[2026-05-12T18:00:01.710+0000] {processor.py:830} INFO - Processing file /opt/airflow/dags/job_etl_dag.py for tasks to queue
[2026-05-12T18:00:01.712+0000] {logging_mixin.py:188} INFO - [2026-05-12T18:00:01.711+0000] {dagbag.py:538} INFO - Filling up the DagBag from /opt/airflow/dags/job_etl_dag.py
[2026-05-12T18:00:01.743+0000] {processor.py:840} INFO - DAG(s) 'job_market_etl' retrieved from /opt/airflow/dags/job_etl_dag.py
[2026-05-12T18:00:01.786+0000] {logging_mixin.py:188} INFO - [2026-05-12T18:00:01.785+0000] {dag.py:3036} INFO - Sync 1 DAGs
[2026-05-12T18:00:01.803+0000] {logging_mixin.py:188} INFO - [2026-05-12T18:00:01.803+0000] {dag.py:3823} INFO - Setting next_dagrun for job_market_etl to None, run_after=None
[2026-05-12T18:00:01.838+0000] {processor.py:183} INFO - Processing /opt/airflow/dags/job_etl_dag.py took 0.134 seconds
[2026-05-12T18:00:32.106+0000] {processor.py:161} INFO - Started process (PID=514) to work on /opt/airflow/dags/job_etl_dag.py
[2026-05-12T18:00:32.109+0000] {processor.py:830} INFO - Processing file /opt/airflow/dags/job_etl_dag.py for tasks to queue
[2026-05-12T18:00:32.111+0000] {logging_mixin.py:188} INFO - [2026-05-12T18:00:32.110+0000] {dagbag.py:538} INFO - Filling up the DagBag from /opt/airflow/dags/job_etl_dag.py
[2026-05-12T18:00:32.142+0000] {processor.py:840} INFO - DAG(s) 'job_market_etl' retrieved from /opt/airflow/dags/job_etl_dag.py
[2026-05-12T18:00:32.186+0000] {logging_mixin.py:188} INFO - [2026-05-12T18:00:32.186+0000] {dag.py:3036} INFO - Sync 1 DAGs
[2026-05-12T18:00:32.204+0000] {logging_mixin.py:188} INFO - [2026-05-12T18:00:32.204+0000] {dag.py:3823} INFO - Setting next_dagrun for job_market_etl to None, run_after=None
[2026-05-12T18:00:32.238+0000] {processor.py:183} INFO - Processing /opt/airflow/dags/job_etl_dag.py took 0.137 seconds
[2026-05-12T18:01:02.353+0000] {processor.py:161} INFO - Started process (PID=515) to work on /opt/airflow/dags/job_etl_dag.py
[2026-05-12T18:01:02.356+0000] {processor.py:830} INFO - Processing file /opt/airflow/dags/job_etl_dag.py for tasks to queue
[2026-05-12T18:01:02.357+0000] {logging_mixin.py:188} INFO - [2026-05-12T18:01:02.357+0000] {dagbag.py:538} INFO - Filling up the DagBag from /opt/airflow/dags/job_etl_dag.py
[2026-05-12T18:01:02.389+0000] {processor.py:840} INFO - DAG(s) 'job_market_etl' retrieved from /opt/airflow/dags/job_etl_dag.py
[2026-05-12T18:01:02.440+0000] {logging_mixin.py:188} INFO - [2026-05-12T18:01:02.439+0000] {dag.py:3036} INFO - Sync 1 DAGs
[2026-05-12T18:01:02.456+0000] {logging_mixin.py:188} INFO - [2026-05-12T18:01:02.456+0000] {dag.py:3823} INFO - Setting next_dagrun for job_market_etl to None, run_after=None
[2026-05-12T18:01:02.501+0000] {processor.py:183} INFO - Processing /opt/airflow/dags/job_etl_dag.py took 0.153 seconds
[2026-05-12T18:01:32.722+0000] {processor.py:161} INFO - Started process (PID=516) to work on /opt/airflow/dags/job_etl_dag.py
[2026-05-12T18:01:32.725+0000] {processor.py:830} INFO - Processing file /opt/airflow/dags/job_etl_dag.py for tasks to queue
[2026-05-12T18:01:32.727+0000] {logging_mixin.py:188} INFO - [2026-05-12T18:01:32.726+0000] {dagbag.py:538} INFO - Filling up the DagBag from /opt/airflow/dags/job_etl_dag.py
[2026-05-12T18:01:32.760+0000] {processor.py:840} INFO - DAG(s) 'job_market_etl' retrieved from /opt/airflow/dags/job_etl_dag.py
[2026-05-12T18:01:32.810+0000] {logging_mixin.py:188} INFO - [2026-05-12T18:01:32.810+0000] {dag.py:3036} INFO - Sync 1 DAGs
[2026-05-12T18:01:32.829+0000] {logging_mixin.py:188} INFO - [2026-05-12T18:01:32.828+0000] {dag.py:3823} INFO - Setting next_dagrun for job_market_etl to None, run_after=None
[2026-05-12T18:01:32.874+0000] {processor.py:183} INFO - Processing /opt/airflow/dags/job_etl_dag.py took 0.156 seconds
[2026-05-12T18:02:03.007+0000] {processor.py:161} INFO - Started process (PID=517) to work on /opt/airflow/dags/job_etl_dag.py
[2026-05-12T18:02:03.009+0000] {processor.py:830} INFO - Processing file /opt/airflow/dags/job_etl_dag.py for tasks to queue
[2026-05-12T18:02:03.010+0000] {logging_mixin.py:188} INFO - [2026-05-12T18:02:03.010+0000] {dagbag.py:538} INFO - Filling up the DagBag from /opt/airflow/dags/job_etl_dag.py
[2026-05-12T18:02:03.040+0000] {processor.py:840} INFO - DAG(s) 'job_market_etl' retrieved from /opt/airflow/dags/job_etl_dag.py
[2026-05-12T18:02:03.084+0000] {logging_mixin.py:188} INFO - [2026-05-12T18:02:03.084+0000] {dag.py:3036} INFO - Sync 1 DAGs
[2026-05-12T18:02:03.102+0000] {logging_mixin.py:188} INFO - [2026-05-12T18:02:03.102+0000] {dag.py:3823} INFO - Setting next_dagrun for job_market_etl to None, run_after=None
[2026-05-12T18:02:03.140+0000] {processor.py:183} INFO - Processing /opt/airflow/dags/job_etl_dag.py took 0.139 seconds
[2026-05-12T18:02:33.387+0000] {processor.py:161} INFO - Started process (PID=518) to work on /opt/airflow/dags/job_etl_dag.py
[2026-05-12T18:02:33.389+0000] {processor.py:830} INFO - Processing file /opt/airflow/dags/job_etl_dag.py for tasks to queue
[2026-05-12T18:02:33.392+0000] {logging_mixin.py:188} INFO - [2026-05-12T18:02:33.391+0000] {dagbag.py:538} INFO - Filling up the DagBag from /opt/airflow/dags/job_etl_dag.py
[2026-05-12T18:02:33.424+0000] {processor.py:840} INFO - DAG(s) 'job_market_etl' retrieved from /opt/airflow/dags/job_etl_dag.py
[2026-05-12T18:02:33.465+0000] {logging_mixin.py:188} INFO - [2026-05-12T18:02:33.465+0000] {dag.py:3036} INFO - Sync 1 DAGs
[2026-05-12T18:02:33.484+0000] {logging_mixin.py:188} INFO - [2026-05-12T18:02:33.483+0000] {dag.py:3823} INFO - Setting next_dagrun for job_market_etl to None, run_after=None
[2026-05-12T18:02:33.523+0000] {processor.py:183} INFO - Processing /opt/airflow/dags/job_etl_dag.py took 0.141 seconds
[2026-05-12T18:03:03.669+0000] {processor.py:161} INFO - Started process (PID=519) to work on /opt/airflow/dags/job_etl_dag.py
[2026-05-12T18:03:03.673+0000] {processor.py:830} INFO - Processing file /opt/airflow/dags/job_etl_dag.py for tasks to queue
[2026-05-12T18:03:03.676+0000] {logging_mixin.py:188} INFO - [2026-05-12T18:03:03.675+0000] {dagbag.py:538} INFO - Filling up the DagBag from /opt/airflow/dags/job_etl_dag.py
[2026-05-12T18:03:03.725+0000] {processor.py:840} INFO - DAG(s) 'job_market_etl' retrieved from /opt/airflow/dags/job_etl_dag.py
[2026-05-12T18:03:03.775+0000] {logging_mixin.py:188} INFO - [2026-05-12T18:03:03.775+0000] {dag.py:3036} INFO - Sync 1 DAGs
[2026-05-12T18:03:03.800+0000] {logging_mixin.py:188} INFO - [2026-05-12T18:03:03.800+0000] {dag.py:3823} INFO - Setting next_dagrun for job_market_etl to None, run_after=None
[2026-05-12T18:03:03.845+0000] {processor.py:183} INFO - Processing /opt/airflow/dags/job_etl_dag.py took 0.184 seconds
[2026-05-12T18:03:34.029+0000] {processor.py:161} INFO - Started process (PID=520) to work on /opt/airflow/dags/job_etl_dag.py
[2026-05-12T18:03:34.031+0000] {processor.py:830} INFO - Processing file /opt/airflow/dags/job_etl_dag.py for tasks to queue
[2026-05-12T18:03:34.033+0000] {logging_mixin.py:188} INFO - [2026-05-12T18:03:34.032+0000] {dagbag.py:538} INFO - Filling up the DagBag from /opt/airflow/dags/job_etl_dag.py
[2026-05-12T18:03:34.063+0000] {processor.py:840} INFO - DAG(s) 'job_market_etl' retrieved from /opt/airflow/dags/job_etl_dag.py
[2026-05-12T18:03:34.113+0000] {logging_mixin.py:188} INFO - [2026-05-12T18:03:34.112+0000] {dag.py:3036} INFO - Sync 1 DAGs
[2026-05-12T18:03:34.131+0000] {logging_mixin.py:188} INFO - [2026-05-12T18:03:34.131+0000] {dag.py:3823} INFO - Setting next_dagrun for job_market_etl to None, run_after=None
[2026-05-12T18:03:34.180+0000] {processor.py:183} INFO - Processing /opt/airflow/dags/job_etl_dag.py took 0.157 seconds
[2026-05-12T18:04:04.350+0000] {processor.py:161} INFO - Started process (PID=521) to work on /opt/airflow/dags/job_etl_dag.py
[2026-05-12T18:04:04.351+0000] {processor.py:830} INFO - Processing file /opt/airflow/dags/job_etl_dag.py for tasks to queue
[2026-05-12T18:04:04.353+0000] {logging_mixin.py:188} INFO - [2026-05-12T18:04:04.353+0000] {dagbag.py:538} INFO - Filling up the DagBag from /opt/airflow/dags/job_etl_dag.py
[2026-05-12T18:04:04.379+0000] {processor.py:840} INFO - DAG(s) 'job_market_etl' retrieved from /opt/airflow/dags/job_etl_dag.py
[2026-05-12T18:04:04.426+0000] {logging_mixin.py:188} INFO - [2026-05-12T18:04:04.426+0000] {dag.py:3036} INFO - Sync 1 DAGs
[2026-05-12T18:04:04.444+0000] {logging_mixin.py:188} INFO - [2026-05-12T18:04:04.443+0000] {dag.py:3823} INFO - Setting next_dagrun for job_market_etl to None, run_after=None
[2026-05-12T18:04:04.476+0000] {processor.py:183} INFO - Processing /opt/airflow/dags/job_etl_dag.py took 0.131 seconds
[2026-05-12T18:04:34.674+0000] {processor.py:161} INFO - Started process (PID=522) to work on /opt/airflow/dags/job_etl_dag.py
[2026-05-12T18:04:34.676+0000] {processor.py:830} INFO - Processing file /opt/airflow/dags/job_etl_dag.py for tasks to queue
[2026-05-12T18:04:34.677+0000] {logging_mixin.py:188} INFO - [2026-05-12T18:04:34.677+0000] {dagbag.py:538} INFO - Filling up the DagBag from /opt/airflow/dags/job_etl_dag.py
[2026-05-12T18:04:34.710+0000] {processor.py:840} INFO - DAG(s) 'job_market_etl' retrieved from /opt/airflow/dags/job_etl_dag.py
[2026-05-12T18:04:34.765+0000] {logging_mixin.py:188} INFO - [2026-05-12T18:04:34.765+0000] {dag.py:3036} INFO - Sync 1 DAGs
[2026-05-12T18:04:34.782+0000] {logging_mixin.py:188} INFO - [2026-05-12T18:04:34.782+0000] {dag.py:3823} INFO - Setting next_dagrun for job_market_etl to None, run_after=None
[2026-05-12T18:04:34.815+0000] {processor.py:183} INFO - Processing /opt/airflow/dags/job_etl_dag.py took 0.146 seconds
[2026-05-12T18:05:04.968+0000] {processor.py:161} INFO - Started process (PID=523) to work on /opt/airflow/dags/job_etl_dag.py
[2026-05-12T18:05:04.971+0000] {processor.py:830} INFO - Processing file /opt/airflow/dags/job_etl_dag.py for tasks to queue
[2026-05-12T18:05:04.973+0000] {logging_mixin.py:188} INFO - [2026-05-12T18:05:04.972+0000] {dagbag.py:538} INFO - Filling up the DagBag from /opt/airflow/dags/job_etl_dag.py
[2026-05-12T18:05:05.008+0000] {processor.py:840} INFO - DAG(s) 'job_market_etl' retrieved from /opt/airflow/dags/job_etl_dag.py
[2026-05-12T18:05:05.054+0000] {logging_mixin.py:188} INFO - [2026-05-12T18:05:05.054+0000] {dag.py:3036} INFO - Sync 1 DAGs
[2026-05-12T18:05:05.073+0000] {logging_mixin.py:188} INFO - [2026-05-12T18:05:05.072+0000] {dag.py:3823} INFO - Setting next_dagrun for job_market_etl to None, run_after=None
[2026-05-12T18:05:05.109+0000] {processor.py:183} INFO - Processing /opt/airflow/dags/job_etl_dag.py took 0.145 seconds
[2026-05-12T18:05:35.354+0000] {processor.py:161} INFO - Started process (PID=524) to work on /opt/airflow/dags/job_etl_dag.py
[2026-05-12T18:05:35.356+0000] {processor.py:830} INFO - Processing file /opt/airflow/dags/job_etl_dag.py for tasks to queue
[2026-05-12T18:05:35.358+0000] {logging_mixin.py:188} INFO - [2026-05-12T18:05:35.357+0000] {dagbag.py:538} INFO - Filling up the DagBag from /opt/airflow/dags/job_etl_dag.py
[2026-05-12T18:05:35.387+0000] {processor.py:840} INFO - DAG(s) 'job_market_etl' retrieved from /opt/airflow/dags/job_etl_dag.py
[2026-05-12T18:05:35.434+0000] {logging_mixin.py:188} INFO - [2026-05-12T18:05:35.433+0000] {dag.py:3036} INFO - Sync 1 DAGs
[2026-05-12T18:05:35.451+0000] {logging_mixin.py:188} INFO - [2026-05-12T18:05:35.451+0000] {dag.py:3823} INFO - Setting next_dagrun for job_market_etl to None, run_after=None
[2026-05-12T18:05:35.496+0000] {processor.py:183} INFO - Processing /opt/airflow/dags/job_etl_dag.py took 0.147 seconds
[2026-05-12T18:06:05.619+0000] {processor.py:161} INFO - Started process (PID=525) to work on /opt/airflow/dags/job_etl_dag.py
[2026-05-12T18:06:05.621+0000] {processor.py:830} INFO - Processing file /opt/airflow/dags/job_etl_dag.py for tasks to queue
[2026-05-12T18:06:05.623+0000] {logging_mixin.py:188} INFO - [2026-05-12T18:06:05.623+0000] {dagbag.py:538} INFO - Filling up the DagBag from /opt/airflow/dags/job_etl_dag.py
[2026-05-12T18:06:05.662+0000] {processor.py:840} INFO - DAG(s) 'job_market_etl' retrieved from /opt/airflow/dags/job_etl_dag.py
[2026-05-12T18:06:05.712+0000] {logging_mixin.py:188} INFO - [2026-05-12T18:06:05.712+0000] {dag.py:3036} INFO - Sync 1 DAGs
[2026-05-12T18:06:05.730+0000] {logging_mixin.py:188} INFO - [2026-05-12T18:06:05.730+0000] {dag.py:3823} INFO - Setting next_dagrun for job_market_etl to None, run_after=None
[2026-05-12T18:06:05.777+0000] {processor.py:183} INFO - Processing /opt/airflow/dags/job_etl_dag.py took 0.162 seconds
[2026-05-12T18:06:36.000+0000] {processor.py:161} INFO - Started process (PID=526) to work on /opt/airflow/dags/job_etl_dag.py
[2026-05-12T18:06:36.002+0000] {processor.py:830} INFO - Processing file /opt/airflow/dags/job_etl_dag.py for tasks to queue
[2026-05-12T18:06:36.004+0000] {logging_mixin.py:188} INFO - [2026-05-12T18:06:36.003+0000] {dagbag.py:538} INFO - Filling up the DagBag from /opt/airflow/dags/job_etl_dag.py
[2026-05-12T18:06:36.036+0000] {processor.py:840} INFO - DAG(s) 'job_market_etl' retrieved from /opt/airflow/dags/job_etl_dag.py
[2026-05-12T18:06:36.084+0000] {logging_mixin.py:188} INFO - [2026-05-12T18:06:36.083+0000] {dag.py:3036} INFO - Sync 1 DAGs
[2026-05-12T18:06:36.103+0000] {logging_mixin.py:188} INFO - [2026-05-12T18:06:36.103+0000] {dag.py:3823} INFO - Setting next_dagrun for job_market_etl to None, run_after=None
[2026-05-12T18:06:36.150+0000] {processor.py:183} INFO - Processing /opt/airflow/dags/job_etl_dag.py took 0.154 seconds
[2026-05-12T18:07:06.280+0000] {processor.py:161} INFO - Started process (PID=527) to work on /opt/airflow/dags/job_etl_dag.py
[2026-05-12T18:07:06.282+0000] {processor.py:830} INFO - Processing file /opt/airflow/dags/job_etl_dag.py for tasks to queue
[2026-05-12T18:07:06.285+0000] {logging_mixin.py:188} INFO - [2026-05-12T18:07:06.284+0000] {dagbag.py:538} INFO - Filling up the DagBag from /opt/airflow/dags/job_etl_dag.py
[2026-05-12T18:07:06.317+0000] {processor.py:840} INFO - DAG(s) 'job_market_etl' retrieved from /opt/airflow/dags/job_etl_dag.py
[2026-05-12T18:07:06.369+0000] {logging_mixin.py:188} INFO - [2026-05-12T18:07:06.369+0000] {dag.py:3036} INFO - Sync 1 DAGs
[2026-05-12T18:07:06.387+0000] {logging_mixin.py:188} INFO - [2026-05-12T18:07:06.387+0000] {dag.py:3823} INFO - Setting next_dagrun for job_market_etl to None, run_after=None
[2026-05-12T18:07:06.419+0000] {processor.py:183} INFO - Processing /opt/airflow/dags/job_etl_dag.py took 0.143 seconds
[2026-05-12T18:07:36.636+0000] {processor.py:161} INFO - Started process (PID=528) to work on /opt/airflow/dags/job_etl_dag.py
[2026-05-12T18:07:36.639+0000] {processor.py:830} INFO - Processing file /opt/airflow/dags/job_etl_dag.py for tasks to queue
[2026-05-12T18:07:36.641+0000] {logging_mixin.py:188} INFO - [2026-05-12T18:07:36.640+0000] {dagbag.py:538} INFO - Filling up the DagBag from /opt/airflow/dags/job_etl_dag.py
[2026-05-12T18:07:36.674+0000] {processor.py:840} INFO - DAG(s) 'job_market_etl' retrieved from /opt/airflow/dags/job_etl_dag.py
[2026-05-12T18:07:36.721+0000] {logging_mixin.py:188} INFO - [2026-05-12T18:07:36.720+0000] {dag.py:3036} INFO - Sync 1 DAGs
[2026-05-12T18:07:36.739+0000] {logging_mixin.py:188} INFO - [2026-05-12T18:07:36.738+0000] {dag.py:3823} INFO - Setting next_dagrun for job_market_etl to None, run_after=None
[2026-05-12T18:07:36.769+0000] {processor.py:183} INFO - Processing /opt/airflow/dags/job_etl_dag.py took 0.138 seconds
[2026-05-12T18:08:06.935+0000] {processor.py:161} INFO - Started process (PID=529) to work on /opt/airflow/dags/job_etl_dag.py
[2026-05-12T18:08:06.938+0000] {processor.py:830} INFO - Processing file /opt/airflow/dags/job_etl_dag.py for tasks to queue
[2026-05-12T18:08:06.940+0000] {logging_mixin.py:188} INFO - [2026-05-12T18:08:06.939+0000] {dagbag.py:538} INFO - Filling up the DagBag from /opt/airflow/dags/job_etl_dag.py
[2026-05-12T18:08:06.977+0000] {processor.py:840} INFO - DAG(s) 'job_market_etl' retrieved from /opt/airflow/dags/job_etl_dag.py
[2026-05-12T18:08:07.020+0000] {logging_mixin.py:188} INFO - [2026-05-12T18:08:07.020+0000] {dag.py:3036} INFO - Sync 1 DAGs
[2026-05-12T18:08:07.036+0000] {logging_mixin.py:188} INFO - [2026-05-12T18:08:07.036+0000] {dag.py:3823} INFO - Setting next_dagrun for job_market_etl to None, run_after=None
[2026-05-12T18:08:07.072+0000] {processor.py:183} INFO - Processing /opt/airflow/dags/job_etl_dag.py took 0.141 seconds
[2026-05-12T18:08:37.254+0000] {processor.py:161} INFO - Started process (PID=530) to work on /opt/airflow/dags/job_etl_dag.py
[2026-05-12T18:08:37.256+0000] {processor.py:830} INFO - Processing file /opt/airflow/dags/job_etl_dag.py for tasks to queue
[2026-05-12T18:08:37.258+0000] {logging_mixin.py:188} INFO - [2026-05-12T18:08:37.257+0000] {dagbag.py:538} INFO - Filling up the DagBag from /opt/airflow/dags/job_etl_dag.py
[2026-05-12T18:08:37.291+0000] {processor.py:840} INFO - DAG(s) 'job_market_etl' retrieved from /opt/airflow/dags/job_etl_dag.py
[2026-05-12T18:08:37.335+0000] {logging_mixin.py:188} INFO - [2026-05-12T18:08:37.335+0000] {dag.py:3036} INFO - Sync 1 DAGs
[2026-05-12T18:08:37.352+0000] {logging_mixin.py:188} INFO - [2026-05-12T18:08:37.352+0000] {dag.py:3823} INFO - Setting next_dagrun for job_market_etl to None, run_after=None
[2026-05-12T18:08:37.388+0000] {processor.py:183} INFO - Processing /opt/airflow/dags/job_etl_dag.py took 0.139 seconds
[2026-05-12T18:09:07.580+0000] {processor.py:161} INFO - Started process (PID=531) to work on /opt/airflow/dags/job_etl_dag.py
[2026-05-12T18:09:07.582+0000] {processor.py:830} INFO - Processing file /opt/airflow/dags/job_etl_dag.py for tasks to queue
[2026-05-12T18:09:07.584+0000] {logging_mixin.py:188} INFO - [2026-05-12T18:09:07.584+0000] {dagbag.py:538} INFO - Filling up the DagBag from /opt/airflow/dags/job_etl_dag.py
[2026-05-12T18:09:07.618+0000] {processor.py:840} INFO - DAG(s) 'job_market_etl' retrieved from /opt/airflow/dags/job_etl_dag.py
[2026-05-12T18:09:07.663+0000] {logging_mixin.py:188} INFO - [2026-05-12T18:09:07.663+0000] {dag.py:3036} INFO - Sync 1 DAGs
[2026-05-12T18:09:07.681+0000] {logging_mixin.py:188} INFO - [2026-05-12T18:09:07.680+0000] {dag.py:3823} INFO - Setting next_dagrun for job_market_etl to None, run_after=None
[2026-05-12T18:09:07.716+0000] {processor.py:183} INFO - Processing /opt/airflow/dags/job_etl_dag.py took 0.140 seconds
[2026-05-12T18:09:37.884+0000] {processor.py:161} INFO - Started process (PID=532) to work on /opt/airflow/dags/job_etl_dag.py
[2026-05-12T18:09:37.887+0000] {processor.py:830} INFO - Processing file /opt/airflow/dags/job_etl_dag.py for tasks to queue
[2026-05-12T18:09:37.890+0000] {logging_mixin.py:188} INFO - [2026-05-12T18:09:37.889+0000] {dagbag.py:538} INFO - Filling up the DagBag from /opt/airflow/dags/job_etl_dag.py
[2026-05-12T18:09:37.920+0000] {processor.py:840} INFO - DAG(s) 'job_market_etl' retrieved from /opt/airflow/dags/job_etl_dag.py
[2026-05-12T18:09:37.965+0000] {logging_mixin.py:188} INFO - [2026-05-12T18:09:37.965+0000] {dag.py:3036} INFO - Sync 1 DAGs
[2026-05-12T18:09:37.981+0000] {logging_mixin.py:188} INFO - [2026-05-12T18:09:37.981+0000] {dag.py:3823} INFO - Setting next_dagrun for job_market_etl to None, run_after=None
[2026-05-12T18:09:38.035+0000] {processor.py:183} INFO - Processing /opt/airflow/dags/job_etl_dag.py took 0.155 seconds
[2026-05-12T18:10:08.218+0000] {processor.py:161} INFO - Started process (PID=533) to work on /opt/airflow/dags/job_etl_dag.py
[2026-05-12T18:10:08.220+0000] {processor.py:830} INFO - Processing file /opt/airflow/dags/job_etl_dag.py for tasks to queue
[2026-05-12T18:10:08.222+0000] {logging_mixin.py:188} INFO - [2026-05-12T18:10:08.221+0000] {dagbag.py:538} INFO - Filling up the DagBag from /opt/airflow/dags/job_etl_dag.py
[2026-05-12T18:10:08.256+0000] {processor.py:840} INFO - DAG(s) 'job_market_etl' retrieved from /opt/airflow/dags/job_etl_dag.py
[2026-05-12T18:10:08.304+0000] {logging_mixin.py:188} INFO - [2026-05-12T18:10:08.304+0000] {dag.py:3036} INFO - Sync 1 DAGs
[2026-05-12T18:10:08.322+0000] {logging_mixin.py:188} INFO - [2026-05-12T18:10:08.321+0000] {dag.py:3823} INFO - Setting next_dagrun for job_market_etl to None, run_after=None
[2026-05-12T18:10:08.354+0000] {processor.py:183} INFO - Processing /opt/airflow/dags/job_etl_dag.py took 0.141 seconds
[2026-05-12T18:10:38.565+0000] {processor.py:161} INFO - Started process (PID=534) to work on /opt/airflow/dags/job_etl_dag.py
[2026-05-12T18:10:38.567+0000] {processor.py:830} INFO - Processing file /opt/airflow/dags/job_etl_dag.py for tasks to queue
[2026-05-12T18:10:38.569+0000] {logging_mixin.py:188} INFO - [2026-05-12T18:10:38.568+0000] {dagbag.py:538} INFO - Filling up the DagBag from /opt/airflow/dags/job_etl_dag.py
[2026-05-12T18:10:38.601+0000] {processor.py:840} INFO - DAG(s) 'job_market_etl' retrieved from /opt/airflow/dags/job_etl_dag.py
[2026-05-12T18:10:38.645+0000] {logging_mixin.py:188} INFO - [2026-05-12T18:10:38.644+0000] {dag.py:3036} INFO - Sync 1 DAGs
[2026-05-12T18:10:38.662+0000] {logging_mixin.py:188} INFO - [2026-05-12T18:10:38.662+0000] {dag.py:3823} INFO - Setting next_dagrun for job_market_etl to None, run_after=None
[2026-05-12T18:10:38.711+0000] {processor.py:183} INFO - Processing /opt/airflow/dags/job_etl_dag.py took 0.151 seconds
[2026-05-12T18:11:08.852+0000] {processor.py:161} INFO - Started process (PID=535) to work on /opt/airflow/dags/job_etl_dag.py
[2026-05-12T18:11:08.855+0000] {processor.py:830} INFO - Processing file /opt/airflow/dags/job_etl_dag.py for tasks to queue
[2026-05-12T18:11:08.857+0000] {logging_mixin.py:188} INFO - [2026-05-12T18:11:08.857+0000] {dagbag.py:538} INFO - Filling up the DagBag from /opt/airflow/dags/job_etl_dag.py
[2026-05-12T18:11:08.895+0000] {processor.py:840} INFO - DAG(s) 'job_market_etl' retrieved from /opt/airflow/dags/job_etl_dag.py
[2026-05-12T18:11:08.944+0000] {logging_mixin.py:188} INFO - [2026-05-12T18:11:08.943+0000] {dag.py:3036} INFO - Sync 1 DAGs
[2026-05-12T18:11:08.969+0000] {logging_mixin.py:188} INFO - [2026-05-12T18:11:08.969+0000] {dag.py:3823} INFO - Setting next_dagrun for job_market_etl to None, run_after=None
[2026-05-12T18:11:09.003+0000] {processor.py:183} INFO - Processing /opt/airflow/dags/job_etl_dag.py took 0.155 seconds
[2026-05-12T18:11:39.228+0000] {processor.py:161} INFO - Started process (PID=536) to work on /opt/airflow/dags/job_etl_dag.py
[2026-05-12T18:11:39.230+0000] {processor.py:830} INFO - Processing file /opt/airflow/dags/job_etl_dag.py for tasks to queue
[2026-05-12T18:11:39.232+0000] {logging_mixin.py:188} INFO - [2026-05-12T18:11:39.232+0000] {dagbag.py:538} INFO - Filling up the DagBag from /opt/airflow/dags/job_etl_dag.py
[2026-05-12T18:11:39.267+0000] {processor.py:840} INFO - DAG(s) 'job_market_etl' retrieved from /opt/airflow/dags/job_etl_dag.py
[2026-05-12T18:11:39.316+0000] {logging_mixin.py:188} INFO - [2026-05-12T18:11:39.316+0000] {dag.py:3036} INFO - Sync 1 DAGs
[2026-05-12T18:11:39.333+0000] {logging_mixin.py:188} INFO - [2026-05-12T18:11:39.332+0000] {dag.py:3823} INFO - Setting next_dagrun for job_market_etl to None, run_after=None
[2026-05-12T18:11:39.379+0000] {processor.py:183} INFO - Processing /opt/airflow/dags/job_etl_dag.py took 0.158 seconds
[2026-05-12T18:12:09.508+0000] {processor.py:161} INFO - Started process (PID=537) to work on /opt/airflow/dags/job_etl_dag.py
[2026-05-12T18:12:09.510+0000] {processor.py:830} INFO - Processing file /opt/airflow/dags/job_etl_dag.py for tasks to queue
[2026-05-12T18:12:09.513+0000] {logging_mixin.py:188} INFO - [2026-05-12T18:12:09.512+0000] {dagbag.py:538} INFO - Filling up the DagBag from /opt/airflow/dags/job_etl_dag.py
[2026-05-12T18:12:09.542+0000] {processor.py:840} INFO - DAG(s) 'job_market_etl' retrieved from /opt/airflow/dags/job_etl_dag.py
[2026-05-12T18:12:09.590+0000] {logging_mixin.py:188} INFO - [2026-05-12T18:12:09.590+0000] {dag.py:3036} INFO - Sync 1 DAGs
[2026-05-12T18:12:09.608+0000] {logging_mixin.py:188} INFO - [2026-05-12T18:12:09.608+0000] {dag.py:3823} INFO - Setting next_dagrun for job_market_etl to None, run_after=None
[2026-05-12T18:12:09.653+0000] {processor.py:183} INFO - Processing /opt/airflow/dags/job_etl_dag.py took 0.150 seconds
[2026-05-12T18:12:39.886+0000] {processor.py:161} INFO - Started process (PID=538) to work on /opt/airflow/dags/job_etl_dag.py
[2026-05-12T18:12:39.888+0000] {processor.py:830} INFO - Processing file /opt/airflow/dags/job_etl_dag.py for tasks to queue
[2026-05-12T18:12:39.890+0000] {logging_mixin.py:188} INFO - [2026-05-12T18:12:39.889+0000] {dagbag.py:538} INFO - Filling up the DagBag from /opt/airflow/dags/job_etl_dag.py
[2026-05-12T18:12:39.923+0000] {processor.py:840} INFO - DAG(s) 'job_market_etl' retrieved from /opt/airflow/dags/job_etl_dag.py
[2026-05-12T18:12:39.971+0000] {logging_mixin.py:188} INFO - [2026-05-12T18:12:39.971+0000] {dag.py:3036} INFO - Sync 1 DAGs
[2026-05-12T18:12:39.988+0000] {logging_mixin.py:188} INFO - [2026-05-12T18:12:39.988+0000] {dag.py:3823} INFO - Setting next_dagrun for job_market_etl to None, run_after=None
[2026-05-12T18:12:40.029+0000] {processor.py:183} INFO - Processing /opt/airflow/dags/job_etl_dag.py took 0.149 seconds
[2026-05-12T18:13:10.144+0000] {processor.py:161} INFO - Started process (PID=539) to work on /opt/airflow/dags/job_etl_dag.py
[2026-05-12T18:13:10.147+0000] {processor.py:830} INFO - Processing file /opt/airflow/dags/job_etl_dag.py for tasks to queue
[2026-05-12T18:13:10.149+0000] {logging_mixin.py:188} INFO - [2026-05-12T18:13:10.149+0000] {dagbag.py:538} INFO - Filling up the DagBag from /opt/airflow/dags/job_etl_dag.py
[2026-05-12T18:13:10.179+0000] {processor.py:840} INFO - DAG(s) 'job_market_etl' retrieved from /opt/airflow/dags/job_etl_dag.py
[2026-05-12T18:13:10.229+0000] {logging_mixin.py:188} INFO - [2026-05-12T18:13:10.229+0000] {dag.py:3036} INFO - Sync 1 DAGs
[2026-05-12T18:13:10.248+0000] {logging_mixin.py:188} INFO - [2026-05-12T18:13:10.248+0000] {dag.py:3823} INFO - Setting next_dagrun for job_market_etl to None, run_after=None
[2026-05-12T18:13:10.279+0000] {processor.py:183} INFO - Processing /opt/airflow/dags/job_etl_dag.py took 0.140 seconds
[2026-05-12T18:13:40.532+0000] {processor.py:161} INFO - Started process (PID=540) to work on /opt/airflow/dags/job_etl_dag.py
[2026-05-12T18:13:40.534+0000] {processor.py:830} INFO - Processing file /opt/airflow/dags/job_etl_dag.py for tasks to queue
[2026-05-12T18:13:40.537+0000] {logging_mixin.py:188} INFO - [2026-05-12T18:13:40.536+0000] {dagbag.py:538} INFO - Filling up the DagBag from /opt/airflow/dags/job_etl_dag.py
[2026-05-12T18:13:40.568+0000] {processor.py:840} INFO - DAG(s) 'job_market_etl' retrieved from /opt/airflow/dags/job_etl_dag.py
[2026-05-12T18:13:40.613+0000] {logging_mixin.py:188} INFO - [2026-05-12T18:13:40.613+0000] {dag.py:3036} INFO - Sync 1 DAGs
[2026-05-12T18:13:40.631+0000] {logging_mixin.py:188} INFO - [2026-05-12T18:13:40.631+0000] {dag.py:3823} INFO - Setting next_dagrun for job_market_etl to None, run_after=None
[2026-05-12T18:13:40.661+0000] {processor.py:183} INFO - Processing /opt/airflow/dags/job_etl_dag.py took 0.133 seconds
[2026-05-12T18:14:10.801+0000] {processor.py:161} INFO - Started process (PID=541) to work on /opt/airflow/dags/job_etl_dag.py
[2026-05-12T18:14:10.804+0000] {processor.py:830} INFO - Processing file /opt/airflow/dags/job_etl_dag.py for tasks to queue
[2026-05-12T18:14:10.806+0000] {logging_mixin.py:188} INFO - [2026-05-12T18:14:10.805+0000] {dagbag.py:538} INFO - Filling up the DagBag from /opt/airflow/dags/job_etl_dag.py
[2026-05-12T18:14:10.838+0000] {processor.py:840} INFO - DAG(s) 'job_market_etl' retrieved from /opt/airflow/dags/job_etl_dag.py
[2026-05-12T18:14:10.885+0000] {logging_mixin.py:188} INFO - [2026-05-12T18:14:10.885+0000] {dag.py:3036} INFO - Sync 1 DAGs
[2026-05-12T18:14:10.905+0000] {logging_mixin.py:188} INFO - [2026-05-12T18:14:10.905+0000] {dag.py:3823} INFO - Setting next_dagrun for job_market_etl to None, run_after=None
[2026-05-12T18:14:10.947+0000] {processor.py:183} INFO - Processing /opt/airflow/dags/job_etl_dag.py took 0.152 seconds
[2026-05-12T18:14:41.176+0000] {processor.py:161} INFO - Started process (PID=542) to work on /opt/airflow/dags/job_etl_dag.py
[2026-05-12T18:14:41.178+0000] {processor.py:830} INFO - Processing file /opt/airflow/dags/job_etl_dag.py for tasks to queue
[2026-05-12T18:14:41.180+0000] {logging_mixin.py:188} INFO - [2026-05-12T18:14:41.180+0000] {dagbag.py:538} INFO - Filling up the DagBag from /opt/airflow/dags/job_etl_dag.py
[2026-05-12T18:14:41.212+0000] {processor.py:840} INFO - DAG(s) 'job_market_etl' retrieved from /opt/airflow/dags/job_etl_dag.py
[2026-05-12T18:14:41.253+0000] {logging_mixin.py:188} INFO - [2026-05-12T18:14:41.252+0000] {dag.py:3036} INFO - Sync 1 DAGs
[2026-05-12T18:14:41.271+0000] {logging_mixin.py:188} INFO - [2026-05-12T18:14:41.270+0000] {dag.py:3823} INFO - Setting next_dagrun for job_market_etl to None, run_after=None
[2026-05-12T18:14:41.318+0000] {processor.py:183} INFO - Processing /opt/airflow/dags/job_etl_dag.py took 0.147 seconds
[2026-05-12T18:15:11.469+0000] {processor.py:161} INFO - Started process (PID=543) to work on /opt/airflow/dags/job_etl_dag.py
[2026-05-12T18:15:11.470+0000] {processor.py:830} INFO - Processing file /opt/airflow/dags/job_etl_dag.py for tasks to queue
[2026-05-12T18:15:11.472+0000] {logging_mixin.py:188} INFO - [2026-05-12T18:15:11.472+0000] {dagbag.py:538} INFO - Filling up the DagBag from /opt/airflow/dags/job_etl_dag.py
[2026-05-12T18:15:11.502+0000] {processor.py:840} INFO - DAG(s) 'job_market_etl' retrieved from /opt/airflow/dags/job_etl_dag.py
[2026-05-12T18:15:11.553+0000] {logging_mixin.py:188} INFO - [2026-05-12T18:15:11.553+0000] {dag.py:3036} INFO - Sync 1 DAGs
[2026-05-12T18:15:11.572+0000] {logging_mixin.py:188} INFO - [2026-05-12T18:15:11.571+0000] {dag.py:3823} INFO - Setting next_dagrun for job_market_etl to None, run_after=None
[2026-05-12T18:15:11.601+0000] {processor.py:183} INFO - Processing /opt/airflow/dags/job_etl_dag.py took 0.137 seconds
[2026-05-12T18:15:41.869+0000] {processor.py:161} INFO - Started process (PID=544) to work on /opt/airflow/dags/job_etl_dag.py
[2026-05-12T18:15:41.878+0000] {processor.py:830} INFO - Processing file /opt/airflow/dags/job_etl_dag.py for tasks to queue
[2026-05-12T18:15:41.880+0000] {logging_mixin.py:188} INFO - [2026-05-12T18:15:41.879+0000] {dagbag.py:538} INFO - Filling up the DagBag from /opt/airflow/dags/job_etl_dag.py
[2026-05-12T18:15:41.911+0000] {processor.py:840} INFO - DAG(s) 'job_market_etl' retrieved from /opt/airflow/dags/job_etl_dag.py
[2026-05-12T18:15:41.953+0000] {logging_mixin.py:188} INFO - [2026-05-12T18:15:41.953+0000] {dag.py:3036} INFO - Sync 1 DAGs
[2026-05-12T18:15:41.969+0000] {logging_mixin.py:188} INFO - [2026-05-12T18:15:41.969+0000] {dag.py:3823} INFO - Setting next_dagrun for job_market_etl to None, run_after=None
[2026-05-12T18:15:42.017+0000] {processor.py:183} INFO - Processing /opt/airflow/dags/job_etl_dag.py took 0.151 seconds
[2026-05-12T18:16:12.132+0000] {processor.py:161} INFO - Started process (PID=545) to work on /opt/airflow/dags/job_etl_dag.py
[2026-05-12T18:16:12.135+0000] {processor.py:830} INFO - Processing file /opt/airflow/dags/job_etl_dag.py for tasks to queue
[2026-05-12T18:16:12.137+0000] {logging_mixin.py:188} INFO - [2026-05-12T18:16:12.137+0000] {dagbag.py:538} INFO - Filling up the DagBag from /opt/airflow/dags/job_etl_dag.py
[2026-05-12T18:16:12.168+0000] {processor.py:840} INFO - DAG(s) 'job_market_etl' retrieved from /opt/airflow/dags/job_etl_dag.py
[2026-05-12T18:16:12.216+0000] {logging_mixin.py:188} INFO - [2026-05-12T18:16:12.215+0000] {dag.py:3036} INFO - Sync 1 DAGs
[2026-05-12T18:16:12.231+0000] {logging_mixin.py:188} INFO - [2026-05-12T18:16:12.230+0000] {dag.py:3823} INFO - Setting next_dagrun for job_market_etl to None, run_after=None
[2026-05-12T18:16:12.276+0000] {processor.py:183} INFO - Processing /opt/airflow/dags/job_etl_dag.py took 0.148 seconds
[2026-05-12T18:16:42.506+0000] {processor.py:161} INFO - Started process (PID=546) to work on /opt/airflow/dags/job_etl_dag.py
[2026-05-12T18:16:42.508+0000] {processor.py:830} INFO - Processing file /opt/airflow/dags/job_etl_dag.py for tasks to queue
[2026-05-12T18:16:42.511+0000] {logging_mixin.py:188} INFO - [2026-05-12T18:16:42.510+0000] {dagbag.py:538} INFO - Filling up the DagBag from /opt/airflow/dags/job_etl_dag.py
[2026-05-12T18:16:42.537+0000] {processor.py:840} INFO - DAG(s) 'job_market_etl' retrieved from /opt/airflow/dags/job_etl_dag.py
[2026-05-12T18:16:42.581+0000] {logging_mixin.py:188} INFO - [2026-05-12T18:16:42.581+0000] {dag.py:3036} INFO - Sync 1 DAGs
[2026-05-12T18:16:42.598+0000] {logging_mixin.py:188} INFO - [2026-05-12T18:16:42.598+0000] {dag.py:3823} INFO - Setting next_dagrun for job_market_etl to None, run_after=None
[2026-05-12T18:16:42.631+0000] {processor.py:183} INFO - Processing /opt/airflow/dags/job_etl_dag.py took 0.129 seconds
[2026-05-12T18:17:12.764+0000] {processor.py:161} INFO - Started process (PID=547) to work on /opt/airflow/dags/job_etl_dag.py
[2026-05-12T18:17:12.766+0000] {processor.py:830} INFO - Processing file /opt/airflow/dags/job_etl_dag.py for tasks to queue
[2026-05-12T18:17:12.768+0000] {logging_mixin.py:188} INFO - [2026-05-12T18:17:12.768+0000] {dagbag.py:538} INFO - Filling up the DagBag from /opt/airflow/dags/job_etl_dag.py
[2026-05-12T18:17:12.802+0000] {processor.py:840} INFO - DAG(s) 'job_market_etl' retrieved from /opt/airflow/dags/job_etl_dag.py
[2026-05-12T18:17:12.853+0000] {logging_mixin.py:188} INFO - [2026-05-12T18:17:12.852+0000] {dag.py:3036} INFO - Sync 1 DAGs
[2026-05-12T18:17:12.871+0000] {logging_mixin.py:188} INFO - [2026-05-12T18:17:12.871+0000] {dag.py:3823} INFO - Setting next_dagrun for job_market_etl to None, run_after=None
[2026-05-12T18:17:12.901+0000] {processor.py:183} INFO - Processing /opt/airflow/dags/job_etl_dag.py took 0.143 seconds
[2026-05-12T18:17:43.124+0000] {processor.py:161} INFO - Started process (PID=548) to work on /opt/airflow/dags/job_etl_dag.py
[2026-05-12T18:17:43.127+0000] {processor.py:830} INFO - Processing file /opt/airflow/dags/job_etl_dag.py for tasks to queue
[2026-05-12T18:17:43.129+0000] {logging_mixin.py:188} INFO - [2026-05-12T18:17:43.129+0000] {dagbag.py:538} INFO - Filling up the DagBag from /opt/airflow/dags/job_etl_dag.py
[2026-05-12T18:17:43.162+0000] {processor.py:840} INFO - DAG(s) 'job_market_etl' retrieved from /opt/airflow/dags/job_etl_dag.py
[2026-05-12T18:17:43.208+0000] {logging_mixin.py:188} INFO - [2026-05-12T18:17:43.208+0000] {dag.py:3036} INFO - Sync 1 DAGs
[2026-05-12T18:17:43.226+0000] {logging_mixin.py:188} INFO - [2026-05-12T18:17:43.225+0000] {dag.py:3823} INFO - Setting next_dagrun for job_market_etl to None, run_after=None
[2026-05-12T18:17:43.271+0000] {processor.py:183} INFO - Processing /opt/airflow/dags/job_etl_dag.py took 0.151 seconds
[2026-05-12T18:18:13.382+0000] {processor.py:161} INFO - Started process (PID=549) to work on /opt/airflow/dags/job_etl_dag.py
[2026-05-12T18:18:13.384+0000] {processor.py:830} INFO - Processing file /opt/airflow/dags/job_etl_dag.py for tasks to queue
[2026-05-12T18:18:13.385+0000] {logging_mixin.py:188} INFO - [2026-05-12T18:18:13.385+0000] {dagbag.py:538} INFO - Filling up the DagBag from /opt/airflow/dags/job_etl_dag.py
[2026-05-12T18:18:13.420+0000] {processor.py:840} INFO - DAG(s) 'job_market_etl' retrieved from /opt/airflow/dags/job_etl_dag.py
[2026-05-12T18:18:13.467+0000] {logging_mixin.py:188} INFO - [2026-05-12T18:18:13.466+0000] {dag.py:3036} INFO - Sync 1 DAGs
[2026-05-12T18:18:13.487+0000] {logging_mixin.py:188} INFO - [2026-05-12T18:18:13.486+0000] {dag.py:3823} INFO - Setting next_dagrun for job_market_etl to None, run_after=None
[2026-05-12T18:18:13.520+0000] {processor.py:183} INFO - Processing /opt/airflow/dags/job_etl_dag.py took 0.143 seconds
[2026-05-12T18:18:43.763+0000] {processor.py:161} INFO - Started process (PID=550) to work on /opt/airflow/dags/job_etl_dag.py
[2026-05-12T18:18:43.765+0000] {processor.py:830} INFO - Processing file /opt/airflow/dags/job_etl_dag.py for tasks to queue
[2026-05-12T18:18:43.767+0000] {logging_mixin.py:188} INFO - [2026-05-12T18:18:43.767+0000] {dagbag.py:538} INFO - Filling up the DagBag from /opt/airflow/dags/job_etl_dag.py
[2026-05-12T18:18:43.798+0000] {processor.py:840} INFO - DAG(s) 'job_market_etl' retrieved from /opt/airflow/dags/job_etl_dag.py
[2026-05-12T18:18:43.841+0000] {logging_mixin.py:188} INFO - [2026-05-12T18:18:43.841+0000] {dag.py:3036} INFO - Sync 1 DAGs
[2026-05-12T18:18:43.857+0000] {logging_mixin.py:188} INFO - [2026-05-12T18:18:43.857+0000] {dag.py:3823} INFO - Setting next_dagrun for job_market_etl to None, run_after=None
[2026-05-12T18:18:43.892+0000] {processor.py:183} INFO - Processing /opt/airflow/dags/job_etl_dag.py took 0.136 seconds
[2026-05-12T18:19:14.017+0000] {processor.py:161} INFO - Started process (PID=551) to work on /opt/airflow/dags/job_etl_dag.py
[2026-05-12T18:19:14.020+0000] {processor.py:830} INFO - Processing file /opt/airflow/dags/job_etl_dag.py for tasks to queue
[2026-05-12T18:19:14.021+0000] {logging_mixin.py:188} INFO - [2026-05-12T18:19:14.021+0000] {dagbag.py:538} INFO - Filling up the DagBag from /opt/airflow/dags/job_etl_dag.py
[2026-05-12T18:19:14.056+0000] {processor.py:840} INFO - DAG(s) 'job_market_etl' retrieved from /opt/airflow/dags/job_etl_dag.py
[2026-05-12T18:19:14.112+0000] {logging_mixin.py:188} INFO - [2026-05-12T18:19:14.112+0000] {dag.py:3036} INFO - Sync 1 DAGs
[2026-05-12T18:19:14.136+0000] {logging_mixin.py:188} INFO - [2026-05-12T18:19:14.135+0000] {dag.py:3823} INFO - Setting next_dagrun for job_market_etl to None, run_after=None
[2026-05-12T18:19:14.176+0000] {processor.py:183} INFO - Processing /opt/airflow/dags/job_etl_dag.py took 0.166 seconds
[2026-05-12T18:19:44.417+0000] {processor.py:161} INFO - Started process (PID=552) to work on /opt/airflow/dags/job_etl_dag.py
[2026-05-12T18:19:44.419+0000] {processor.py:830} INFO - Processing file /opt/airflow/dags/job_etl_dag.py for tasks to queue
[2026-05-12T18:19:44.420+0000] {logging_mixin.py:188} INFO - [2026-05-12T18:19:44.420+0000] {dagbag.py:538} INFO - Filling up the DagBag from /opt/airflow/dags/job_etl_dag.py
[2026-05-12T18:19:44.453+0000] {processor.py:840} INFO - DAG(s) 'job_market_etl' retrieved from /opt/airflow/dags/job_etl_dag.py
[2026-05-12T18:19:44.496+0000] {logging_mixin.py:188} INFO - [2026-05-12T18:19:44.496+0000] {dag.py:3036} INFO - Sync 1 DAGs
[2026-05-12T18:19:44.515+0000] {logging_mixin.py:188} INFO - [2026-05-12T18:19:44.514+0000] {dag.py:3823} INFO - Setting next_dagrun for job_market_etl to None, run_after=None
[2026-05-12T18:19:44.547+0000] {processor.py:183} INFO - Processing /opt/airflow/dags/job_etl_dag.py took 0.135 seconds
[2026-05-12T18:20:14.654+0000] {processor.py:161} INFO - Started process (PID=553) to work on /opt/airflow/dags/job_etl_dag.py
[2026-05-12T18:20:14.656+0000] {processor.py:830} INFO - Processing file /opt/airflow/dags/job_etl_dag.py for tasks to queue
[2026-05-12T18:20:14.658+0000] {logging_mixin.py:188} INFO - [2026-05-12T18:20:14.657+0000] {dagbag.py:538} INFO - Filling up the DagBag from /opt/airflow/dags/job_etl_dag.py
[2026-05-12T18:20:14.696+0000] {processor.py:840} INFO - DAG(s) 'job_market_etl' retrieved from /opt/airflow/dags/job_etl_dag.py
[2026-05-12T18:20:14.754+0000] {logging_mixin.py:188} INFO - [2026-05-12T18:20:14.754+0000] {dag.py:3036} INFO - Sync 1 DAGs
[2026-05-12T18:20:14.773+0000] {logging_mixin.py:188} INFO - [2026-05-12T18:20:14.773+0000] {dag.py:3823} INFO - Setting next_dagrun for job_market_etl to None, run_after=None
[2026-05-12T18:20:14.808+0000] {processor.py:183} INFO - Processing /opt/airflow/dags/job_etl_dag.py took 0.160 seconds
[2026-05-12T18:20:45.038+0000] {processor.py:161} INFO - Started process (PID=554) to work on /opt/airflow/dags/job_etl_dag.py
[2026-05-12T18:20:45.040+0000] {processor.py:830} INFO - Processing file /opt/airflow/dags/job_etl_dag.py for tasks to queue
[2026-05-12T18:20:45.042+0000] {logging_mixin.py:188} INFO - [2026-05-12T18:20:45.042+0000] {dagbag.py:538} INFO - Filling up the DagBag from /opt/airflow/dags/job_etl_dag.py
[2026-05-12T18:20:45.080+0000] {processor.py:840} INFO - DAG(s) 'job_market_etl' retrieved from /opt/airflow/dags/job_etl_dag.py
[2026-05-12T18:20:45.126+0000] {logging_mixin.py:188} INFO - [2026-05-12T18:20:45.126+0000] {dag.py:3036} INFO - Sync 1 DAGs
[2026-05-12T18:20:45.145+0000] {logging_mixin.py:188} INFO - [2026-05-12T18:20:45.145+0000] {dag.py:3823} INFO - Setting next_dagrun for job_market_etl to None, run_after=None
[2026-05-12T18:20:45.176+0000] {processor.py:183} INFO - Processing /opt/airflow/dags/job_etl_dag.py took 0.144 seconds
[2026-05-12T18:21:15.308+0000] {processor.py:161} INFO - Started process (PID=555) to work on /opt/airflow/dags/job_etl_dag.py
[2026-05-12T18:21:15.311+0000] {processor.py:830} INFO - Processing file /opt/airflow/dags/job_etl_dag.py for tasks to queue
[2026-05-12T18:21:15.313+0000] {logging_mixin.py:188} INFO - [2026-05-12T18:21:15.312+0000] {dagbag.py:538} INFO - Filling up the DagBag from /opt/airflow/dags/job_etl_dag.py
[2026-05-12T18:21:15.347+0000] {processor.py:840} INFO - DAG(s) 'job_market_etl' retrieved from /opt/airflow/dags/job_etl_dag.py
[2026-05-12T18:21:15.394+0000] {logging_mixin.py:188} INFO - [2026-05-12T18:21:15.393+0000] {dag.py:3036} INFO - Sync 1 DAGs
[2026-05-12T18:21:15.414+0000] {logging_mixin.py:188} INFO - [2026-05-12T18:21:15.414+0000] {dag.py:3823} INFO - Setting next_dagrun for job_market_etl to None, run_after=None
[2026-05-12T18:21:15.445+0000] {processor.py:183} INFO - Processing /opt/airflow/dags/job_etl_dag.py took 0.142 seconds
[2026-05-12T18:21:45.671+0000] {processor.py:161} INFO - Started process (PID=556) to work on /opt/airflow/dags/job_etl_dag.py
[2026-05-12T18:21:45.673+0000] {processor.py:830} INFO - Processing file /opt/airflow/dags/job_etl_dag.py for tasks to queue
[2026-05-12T18:21:45.675+0000] {logging_mixin.py:188} INFO - [2026-05-12T18:21:45.674+0000] {dagbag.py:538} INFO - Filling up the DagBag from /opt/airflow/dags/job_etl_dag.py
[2026-05-12T18:21:45.706+0000] {processor.py:840} INFO - DAG(s) 'job_market_etl' retrieved from /opt/airflow/dags/job_etl_dag.py
[2026-05-12T18:21:45.751+0000] {logging_mixin.py:188} INFO - [2026-05-12T18:21:45.751+0000] {dag.py:3036} INFO - Sync 1 DAGs
[2026-05-12T18:21:45.771+0000] {logging_mixin.py:188} INFO - [2026-05-12T18:21:45.770+0000] {dag.py:3823} INFO - Setting next_dagrun for job_market_etl to None, run_after=None
[2026-05-12T18:21:45.818+0000] {processor.py:183} INFO - Processing /opt/airflow/dags/job_etl_dag.py took 0.152 seconds
[2026-05-12T18:22:15.932+0000] {processor.py:161} INFO - Started process (PID=557) to work on /opt/airflow/dags/job_etl_dag.py
[2026-05-12T18:22:15.934+0000] {processor.py:830} INFO - Processing file /opt/airflow/dags/job_etl_dag.py for tasks to queue
[2026-05-12T18:22:15.937+0000] {logging_mixin.py:188} INFO - [2026-05-12T18:22:15.936+0000] {dagbag.py:538} INFO - Filling up the DagBag from /opt/airflow/dags/job_etl_dag.py
[2026-05-12T18:22:15.973+0000] {processor.py:840} INFO - DAG(s) 'job_market_etl' retrieved from /opt/airflow/dags/job_etl_dag.py
[2026-05-12T18:22:16.023+0000] {logging_mixin.py:188} INFO - [2026-05-12T18:22:16.022+0000] {dag.py:3036} INFO - Sync 1 DAGs
[2026-05-12T18:22:16.039+0000] {logging_mixin.py:188} INFO - [2026-05-12T18:22:16.039+0000] {dag.py:3823} INFO - Setting next_dagrun for job_market_etl to None, run_after=None
[2026-05-12T18:22:16.072+0000] {processor.py:183} INFO - Processing /opt/airflow/dags/job_etl_dag.py took 0.145 seconds
[2026-05-12T18:22:46.334+0000] {processor.py:161} INFO - Started process (PID=558) to work on /opt/airflow/dags/job_etl_dag.py
[2026-05-12T18:22:46.336+0000] {processor.py:830} INFO - Processing file /opt/airflow/dags/job_etl_dag.py for tasks to queue
[2026-05-12T18:22:46.338+0000] {logging_mixin.py:188} INFO - [2026-05-12T18:22:46.338+0000] {dagbag.py:538} INFO - Filling up the DagBag from /opt/airflow/dags/job_etl_dag.py
[2026-05-12T18:22:46.375+0000] {processor.py:840} INFO - DAG(s) 'job_market_etl' retrieved from /opt/airflow/dags/job_etl_dag.py
[2026-05-12T18:22:46.430+0000] {logging_mixin.py:188} INFO - [2026-05-12T18:22:46.430+0000] {dag.py:3036} INFO - Sync 1 DAGs
[2026-05-12T18:22:46.449+0000] {logging_mixin.py:188} INFO - [2026-05-12T18:22:46.449+0000] {dag.py:3823} INFO - Setting next_dagrun for job_market_etl to None, run_after=None
[2026-05-12T18:22:46.479+0000] {processor.py:183} INFO - Processing /opt/airflow/dags/job_etl_dag.py took 0.151 seconds
[2026-05-12T18:23:16.605+0000] {processor.py:161} INFO - Started process (PID=559) to work on /opt/airflow/dags/job_etl_dag.py
[2026-05-12T18:23:16.607+0000] {processor.py:830} INFO - Processing file /opt/airflow/dags/job_etl_dag.py for tasks to queue
[2026-05-12T18:23:16.609+0000] {logging_mixin.py:188} INFO - [2026-05-12T18:23:16.608+0000] {dagbag.py:538} INFO - Filling up the DagBag from /opt/airflow/dags/job_etl_dag.py
[2026-05-12T18:23:16.648+0000] {processor.py:840} INFO - DAG(s) 'job_market_etl' retrieved from /opt/airflow/dags/job_etl_dag.py
[2026-05-12T18:23:16.693+0000] {logging_mixin.py:188} INFO - [2026-05-12T18:23:16.693+0000] {dag.py:3036} INFO - Sync 1 DAGs
[2026-05-12T18:23:16.711+0000] {logging_mixin.py:188} INFO - [2026-05-12T18:23:16.710+0000] {dag.py:3823} INFO - Setting next_dagrun for job_market_etl to None, run_after=None
[2026-05-12T18:23:16.743+0000] {processor.py:183} INFO - Processing /opt/airflow/dags/job_etl_dag.py took 0.143 seconds
[2026-05-12T18:23:46.981+0000] {processor.py:161} INFO - Started process (PID=560) to work on /opt/airflow/dags/job_etl_dag.py
[2026-05-12T18:23:46.983+0000] {processor.py:830} INFO - Processing file /opt/airflow/dags/job_etl_dag.py for tasks to queue
[2026-05-12T18:23:46.986+0000] {logging_mixin.py:188} INFO - [2026-05-12T18:23:46.985+0000] {dagbag.py:538} INFO - Filling up the DagBag from /opt/airflow/dags/job_etl_dag.py
[2026-05-12T18:23:47.018+0000] {processor.py:840} INFO - DAG(s) 'job_market_etl' retrieved from /opt/airflow/dags/job_etl_dag.py
[2026-05-12T18:23:47.061+0000] {logging_mixin.py:188} INFO - [2026-05-12T18:23:47.061+0000] {dag.py:3036} INFO - Sync 1 DAGs
[2026-05-12T18:23:47.084+0000] {logging_mixin.py:188} INFO - [2026-05-12T18:23:47.084+0000] {dag.py:3823} INFO - Setting next_dagrun for job_market_etl to None, run_after=None
[2026-05-12T18:23:47.132+0000] {processor.py:183} INFO - Processing /opt/airflow/dags/job_etl_dag.py took 0.156 seconds
[2026-05-12T18:24:17.255+0000] {processor.py:161} INFO - Started process (PID=561) to work on /opt/airflow/dags/job_etl_dag.py
[2026-05-12T18:24:17.257+0000] {processor.py:830} INFO - Processing file /opt/airflow/dags/job_etl_dag.py for tasks to queue
[2026-05-12T18:24:17.259+0000] {logging_mixin.py:188} INFO - [2026-05-12T18:24:17.258+0000] {dagbag.py:538} INFO - Filling up the DagBag from /opt/airflow/dags/job_etl_dag.py
[2026-05-12T18:24:17.290+0000] {processor.py:840} INFO - DAG(s) 'job_market_etl' retrieved from /opt/airflow/dags/job_etl_dag.py
[2026-05-12T18:24:17.339+0000] {logging_mixin.py:188} INFO - [2026-05-12T18:24:17.338+0000] {dag.py:3036} INFO - Sync 1 DAGs
[2026-05-12T18:24:17.357+0000] {logging_mixin.py:188} INFO - [2026-05-12T18:24:17.356+0000] {dag.py:3823} INFO - Setting next_dagrun for job_market_etl to None, run_after=None
[2026-05-12T18:24:17.390+0000] {processor.py:183} INFO - Processing /opt/airflow/dags/job_etl_dag.py took 0.140 seconds
[2026-05-12T18:24:47.642+0000] {processor.py:161} INFO - Started process (PID=562) to work on /opt/airflow/dags/job_etl_dag.py
[2026-05-12T18:24:47.644+0000] {processor.py:830} INFO - Processing file /opt/airflow/dags/job_etl_dag.py for tasks to queue
[2026-05-12T18:24:47.647+0000] {logging_mixin.py:188} INFO - [2026-05-12T18:24:47.646+0000] {dagbag.py:538} INFO - Filling up the DagBag from /opt/airflow/dags/job_etl_dag.py
[2026-05-12T18:24:47.678+0000] {processor.py:840} INFO - DAG(s) 'job_market_etl' retrieved from /opt/airflow/dags/job_etl_dag.py
[2026-05-12T18:24:47.721+0000] {logging_mixin.py:188} INFO - [2026-05-12T18:24:47.721+0000] {dag.py:3036} INFO - Sync 1 DAGs
[2026-05-12T18:24:47.737+0000] {logging_mixin.py:188} INFO - [2026-05-12T18:24:47.737+0000] {dag.py:3823} INFO - Setting next_dagrun for job_market_etl to None, run_after=None
[2026-05-12T18:24:47.784+0000] {processor.py:183} INFO - Processing /opt/airflow/dags/job_etl_dag.py took 0.146 seconds
[2026-05-12T18:25:17.910+0000] {processor.py:161} INFO - Started process (PID=563) to work on /opt/airflow/dags/job_etl_dag.py
[2026-05-12T18:25:17.912+0000] {processor.py:830} INFO - Processing file /opt/airflow/dags/job_etl_dag.py for tasks to queue
[2026-05-12T18:25:17.913+0000] {logging_mixin.py:188} INFO - [2026-05-12T18:25:17.913+0000] {dagbag.py:538} INFO - Filling up the DagBag from /opt/airflow/dags/job_etl_dag.py
[2026-05-12T18:25:17.950+0000] {processor.py:840} INFO - DAG(s) 'job_market_etl' retrieved from /opt/airflow/dags/job_etl_dag.py
[2026-05-12T18:25:18.010+0000] {logging_mixin.py:188} INFO - [2026-05-12T18:25:18.010+0000] {dag.py:3036} INFO - Sync 1 DAGs
[2026-05-12T18:25:18.030+0000] {logging_mixin.py:188} INFO - [2026-05-12T18:25:18.030+0000] {dag.py:3823} INFO - Setting next_dagrun for job_market_etl to None, run_after=None
[2026-05-12T18:25:18.064+0000] {processor.py:183} INFO - Processing /opt/airflow/dags/job_etl_dag.py took 0.159 seconds
[2026-05-12T18:25:48.347+0000] {processor.py:161} INFO - Started process (PID=564) to work on /opt/airflow/dags/job_etl_dag.py
[2026-05-12T18:25:48.348+0000] {processor.py:830} INFO - Processing file /opt/airflow/dags/job_etl_dag.py for tasks to queue
[2026-05-12T18:25:48.350+0000] {logging_mixin.py:188} INFO - [2026-05-12T18:25:48.350+0000] {dagbag.py:538} INFO - Filling up the DagBag from /opt/airflow/dags/job_etl_dag.py
[2026-05-12T18:25:48.386+0000] {processor.py:840} INFO - DAG(s) 'job_market_etl' retrieved from /opt/airflow/dags/job_etl_dag.py
[2026-05-12T18:25:48.430+0000] {logging_mixin.py:188} INFO - [2026-05-12T18:25:48.429+0000] {dag.py:3036} INFO - Sync 1 DAGs
[2026-05-12T18:25:48.447+0000] {logging_mixin.py:188} INFO - [2026-05-12T18:25:48.447+0000] {dag.py:3823} INFO - Setting next_dagrun for job_market_etl to None, run_after=None
[2026-05-12T18:25:48.482+0000] {processor.py:183} INFO - Processing /opt/airflow/dags/job_etl_dag.py took 0.140 seconds
[2026-05-12T18:26:18.648+0000] {processor.py:161} INFO - Started process (PID=565) to work on /opt/airflow/dags/job_etl_dag.py
[2026-05-12T18:26:18.650+0000] {processor.py:830} INFO - Processing file /opt/airflow/dags/job_etl_dag.py for tasks to queue
[2026-05-12T18:26:18.653+0000] {logging_mixin.py:188} INFO - [2026-05-12T18:26:18.653+0000] {dagbag.py:538} INFO - Filling up the DagBag from /opt/airflow/dags/job_etl_dag.py
[2026-05-12T18:26:18.689+0000] {processor.py:840} INFO - DAG(s) 'job_market_etl' retrieved from /opt/airflow/dags/job_etl_dag.py
[2026-05-12T18:26:18.740+0000] {logging_mixin.py:188} INFO - [2026-05-12T18:26:18.740+0000] {dag.py:3036} INFO - Sync 1 DAGs
[2026-05-12T18:26:18.758+0000] {logging_mixin.py:188} INFO - [2026-05-12T18:26:18.758+0000] {dag.py:3823} INFO - Setting next_dagrun for job_market_etl to None, run_after=None
[2026-05-12T18:26:18.796+0000] {processor.py:183} INFO - Processing /opt/airflow/dags/job_etl_dag.py took 0.156 seconds
[2026-05-12T18:26:49.000+0000] {processor.py:161} INFO - Started process (PID=566) to work on /opt/airflow/dags/job_etl_dag.py
[2026-05-12T18:26:49.002+0000] {processor.py:830} INFO - Processing file /opt/airflow/dags/job_etl_dag.py for tasks to queue
[2026-05-12T18:26:49.005+0000] {logging_mixin.py:188} INFO - [2026-05-12T18:26:49.004+0000] {dagbag.py:538} INFO - Filling up the DagBag from /opt/airflow/dags/job_etl_dag.py
[2026-05-12T18:26:49.036+0000] {processor.py:840} INFO - DAG(s) 'job_market_etl' retrieved from /opt/airflow/dags/job_etl_dag.py
[2026-05-12T18:26:49.081+0000] {logging_mixin.py:188} INFO - [2026-05-12T18:26:49.080+0000] {dag.py:3036} INFO - Sync 1 DAGs
[2026-05-12T18:26:49.100+0000] {logging_mixin.py:188} INFO - [2026-05-12T18:26:49.100+0000] {dag.py:3823} INFO - Setting next_dagrun for job_market_etl to None, run_after=None
[2026-05-12T18:26:49.130+0000] {processor.py:183} INFO - Processing /opt/airflow/dags/job_etl_dag.py took 0.136 seconds
[2026-05-12T18:27:19.293+0000] {processor.py:161} INFO - Started process (PID=623) to work on /opt/airflow/dags/job_etl_dag.py
[2026-05-12T18:27:19.295+0000] {processor.py:830} INFO - Processing file /opt/airflow/dags/job_etl_dag.py for tasks to queue
[2026-05-12T18:27:19.298+0000] {logging_mixin.py:188} INFO - [2026-05-12T18:27:19.297+0000] {dagbag.py:538} INFO - Filling up the DagBag from /opt/airflow/dags/job_etl_dag.py
[2026-05-12T18:27:19.332+0000] {processor.py:840} INFO - DAG(s) 'job_market_etl' retrieved from /opt/airflow/dags/job_etl_dag.py
[2026-05-12T18:27:19.381+0000] {logging_mixin.py:188} INFO - [2026-05-12T18:27:19.381+0000] {dag.py:3036} INFO - Sync 1 DAGs
[2026-05-12T18:27:19.399+0000] {logging_mixin.py:188} INFO - [2026-05-12T18:27:19.399+0000] {dag.py:3823} INFO - Setting next_dagrun for job_market_etl to None, run_after=None
[2026-05-12T18:27:19.429+0000] {processor.py:183} INFO - Processing /opt/airflow/dags/job_etl_dag.py took 0.140 seconds
[2026-05-12T18:27:49.647+0000] {processor.py:161} INFO - Started process (PID=680) to work on /opt/airflow/dags/job_etl_dag.py
[2026-05-12T18:27:49.649+0000] {processor.py:830} INFO - Processing file /opt/airflow/dags/job_etl_dag.py for tasks to queue
[2026-05-12T18:27:49.650+0000] {logging_mixin.py:188} INFO - [2026-05-12T18:27:49.650+0000] {dagbag.py:538} INFO - Filling up the DagBag from /opt/airflow/dags/job_etl_dag.py
[2026-05-12T18:27:49.683+0000] {processor.py:840} INFO - DAG(s) 'job_market_etl' retrieved from /opt/airflow/dags/job_etl_dag.py
[2026-05-12T18:27:49.727+0000] {logging_mixin.py:188} INFO - [2026-05-12T18:27:49.726+0000] {dag.py:3036} INFO - Sync 1 DAGs
[2026-05-12T18:27:49.744+0000] {logging_mixin.py:188} INFO - [2026-05-12T18:27:49.743+0000] {dag.py:3823} INFO - Setting next_dagrun for job_market_etl to None, run_after=None
[2026-05-12T18:27:49.789+0000] {processor.py:183} INFO - Processing /opt/airflow/dags/job_etl_dag.py took 0.146 seconds
[2026-05-12T18:28:19.906+0000] {processor.py:161} INFO - Started process (PID=681) to work on /opt/airflow/dags/job_etl_dag.py
[2026-05-12T18:28:19.908+0000] {processor.py:830} INFO - Processing file /opt/airflow/dags/job_etl_dag.py for tasks to queue
[2026-05-12T18:28:19.909+0000] {logging_mixin.py:188} INFO - [2026-05-12T18:28:19.909+0000] {dagbag.py:538} INFO - Filling up the DagBag from /opt/airflow/dags/job_etl_dag.py
[2026-05-12T18:28:19.937+0000] {processor.py:840} INFO - DAG(s) 'job_market_etl' retrieved from /opt/airflow/dags/job_etl_dag.py
[2026-05-12T18:28:19.981+0000] {logging_mixin.py:188} INFO - [2026-05-12T18:28:19.980+0000] {dag.py:3036} INFO - Sync 1 DAGs
[2026-05-12T18:28:19.998+0000] {logging_mixin.py:188} INFO - [2026-05-12T18:28:19.998+0000] {dag.py:3823} INFO - Setting next_dagrun for job_market_etl to None, run_after=None
[2026-05-12T18:28:20.029+0000] {processor.py:183} INFO - Processing /opt/airflow/dags/job_etl_dag.py took 0.127 seconds
[2026-05-12T18:28:50.273+0000] {processor.py:161} INFO - Started process (PID=682) to work on /opt/airflow/dags/job_etl_dag.py
[2026-05-12T18:28:50.275+0000] {processor.py:830} INFO - Processing file /opt/airflow/dags/job_etl_dag.py for tasks to queue
[2026-05-12T18:28:50.276+0000] {logging_mixin.py:188} INFO - [2026-05-12T18:28:50.276+0000] {dagbag.py:538} INFO - Filling up the DagBag from /opt/airflow/dags/job_etl_dag.py
[2026-05-12T18:28:50.307+0000] {processor.py:840} INFO - DAG(s) 'job_market_etl' retrieved from /opt/airflow/dags/job_etl_dag.py
[2026-05-12T18:28:50.347+0000] {logging_mixin.py:188} INFO - [2026-05-12T18:28:50.347+0000] {dag.py:3036} INFO - Sync 1 DAGs
[2026-05-12T18:28:50.365+0000] {logging_mixin.py:188} INFO - [2026-05-12T18:28:50.364+0000] {dag.py:3823} INFO - Setting next_dagrun for job_market_etl to None, run_after=None
[2026-05-12T18:28:50.408+0000] {processor.py:183} INFO - Processing /opt/airflow/dags/job_etl_dag.py took 0.140 seconds
[2026-05-12T18:29:20.524+0000] {processor.py:161} INFO - Started process (PID=683) to work on /opt/airflow/dags/job_etl_dag.py
[2026-05-12T18:29:20.526+0000] {processor.py:830} INFO - Processing file /opt/airflow/dags/job_etl_dag.py for tasks to queue
[2026-05-12T18:29:20.529+0000] {logging_mixin.py:188} INFO - [2026-05-12T18:29:20.528+0000] {dagbag.py:538} INFO - Filling up the DagBag from /opt/airflow/dags/job_etl_dag.py
[2026-05-12T18:29:20.559+0000] {processor.py:840} INFO - DAG(s) 'job_market_etl' retrieved from /opt/airflow/dags/job_etl_dag.py
[2026-05-12T18:29:20.610+0000] {logging_mixin.py:188} INFO - [2026-05-12T18:29:20.610+0000] {dag.py:3036} INFO - Sync 1 DAGs
[2026-05-12T18:29:20.628+0000] {logging_mixin.py:188} INFO - [2026-05-12T18:29:20.628+0000] {dag.py:3823} INFO - Setting next_dagrun for job_market_etl to None, run_after=None
[2026-05-12T18:29:20.661+0000] {processor.py:183} INFO - Processing /opt/airflow/dags/job_etl_dag.py took 0.142 seconds
[2026-05-12T18:29:50.878+0000] {processor.py:161} INFO - Started process (PID=684) to work on /opt/airflow/dags/job_etl_dag.py
[2026-05-12T18:29:50.880+0000] {processor.py:830} INFO - Processing file /opt/airflow/dags/job_etl_dag.py for tasks to queue
[2026-05-12T18:29:50.882+0000] {logging_mixin.py:188} INFO - [2026-05-12T18:29:50.882+0000] {dagbag.py:538} INFO - Filling up the DagBag from /opt/airflow/dags/job_etl_dag.py
[2026-05-12T18:29:50.914+0000] {processor.py:840} INFO - DAG(s) 'job_market_etl' retrieved from /opt/airflow/dags/job_etl_dag.py
[2026-05-12T18:29:50.961+0000] {logging_mixin.py:188} INFO - [2026-05-12T18:29:50.961+0000] {dag.py:3036} INFO - Sync 1 DAGs
[2026-05-12T18:29:50.982+0000] {logging_mixin.py:188} INFO - [2026-05-12T18:29:50.981+0000] {dag.py:3823} INFO - Setting next_dagrun for job_market_etl to None, run_after=None
[2026-05-12T18:29:51.010+0000] {processor.py:183} INFO - Processing /opt/airflow/dags/job_etl_dag.py took 0.137 seconds
[2026-05-12T18:30:21.139+0000] {processor.py:161} INFO - Started process (PID=685) to work on /opt/airflow/dags/job_etl_dag.py
[2026-05-12T18:30:21.142+0000] {processor.py:830} INFO - Processing file /opt/airflow/dags/job_etl_dag.py for tasks to queue
[2026-05-12T18:30:21.144+0000] {logging_mixin.py:188} INFO - [2026-05-12T18:30:21.143+0000] {dagbag.py:538} INFO - Filling up the DagBag from /opt/airflow/dags/job_etl_dag.py
[2026-05-12T18:30:21.178+0000] {processor.py:840} INFO - DAG(s) 'job_market_etl' retrieved from /opt/airflow/dags/job_etl_dag.py
[2026-05-12T18:30:21.226+0000] {logging_mixin.py:188} INFO - [2026-05-12T18:30:21.225+0000] {dag.py:3036} INFO - Sync 1 DAGs
[2026-05-12T18:30:21.242+0000] {logging_mixin.py:188} INFO - [2026-05-12T18:30:21.241+0000] {dag.py:3823} INFO - Setting next_dagrun for job_market_etl to None, run_after=None
[2026-05-12T18:30:21.272+0000] {processor.py:183} INFO - Processing /opt/airflow/dags/job_etl_dag.py took 0.138 seconds
[2026-05-12T18:30:51.537+0000] {processor.py:161} INFO - Started process (PID=686) to work on /opt/airflow/dags/job_etl_dag.py
[2026-05-12T18:30:51.539+0000] {processor.py:830} INFO - Processing file /opt/airflow/dags/job_etl_dag.py for tasks to queue
[2026-05-12T18:30:51.541+0000] {logging_mixin.py:188} INFO - [2026-05-12T18:30:51.540+0000] {dagbag.py:538} INFO - Filling up the DagBag from /opt/airflow/dags/job_etl_dag.py
[2026-05-12T18:30:51.571+0000] {processor.py:840} INFO - DAG(s) 'job_market_etl' retrieved from /opt/airflow/dags/job_etl_dag.py
[2026-05-12T18:30:51.614+0000] {logging_mixin.py:188} INFO - [2026-05-12T18:30:51.614+0000] {dag.py:3036} INFO - Sync 1 DAGs
[2026-05-12T18:30:51.630+0000] {logging_mixin.py:188} INFO - [2026-05-12T18:30:51.630+0000] {dag.py:3823} INFO - Setting next_dagrun for job_market_etl to None, run_after=None
[2026-05-12T18:30:51.661+0000] {processor.py:183} INFO - Processing /opt/airflow/dags/job_etl_dag.py took 0.130 seconds
[2026-05-12T18:31:21.796+0000] {processor.py:161} INFO - Started process (PID=687) to work on /opt/airflow/dags/job_etl_dag.py
[2026-05-12T18:31:21.798+0000] {processor.py:830} INFO - Processing file /opt/airflow/dags/job_etl_dag.py for tasks to queue
[2026-05-12T18:31:21.800+0000] {logging_mixin.py:188} INFO - [2026-05-12T18:31:21.800+0000] {dagbag.py:538} INFO - Filling up the DagBag from /opt/airflow/dags/job_etl_dag.py
[2026-05-12T18:31:21.836+0000] {processor.py:840} INFO - DAG(s) 'job_market_etl' retrieved from /opt/airflow/dags/job_etl_dag.py
[2026-05-12T18:31:21.886+0000] {logging_mixin.py:188} INFO - [2026-05-12T18:31:21.885+0000] {dag.py:3036} INFO - Sync 1 DAGs
[2026-05-12T18:31:21.904+0000] {logging_mixin.py:188} INFO - [2026-05-12T18:31:21.904+0000] {dag.py:3823} INFO - Setting next_dagrun for job_market_etl to None, run_after=None
[2026-05-12T18:31:21.936+0000] {processor.py:183} INFO - Processing /opt/airflow/dags/job_etl_dag.py took 0.146 seconds
[2026-05-12T18:31:52.129+0000] {processor.py:161} INFO - Started process (PID=688) to work on /opt/airflow/dags/job_etl_dag.py
[2026-05-12T18:31:52.131+0000] {processor.py:830} INFO - Processing file /opt/airflow/dags/job_etl_dag.py for tasks to queue
[2026-05-12T18:31:52.133+0000] {logging_mixin.py:188} INFO - [2026-05-12T18:31:52.133+0000] {dagbag.py:538} INFO - Filling up the DagBag from /opt/airflow/dags/job_etl_dag.py
[2026-05-12T18:31:52.164+0000] {processor.py:840} INFO - DAG(s) 'job_market_etl' retrieved from /opt/airflow/dags/job_etl_dag.py
[2026-05-12T18:31:52.215+0000] {logging_mixin.py:188} INFO - [2026-05-12T18:31:52.215+0000] {dag.py:3036} INFO - Sync 1 DAGs
[2026-05-12T18:31:52.234+0000] {logging_mixin.py:188} INFO - [2026-05-12T18:31:52.234+0000] {dag.py:3823} INFO - Setting next_dagrun for job_market_etl to None, run_after=None
[2026-05-12T18:31:52.280+0000] {processor.py:183} INFO - Processing /opt/airflow/dags/job_etl_dag.py took 0.156 seconds
[2026-05-12T18:32:22.408+0000] {processor.py:161} INFO - Started process (PID=689) to work on /opt/airflow/dags/job_etl_dag.py
[2026-05-12T18:32:22.411+0000] {processor.py:830} INFO - Processing file /opt/airflow/dags/job_etl_dag.py for tasks to queue
[2026-05-12T18:32:22.413+0000] {logging_mixin.py:188} INFO - [2026-05-12T18:32:22.412+0000] {dagbag.py:538} INFO - Filling up the DagBag from /opt/airflow/dags/job_etl_dag.py
[2026-05-12T18:32:22.449+0000] {processor.py:840} INFO - DAG(s) 'job_market_etl' retrieved from /opt/airflow/dags/job_etl_dag.py
[2026-05-12T18:32:22.496+0000] {logging_mixin.py:188} INFO - [2026-05-12T18:32:22.495+0000] {dag.py:3036} INFO - Sync 1 DAGs
[2026-05-12T18:32:22.512+0000] {logging_mixin.py:188} INFO - [2026-05-12T18:32:22.511+0000] {dag.py:3823} INFO - Setting next_dagrun for job_market_etl to None, run_after=None
[2026-05-12T18:32:22.550+0000] {processor.py:183} INFO - Processing /opt/airflow/dags/job_etl_dag.py took 0.147 seconds
[2026-05-12T18:32:52.773+0000] {processor.py:161} INFO - Started process (PID=690) to work on /opt/airflow/dags/job_etl_dag.py
[2026-05-12T18:32:52.775+0000] {processor.py:830} INFO - Processing file /opt/airflow/dags/job_etl_dag.py for tasks to queue
[2026-05-12T18:32:52.776+0000] {logging_mixin.py:188} INFO - [2026-05-12T18:32:52.776+0000] {dagbag.py:538} INFO - Filling up the DagBag from /opt/airflow/dags/job_etl_dag.py
[2026-05-12T18:32:52.808+0000] {processor.py:840} INFO - DAG(s) 'job_market_etl' retrieved from /opt/airflow/dags/job_etl_dag.py
[2026-05-12T18:32:52.856+0000] {logging_mixin.py:188} INFO - [2026-05-12T18:32:52.856+0000] {dag.py:3036} INFO - Sync 1 DAGs
[2026-05-12T18:32:52.879+0000] {logging_mixin.py:188} INFO - [2026-05-12T18:32:52.879+0000] {dag.py:3823} INFO - Setting next_dagrun for job_market_etl to None, run_after=None
[2026-05-12T18:32:52.922+0000] {processor.py:183} INFO - Processing /opt/airflow/dags/job_etl_dag.py took 0.155 seconds
[2026-05-12T18:33:23.041+0000] {processor.py:161} INFO - Started process (PID=691) to work on /opt/airflow/dags/job_etl_dag.py
[2026-05-12T18:33:23.043+0000] {processor.py:830} INFO - Processing file /opt/airflow/dags/job_etl_dag.py for tasks to queue
[2026-05-12T18:33:23.044+0000] {logging_mixin.py:188} INFO - [2026-05-12T18:33:23.044+0000] {dagbag.py:538} INFO - Filling up the DagBag from /opt/airflow/dags/job_etl_dag.py
[2026-05-12T18:33:23.079+0000] {processor.py:840} INFO - DAG(s) 'job_market_etl' retrieved from /opt/airflow/dags/job_etl_dag.py
[2026-05-12T18:33:23.128+0000] {logging_mixin.py:188} INFO - [2026-05-12T18:33:23.128+0000] {dag.py:3036} INFO - Sync 1 DAGs
[2026-05-12T18:33:23.144+0000] {logging_mixin.py:188} INFO - [2026-05-12T18:33:23.144+0000] {dag.py:3823} INFO - Setting next_dagrun for job_market_etl to None, run_after=None
[2026-05-12T18:33:23.174+0000] {processor.py:183} INFO - Processing /opt/airflow/dags/job_etl_dag.py took 0.141 seconds
