[2026-05-11T09:40:42.917+0000] {processor.py:161} INFO - Started process (PID=1483) to work on /opt/airflow/dags/job_etl_dag.py
[2026-05-11T09:40:42.921+0000] {processor.py:830} INFO - Processing file /opt/airflow/dags/job_etl_dag.py for tasks to queue
[2026-05-11T09:40:42.934+0000] {logging_mixin.py:188} INFO - [2026-05-11T09:40:42.933+0000] {dagbag.py:538} INFO - Filling up the DagBag from /opt/airflow/dags/job_etl_dag.py
[2026-05-11T09:40:43.103+0000] {processor.py:840} INFO - DAG(s) 'job_market_etl' retrieved from /opt/airflow/dags/job_etl_dag.py
[2026-05-11T09:40:43.383+0000] {logging_mixin.py:188} INFO - [2026-05-11T09:40:43.383+0000] {dag.py:3036} INFO - Sync 1 DAGs
[2026-05-11T09:40:43.504+0000] {logging_mixin.py:188} INFO - [2026-05-11T09:40:43.503+0000] {dag.py:3823} INFO - Setting next_dagrun for job_market_etl to None, run_after=None
[2026-05-11T09:40:43.634+0000] {processor.py:183} INFO - Processing /opt/airflow/dags/job_etl_dag.py took 0.725 seconds
[2026-05-11T09:41:14.254+0000] {processor.py:161} INFO - Started process (PID=1484) to work on /opt/airflow/dags/job_etl_dag.py
[2026-05-11T09:41:14.259+0000] {processor.py:830} INFO - Processing file /opt/airflow/dags/job_etl_dag.py for tasks to queue
[2026-05-11T09:41:14.264+0000] {logging_mixin.py:188} INFO - [2026-05-11T09:41:14.263+0000] {dagbag.py:538} INFO - Filling up the DagBag from /opt/airflow/dags/job_etl_dag.py
[2026-05-11T09:41:14.342+0000] {processor.py:840} INFO - DAG(s) 'job_market_etl' retrieved from /opt/airflow/dags/job_etl_dag.py
[2026-05-11T09:41:14.427+0000] {logging_mixin.py:188} INFO - [2026-05-11T09:41:14.427+0000] {dag.py:3036} INFO - Sync 1 DAGs
[2026-05-11T09:41:14.452+0000] {logging_mixin.py:188} INFO - [2026-05-11T09:41:14.452+0000] {dag.py:3823} INFO - Setting next_dagrun for job_market_etl to None, run_after=None
[2026-05-11T09:41:14.495+0000] {processor.py:183} INFO - Processing /opt/airflow/dags/job_etl_dag.py took 0.254 seconds
[2026-05-11T09:41:44.729+0000] {processor.py:161} INFO - Started process (PID=1485) to work on /opt/airflow/dags/job_etl_dag.py
[2026-05-11T09:41:44.731+0000] {processor.py:830} INFO - Processing file /opt/airflow/dags/job_etl_dag.py for tasks to queue
[2026-05-11T09:41:44.732+0000] {logging_mixin.py:188} INFO - [2026-05-11T09:41:44.732+0000] {dagbag.py:538} INFO - Filling up the DagBag from /opt/airflow/dags/job_etl_dag.py
[2026-05-11T09:41:44.767+0000] {processor.py:840} INFO - DAG(s) 'job_market_etl' retrieved from /opt/airflow/dags/job_etl_dag.py
[2026-05-11T09:41:44.818+0000] {logging_mixin.py:188} INFO - [2026-05-11T09:41:44.817+0000] {dag.py:3036} INFO - Sync 1 DAGs
[2026-05-11T09:41:44.837+0000] {logging_mixin.py:188} INFO - [2026-05-11T09:41:44.836+0000] {dag.py:3823} INFO - Setting next_dagrun for job_market_etl to None, run_after=None
[2026-05-11T09:41:44.869+0000] {processor.py:183} INFO - Processing /opt/airflow/dags/job_etl_dag.py took 0.145 seconds
[2026-05-11T09:42:14.967+0000] {processor.py:161} INFO - Started process (PID=1486) to work on /opt/airflow/dags/job_etl_dag.py
[2026-05-11T09:42:14.968+0000] {processor.py:830} INFO - Processing file /opt/airflow/dags/job_etl_dag.py for tasks to queue
[2026-05-11T09:42:14.971+0000] {logging_mixin.py:188} INFO - [2026-05-11T09:42:14.970+0000] {dagbag.py:538} INFO - Filling up the DagBag from /opt/airflow/dags/job_etl_dag.py
[2026-05-11T09:42:15.010+0000] {processor.py:840} INFO - DAG(s) 'job_market_etl' retrieved from /opt/airflow/dags/job_etl_dag.py
[2026-05-11T09:42:15.085+0000] {logging_mixin.py:188} INFO - [2026-05-11T09:42:15.085+0000] {dag.py:3036} INFO - Sync 1 DAGs
[2026-05-11T09:42:15.108+0000] {logging_mixin.py:188} INFO - [2026-05-11T09:42:15.108+0000] {dag.py:3823} INFO - Setting next_dagrun for job_market_etl to None, run_after=None
[2026-05-11T09:42:15.147+0000] {processor.py:183} INFO - Processing /opt/airflow/dags/job_etl_dag.py took 0.188 seconds
[2026-05-11T09:42:45.278+0000] {processor.py:161} INFO - Started process (PID=1487) to work on /opt/airflow/dags/job_etl_dag.py
[2026-05-11T09:42:45.279+0000] {processor.py:830} INFO - Processing file /opt/airflow/dags/job_etl_dag.py for tasks to queue
[2026-05-11T09:42:45.281+0000] {logging_mixin.py:188} INFO - [2026-05-11T09:42:45.280+0000] {dagbag.py:538} INFO - Filling up the DagBag from /opt/airflow/dags/job_etl_dag.py
[2026-05-11T09:42:45.310+0000] {processor.py:840} INFO - DAG(s) 'job_market_etl' retrieved from /opt/airflow/dags/job_etl_dag.py
[2026-05-11T09:42:45.352+0000] {logging_mixin.py:188} INFO - [2026-05-11T09:42:45.352+0000] {dag.py:3036} INFO - Sync 1 DAGs
[2026-05-11T09:42:45.368+0000] {logging_mixin.py:188} INFO - [2026-05-11T09:42:45.367+0000] {dag.py:3823} INFO - Setting next_dagrun for job_market_etl to None, run_after=None
[2026-05-11T09:42:45.411+0000] {processor.py:183} INFO - Processing /opt/airflow/dags/job_etl_dag.py took 0.138 seconds
[2026-05-11T09:43:15.512+0000] {processor.py:161} INFO - Started process (PID=1489) to work on /opt/airflow/dags/job_etl_dag.py
[2026-05-11T09:43:15.514+0000] {processor.py:830} INFO - Processing file /opt/airflow/dags/job_etl_dag.py for tasks to queue
[2026-05-11T09:43:15.516+0000] {logging_mixin.py:188} INFO - [2026-05-11T09:43:15.515+0000] {dagbag.py:538} INFO - Filling up the DagBag from /opt/airflow/dags/job_etl_dag.py
[2026-05-11T09:43:15.545+0000] {processor.py:840} INFO - DAG(s) 'job_market_etl' retrieved from /opt/airflow/dags/job_etl_dag.py
[2026-05-11T09:43:15.592+0000] {logging_mixin.py:188} INFO - [2026-05-11T09:43:15.592+0000] {dag.py:3036} INFO - Sync 1 DAGs
[2026-05-11T09:43:15.612+0000] {logging_mixin.py:188} INFO - [2026-05-11T09:43:15.611+0000] {dag.py:3823} INFO - Setting next_dagrun for job_market_etl to None, run_after=None
[2026-05-11T09:43:15.641+0000] {processor.py:183} INFO - Processing /opt/airflow/dags/job_etl_dag.py took 0.134 seconds
[2026-05-11T09:43:45.894+0000] {processor.py:161} INFO - Started process (PID=1490) to work on /opt/airflow/dags/job_etl_dag.py
[2026-05-11T09:43:45.896+0000] {processor.py:830} INFO - Processing file /opt/airflow/dags/job_etl_dag.py for tasks to queue
[2026-05-11T09:43:45.897+0000] {logging_mixin.py:188} INFO - [2026-05-11T09:43:45.897+0000] {dagbag.py:538} INFO - Filling up the DagBag from /opt/airflow/dags/job_etl_dag.py
[2026-05-11T09:43:45.930+0000] {processor.py:840} INFO - DAG(s) 'job_market_etl' retrieved from /opt/airflow/dags/job_etl_dag.py
[2026-05-11T09:43:45.974+0000] {logging_mixin.py:188} INFO - [2026-05-11T09:43:45.973+0000] {dag.py:3036} INFO - Sync 1 DAGs
[2026-05-11T09:43:45.988+0000] {logging_mixin.py:188} INFO - [2026-05-11T09:43:45.988+0000] {dag.py:3823} INFO - Setting next_dagrun for job_market_etl to None, run_after=None
[2026-05-11T09:43:46.021+0000] {processor.py:183} INFO - Processing /opt/airflow/dags/job_etl_dag.py took 0.131 seconds
[2026-05-11T09:44:16.139+0000] {processor.py:161} INFO - Started process (PID=1491) to work on /opt/airflow/dags/job_etl_dag.py
[2026-05-11T09:44:16.141+0000] {processor.py:830} INFO - Processing file /opt/airflow/dags/job_etl_dag.py for tasks to queue
[2026-05-11T09:44:16.143+0000] {logging_mixin.py:188} INFO - [2026-05-11T09:44:16.142+0000] {dagbag.py:538} INFO - Filling up the DagBag from /opt/airflow/dags/job_etl_dag.py
[2026-05-11T09:44:16.176+0000] {processor.py:840} INFO - DAG(s) 'job_market_etl' retrieved from /opt/airflow/dags/job_etl_dag.py
[2026-05-11T09:44:16.222+0000] {logging_mixin.py:188} INFO - [2026-05-11T09:44:16.221+0000] {dag.py:3036} INFO - Sync 1 DAGs
[2026-05-11T09:44:16.238+0000] {logging_mixin.py:188} INFO - [2026-05-11T09:44:16.237+0000] {dag.py:3823} INFO - Setting next_dagrun for job_market_etl to None, run_after=None
[2026-05-11T09:44:16.267+0000] {processor.py:183} INFO - Processing /opt/airflow/dags/job_etl_dag.py took 0.133 seconds
[2026-05-11T09:44:46.519+0000] {processor.py:161} INFO - Started process (PID=1492) to work on /opt/airflow/dags/job_etl_dag.py
[2026-05-11T09:44:46.521+0000] {processor.py:830} INFO - Processing file /opt/airflow/dags/job_etl_dag.py for tasks to queue
[2026-05-11T09:44:46.523+0000] {logging_mixin.py:188} INFO - [2026-05-11T09:44:46.523+0000] {dagbag.py:538} INFO - Filling up the DagBag from /opt/airflow/dags/job_etl_dag.py
[2026-05-11T09:44:46.555+0000] {processor.py:840} INFO - DAG(s) 'job_market_etl' retrieved from /opt/airflow/dags/job_etl_dag.py
[2026-05-11T09:44:46.593+0000] {logging_mixin.py:188} INFO - [2026-05-11T09:44:46.593+0000] {dag.py:3036} INFO - Sync 1 DAGs
[2026-05-11T09:44:46.608+0000] {logging_mixin.py:188} INFO - [2026-05-11T09:44:46.608+0000] {dag.py:3823} INFO - Setting next_dagrun for job_market_etl to None, run_after=None
[2026-05-11T09:44:46.639+0000] {processor.py:183} INFO - Processing /opt/airflow/dags/job_etl_dag.py took 0.124 seconds
[2026-05-11T09:45:16.776+0000] {processor.py:161} INFO - Started process (PID=1493) to work on /opt/airflow/dags/job_etl_dag.py
[2026-05-11T09:45:16.778+0000] {processor.py:830} INFO - Processing file /opt/airflow/dags/job_etl_dag.py for tasks to queue
[2026-05-11T09:45:16.780+0000] {logging_mixin.py:188} INFO - [2026-05-11T09:45:16.779+0000] {dagbag.py:538} INFO - Filling up the DagBag from /opt/airflow/dags/job_etl_dag.py
[2026-05-11T09:45:16.810+0000] {processor.py:840} INFO - DAG(s) 'job_market_etl' retrieved from /opt/airflow/dags/job_etl_dag.py
[2026-05-11T09:45:16.857+0000] {logging_mixin.py:188} INFO - [2026-05-11T09:45:16.856+0000] {dag.py:3036} INFO - Sync 1 DAGs
[2026-05-11T09:45:16.873+0000] {logging_mixin.py:188} INFO - [2026-05-11T09:45:16.873+0000] {dag.py:3823} INFO - Setting next_dagrun for job_market_etl to None, run_after=None
[2026-05-11T09:45:16.905+0000] {processor.py:183} INFO - Processing /opt/airflow/dags/job_etl_dag.py took 0.134 seconds
[2026-05-11T09:45:47.203+0000] {processor.py:161} INFO - Started process (PID=1494) to work on /opt/airflow/dags/job_etl_dag.py
[2026-05-11T09:45:47.206+0000] {processor.py:830} INFO - Processing file /opt/airflow/dags/job_etl_dag.py for tasks to queue
[2026-05-11T09:45:47.208+0000] {logging_mixin.py:188} INFO - [2026-05-11T09:45:47.207+0000] {dagbag.py:538} INFO - Filling up the DagBag from /opt/airflow/dags/job_etl_dag.py
[2026-05-11T09:45:47.258+0000] {processor.py:840} INFO - DAG(s) 'job_market_etl' retrieved from /opt/airflow/dags/job_etl_dag.py
[2026-05-11T09:45:47.308+0000] {logging_mixin.py:188} INFO - [2026-05-11T09:45:47.308+0000] {dag.py:3036} INFO - Sync 1 DAGs
[2026-05-11T09:45:47.325+0000] {logging_mixin.py:188} INFO - [2026-05-11T09:45:47.325+0000] {dag.py:3823} INFO - Setting next_dagrun for job_market_etl to None, run_after=None
[2026-05-11T09:45:47.364+0000] {processor.py:183} INFO - Processing /opt/airflow/dags/job_etl_dag.py took 0.168 seconds
[2026-05-11T09:46:17.451+0000] {processor.py:161} INFO - Started process (PID=1495) to work on /opt/airflow/dags/job_etl_dag.py
[2026-05-11T09:46:17.453+0000] {processor.py:830} INFO - Processing file /opt/airflow/dags/job_etl_dag.py for tasks to queue
[2026-05-11T09:46:17.455+0000] {logging_mixin.py:188} INFO - [2026-05-11T09:46:17.454+0000] {dagbag.py:538} INFO - Filling up the DagBag from /opt/airflow/dags/job_etl_dag.py
[2026-05-11T09:46:17.484+0000] {processor.py:840} INFO - DAG(s) 'job_market_etl' retrieved from /opt/airflow/dags/job_etl_dag.py
[2026-05-11T09:46:17.534+0000] {logging_mixin.py:188} INFO - [2026-05-11T09:46:17.534+0000] {dag.py:3036} INFO - Sync 1 DAGs
[2026-05-11T09:46:17.552+0000] {logging_mixin.py:188} INFO - [2026-05-11T09:46:17.552+0000] {dag.py:3823} INFO - Setting next_dagrun for job_market_etl to None, run_after=None
[2026-05-11T09:46:17.592+0000] {processor.py:183} INFO - Processing /opt/airflow/dags/job_etl_dag.py took 0.146 seconds
[2026-05-11T09:46:47.869+0000] {processor.py:161} INFO - Started process (PID=1496) to work on /opt/airflow/dags/job_etl_dag.py
[2026-05-11T09:46:47.872+0000] {processor.py:830} INFO - Processing file /opt/airflow/dags/job_etl_dag.py for tasks to queue
[2026-05-11T09:46:47.874+0000] {logging_mixin.py:188} INFO - [2026-05-11T09:46:47.874+0000] {dagbag.py:538} INFO - Filling up the DagBag from /opt/airflow/dags/job_etl_dag.py
[2026-05-11T09:46:47.909+0000] {processor.py:840} INFO - DAG(s) 'job_market_etl' retrieved from /opt/airflow/dags/job_etl_dag.py
[2026-05-11T09:46:47.946+0000] {logging_mixin.py:188} INFO - [2026-05-11T09:46:47.946+0000] {dag.py:3036} INFO - Sync 1 DAGs
[2026-05-11T09:46:47.960+0000] {logging_mixin.py:188} INFO - [2026-05-11T09:46:47.960+0000] {dag.py:3823} INFO - Setting next_dagrun for job_market_etl to None, run_after=None
[2026-05-11T09:46:47.998+0000] {processor.py:183} INFO - Processing /opt/airflow/dags/job_etl_dag.py took 0.133 seconds
[2026-05-11T09:47:18.143+0000] {processor.py:161} INFO - Started process (PID=1497) to work on /opt/airflow/dags/job_etl_dag.py
[2026-05-11T09:47:18.145+0000] {processor.py:830} INFO - Processing file /opt/airflow/dags/job_etl_dag.py for tasks to queue
[2026-05-11T09:47:18.147+0000] {logging_mixin.py:188} INFO - [2026-05-11T09:47:18.146+0000] {dagbag.py:538} INFO - Filling up the DagBag from /opt/airflow/dags/job_etl_dag.py
[2026-05-11T09:47:18.177+0000] {processor.py:840} INFO - DAG(s) 'job_market_etl' retrieved from /opt/airflow/dags/job_etl_dag.py
[2026-05-11T09:47:18.220+0000] {logging_mixin.py:188} INFO - [2026-05-11T09:47:18.220+0000] {dag.py:3036} INFO - Sync 1 DAGs
[2026-05-11T09:47:18.237+0000] {logging_mixin.py:188} INFO - [2026-05-11T09:47:18.237+0000] {dag.py:3823} INFO - Setting next_dagrun for job_market_etl to None, run_after=None
[2026-05-11T09:47:18.280+0000] {processor.py:183} INFO - Processing /opt/airflow/dags/job_etl_dag.py took 0.141 seconds
[2026-05-11T09:47:48.524+0000] {processor.py:161} INFO - Started process (PID=1498) to work on /opt/airflow/dags/job_etl_dag.py
[2026-05-11T09:47:48.526+0000] {processor.py:830} INFO - Processing file /opt/airflow/dags/job_etl_dag.py for tasks to queue
[2026-05-11T09:47:48.528+0000] {logging_mixin.py:188} INFO - [2026-05-11T09:47:48.528+0000] {dagbag.py:538} INFO - Filling up the DagBag from /opt/airflow/dags/job_etl_dag.py
[2026-05-11T09:47:48.569+0000] {processor.py:840} INFO - DAG(s) 'job_market_etl' retrieved from /opt/airflow/dags/job_etl_dag.py
[2026-05-11T09:47:48.609+0000] {logging_mixin.py:188} INFO - [2026-05-11T09:47:48.609+0000] {dag.py:3036} INFO - Sync 1 DAGs
[2026-05-11T09:47:48.625+0000] {logging_mixin.py:188} INFO - [2026-05-11T09:47:48.625+0000] {dag.py:3823} INFO - Setting next_dagrun for job_market_etl to None, run_after=None
[2026-05-11T09:47:48.655+0000] {processor.py:183} INFO - Processing /opt/airflow/dags/job_etl_dag.py took 0.139 seconds
[2026-05-11T09:48:18.801+0000] {processor.py:161} INFO - Started process (PID=1499) to work on /opt/airflow/dags/job_etl_dag.py
[2026-05-11T09:48:18.804+0000] {processor.py:830} INFO - Processing file /opt/airflow/dags/job_etl_dag.py for tasks to queue
[2026-05-11T09:48:18.805+0000] {logging_mixin.py:188} INFO - [2026-05-11T09:48:18.805+0000] {dagbag.py:538} INFO - Filling up the DagBag from /opt/airflow/dags/job_etl_dag.py
[2026-05-11T09:48:18.838+0000] {processor.py:840} INFO - DAG(s) 'job_market_etl' retrieved from /opt/airflow/dags/job_etl_dag.py
[2026-05-11T09:48:18.880+0000] {logging_mixin.py:188} INFO - [2026-05-11T09:48:18.879+0000] {dag.py:3036} INFO - Sync 1 DAGs
[2026-05-11T09:48:18.894+0000] {logging_mixin.py:188} INFO - [2026-05-11T09:48:18.893+0000] {dag.py:3823} INFO - Setting next_dagrun for job_market_etl to None, run_after=None
[2026-05-11T09:48:18.925+0000] {processor.py:183} INFO - Processing /opt/airflow/dags/job_etl_dag.py took 0.128 seconds
[2026-05-11T09:48:49.185+0000] {processor.py:161} INFO - Started process (PID=1500) to work on /opt/airflow/dags/job_etl_dag.py
[2026-05-11T09:48:49.187+0000] {processor.py:830} INFO - Processing file /opt/airflow/dags/job_etl_dag.py for tasks to queue
[2026-05-11T09:48:49.189+0000] {logging_mixin.py:188} INFO - [2026-05-11T09:48:49.188+0000] {dagbag.py:538} INFO - Filling up the DagBag from /opt/airflow/dags/job_etl_dag.py
[2026-05-11T09:48:49.219+0000] {processor.py:840} INFO - DAG(s) 'job_market_etl' retrieved from /opt/airflow/dags/job_etl_dag.py
[2026-05-11T09:48:49.260+0000] {logging_mixin.py:188} INFO - [2026-05-11T09:48:49.260+0000] {dag.py:3036} INFO - Sync 1 DAGs
[2026-05-11T09:48:49.277+0000] {logging_mixin.py:188} INFO - [2026-05-11T09:48:49.276+0000] {dag.py:3823} INFO - Setting next_dagrun for job_market_etl to None, run_after=None
[2026-05-11T09:48:49.306+0000] {processor.py:183} INFO - Processing /opt/airflow/dags/job_etl_dag.py took 0.126 seconds
[2026-05-11T09:49:19.454+0000] {processor.py:161} INFO - Started process (PID=1501) to work on /opt/airflow/dags/job_etl_dag.py
[2026-05-11T09:49:19.457+0000] {processor.py:830} INFO - Processing file /opt/airflow/dags/job_etl_dag.py for tasks to queue
[2026-05-11T09:49:19.459+0000] {logging_mixin.py:188} INFO - [2026-05-11T09:49:19.458+0000] {dagbag.py:538} INFO - Filling up the DagBag from /opt/airflow/dags/job_etl_dag.py
[2026-05-11T09:49:19.492+0000] {processor.py:840} INFO - DAG(s) 'job_market_etl' retrieved from /opt/airflow/dags/job_etl_dag.py
[2026-05-11T09:49:19.540+0000] {logging_mixin.py:188} INFO - [2026-05-11T09:49:19.540+0000] {dag.py:3036} INFO - Sync 1 DAGs
[2026-05-11T09:49:19.555+0000] {logging_mixin.py:188} INFO - [2026-05-11T09:49:19.555+0000] {dag.py:3823} INFO - Setting next_dagrun for job_market_etl to None, run_after=None
[2026-05-11T09:49:19.585+0000] {processor.py:183} INFO - Processing /opt/airflow/dags/job_etl_dag.py took 0.137 seconds
[2026-05-11T09:49:49.841+0000] {processor.py:161} INFO - Started process (PID=1502) to work on /opt/airflow/dags/job_etl_dag.py
[2026-05-11T09:49:49.843+0000] {processor.py:830} INFO - Processing file /opt/airflow/dags/job_etl_dag.py for tasks to queue
[2026-05-11T09:49:49.844+0000] {logging_mixin.py:188} INFO - [2026-05-11T09:49:49.844+0000] {dagbag.py:538} INFO - Filling up the DagBag from /opt/airflow/dags/job_etl_dag.py
[2026-05-11T09:49:49.874+0000] {processor.py:840} INFO - DAG(s) 'job_market_etl' retrieved from /opt/airflow/dags/job_etl_dag.py
[2026-05-11T09:49:49.915+0000] {logging_mixin.py:188} INFO - [2026-05-11T09:49:49.914+0000] {dag.py:3036} INFO - Sync 1 DAGs
[2026-05-11T09:49:49.930+0000] {logging_mixin.py:188} INFO - [2026-05-11T09:49:49.930+0000] {dag.py:3823} INFO - Setting next_dagrun for job_market_etl to None, run_after=None
[2026-05-11T09:49:49.962+0000] {processor.py:183} INFO - Processing /opt/airflow/dags/job_etl_dag.py took 0.127 seconds
[2026-05-11T09:50:20.089+0000] {processor.py:161} INFO - Started process (PID=1503) to work on /opt/airflow/dags/job_etl_dag.py
[2026-05-11T09:50:20.091+0000] {processor.py:830} INFO - Processing file /opt/airflow/dags/job_etl_dag.py for tasks to queue
[2026-05-11T09:50:20.093+0000] {logging_mixin.py:188} INFO - [2026-05-11T09:50:20.092+0000] {dagbag.py:538} INFO - Filling up the DagBag from /opt/airflow/dags/job_etl_dag.py
[2026-05-11T09:50:20.128+0000] {processor.py:840} INFO - DAG(s) 'job_market_etl' retrieved from /opt/airflow/dags/job_etl_dag.py
[2026-05-11T09:50:20.173+0000] {logging_mixin.py:188} INFO - [2026-05-11T09:50:20.172+0000] {dag.py:3036} INFO - Sync 1 DAGs
[2026-05-11T09:50:20.188+0000] {logging_mixin.py:188} INFO - [2026-05-11T09:50:20.188+0000] {dag.py:3823} INFO - Setting next_dagrun for job_market_etl to None, run_after=None
[2026-05-11T09:50:20.218+0000] {processor.py:183} INFO - Processing /opt/airflow/dags/job_etl_dag.py took 0.134 seconds
[2026-05-11T09:50:50.503+0000] {processor.py:161} INFO - Started process (PID=1504) to work on /opt/airflow/dags/job_etl_dag.py
[2026-05-11T09:50:50.506+0000] {processor.py:830} INFO - Processing file /opt/airflow/dags/job_etl_dag.py for tasks to queue
[2026-05-11T09:50:50.509+0000] {logging_mixin.py:188} INFO - [2026-05-11T09:50:50.508+0000] {dagbag.py:538} INFO - Filling up the DagBag from /opt/airflow/dags/job_etl_dag.py
[2026-05-11T09:50:50.539+0000] {processor.py:840} INFO - DAG(s) 'job_market_etl' retrieved from /opt/airflow/dags/job_etl_dag.py
[2026-05-11T09:50:50.575+0000] {logging_mixin.py:188} INFO - [2026-05-11T09:50:50.574+0000] {dag.py:3036} INFO - Sync 1 DAGs
[2026-05-11T09:50:50.589+0000] {logging_mixin.py:188} INFO - [2026-05-11T09:50:50.589+0000] {dag.py:3823} INFO - Setting next_dagrun for job_market_etl to None, run_after=None
[2026-05-11T09:50:50.634+0000] {processor.py:183} INFO - Processing /opt/airflow/dags/job_etl_dag.py took 0.136 seconds
[2026-05-11T09:51:20.775+0000] {processor.py:161} INFO - Started process (PID=1505) to work on /opt/airflow/dags/job_etl_dag.py
[2026-05-11T09:51:20.777+0000] {processor.py:830} INFO - Processing file /opt/airflow/dags/job_etl_dag.py for tasks to queue
[2026-05-11T09:51:20.780+0000] {logging_mixin.py:188} INFO - [2026-05-11T09:51:20.779+0000] {dagbag.py:538} INFO - Filling up the DagBag from /opt/airflow/dags/job_etl_dag.py
[2026-05-11T09:51:20.817+0000] {processor.py:840} INFO - DAG(s) 'job_market_etl' retrieved from /opt/airflow/dags/job_etl_dag.py
[2026-05-11T09:51:20.858+0000] {logging_mixin.py:188} INFO - [2026-05-11T09:51:20.857+0000] {dag.py:3036} INFO - Sync 1 DAGs
[2026-05-11T09:51:20.873+0000] {logging_mixin.py:188} INFO - [2026-05-11T09:51:20.872+0000] {dag.py:3823} INFO - Setting next_dagrun for job_market_etl to None, run_after=None
[2026-05-11T09:51:20.903+0000] {processor.py:183} INFO - Processing /opt/airflow/dags/job_etl_dag.py took 0.134 seconds
[2026-05-11T09:51:51.144+0000] {processor.py:161} INFO - Started process (PID=1506) to work on /opt/airflow/dags/job_etl_dag.py
[2026-05-11T09:51:51.146+0000] {processor.py:830} INFO - Processing file /opt/airflow/dags/job_etl_dag.py for tasks to queue
[2026-05-11T09:51:51.148+0000] {logging_mixin.py:188} INFO - [2026-05-11T09:51:51.147+0000] {dagbag.py:538} INFO - Filling up the DagBag from /opt/airflow/dags/job_etl_dag.py
[2026-05-11T09:51:51.182+0000] {processor.py:840} INFO - DAG(s) 'job_market_etl' retrieved from /opt/airflow/dags/job_etl_dag.py
[2026-05-11T09:51:51.227+0000] {logging_mixin.py:188} INFO - [2026-05-11T09:51:51.227+0000] {dag.py:3036} INFO - Sync 1 DAGs
[2026-05-11T09:51:51.245+0000] {logging_mixin.py:188} INFO - [2026-05-11T09:51:51.245+0000] {dag.py:3823} INFO - Setting next_dagrun for job_market_etl to None, run_after=None
[2026-05-11T09:51:51.291+0000] {processor.py:183} INFO - Processing /opt/airflow/dags/job_etl_dag.py took 0.152 seconds
[2026-05-11T09:52:21.433+0000] {processor.py:161} INFO - Started process (PID=1507) to work on /opt/airflow/dags/job_etl_dag.py
[2026-05-11T09:52:21.435+0000] {processor.py:830} INFO - Processing file /opt/airflow/dags/job_etl_dag.py for tasks to queue
[2026-05-11T09:52:21.438+0000] {logging_mixin.py:188} INFO - [2026-05-11T09:52:21.437+0000] {dagbag.py:538} INFO - Filling up the DagBag from /opt/airflow/dags/job_etl_dag.py
[2026-05-11T09:52:21.468+0000] {processor.py:840} INFO - DAG(s) 'job_market_etl' retrieved from /opt/airflow/dags/job_etl_dag.py
[2026-05-11T09:52:21.511+0000] {logging_mixin.py:188} INFO - [2026-05-11T09:52:21.510+0000] {dag.py:3036} INFO - Sync 1 DAGs
[2026-05-11T09:52:21.526+0000] {logging_mixin.py:188} INFO - [2026-05-11T09:52:21.526+0000] {dag.py:3823} INFO - Setting next_dagrun for job_market_etl to None, run_after=None
[2026-05-11T09:52:21.553+0000] {processor.py:183} INFO - Processing /opt/airflow/dags/job_etl_dag.py took 0.124 seconds
[2026-05-11T09:52:51.808+0000] {processor.py:161} INFO - Started process (PID=1508) to work on /opt/airflow/dags/job_etl_dag.py
[2026-05-11T09:52:51.810+0000] {processor.py:830} INFO - Processing file /opt/airflow/dags/job_etl_dag.py for tasks to queue
[2026-05-11T09:52:51.812+0000] {logging_mixin.py:188} INFO - [2026-05-11T09:52:51.812+0000] {dagbag.py:538} INFO - Filling up the DagBag from /opt/airflow/dags/job_etl_dag.py
[2026-05-11T09:52:51.846+0000] {processor.py:840} INFO - DAG(s) 'job_market_etl' retrieved from /opt/airflow/dags/job_etl_dag.py
[2026-05-11T09:52:51.884+0000] {logging_mixin.py:188} INFO - [2026-05-11T09:52:51.884+0000] {dag.py:3036} INFO - Sync 1 DAGs
[2026-05-11T09:52:51.899+0000] {logging_mixin.py:188} INFO - [2026-05-11T09:52:51.898+0000] {dag.py:3823} INFO - Setting next_dagrun for job_market_etl to None, run_after=None
[2026-05-11T09:52:51.940+0000] {processor.py:183} INFO - Processing /opt/airflow/dags/job_etl_dag.py took 0.136 seconds
[2026-05-11T09:53:22.075+0000] {processor.py:161} INFO - Started process (PID=1509) to work on /opt/airflow/dags/job_etl_dag.py
[2026-05-11T09:53:22.077+0000] {processor.py:830} INFO - Processing file /opt/airflow/dags/job_etl_dag.py for tasks to queue
[2026-05-11T09:53:22.079+0000] {logging_mixin.py:188} INFO - [2026-05-11T09:53:22.079+0000] {dagbag.py:538} INFO - Filling up the DagBag from /opt/airflow/dags/job_etl_dag.py
[2026-05-11T09:53:22.110+0000] {processor.py:840} INFO - DAG(s) 'job_market_etl' retrieved from /opt/airflow/dags/job_etl_dag.py
[2026-05-11T09:53:22.152+0000] {logging_mixin.py:188} INFO - [2026-05-11T09:53:22.151+0000] {dag.py:3036} INFO - Sync 1 DAGs
[2026-05-11T09:53:22.165+0000] {logging_mixin.py:188} INFO - [2026-05-11T09:53:22.165+0000] {dag.py:3823} INFO - Setting next_dagrun for job_market_etl to None, run_after=None
[2026-05-11T09:53:22.196+0000] {processor.py:183} INFO - Processing /opt/airflow/dags/job_etl_dag.py took 0.128 seconds
[2026-05-11T09:53:52.472+0000] {processor.py:161} INFO - Started process (PID=1510) to work on /opt/airflow/dags/job_etl_dag.py
[2026-05-11T09:53:52.475+0000] {processor.py:830} INFO - Processing file /opt/airflow/dags/job_etl_dag.py for tasks to queue
[2026-05-11T09:53:52.476+0000] {logging_mixin.py:188} INFO - [2026-05-11T09:53:52.476+0000] {dagbag.py:538} INFO - Filling up the DagBag from /opt/airflow/dags/job_etl_dag.py
[2026-05-11T09:53:52.507+0000] {processor.py:840} INFO - DAG(s) 'job_market_etl' retrieved from /opt/airflow/dags/job_etl_dag.py
[2026-05-11T09:53:52.547+0000] {logging_mixin.py:188} INFO - [2026-05-11T09:53:52.546+0000] {dag.py:3036} INFO - Sync 1 DAGs
[2026-05-11T09:53:52.561+0000] {logging_mixin.py:188} INFO - [2026-05-11T09:53:52.561+0000] {dag.py:3823} INFO - Setting next_dagrun for job_market_etl to None, run_after=None
[2026-05-11T09:53:52.605+0000] {processor.py:183} INFO - Processing /opt/airflow/dags/job_etl_dag.py took 0.137 seconds
[2026-05-11T09:54:22.749+0000] {processor.py:161} INFO - Started process (PID=1511) to work on /opt/airflow/dags/job_etl_dag.py
[2026-05-11T09:54:22.751+0000] {processor.py:830} INFO - Processing file /opt/airflow/dags/job_etl_dag.py for tasks to queue
[2026-05-11T09:54:22.753+0000] {logging_mixin.py:188} INFO - [2026-05-11T09:54:22.752+0000] {dagbag.py:538} INFO - Filling up the DagBag from /opt/airflow/dags/job_etl_dag.py
[2026-05-11T09:54:22.785+0000] {processor.py:840} INFO - DAG(s) 'job_market_etl' retrieved from /opt/airflow/dags/job_etl_dag.py
[2026-05-11T09:54:22.825+0000] {logging_mixin.py:188} INFO - [2026-05-11T09:54:22.825+0000] {dag.py:3036} INFO - Sync 1 DAGs
[2026-05-11T09:54:22.842+0000] {logging_mixin.py:188} INFO - [2026-05-11T09:54:22.841+0000] {dag.py:3823} INFO - Setting next_dagrun for job_market_etl to None, run_after=None
[2026-05-11T09:54:22.889+0000] {processor.py:183} INFO - Processing /opt/airflow/dags/job_etl_dag.py took 0.146 seconds
[2026-05-11T09:54:53.120+0000] {processor.py:161} INFO - Started process (PID=1512) to work on /opt/airflow/dags/job_etl_dag.py
[2026-05-11T09:54:53.122+0000] {processor.py:830} INFO - Processing file /opt/airflow/dags/job_etl_dag.py for tasks to queue
[2026-05-11T09:54:53.124+0000] {logging_mixin.py:188} INFO - [2026-05-11T09:54:53.124+0000] {dagbag.py:538} INFO - Filling up the DagBag from /opt/airflow/dags/job_etl_dag.py
[2026-05-11T09:54:53.158+0000] {processor.py:840} INFO - DAG(s) 'job_market_etl' retrieved from /opt/airflow/dags/job_etl_dag.py
[2026-05-11T09:54:53.198+0000] {logging_mixin.py:188} INFO - [2026-05-11T09:54:53.197+0000] {dag.py:3036} INFO - Sync 1 DAGs
[2026-05-11T09:54:53.213+0000] {logging_mixin.py:188} INFO - [2026-05-11T09:54:53.213+0000] {dag.py:3823} INFO - Setting next_dagrun for job_market_etl to None, run_after=None
[2026-05-11T09:54:53.245+0000] {processor.py:183} INFO - Processing /opt/airflow/dags/job_etl_dag.py took 0.129 seconds
[2026-05-11T09:55:23.407+0000] {processor.py:161} INFO - Started process (PID=1513) to work on /opt/airflow/dags/job_etl_dag.py
[2026-05-11T09:55:23.409+0000] {processor.py:830} INFO - Processing file /opt/airflow/dags/job_etl_dag.py for tasks to queue
[2026-05-11T09:55:23.412+0000] {logging_mixin.py:188} INFO - [2026-05-11T09:55:23.411+0000] {dagbag.py:538} INFO - Filling up the DagBag from /opt/airflow/dags/job_etl_dag.py
[2026-05-11T09:55:23.445+0000] {processor.py:840} INFO - DAG(s) 'job_market_etl' retrieved from /opt/airflow/dags/job_etl_dag.py
[2026-05-11T09:55:23.489+0000] {logging_mixin.py:188} INFO - [2026-05-11T09:55:23.488+0000] {dag.py:3036} INFO - Sync 1 DAGs
[2026-05-11T09:55:23.503+0000] {logging_mixin.py:188} INFO - [2026-05-11T09:55:23.503+0000] {dag.py:3823} INFO - Setting next_dagrun for job_market_etl to None, run_after=None
[2026-05-11T09:55:23.531+0000] {processor.py:183} INFO - Processing /opt/airflow/dags/job_etl_dag.py took 0.130 seconds
[2026-05-11T09:55:53.808+0000] {processor.py:161} INFO - Started process (PID=1514) to work on /opt/airflow/dags/job_etl_dag.py
[2026-05-11T09:55:53.810+0000] {processor.py:830} INFO - Processing file /opt/airflow/dags/job_etl_dag.py for tasks to queue
[2026-05-11T09:55:53.812+0000] {logging_mixin.py:188} INFO - [2026-05-11T09:55:53.812+0000] {dagbag.py:538} INFO - Filling up the DagBag from /opt/airflow/dags/job_etl_dag.py
[2026-05-11T09:55:53.843+0000] {processor.py:840} INFO - DAG(s) 'job_market_etl' retrieved from /opt/airflow/dags/job_etl_dag.py
[2026-05-11T09:55:53.885+0000] {logging_mixin.py:188} INFO - [2026-05-11T09:55:53.884+0000] {dag.py:3036} INFO - Sync 1 DAGs
[2026-05-11T09:55:53.901+0000] {logging_mixin.py:188} INFO - [2026-05-11T09:55:53.901+0000] {dag.py:3823} INFO - Setting next_dagrun for job_market_etl to None, run_after=None
[2026-05-11T09:55:53.933+0000] {processor.py:183} INFO - Processing /opt/airflow/dags/job_etl_dag.py took 0.131 seconds
[2026-05-11T09:56:24.092+0000] {processor.py:161} INFO - Started process (PID=1515) to work on /opt/airflow/dags/job_etl_dag.py
[2026-05-11T09:56:24.095+0000] {processor.py:830} INFO - Processing file /opt/airflow/dags/job_etl_dag.py for tasks to queue
[2026-05-11T09:56:24.098+0000] {logging_mixin.py:188} INFO - [2026-05-11T09:56:24.097+0000] {dagbag.py:538} INFO - Filling up the DagBag from /opt/airflow/dags/job_etl_dag.py
[2026-05-11T09:56:24.140+0000] {processor.py:840} INFO - DAG(s) 'job_market_etl' retrieved from /opt/airflow/dags/job_etl_dag.py
[2026-05-11T09:56:24.184+0000] {logging_mixin.py:188} INFO - [2026-05-11T09:56:24.184+0000] {dag.py:3036} INFO - Sync 1 DAGs
[2026-05-11T09:56:24.201+0000] {logging_mixin.py:188} INFO - [2026-05-11T09:56:24.201+0000] {dag.py:3823} INFO - Setting next_dagrun for job_market_etl to None, run_after=None
[2026-05-11T09:56:24.232+0000] {processor.py:183} INFO - Processing /opt/airflow/dags/job_etl_dag.py took 0.147 seconds
[2026-05-11T09:56:54.436+0000] {processor.py:161} INFO - Started process (PID=1516) to work on /opt/airflow/dags/job_etl_dag.py
[2026-05-11T09:56:54.438+0000] {processor.py:830} INFO - Processing file /opt/airflow/dags/job_etl_dag.py for tasks to queue
[2026-05-11T09:56:54.441+0000] {logging_mixin.py:188} INFO - [2026-05-11T09:56:54.440+0000] {dagbag.py:538} INFO - Filling up the DagBag from /opt/airflow/dags/job_etl_dag.py
[2026-05-11T09:56:54.475+0000] {processor.py:840} INFO - DAG(s) 'job_market_etl' retrieved from /opt/airflow/dags/job_etl_dag.py
[2026-05-11T09:56:54.514+0000] {logging_mixin.py:188} INFO - [2026-05-11T09:56:54.514+0000] {dag.py:3036} INFO - Sync 1 DAGs
[2026-05-11T09:56:54.528+0000] {logging_mixin.py:188} INFO - [2026-05-11T09:56:54.528+0000] {dag.py:3823} INFO - Setting next_dagrun for job_market_etl to None, run_after=None
[2026-05-11T09:56:54.559+0000] {processor.py:183} INFO - Processing /opt/airflow/dags/job_etl_dag.py took 0.129 seconds
[2026-05-11T09:57:24.760+0000] {processor.py:161} INFO - Started process (PID=1517) to work on /opt/airflow/dags/job_etl_dag.py
[2026-05-11T09:57:24.763+0000] {processor.py:830} INFO - Processing file /opt/airflow/dags/job_etl_dag.py for tasks to queue
[2026-05-11T09:57:24.765+0000] {logging_mixin.py:188} INFO - [2026-05-11T09:57:24.765+0000] {dagbag.py:538} INFO - Filling up the DagBag from /opt/airflow/dags/job_etl_dag.py
[2026-05-11T09:57:24.799+0000] {processor.py:840} INFO - DAG(s) 'job_market_etl' retrieved from /opt/airflow/dags/job_etl_dag.py
[2026-05-11T09:57:24.841+0000] {logging_mixin.py:188} INFO - [2026-05-11T09:57:24.841+0000] {dag.py:3036} INFO - Sync 1 DAGs
[2026-05-11T09:57:24.858+0000] {logging_mixin.py:188} INFO - [2026-05-11T09:57:24.857+0000] {dag.py:3823} INFO - Setting next_dagrun for job_market_etl to None, run_after=None
[2026-05-11T09:57:24.889+0000] {processor.py:183} INFO - Processing /opt/airflow/dags/job_etl_dag.py took 0.134 seconds
[2026-05-11T09:57:55.085+0000] {processor.py:161} INFO - Started process (PID=1518) to work on /opt/airflow/dags/job_etl_dag.py
[2026-05-11T09:57:55.088+0000] {processor.py:830} INFO - Processing file /opt/airflow/dags/job_etl_dag.py for tasks to queue
[2026-05-11T09:57:55.091+0000] {logging_mixin.py:188} INFO - [2026-05-11T09:57:55.091+0000] {dagbag.py:538} INFO - Filling up the DagBag from /opt/airflow/dags/job_etl_dag.py
[2026-05-11T09:57:55.124+0000] {processor.py:840} INFO - DAG(s) 'job_market_etl' retrieved from /opt/airflow/dags/job_etl_dag.py
[2026-05-11T09:57:55.165+0000] {logging_mixin.py:188} INFO - [2026-05-11T09:57:55.165+0000] {dag.py:3036} INFO - Sync 1 DAGs
[2026-05-11T09:57:55.180+0000] {logging_mixin.py:188} INFO - [2026-05-11T09:57:55.180+0000] {dag.py:3823} INFO - Setting next_dagrun for job_market_etl to None, run_after=None
[2026-05-11T09:57:55.212+0000] {processor.py:183} INFO - Processing /opt/airflow/dags/job_etl_dag.py took 0.133 seconds
[2026-05-11T09:58:25.408+0000] {processor.py:161} INFO - Started process (PID=1519) to work on /opt/airflow/dags/job_etl_dag.py
[2026-05-11T09:58:25.410+0000] {processor.py:830} INFO - Processing file /opt/airflow/dags/job_etl_dag.py for tasks to queue
[2026-05-11T09:58:25.412+0000] {logging_mixin.py:188} INFO - [2026-05-11T09:58:25.412+0000] {dagbag.py:538} INFO - Filling up the DagBag from /opt/airflow/dags/job_etl_dag.py
[2026-05-11T09:58:25.448+0000] {processor.py:840} INFO - DAG(s) 'job_market_etl' retrieved from /opt/airflow/dags/job_etl_dag.py
[2026-05-11T09:58:25.490+0000] {logging_mixin.py:188} INFO - [2026-05-11T09:58:25.489+0000] {dag.py:3036} INFO - Sync 1 DAGs
[2026-05-11T09:58:25.505+0000] {logging_mixin.py:188} INFO - [2026-05-11T09:58:25.505+0000] {dag.py:3823} INFO - Setting next_dagrun for job_market_etl to None, run_after=None
[2026-05-11T09:58:25.535+0000] {processor.py:183} INFO - Processing /opt/airflow/dags/job_etl_dag.py took 0.131 seconds
[2026-05-11T09:58:55.735+0000] {processor.py:161} INFO - Started process (PID=1520) to work on /opt/airflow/dags/job_etl_dag.py
[2026-05-11T09:58:55.737+0000] {processor.py:830} INFO - Processing file /opt/airflow/dags/job_etl_dag.py for tasks to queue
[2026-05-11T09:58:55.738+0000] {logging_mixin.py:188} INFO - [2026-05-11T09:58:55.738+0000] {dagbag.py:538} INFO - Filling up the DagBag from /opt/airflow/dags/job_etl_dag.py
[2026-05-11T09:58:55.770+0000] {processor.py:840} INFO - DAG(s) 'job_market_etl' retrieved from /opt/airflow/dags/job_etl_dag.py
[2026-05-11T09:58:55.810+0000] {logging_mixin.py:188} INFO - [2026-05-11T09:58:55.810+0000] {dag.py:3036} INFO - Sync 1 DAGs
[2026-05-11T09:58:55.824+0000] {logging_mixin.py:188} INFO - [2026-05-11T09:58:55.824+0000] {dag.py:3823} INFO - Setting next_dagrun for job_market_etl to None, run_after=None
[2026-05-11T09:58:55.852+0000] {processor.py:183} INFO - Processing /opt/airflow/dags/job_etl_dag.py took 0.123 seconds
[2026-05-11T09:59:26.039+0000] {processor.py:161} INFO - Started process (PID=1521) to work on /opt/airflow/dags/job_etl_dag.py
[2026-05-11T09:59:26.042+0000] {processor.py:830} INFO - Processing file /opt/airflow/dags/job_etl_dag.py for tasks to queue
[2026-05-11T09:59:26.044+0000] {logging_mixin.py:188} INFO - [2026-05-11T09:59:26.044+0000] {dagbag.py:538} INFO - Filling up the DagBag from /opt/airflow/dags/job_etl_dag.py
[2026-05-11T09:59:26.077+0000] {processor.py:840} INFO - DAG(s) 'job_market_etl' retrieved from /opt/airflow/dags/job_etl_dag.py
[2026-05-11T09:59:26.116+0000] {logging_mixin.py:188} INFO - [2026-05-11T09:59:26.115+0000] {dag.py:3036} INFO - Sync 1 DAGs
[2026-05-11T09:59:26.130+0000] {logging_mixin.py:188} INFO - [2026-05-11T09:59:26.130+0000] {dag.py:3823} INFO - Setting next_dagrun for job_market_etl to None, run_after=None
[2026-05-11T09:59:26.157+0000] {processor.py:183} INFO - Processing /opt/airflow/dags/job_etl_dag.py took 0.125 seconds
[2026-05-11T09:59:56.351+0000] {processor.py:161} INFO - Started process (PID=1522) to work on /opt/airflow/dags/job_etl_dag.py
[2026-05-11T09:59:56.354+0000] {processor.py:830} INFO - Processing file /opt/airflow/dags/job_etl_dag.py for tasks to queue
[2026-05-11T09:59:56.356+0000] {logging_mixin.py:188} INFO - [2026-05-11T09:59:56.355+0000] {dagbag.py:538} INFO - Filling up the DagBag from /opt/airflow/dags/job_etl_dag.py
[2026-05-11T09:59:56.387+0000] {processor.py:840} INFO - DAG(s) 'job_market_etl' retrieved from /opt/airflow/dags/job_etl_dag.py
[2026-05-11T09:59:56.426+0000] {logging_mixin.py:188} INFO - [2026-05-11T09:59:56.426+0000] {dag.py:3036} INFO - Sync 1 DAGs
[2026-05-11T09:59:56.440+0000] {logging_mixin.py:188} INFO - [2026-05-11T09:59:56.440+0000] {dag.py:3823} INFO - Setting next_dagrun for job_market_etl to None, run_after=None
[2026-05-11T09:59:56.476+0000] {processor.py:183} INFO - Processing /opt/airflow/dags/job_etl_dag.py took 0.130 seconds
[2026-05-11T10:00:26.660+0000] {processor.py:161} INFO - Started process (PID=1523) to work on /opt/airflow/dags/job_etl_dag.py
[2026-05-11T10:00:26.663+0000] {processor.py:830} INFO - Processing file /opt/airflow/dags/job_etl_dag.py for tasks to queue
[2026-05-11T10:00:26.665+0000] {logging_mixin.py:188} INFO - [2026-05-11T10:00:26.665+0000] {dagbag.py:538} INFO - Filling up the DagBag from /opt/airflow/dags/job_etl_dag.py
[2026-05-11T10:00:26.701+0000] {processor.py:840} INFO - DAG(s) 'job_market_etl' retrieved from /opt/airflow/dags/job_etl_dag.py
[2026-05-11T10:00:26.743+0000] {logging_mixin.py:188} INFO - [2026-05-11T10:00:26.743+0000] {dag.py:3036} INFO - Sync 1 DAGs
[2026-05-11T10:00:26.759+0000] {logging_mixin.py:188} INFO - [2026-05-11T10:00:26.759+0000] {dag.py:3823} INFO - Setting next_dagrun for job_market_etl to None, run_after=None
[2026-05-11T10:00:26.806+0000] {processor.py:183} INFO - Processing /opt/airflow/dags/job_etl_dag.py took 0.152 seconds
[2026-05-11T10:00:57.020+0000] {processor.py:161} INFO - Started process (PID=1524) to work on /opt/airflow/dags/job_etl_dag.py
[2026-05-11T10:00:57.022+0000] {processor.py:830} INFO - Processing file /opt/airflow/dags/job_etl_dag.py for tasks to queue
[2026-05-11T10:00:57.024+0000] {logging_mixin.py:188} INFO - [2026-05-11T10:00:57.024+0000] {dagbag.py:538} INFO - Filling up the DagBag from /opt/airflow/dags/job_etl_dag.py
[2026-05-11T10:00:57.055+0000] {processor.py:840} INFO - DAG(s) 'job_market_etl' retrieved from /opt/airflow/dags/job_etl_dag.py
[2026-05-11T10:00:57.096+0000] {logging_mixin.py:188} INFO - [2026-05-11T10:00:57.096+0000] {dag.py:3036} INFO - Sync 1 DAGs
[2026-05-11T10:00:57.114+0000] {logging_mixin.py:188} INFO - [2026-05-11T10:00:57.114+0000] {dag.py:3823} INFO - Setting next_dagrun for job_market_etl to None, run_after=None
[2026-05-11T10:00:57.144+0000] {processor.py:183} INFO - Processing /opt/airflow/dags/job_etl_dag.py took 0.129 seconds
[2026-05-11T10:01:27.289+0000] {processor.py:161} INFO - Started process (PID=1525) to work on /opt/airflow/dags/job_etl_dag.py
[2026-05-11T10:01:27.291+0000] {processor.py:830} INFO - Processing file /opt/airflow/dags/job_etl_dag.py for tasks to queue
[2026-05-11T10:01:27.292+0000] {logging_mixin.py:188} INFO - [2026-05-11T10:01:27.292+0000] {dagbag.py:538} INFO - Filling up the DagBag from /opt/airflow/dags/job_etl_dag.py
[2026-05-11T10:01:27.326+0000] {processor.py:840} INFO - DAG(s) 'job_market_etl' retrieved from /opt/airflow/dags/job_etl_dag.py
[2026-05-11T10:01:27.372+0000] {logging_mixin.py:188} INFO - [2026-05-11T10:01:27.371+0000] {dag.py:3036} INFO - Sync 1 DAGs
[2026-05-11T10:01:27.386+0000] {logging_mixin.py:188} INFO - [2026-05-11T10:01:27.386+0000] {dag.py:3823} INFO - Setting next_dagrun for job_market_etl to None, run_after=None
[2026-05-11T10:01:27.417+0000] {processor.py:183} INFO - Processing /opt/airflow/dags/job_etl_dag.py took 0.133 seconds
[2026-05-11T10:01:57.641+0000] {processor.py:161} INFO - Started process (PID=1526) to work on /opt/airflow/dags/job_etl_dag.py
[2026-05-11T10:01:57.644+0000] {processor.py:830} INFO - Processing file /opt/airflow/dags/job_etl_dag.py for tasks to queue
[2026-05-11T10:01:57.645+0000] {logging_mixin.py:188} INFO - [2026-05-11T10:01:57.645+0000] {dagbag.py:538} INFO - Filling up the DagBag from /opt/airflow/dags/job_etl_dag.py
[2026-05-11T10:01:57.679+0000] {processor.py:840} INFO - DAG(s) 'job_market_etl' retrieved from /opt/airflow/dags/job_etl_dag.py
[2026-05-11T10:01:57.718+0000] {logging_mixin.py:188} INFO - [2026-05-11T10:01:57.717+0000] {dag.py:3036} INFO - Sync 1 DAGs
[2026-05-11T10:01:57.734+0000] {logging_mixin.py:188} INFO - [2026-05-11T10:01:57.733+0000] {dag.py:3823} INFO - Setting next_dagrun for job_market_etl to None, run_after=None
[2026-05-11T10:01:57.777+0000] {processor.py:183} INFO - Processing /opt/airflow/dags/job_etl_dag.py took 0.141 seconds
[2026-05-11T10:02:27.918+0000] {processor.py:161} INFO - Started process (PID=1527) to work on /opt/airflow/dags/job_etl_dag.py
[2026-05-11T10:02:27.920+0000] {processor.py:830} INFO - Processing file /opt/airflow/dags/job_etl_dag.py for tasks to queue
[2026-05-11T10:02:27.922+0000] {logging_mixin.py:188} INFO - [2026-05-11T10:02:27.922+0000] {dagbag.py:538} INFO - Filling up the DagBag from /opt/airflow/dags/job_etl_dag.py
[2026-05-11T10:02:27.955+0000] {processor.py:840} INFO - DAG(s) 'job_market_etl' retrieved from /opt/airflow/dags/job_etl_dag.py
[2026-05-11T10:02:28.000+0000] {logging_mixin.py:188} INFO - [2026-05-11T10:02:28.000+0000] {dag.py:3036} INFO - Sync 1 DAGs
[2026-05-11T10:02:28.014+0000] {logging_mixin.py:188} INFO - [2026-05-11T10:02:28.014+0000] {dag.py:3823} INFO - Setting next_dagrun for job_market_etl to None, run_after=None
[2026-05-11T10:02:28.058+0000] {processor.py:183} INFO - Processing /opt/airflow/dags/job_etl_dag.py took 0.146 seconds
[2026-05-11T10:02:58.281+0000] {processor.py:161} INFO - Started process (PID=1528) to work on /opt/airflow/dags/job_etl_dag.py
[2026-05-11T10:02:58.282+0000] {processor.py:830} INFO - Processing file /opt/airflow/dags/job_etl_dag.py for tasks to queue
[2026-05-11T10:02:58.284+0000] {logging_mixin.py:188} INFO - [2026-05-11T10:02:58.284+0000] {dagbag.py:538} INFO - Filling up the DagBag from /opt/airflow/dags/job_etl_dag.py
[2026-05-11T10:02:58.316+0000] {processor.py:840} INFO - DAG(s) 'job_market_etl' retrieved from /opt/airflow/dags/job_etl_dag.py
[2026-05-11T10:02:58.360+0000] {logging_mixin.py:188} INFO - [2026-05-11T10:02:58.359+0000] {dag.py:3036} INFO - Sync 1 DAGs
[2026-05-11T10:02:58.374+0000] {logging_mixin.py:188} INFO - [2026-05-11T10:02:58.374+0000] {dag.py:3823} INFO - Setting next_dagrun for job_market_etl to None, run_after=None
[2026-05-11T10:02:58.420+0000] {processor.py:183} INFO - Processing /opt/airflow/dags/job_etl_dag.py took 0.145 seconds
[2026-05-11T10:03:28.565+0000] {processor.py:161} INFO - Started process (PID=1529) to work on /opt/airflow/dags/job_etl_dag.py
[2026-05-11T10:03:28.567+0000] {processor.py:830} INFO - Processing file /opt/airflow/dags/job_etl_dag.py for tasks to queue
[2026-05-11T10:03:28.569+0000] {logging_mixin.py:188} INFO - [2026-05-11T10:03:28.568+0000] {dagbag.py:538} INFO - Filling up the DagBag from /opt/airflow/dags/job_etl_dag.py
[2026-05-11T10:03:28.603+0000] {processor.py:840} INFO - DAG(s) 'job_market_etl' retrieved from /opt/airflow/dags/job_etl_dag.py
[2026-05-11T10:03:28.648+0000] {logging_mixin.py:188} INFO - [2026-05-11T10:03:28.647+0000] {dag.py:3036} INFO - Sync 1 DAGs
[2026-05-11T10:03:28.665+0000] {logging_mixin.py:188} INFO - [2026-05-11T10:03:28.665+0000] {dag.py:3823} INFO - Setting next_dagrun for job_market_etl to None, run_after=None
[2026-05-11T10:03:28.706+0000] {processor.py:183} INFO - Processing /opt/airflow/dags/job_etl_dag.py took 0.148 seconds
[2026-05-11T10:03:58.935+0000] {processor.py:161} INFO - Started process (PID=1530) to work on /opt/airflow/dags/job_etl_dag.py
[2026-05-11T10:03:58.937+0000] {processor.py:830} INFO - Processing file /opt/airflow/dags/job_etl_dag.py for tasks to queue
[2026-05-11T10:03:58.939+0000] {logging_mixin.py:188} INFO - [2026-05-11T10:03:58.938+0000] {dagbag.py:538} INFO - Filling up the DagBag from /opt/airflow/dags/job_etl_dag.py
[2026-05-11T10:03:58.967+0000] {processor.py:840} INFO - DAG(s) 'job_market_etl' retrieved from /opt/airflow/dags/job_etl_dag.py
[2026-05-11T10:03:59.012+0000] {logging_mixin.py:188} INFO - [2026-05-11T10:03:59.012+0000] {dag.py:3036} INFO - Sync 1 DAGs
[2026-05-11T10:03:59.029+0000] {logging_mixin.py:188} INFO - [2026-05-11T10:03:59.029+0000] {dag.py:3823} INFO - Setting next_dagrun for job_market_etl to None, run_after=None
[2026-05-11T10:03:59.065+0000] {processor.py:183} INFO - Processing /opt/airflow/dags/job_etl_dag.py took 0.135 seconds
[2026-05-11T10:04:29.220+0000] {processor.py:161} INFO - Started process (PID=1531) to work on /opt/airflow/dags/job_etl_dag.py
[2026-05-11T10:04:29.224+0000] {processor.py:830} INFO - Processing file /opt/airflow/dags/job_etl_dag.py for tasks to queue
[2026-05-11T10:04:29.226+0000] {logging_mixin.py:188} INFO - [2026-05-11T10:04:29.225+0000] {dagbag.py:538} INFO - Filling up the DagBag from /opt/airflow/dags/job_etl_dag.py
[2026-05-11T10:04:29.275+0000] {processor.py:840} INFO - DAG(s) 'job_market_etl' retrieved from /opt/airflow/dags/job_etl_dag.py
[2026-05-11T10:04:29.325+0000] {logging_mixin.py:188} INFO - [2026-05-11T10:04:29.325+0000] {dag.py:3036} INFO - Sync 1 DAGs
[2026-05-11T10:04:29.343+0000] {logging_mixin.py:188} INFO - [2026-05-11T10:04:29.343+0000] {dag.py:3823} INFO - Setting next_dagrun for job_market_etl to None, run_after=None
[2026-05-11T10:04:29.370+0000] {processor.py:183} INFO - Processing /opt/airflow/dags/job_etl_dag.py took 0.158 seconds
[2026-05-11T10:04:59.584+0000] {processor.py:161} INFO - Started process (PID=1532) to work on /opt/airflow/dags/job_etl_dag.py
[2026-05-11T10:04:59.588+0000] {processor.py:830} INFO - Processing file /opt/airflow/dags/job_etl_dag.py for tasks to queue
[2026-05-11T10:04:59.591+0000] {logging_mixin.py:188} INFO - [2026-05-11T10:04:59.590+0000] {dagbag.py:538} INFO - Filling up the DagBag from /opt/airflow/dags/job_etl_dag.py
[2026-05-11T10:04:59.623+0000] {processor.py:840} INFO - DAG(s) 'job_market_etl' retrieved from /opt/airflow/dags/job_etl_dag.py
[2026-05-11T10:04:59.663+0000] {logging_mixin.py:188} INFO - [2026-05-11T10:04:59.663+0000] {dag.py:3036} INFO - Sync 1 DAGs
[2026-05-11T10:04:59.680+0000] {logging_mixin.py:188} INFO - [2026-05-11T10:04:59.679+0000] {dag.py:3823} INFO - Setting next_dagrun for job_market_etl to None, run_after=None
[2026-05-11T10:04:59.716+0000] {processor.py:183} INFO - Processing /opt/airflow/dags/job_etl_dag.py took 0.136 seconds
[2026-05-11T10:05:29.886+0000] {processor.py:161} INFO - Started process (PID=1533) to work on /opt/airflow/dags/job_etl_dag.py
[2026-05-11T10:05:29.888+0000] {processor.py:830} INFO - Processing file /opt/airflow/dags/job_etl_dag.py for tasks to queue
[2026-05-11T10:05:29.890+0000] {logging_mixin.py:188} INFO - [2026-05-11T10:05:29.889+0000] {dagbag.py:538} INFO - Filling up the DagBag from /opt/airflow/dags/job_etl_dag.py
[2026-05-11T10:05:29.918+0000] {processor.py:840} INFO - DAG(s) 'job_market_etl' retrieved from /opt/airflow/dags/job_etl_dag.py
[2026-05-11T10:05:29.961+0000] {logging_mixin.py:188} INFO - [2026-05-11T10:05:29.961+0000] {dag.py:3036} INFO - Sync 1 DAGs
[2026-05-11T10:05:29.977+0000] {logging_mixin.py:188} INFO - [2026-05-11T10:05:29.976+0000] {dag.py:3823} INFO - Setting next_dagrun for job_market_etl to None, run_after=None
[2026-05-11T10:05:30.016+0000] {processor.py:183} INFO - Processing /opt/airflow/dags/job_etl_dag.py took 0.136 seconds
[2026-05-11T10:06:00.280+0000] {processor.py:161} INFO - Started process (PID=1534) to work on /opt/airflow/dags/job_etl_dag.py
[2026-05-11T10:06:00.283+0000] {processor.py:830} INFO - Processing file /opt/airflow/dags/job_etl_dag.py for tasks to queue
[2026-05-11T10:06:00.285+0000] {logging_mixin.py:188} INFO - [2026-05-11T10:06:00.284+0000] {dagbag.py:538} INFO - Filling up the DagBag from /opt/airflow/dags/job_etl_dag.py
[2026-05-11T10:06:00.315+0000] {processor.py:840} INFO - DAG(s) 'job_market_etl' retrieved from /opt/airflow/dags/job_etl_dag.py
[2026-05-11T10:06:00.356+0000] {logging_mixin.py:188} INFO - [2026-05-11T10:06:00.356+0000] {dag.py:3036} INFO - Sync 1 DAGs
[2026-05-11T10:06:00.373+0000] {logging_mixin.py:188} INFO - [2026-05-11T10:06:00.372+0000] {dag.py:3823} INFO - Setting next_dagrun for job_market_etl to None, run_after=None
[2026-05-11T10:06:00.414+0000] {processor.py:183} INFO - Processing /opt/airflow/dags/job_etl_dag.py took 0.138 seconds
[2026-05-11T10:06:30.555+0000] {processor.py:161} INFO - Started process (PID=1535) to work on /opt/airflow/dags/job_etl_dag.py
[2026-05-11T10:06:30.558+0000] {processor.py:830} INFO - Processing file /opt/airflow/dags/job_etl_dag.py for tasks to queue
[2026-05-11T10:06:30.560+0000] {logging_mixin.py:188} INFO - [2026-05-11T10:06:30.559+0000] {dagbag.py:538} INFO - Filling up the DagBag from /opt/airflow/dags/job_etl_dag.py
[2026-05-11T10:06:30.592+0000] {processor.py:840} INFO - DAG(s) 'job_market_etl' retrieved from /opt/airflow/dags/job_etl_dag.py
[2026-05-11T10:06:30.636+0000] {logging_mixin.py:188} INFO - [2026-05-11T10:06:30.636+0000] {dag.py:3036} INFO - Sync 1 DAGs
[2026-05-11T10:06:30.654+0000] {logging_mixin.py:188} INFO - [2026-05-11T10:06:30.653+0000] {dag.py:3823} INFO - Setting next_dagrun for job_market_etl to None, run_after=None
[2026-05-11T10:06:30.701+0000] {processor.py:183} INFO - Processing /opt/airflow/dags/job_etl_dag.py took 0.150 seconds
[2026-05-11T10:07:00.942+0000] {processor.py:161} INFO - Started process (PID=1536) to work on /opt/airflow/dags/job_etl_dag.py
[2026-05-11T10:07:00.945+0000] {processor.py:830} INFO - Processing file /opt/airflow/dags/job_etl_dag.py for tasks to queue
[2026-05-11T10:07:00.947+0000] {logging_mixin.py:188} INFO - [2026-05-11T10:07:00.946+0000] {dagbag.py:538} INFO - Filling up the DagBag from /opt/airflow/dags/job_etl_dag.py
[2026-05-11T10:07:00.979+0000] {processor.py:840} INFO - DAG(s) 'job_market_etl' retrieved from /opt/airflow/dags/job_etl_dag.py
[2026-05-11T10:07:01.022+0000] {logging_mixin.py:188} INFO - [2026-05-11T10:07:01.022+0000] {dag.py:3036} INFO - Sync 1 DAGs
[2026-05-11T10:07:01.040+0000] {logging_mixin.py:188} INFO - [2026-05-11T10:07:01.039+0000] {dag.py:3823} INFO - Setting next_dagrun for job_market_etl to None, run_after=None
[2026-05-11T10:07:01.085+0000] {processor.py:183} INFO - Processing /opt/airflow/dags/job_etl_dag.py took 0.147 seconds
[2026-05-11T10:07:31.211+0000] {processor.py:161} INFO - Started process (PID=1537) to work on /opt/airflow/dags/job_etl_dag.py
[2026-05-11T10:07:31.214+0000] {processor.py:830} INFO - Processing file /opt/airflow/dags/job_etl_dag.py for tasks to queue
[2026-05-11T10:07:31.216+0000] {logging_mixin.py:188} INFO - [2026-05-11T10:07:31.216+0000] {dagbag.py:538} INFO - Filling up the DagBag from /opt/airflow/dags/job_etl_dag.py
[2026-05-11T10:07:31.252+0000] {processor.py:840} INFO - DAG(s) 'job_market_etl' retrieved from /opt/airflow/dags/job_etl_dag.py
[2026-05-11T10:07:31.294+0000] {logging_mixin.py:188} INFO - [2026-05-11T10:07:31.293+0000] {dag.py:3036} INFO - Sync 1 DAGs
[2026-05-11T10:07:31.307+0000] {logging_mixin.py:188} INFO - [2026-05-11T10:07:31.307+0000] {dag.py:3823} INFO - Setting next_dagrun for job_market_etl to None, run_after=None
[2026-05-11T10:07:31.354+0000] {processor.py:183} INFO - Processing /opt/airflow/dags/job_etl_dag.py took 0.148 seconds
[2026-05-11T10:08:01.596+0000] {processor.py:161} INFO - Started process (PID=1538) to work on /opt/airflow/dags/job_etl_dag.py
[2026-05-11T10:08:01.598+0000] {processor.py:830} INFO - Processing file /opt/airflow/dags/job_etl_dag.py for tasks to queue
[2026-05-11T10:08:01.600+0000] {logging_mixin.py:188} INFO - [2026-05-11T10:08:01.600+0000] {dagbag.py:538} INFO - Filling up the DagBag from /opt/airflow/dags/job_etl_dag.py
[2026-05-11T10:08:01.632+0000] {processor.py:840} INFO - DAG(s) 'job_market_etl' retrieved from /opt/airflow/dags/job_etl_dag.py
[2026-05-11T10:08:01.676+0000] {logging_mixin.py:188} INFO - [2026-05-11T10:08:01.675+0000] {dag.py:3036} INFO - Sync 1 DAGs
[2026-05-11T10:08:01.691+0000] {logging_mixin.py:188} INFO - [2026-05-11T10:08:01.691+0000] {dag.py:3823} INFO - Setting next_dagrun for job_market_etl to None, run_after=None
[2026-05-11T10:08:01.724+0000] {processor.py:183} INFO - Processing /opt/airflow/dags/job_etl_dag.py took 0.133 seconds
[2026-05-11T10:08:31.874+0000] {processor.py:161} INFO - Started process (PID=1539) to work on /opt/airflow/dags/job_etl_dag.py
[2026-05-11T10:08:31.877+0000] {processor.py:830} INFO - Processing file /opt/airflow/dags/job_etl_dag.py for tasks to queue
[2026-05-11T10:08:31.879+0000] {logging_mixin.py:188} INFO - [2026-05-11T10:08:31.878+0000] {dagbag.py:538} INFO - Filling up the DagBag from /opt/airflow/dags/job_etl_dag.py
[2026-05-11T10:08:31.921+0000] {processor.py:840} INFO - DAG(s) 'job_market_etl' retrieved from /opt/airflow/dags/job_etl_dag.py
[2026-05-11T10:08:31.963+0000] {logging_mixin.py:188} INFO - [2026-05-11T10:08:31.963+0000] {dag.py:3036} INFO - Sync 1 DAGs
[2026-05-11T10:08:31.978+0000] {logging_mixin.py:188} INFO - [2026-05-11T10:08:31.978+0000] {dag.py:3823} INFO - Setting next_dagrun for job_market_etl to None, run_after=None
[2026-05-11T10:08:32.021+0000] {processor.py:183} INFO - Processing /opt/airflow/dags/job_etl_dag.py took 0.152 seconds
[2026-05-11T10:09:02.251+0000] {processor.py:161} INFO - Started process (PID=1540) to work on /opt/airflow/dags/job_etl_dag.py
[2026-05-11T10:09:02.253+0000] {processor.py:830} INFO - Processing file /opt/airflow/dags/job_etl_dag.py for tasks to queue
[2026-05-11T10:09:02.255+0000] {logging_mixin.py:188} INFO - [2026-05-11T10:09:02.254+0000] {dagbag.py:538} INFO - Filling up the DagBag from /opt/airflow/dags/job_etl_dag.py
[2026-05-11T10:09:02.286+0000] {processor.py:840} INFO - DAG(s) 'job_market_etl' retrieved from /opt/airflow/dags/job_etl_dag.py
[2026-05-11T10:09:02.324+0000] {logging_mixin.py:188} INFO - [2026-05-11T10:09:02.323+0000] {dag.py:3036} INFO - Sync 1 DAGs
[2026-05-11T10:09:02.338+0000] {logging_mixin.py:188} INFO - [2026-05-11T10:09:02.338+0000] {dag.py:3823} INFO - Setting next_dagrun for job_market_etl to None, run_after=None
[2026-05-11T10:09:02.371+0000] {processor.py:183} INFO - Processing /opt/airflow/dags/job_etl_dag.py took 0.125 seconds
[2026-05-11T10:09:32.526+0000] {processor.py:161} INFO - Started process (PID=1541) to work on /opt/airflow/dags/job_etl_dag.py
[2026-05-11T10:09:32.528+0000] {processor.py:830} INFO - Processing file /opt/airflow/dags/job_etl_dag.py for tasks to queue
[2026-05-11T10:09:32.531+0000] {logging_mixin.py:188} INFO - [2026-05-11T10:09:32.530+0000] {dagbag.py:538} INFO - Filling up the DagBag from /opt/airflow/dags/job_etl_dag.py
[2026-05-11T10:09:32.565+0000] {processor.py:840} INFO - DAG(s) 'job_market_etl' retrieved from /opt/airflow/dags/job_etl_dag.py
[2026-05-11T10:09:32.615+0000] {logging_mixin.py:188} INFO - [2026-05-11T10:09:32.615+0000] {dag.py:3036} INFO - Sync 1 DAGs
[2026-05-11T10:09:32.632+0000] {logging_mixin.py:188} INFO - [2026-05-11T10:09:32.631+0000] {dag.py:3823} INFO - Setting next_dagrun for job_market_etl to None, run_after=None
[2026-05-11T10:09:32.666+0000] {processor.py:183} INFO - Processing /opt/airflow/dags/job_etl_dag.py took 0.145 seconds
[2026-05-11T10:10:02.897+0000] {processor.py:161} INFO - Started process (PID=1542) to work on /opt/airflow/dags/job_etl_dag.py
[2026-05-11T10:10:02.899+0000] {processor.py:830} INFO - Processing file /opt/airflow/dags/job_etl_dag.py for tasks to queue
[2026-05-11T10:10:02.901+0000] {logging_mixin.py:188} INFO - [2026-05-11T10:10:02.900+0000] {dagbag.py:538} INFO - Filling up the DagBag from /opt/airflow/dags/job_etl_dag.py
[2026-05-11T10:10:02.933+0000] {processor.py:840} INFO - DAG(s) 'job_market_etl' retrieved from /opt/airflow/dags/job_etl_dag.py
[2026-05-11T10:10:02.975+0000] {logging_mixin.py:188} INFO - [2026-05-11T10:10:02.974+0000] {dag.py:3036} INFO - Sync 1 DAGs
[2026-05-11T10:10:02.991+0000] {logging_mixin.py:188} INFO - [2026-05-11T10:10:02.990+0000] {dag.py:3823} INFO - Setting next_dagrun for job_market_etl to None, run_after=None
[2026-05-11T10:10:03.020+0000] {processor.py:183} INFO - Processing /opt/airflow/dags/job_etl_dag.py took 0.129 seconds
[2026-05-11T10:10:33.192+0000] {processor.py:161} INFO - Started process (PID=1543) to work on /opt/airflow/dags/job_etl_dag.py
[2026-05-11T10:10:33.194+0000] {processor.py:830} INFO - Processing file /opt/airflow/dags/job_etl_dag.py for tasks to queue
[2026-05-11T10:10:33.196+0000] {logging_mixin.py:188} INFO - [2026-05-11T10:10:33.196+0000] {dagbag.py:538} INFO - Filling up the DagBag from /opt/airflow/dags/job_etl_dag.py
[2026-05-11T10:10:33.229+0000] {processor.py:840} INFO - DAG(s) 'job_market_etl' retrieved from /opt/airflow/dags/job_etl_dag.py
[2026-05-11T10:10:33.272+0000] {logging_mixin.py:188} INFO - [2026-05-11T10:10:33.272+0000] {dag.py:3036} INFO - Sync 1 DAGs
[2026-05-11T10:10:33.286+0000] {logging_mixin.py:188} INFO - [2026-05-11T10:10:33.286+0000] {dag.py:3823} INFO - Setting next_dagrun for job_market_etl to None, run_after=None
[2026-05-11T10:10:33.316+0000] {processor.py:183} INFO - Processing /opt/airflow/dags/job_etl_dag.py took 0.130 seconds
[2026-05-11T10:11:03.584+0000] {processor.py:161} INFO - Started process (PID=1544) to work on /opt/airflow/dags/job_etl_dag.py
[2026-05-11T10:11:03.587+0000] {processor.py:830} INFO - Processing file /opt/airflow/dags/job_etl_dag.py for tasks to queue
[2026-05-11T10:11:03.588+0000] {logging_mixin.py:188} INFO - [2026-05-11T10:11:03.588+0000] {dagbag.py:538} INFO - Filling up the DagBag from /opt/airflow/dags/job_etl_dag.py
[2026-05-11T10:11:03.620+0000] {processor.py:840} INFO - DAG(s) 'job_market_etl' retrieved from /opt/airflow/dags/job_etl_dag.py
[2026-05-11T10:11:03.663+0000] {logging_mixin.py:188} INFO - [2026-05-11T10:11:03.663+0000] {dag.py:3036} INFO - Sync 1 DAGs
[2026-05-11T10:11:03.677+0000] {logging_mixin.py:188} INFO - [2026-05-11T10:11:03.677+0000] {dag.py:3823} INFO - Setting next_dagrun for job_market_etl to None, run_after=None
[2026-05-11T10:11:03.707+0000] {processor.py:183} INFO - Processing /opt/airflow/dags/job_etl_dag.py took 0.128 seconds
[2026-05-11T10:11:33.852+0000] {processor.py:161} INFO - Started process (PID=1545) to work on /opt/airflow/dags/job_etl_dag.py
[2026-05-11T10:11:33.854+0000] {processor.py:830} INFO - Processing file /opt/airflow/dags/job_etl_dag.py for tasks to queue
[2026-05-11T10:11:33.856+0000] {logging_mixin.py:188} INFO - [2026-05-11T10:11:33.855+0000] {dagbag.py:538} INFO - Filling up the DagBag from /opt/airflow/dags/job_etl_dag.py
[2026-05-11T10:11:33.889+0000] {processor.py:840} INFO - DAG(s) 'job_market_etl' retrieved from /opt/airflow/dags/job_etl_dag.py
[2026-05-11T10:11:33.930+0000] {logging_mixin.py:188} INFO - [2026-05-11T10:11:33.930+0000] {dag.py:3036} INFO - Sync 1 DAGs
[2026-05-11T10:11:33.945+0000] {logging_mixin.py:188} INFO - [2026-05-11T10:11:33.945+0000] {dag.py:3823} INFO - Setting next_dagrun for job_market_etl to None, run_after=None
[2026-05-11T10:11:33.976+0000] {processor.py:183} INFO - Processing /opt/airflow/dags/job_etl_dag.py took 0.129 seconds
[2026-05-11T10:12:04.232+0000] {processor.py:161} INFO - Started process (PID=1546) to work on /opt/airflow/dags/job_etl_dag.py
[2026-05-11T10:12:04.235+0000] {processor.py:830} INFO - Processing file /opt/airflow/dags/job_etl_dag.py for tasks to queue
[2026-05-11T10:12:04.237+0000] {logging_mixin.py:188} INFO - [2026-05-11T10:12:04.236+0000] {dagbag.py:538} INFO - Filling up the DagBag from /opt/airflow/dags/job_etl_dag.py
[2026-05-11T10:12:04.266+0000] {processor.py:840} INFO - DAG(s) 'job_market_etl' retrieved from /opt/airflow/dags/job_etl_dag.py
[2026-05-11T10:12:04.308+0000] {logging_mixin.py:188} INFO - [2026-05-11T10:12:04.308+0000] {dag.py:3036} INFO - Sync 1 DAGs
[2026-05-11T10:12:04.323+0000] {logging_mixin.py:188} INFO - [2026-05-11T10:12:04.323+0000] {dag.py:3823} INFO - Setting next_dagrun for job_market_etl to None, run_after=None
[2026-05-11T10:12:04.354+0000] {processor.py:183} INFO - Processing /opt/airflow/dags/job_etl_dag.py took 0.127 seconds
[2026-05-11T10:12:34.502+0000] {processor.py:161} INFO - Started process (PID=1547) to work on /opt/airflow/dags/job_etl_dag.py
[2026-05-11T10:12:34.504+0000] {processor.py:830} INFO - Processing file /opt/airflow/dags/job_etl_dag.py for tasks to queue
[2026-05-11T10:12:34.505+0000] {logging_mixin.py:188} INFO - [2026-05-11T10:12:34.505+0000] {dagbag.py:538} INFO - Filling up the DagBag from /opt/airflow/dags/job_etl_dag.py
[2026-05-11T10:12:34.540+0000] {processor.py:840} INFO - DAG(s) 'job_market_etl' retrieved from /opt/airflow/dags/job_etl_dag.py
[2026-05-11T10:12:34.584+0000] {logging_mixin.py:188} INFO - [2026-05-11T10:12:34.583+0000] {dag.py:3036} INFO - Sync 1 DAGs
[2026-05-11T10:12:34.600+0000] {logging_mixin.py:188} INFO - [2026-05-11T10:12:34.600+0000] {dag.py:3823} INFO - Setting next_dagrun for job_market_etl to None, run_after=None
[2026-05-11T10:12:34.644+0000] {processor.py:183} INFO - Processing /opt/airflow/dags/job_etl_dag.py took 0.146 seconds
[2026-05-11T10:13:04.873+0000] {processor.py:161} INFO - Started process (PID=1548) to work on /opt/airflow/dags/job_etl_dag.py
[2026-05-11T10:13:04.875+0000] {processor.py:830} INFO - Processing file /opt/airflow/dags/job_etl_dag.py for tasks to queue
[2026-05-11T10:13:04.877+0000] {logging_mixin.py:188} INFO - [2026-05-11T10:13:04.877+0000] {dagbag.py:538} INFO - Filling up the DagBag from /opt/airflow/dags/job_etl_dag.py
[2026-05-11T10:13:04.909+0000] {processor.py:840} INFO - DAG(s) 'job_market_etl' retrieved from /opt/airflow/dags/job_etl_dag.py
[2026-05-11T10:13:04.947+0000] {logging_mixin.py:188} INFO - [2026-05-11T10:13:04.947+0000] {dag.py:3036} INFO - Sync 1 DAGs
[2026-05-11T10:13:04.964+0000] {logging_mixin.py:188} INFO - [2026-05-11T10:13:04.963+0000] {dag.py:3823} INFO - Setting next_dagrun for job_market_etl to None, run_after=None
[2026-05-11T10:13:05.010+0000] {processor.py:183} INFO - Processing /opt/airflow/dags/job_etl_dag.py took 0.142 seconds
[2026-05-11T10:13:35.147+0000] {processor.py:161} INFO - Started process (PID=1549) to work on /opt/airflow/dags/job_etl_dag.py
[2026-05-11T10:13:35.149+0000] {processor.py:830} INFO - Processing file /opt/airflow/dags/job_etl_dag.py for tasks to queue
[2026-05-11T10:13:35.150+0000] {logging_mixin.py:188} INFO - [2026-05-11T10:13:35.150+0000] {dagbag.py:538} INFO - Filling up the DagBag from /opt/airflow/dags/job_etl_dag.py
[2026-05-11T10:13:35.187+0000] {processor.py:840} INFO - DAG(s) 'job_market_etl' retrieved from /opt/airflow/dags/job_etl_dag.py
[2026-05-11T10:13:35.237+0000] {logging_mixin.py:188} INFO - [2026-05-11T10:13:35.237+0000] {dag.py:3036} INFO - Sync 1 DAGs
[2026-05-11T10:13:35.254+0000] {logging_mixin.py:188} INFO - [2026-05-11T10:13:35.254+0000] {dag.py:3823} INFO - Setting next_dagrun for job_market_etl to None, run_after=None
[2026-05-11T10:13:35.298+0000] {processor.py:183} INFO - Processing /opt/airflow/dags/job_etl_dag.py took 0.156 seconds
[2026-05-11T10:14:05.548+0000] {processor.py:161} INFO - Started process (PID=1550) to work on /opt/airflow/dags/job_etl_dag.py
[2026-05-11T10:14:05.550+0000] {processor.py:830} INFO - Processing file /opt/airflow/dags/job_etl_dag.py for tasks to queue
[2026-05-11T10:14:05.552+0000] {logging_mixin.py:188} INFO - [2026-05-11T10:14:05.551+0000] {dagbag.py:538} INFO - Filling up the DagBag from /opt/airflow/dags/job_etl_dag.py
[2026-05-11T10:14:05.586+0000] {processor.py:840} INFO - DAG(s) 'job_market_etl' retrieved from /opt/airflow/dags/job_etl_dag.py
[2026-05-11T10:14:05.625+0000] {logging_mixin.py:188} INFO - [2026-05-11T10:14:05.625+0000] {dag.py:3036} INFO - Sync 1 DAGs
[2026-05-11T10:14:05.640+0000] {logging_mixin.py:188} INFO - [2026-05-11T10:14:05.639+0000] {dag.py:3823} INFO - Setting next_dagrun for job_market_etl to None, run_after=None
[2026-05-11T10:14:05.685+0000] {processor.py:183} INFO - Processing /opt/airflow/dags/job_etl_dag.py took 0.141 seconds
[2026-05-11T10:14:35.836+0000] {processor.py:161} INFO - Started process (PID=1551) to work on /opt/airflow/dags/job_etl_dag.py
[2026-05-11T10:14:35.839+0000] {processor.py:830} INFO - Processing file /opt/airflow/dags/job_etl_dag.py for tasks to queue
[2026-05-11T10:14:35.841+0000] {logging_mixin.py:188} INFO - [2026-05-11T10:14:35.840+0000] {dagbag.py:538} INFO - Filling up the DagBag from /opt/airflow/dags/job_etl_dag.py
[2026-05-11T10:14:35.874+0000] {processor.py:840} INFO - DAG(s) 'job_market_etl' retrieved from /opt/airflow/dags/job_etl_dag.py
[2026-05-11T10:14:35.916+0000] {logging_mixin.py:188} INFO - [2026-05-11T10:14:35.916+0000] {dag.py:3036} INFO - Sync 1 DAGs
[2026-05-11T10:14:35.930+0000] {logging_mixin.py:188} INFO - [2026-05-11T10:14:35.930+0000] {dag.py:3823} INFO - Setting next_dagrun for job_market_etl to None, run_after=None
[2026-05-11T10:14:35.961+0000] {processor.py:183} INFO - Processing /opt/airflow/dags/job_etl_dag.py took 0.129 seconds
[2026-05-11T10:15:06.223+0000] {processor.py:161} INFO - Started process (PID=1552) to work on /opt/airflow/dags/job_etl_dag.py
[2026-05-11T10:15:06.224+0000] {processor.py:830} INFO - Processing file /opt/airflow/dags/job_etl_dag.py for tasks to queue
[2026-05-11T10:15:06.227+0000] {logging_mixin.py:188} INFO - [2026-05-11T10:15:06.226+0000] {dagbag.py:538} INFO - Filling up the DagBag from /opt/airflow/dags/job_etl_dag.py
[2026-05-11T10:15:06.260+0000] {processor.py:840} INFO - DAG(s) 'job_market_etl' retrieved from /opt/airflow/dags/job_etl_dag.py
[2026-05-11T10:15:06.300+0000] {logging_mixin.py:188} INFO - [2026-05-11T10:15:06.300+0000] {dag.py:3036} INFO - Sync 1 DAGs
[2026-05-11T10:15:06.315+0000] {logging_mixin.py:188} INFO - [2026-05-11T10:15:06.315+0000] {dag.py:3823} INFO - Setting next_dagrun for job_market_etl to None, run_after=None
[2026-05-11T10:15:06.348+0000] {processor.py:183} INFO - Processing /opt/airflow/dags/job_etl_dag.py took 0.130 seconds
[2026-05-11T10:15:36.507+0000] {processor.py:161} INFO - Started process (PID=1553) to work on /opt/airflow/dags/job_etl_dag.py
[2026-05-11T10:15:36.509+0000] {processor.py:830} INFO - Processing file /opt/airflow/dags/job_etl_dag.py for tasks to queue
[2026-05-11T10:15:36.511+0000] {logging_mixin.py:188} INFO - [2026-05-11T10:15:36.510+0000] {dagbag.py:538} INFO - Filling up the DagBag from /opt/airflow/dags/job_etl_dag.py
[2026-05-11T10:15:36.541+0000] {processor.py:840} INFO - DAG(s) 'job_market_etl' retrieved from /opt/airflow/dags/job_etl_dag.py
[2026-05-11T10:15:36.582+0000] {logging_mixin.py:188} INFO - [2026-05-11T10:15:36.581+0000] {dag.py:3036} INFO - Sync 1 DAGs
[2026-05-11T10:15:36.598+0000] {logging_mixin.py:188} INFO - [2026-05-11T10:15:36.598+0000] {dag.py:3823} INFO - Setting next_dagrun for job_market_etl to None, run_after=None
[2026-05-11T10:15:36.642+0000] {processor.py:183} INFO - Processing /opt/airflow/dags/job_etl_dag.py took 0.140 seconds
[2026-05-11T10:16:06.911+0000] {processor.py:161} INFO - Started process (PID=1554) to work on /opt/airflow/dags/job_etl_dag.py
[2026-05-11T10:16:06.913+0000] {processor.py:830} INFO - Processing file /opt/airflow/dags/job_etl_dag.py for tasks to queue
[2026-05-11T10:16:06.916+0000] {logging_mixin.py:188} INFO - [2026-05-11T10:16:06.915+0000] {dagbag.py:538} INFO - Filling up the DagBag from /opt/airflow/dags/job_etl_dag.py
[2026-05-11T10:16:06.950+0000] {processor.py:840} INFO - DAG(s) 'job_market_etl' retrieved from /opt/airflow/dags/job_etl_dag.py
[2026-05-11T10:16:06.987+0000] {logging_mixin.py:188} INFO - [2026-05-11T10:16:06.987+0000] {dag.py:3036} INFO - Sync 1 DAGs
[2026-05-11T10:16:07.002+0000] {logging_mixin.py:188} INFO - [2026-05-11T10:16:07.002+0000] {dag.py:3823} INFO - Setting next_dagrun for job_market_etl to None, run_after=None
[2026-05-11T10:16:07.045+0000] {processor.py:183} INFO - Processing /opt/airflow/dags/job_etl_dag.py took 0.139 seconds
[2026-05-11T10:16:37.179+0000] {processor.py:161} INFO - Started process (PID=1555) to work on /opt/airflow/dags/job_etl_dag.py
[2026-05-11T10:16:37.182+0000] {processor.py:830} INFO - Processing file /opt/airflow/dags/job_etl_dag.py for tasks to queue
[2026-05-11T10:16:37.184+0000] {logging_mixin.py:188} INFO - [2026-05-11T10:16:37.183+0000] {dagbag.py:538} INFO - Filling up the DagBag from /opt/airflow/dags/job_etl_dag.py
[2026-05-11T10:16:37.216+0000] {processor.py:840} INFO - DAG(s) 'job_market_etl' retrieved from /opt/airflow/dags/job_etl_dag.py
[2026-05-11T10:16:37.255+0000] {logging_mixin.py:188} INFO - [2026-05-11T10:16:37.254+0000] {dag.py:3036} INFO - Sync 1 DAGs
[2026-05-11T10:16:37.270+0000] {logging_mixin.py:188} INFO - [2026-05-11T10:16:37.270+0000] {dag.py:3823} INFO - Setting next_dagrun for job_market_etl to None, run_after=None
[2026-05-11T10:16:37.313+0000] {processor.py:183} INFO - Processing /opt/airflow/dags/job_etl_dag.py took 0.141 seconds
[2026-05-11T10:17:07.570+0000] {processor.py:161} INFO - Started process (PID=1556) to work on /opt/airflow/dags/job_etl_dag.py
[2026-05-11T10:17:07.572+0000] {processor.py:830} INFO - Processing file /opt/airflow/dags/job_etl_dag.py for tasks to queue
[2026-05-11T10:17:07.575+0000] {logging_mixin.py:188} INFO - [2026-05-11T10:17:07.574+0000] {dagbag.py:538} INFO - Filling up the DagBag from /opt/airflow/dags/job_etl_dag.py
[2026-05-11T10:17:07.608+0000] {processor.py:840} INFO - DAG(s) 'job_market_etl' retrieved from /opt/airflow/dags/job_etl_dag.py
[2026-05-11T10:17:07.646+0000] {logging_mixin.py:188} INFO - [2026-05-11T10:17:07.645+0000] {dag.py:3036} INFO - Sync 1 DAGs
[2026-05-11T10:17:07.660+0000] {logging_mixin.py:188} INFO - [2026-05-11T10:17:07.660+0000] {dag.py:3823} INFO - Setting next_dagrun for job_market_etl to None, run_after=None
[2026-05-11T10:17:07.701+0000] {processor.py:183} INFO - Processing /opt/airflow/dags/job_etl_dag.py took 0.135 seconds
[2026-05-11T10:17:37.840+0000] {processor.py:161} INFO - Started process (PID=1557) to work on /opt/airflow/dags/job_etl_dag.py
[2026-05-11T10:17:37.843+0000] {processor.py:830} INFO - Processing file /opt/airflow/dags/job_etl_dag.py for tasks to queue
[2026-05-11T10:17:37.846+0000] {logging_mixin.py:188} INFO - [2026-05-11T10:17:37.845+0000] {dagbag.py:538} INFO - Filling up the DagBag from /opt/airflow/dags/job_etl_dag.py
[2026-05-11T10:17:37.881+0000] {processor.py:840} INFO - DAG(s) 'job_market_etl' retrieved from /opt/airflow/dags/job_etl_dag.py
[2026-05-11T10:17:37.921+0000] {logging_mixin.py:188} INFO - [2026-05-11T10:17:37.921+0000] {dag.py:3036} INFO - Sync 1 DAGs
[2026-05-11T10:17:37.935+0000] {logging_mixin.py:188} INFO - [2026-05-11T10:17:37.935+0000] {dag.py:3823} INFO - Setting next_dagrun for job_market_etl to None, run_after=None
[2026-05-11T10:17:37.976+0000] {processor.py:183} INFO - Processing /opt/airflow/dags/job_etl_dag.py took 0.140 seconds
[2026-05-11T10:18:08.252+0000] {processor.py:161} INFO - Started process (PID=1558) to work on /opt/airflow/dags/job_etl_dag.py
[2026-05-11T10:18:08.254+0000] {processor.py:830} INFO - Processing file /opt/airflow/dags/job_etl_dag.py for tasks to queue
[2026-05-11T10:18:08.256+0000] {logging_mixin.py:188} INFO - [2026-05-11T10:18:08.256+0000] {dagbag.py:538} INFO - Filling up the DagBag from /opt/airflow/dags/job_etl_dag.py
[2026-05-11T10:18:08.287+0000] {processor.py:840} INFO - DAG(s) 'job_market_etl' retrieved from /opt/airflow/dags/job_etl_dag.py
[2026-05-11T10:18:08.323+0000] {logging_mixin.py:188} INFO - [2026-05-11T10:18:08.323+0000] {dag.py:3036} INFO - Sync 1 DAGs
[2026-05-11T10:18:08.340+0000] {logging_mixin.py:188} INFO - [2026-05-11T10:18:08.340+0000] {dag.py:3823} INFO - Setting next_dagrun for job_market_etl to None, run_after=None
[2026-05-11T10:18:08.372+0000] {processor.py:183} INFO - Processing /opt/airflow/dags/job_etl_dag.py took 0.125 seconds
[2026-05-11T10:18:38.524+0000] {processor.py:161} INFO - Started process (PID=1559) to work on /opt/airflow/dags/job_etl_dag.py
[2026-05-11T10:18:38.526+0000] {processor.py:830} INFO - Processing file /opt/airflow/dags/job_etl_dag.py for tasks to queue
[2026-05-11T10:18:38.529+0000] {logging_mixin.py:188} INFO - [2026-05-11T10:18:38.529+0000] {dagbag.py:538} INFO - Filling up the DagBag from /opt/airflow/dags/job_etl_dag.py
[2026-05-11T10:18:38.557+0000] {processor.py:840} INFO - DAG(s) 'job_market_etl' retrieved from /opt/airflow/dags/job_etl_dag.py
[2026-05-11T10:18:38.595+0000] {logging_mixin.py:188} INFO - [2026-05-11T10:18:38.594+0000] {dag.py:3036} INFO - Sync 1 DAGs
[2026-05-11T10:18:38.610+0000] {logging_mixin.py:188} INFO - [2026-05-11T10:18:38.610+0000] {dag.py:3823} INFO - Setting next_dagrun for job_market_etl to None, run_after=None
[2026-05-11T10:18:38.640+0000] {processor.py:183} INFO - Processing /opt/airflow/dags/job_etl_dag.py took 0.122 seconds
[2026-05-11T10:19:08.904+0000] {processor.py:161} INFO - Started process (PID=1560) to work on /opt/airflow/dags/job_etl_dag.py
[2026-05-11T10:19:08.906+0000] {processor.py:830} INFO - Processing file /opt/airflow/dags/job_etl_dag.py for tasks to queue
[2026-05-11T10:19:08.908+0000] {logging_mixin.py:188} INFO - [2026-05-11T10:19:08.908+0000] {dagbag.py:538} INFO - Filling up the DagBag from /opt/airflow/dags/job_etl_dag.py
[2026-05-11T10:19:08.946+0000] {processor.py:840} INFO - DAG(s) 'job_market_etl' retrieved from /opt/airflow/dags/job_etl_dag.py
[2026-05-11T10:19:08.994+0000] {logging_mixin.py:188} INFO - [2026-05-11T10:19:08.994+0000] {dag.py:3036} INFO - Sync 1 DAGs
[2026-05-11T10:19:09.011+0000] {logging_mixin.py:188} INFO - [2026-05-11T10:19:09.011+0000] {dag.py:3823} INFO - Setting next_dagrun for job_market_etl to None, run_after=None
[2026-05-11T10:19:09.056+0000] {processor.py:183} INFO - Processing /opt/airflow/dags/job_etl_dag.py took 0.157 seconds
[2026-05-11T10:19:39.175+0000] {processor.py:161} INFO - Started process (PID=1561) to work on /opt/airflow/dags/job_etl_dag.py
[2026-05-11T10:19:39.178+0000] {processor.py:830} INFO - Processing file /opt/airflow/dags/job_etl_dag.py for tasks to queue
[2026-05-11T10:19:39.179+0000] {logging_mixin.py:188} INFO - [2026-05-11T10:19:39.179+0000] {dagbag.py:538} INFO - Filling up the DagBag from /opt/airflow/dags/job_etl_dag.py
[2026-05-11T10:19:39.210+0000] {processor.py:840} INFO - DAG(s) 'job_market_etl' retrieved from /opt/airflow/dags/job_etl_dag.py
[2026-05-11T10:19:39.255+0000] {logging_mixin.py:188} INFO - [2026-05-11T10:19:39.255+0000] {dag.py:3036} INFO - Sync 1 DAGs
[2026-05-11T10:19:39.270+0000] {logging_mixin.py:188} INFO - [2026-05-11T10:19:39.270+0000] {dag.py:3823} INFO - Setting next_dagrun for job_market_etl to None, run_after=None
[2026-05-11T10:19:39.313+0000] {processor.py:183} INFO - Processing /opt/airflow/dags/job_etl_dag.py took 0.144 seconds
[2026-05-11T10:20:09.597+0000] {processor.py:161} INFO - Started process (PID=1562) to work on /opt/airflow/dags/job_etl_dag.py
[2026-05-11T10:20:09.601+0000] {processor.py:830} INFO - Processing file /opt/airflow/dags/job_etl_dag.py for tasks to queue
[2026-05-11T10:20:09.603+0000] {logging_mixin.py:188} INFO - [2026-05-11T10:20:09.602+0000] {dagbag.py:538} INFO - Filling up the DagBag from /opt/airflow/dags/job_etl_dag.py
[2026-05-11T10:20:09.641+0000] {processor.py:840} INFO - DAG(s) 'job_market_etl' retrieved from /opt/airflow/dags/job_etl_dag.py
[2026-05-11T10:20:09.694+0000] {logging_mixin.py:188} INFO - [2026-05-11T10:20:09.694+0000] {dag.py:3036} INFO - Sync 1 DAGs
[2026-05-11T10:20:09.718+0000] {logging_mixin.py:188} INFO - [2026-05-11T10:20:09.718+0000] {dag.py:3823} INFO - Setting next_dagrun for job_market_etl to None, run_after=None
[2026-05-11T10:20:09.763+0000] {processor.py:183} INFO - Processing /opt/airflow/dags/job_etl_dag.py took 0.172 seconds
[2026-05-11T10:20:39.856+0000] {processor.py:161} INFO - Started process (PID=1563) to work on /opt/airflow/dags/job_etl_dag.py
[2026-05-11T10:20:39.858+0000] {processor.py:830} INFO - Processing file /opt/airflow/dags/job_etl_dag.py for tasks to queue
[2026-05-11T10:20:39.860+0000] {logging_mixin.py:188} INFO - [2026-05-11T10:20:39.859+0000] {dagbag.py:538} INFO - Filling up the DagBag from /opt/airflow/dags/job_etl_dag.py
[2026-05-11T10:20:39.892+0000] {processor.py:840} INFO - DAG(s) 'job_market_etl' retrieved from /opt/airflow/dags/job_etl_dag.py
[2026-05-11T10:20:39.939+0000] {logging_mixin.py:188} INFO - [2026-05-11T10:20:39.938+0000] {dag.py:3036} INFO - Sync 1 DAGs
[2026-05-11T10:20:39.956+0000] {logging_mixin.py:188} INFO - [2026-05-11T10:20:39.955+0000] {dag.py:3823} INFO - Setting next_dagrun for job_market_etl to None, run_after=None
[2026-05-11T10:20:40.002+0000] {processor.py:183} INFO - Processing /opt/airflow/dags/job_etl_dag.py took 0.152 seconds
[2026-05-11T10:21:10.310+0000] {processor.py:161} INFO - Started process (PID=1564) to work on /opt/airflow/dags/job_etl_dag.py
[2026-05-11T10:21:10.312+0000] {processor.py:830} INFO - Processing file /opt/airflow/dags/job_etl_dag.py for tasks to queue
[2026-05-11T10:21:10.314+0000] {logging_mixin.py:188} INFO - [2026-05-11T10:21:10.314+0000] {dagbag.py:538} INFO - Filling up the DagBag from /opt/airflow/dags/job_etl_dag.py
[2026-05-11T10:21:10.345+0000] {processor.py:840} INFO - DAG(s) 'job_market_etl' retrieved from /opt/airflow/dags/job_etl_dag.py
[2026-05-11T10:21:10.381+0000] {logging_mixin.py:188} INFO - [2026-05-11T10:21:10.380+0000] {dag.py:3036} INFO - Sync 1 DAGs
[2026-05-11T10:21:10.403+0000] {logging_mixin.py:188} INFO - [2026-05-11T10:21:10.403+0000] {dag.py:3823} INFO - Setting next_dagrun for job_market_etl to None, run_after=None
[2026-05-11T10:21:10.445+0000] {processor.py:183} INFO - Processing /opt/airflow/dags/job_etl_dag.py took 0.139 seconds
[2026-05-11T10:21:40.572+0000] {processor.py:161} INFO - Started process (PID=1565) to work on /opt/airflow/dags/job_etl_dag.py
[2026-05-11T10:21:40.575+0000] {processor.py:830} INFO - Processing file /opt/airflow/dags/job_etl_dag.py for tasks to queue
[2026-05-11T10:21:40.577+0000] {logging_mixin.py:188} INFO - [2026-05-11T10:21:40.577+0000] {dagbag.py:538} INFO - Filling up the DagBag from /opt/airflow/dags/job_etl_dag.py
[2026-05-11T10:21:40.609+0000] {processor.py:840} INFO - DAG(s) 'job_market_etl' retrieved from /opt/airflow/dags/job_etl_dag.py
[2026-05-11T10:21:40.650+0000] {logging_mixin.py:188} INFO - [2026-05-11T10:21:40.650+0000] {dag.py:3036} INFO - Sync 1 DAGs
[2026-05-11T10:21:40.666+0000] {logging_mixin.py:188} INFO - [2026-05-11T10:21:40.666+0000] {dag.py:3823} INFO - Setting next_dagrun for job_market_etl to None, run_after=None
[2026-05-11T10:21:40.710+0000] {processor.py:183} INFO - Processing /opt/airflow/dags/job_etl_dag.py took 0.144 seconds
[2026-05-11T10:22:10.951+0000] {processor.py:161} INFO - Started process (PID=1566) to work on /opt/airflow/dags/job_etl_dag.py
[2026-05-11T10:22:10.953+0000] {processor.py:830} INFO - Processing file /opt/airflow/dags/job_etl_dag.py for tasks to queue
[2026-05-11T10:22:10.955+0000] {logging_mixin.py:188} INFO - [2026-05-11T10:22:10.955+0000] {dagbag.py:538} INFO - Filling up the DagBag from /opt/airflow/dags/job_etl_dag.py
[2026-05-11T10:22:10.981+0000] {processor.py:840} INFO - DAG(s) 'job_market_etl' retrieved from /opt/airflow/dags/job_etl_dag.py
[2026-05-11T10:22:11.019+0000] {logging_mixin.py:188} INFO - [2026-05-11T10:22:11.019+0000] {dag.py:3036} INFO - Sync 1 DAGs
[2026-05-11T10:22:11.033+0000] {logging_mixin.py:188} INFO - [2026-05-11T10:22:11.033+0000] {dag.py:3823} INFO - Setting next_dagrun for job_market_etl to None, run_after=None
[2026-05-11T10:22:11.079+0000] {processor.py:183} INFO - Processing /opt/airflow/dags/job_etl_dag.py took 0.133 seconds
[2026-05-11T10:22:41.226+0000] {processor.py:161} INFO - Started process (PID=1567) to work on /opt/airflow/dags/job_etl_dag.py
[2026-05-11T10:22:41.229+0000] {processor.py:830} INFO - Processing file /opt/airflow/dags/job_etl_dag.py for tasks to queue
[2026-05-11T10:22:41.230+0000] {logging_mixin.py:188} INFO - [2026-05-11T10:22:41.230+0000] {dagbag.py:538} INFO - Filling up the DagBag from /opt/airflow/dags/job_etl_dag.py
[2026-05-11T10:22:41.259+0000] {processor.py:840} INFO - DAG(s) 'job_market_etl' retrieved from /opt/airflow/dags/job_etl_dag.py
[2026-05-11T10:22:41.299+0000] {logging_mixin.py:188} INFO - [2026-05-11T10:22:41.298+0000] {dag.py:3036} INFO - Sync 1 DAGs
[2026-05-11T10:22:41.314+0000] {logging_mixin.py:188} INFO - [2026-05-11T10:22:41.314+0000] {dag.py:3823} INFO - Setting next_dagrun for job_market_etl to None, run_after=None
[2026-05-11T10:22:41.364+0000] {processor.py:183} INFO - Processing /opt/airflow/dags/job_etl_dag.py took 0.144 seconds
[2026-05-11T10:23:11.607+0000] {processor.py:161} INFO - Started process (PID=1568) to work on /opt/airflow/dags/job_etl_dag.py
[2026-05-11T10:23:11.609+0000] {processor.py:830} INFO - Processing file /opt/airflow/dags/job_etl_dag.py for tasks to queue
[2026-05-11T10:23:11.612+0000] {logging_mixin.py:188} INFO - [2026-05-11T10:23:11.611+0000] {dagbag.py:538} INFO - Filling up the DagBag from /opt/airflow/dags/job_etl_dag.py
[2026-05-11T10:23:11.645+0000] {processor.py:840} INFO - DAG(s) 'job_market_etl' retrieved from /opt/airflow/dags/job_etl_dag.py
[2026-05-11T10:23:11.684+0000] {logging_mixin.py:188} INFO - [2026-05-11T10:23:11.684+0000] {dag.py:3036} INFO - Sync 1 DAGs
[2026-05-11T10:23:11.700+0000] {logging_mixin.py:188} INFO - [2026-05-11T10:23:11.700+0000] {dag.py:3823} INFO - Setting next_dagrun for job_market_etl to None, run_after=None
[2026-05-11T10:23:11.735+0000] {processor.py:183} INFO - Processing /opt/airflow/dags/job_etl_dag.py took 0.133 seconds
[2026-05-11T10:23:41.879+0000] {processor.py:161} INFO - Started process (PID=1569) to work on /opt/airflow/dags/job_etl_dag.py
[2026-05-11T10:23:41.882+0000] {processor.py:830} INFO - Processing file /opt/airflow/dags/job_etl_dag.py for tasks to queue
[2026-05-11T10:23:41.884+0000] {logging_mixin.py:188} INFO - [2026-05-11T10:23:41.884+0000] {dagbag.py:538} INFO - Filling up the DagBag from /opt/airflow/dags/job_etl_dag.py
[2026-05-11T10:23:41.920+0000] {processor.py:840} INFO - DAG(s) 'job_market_etl' retrieved from /opt/airflow/dags/job_etl_dag.py
[2026-05-11T10:23:41.958+0000] {logging_mixin.py:188} INFO - [2026-05-11T10:23:41.958+0000] {dag.py:3036} INFO - Sync 1 DAGs
[2026-05-11T10:23:41.973+0000] {logging_mixin.py:188} INFO - [2026-05-11T10:23:41.973+0000] {dag.py:3823} INFO - Setting next_dagrun for job_market_etl to None, run_after=None
[2026-05-11T10:23:42.004+0000] {processor.py:183} INFO - Processing /opt/airflow/dags/job_etl_dag.py took 0.130 seconds
[2026-05-11T10:24:12.250+0000] {processor.py:161} INFO - Started process (PID=1570) to work on /opt/airflow/dags/job_etl_dag.py
[2026-05-11T10:24:12.252+0000] {processor.py:830} INFO - Processing file /opt/airflow/dags/job_etl_dag.py for tasks to queue
[2026-05-11T10:24:12.255+0000] {logging_mixin.py:188} INFO - [2026-05-11T10:24:12.254+0000] {dagbag.py:538} INFO - Filling up the DagBag from /opt/airflow/dags/job_etl_dag.py
[2026-05-11T10:24:12.285+0000] {processor.py:840} INFO - DAG(s) 'job_market_etl' retrieved from /opt/airflow/dags/job_etl_dag.py
[2026-05-11T10:24:12.325+0000] {logging_mixin.py:188} INFO - [2026-05-11T10:24:12.324+0000] {dag.py:3036} INFO - Sync 1 DAGs
[2026-05-11T10:24:12.341+0000] {logging_mixin.py:188} INFO - [2026-05-11T10:24:12.341+0000] {dag.py:3823} INFO - Setting next_dagrun for job_market_etl to None, run_after=None
[2026-05-11T10:24:12.370+0000] {processor.py:183} INFO - Processing /opt/airflow/dags/job_etl_dag.py took 0.125 seconds
[2026-05-11T10:24:42.508+0000] {processor.py:161} INFO - Started process (PID=1571) to work on /opt/airflow/dags/job_etl_dag.py
[2026-05-11T10:24:42.510+0000] {processor.py:830} INFO - Processing file /opt/airflow/dags/job_etl_dag.py for tasks to queue
[2026-05-11T10:24:42.512+0000] {logging_mixin.py:188} INFO - [2026-05-11T10:24:42.512+0000] {dagbag.py:538} INFO - Filling up the DagBag from /opt/airflow/dags/job_etl_dag.py
[2026-05-11T10:24:42.547+0000] {processor.py:840} INFO - DAG(s) 'job_market_etl' retrieved from /opt/airflow/dags/job_etl_dag.py
[2026-05-11T10:24:42.589+0000] {logging_mixin.py:188} INFO - [2026-05-11T10:24:42.588+0000] {dag.py:3036} INFO - Sync 1 DAGs
[2026-05-11T10:24:42.605+0000] {logging_mixin.py:188} INFO - [2026-05-11T10:24:42.605+0000] {dag.py:3823} INFO - Setting next_dagrun for job_market_etl to None, run_after=None
[2026-05-11T10:24:42.636+0000] {processor.py:183} INFO - Processing /opt/airflow/dags/job_etl_dag.py took 0.134 seconds
[2026-05-11T10:25:12.873+0000] {processor.py:161} INFO - Started process (PID=1572) to work on /opt/airflow/dags/job_etl_dag.py
[2026-05-11T10:25:12.875+0000] {processor.py:830} INFO - Processing file /opt/airflow/dags/job_etl_dag.py for tasks to queue
[2026-05-11T10:25:12.877+0000] {logging_mixin.py:188} INFO - [2026-05-11T10:25:12.876+0000] {dagbag.py:538} INFO - Filling up the DagBag from /opt/airflow/dags/job_etl_dag.py
[2026-05-11T10:25:12.901+0000] {processor.py:840} INFO - DAG(s) 'job_market_etl' retrieved from /opt/airflow/dags/job_etl_dag.py
[2026-05-11T10:25:12.937+0000] {logging_mixin.py:188} INFO - [2026-05-11T10:25:12.937+0000] {dag.py:3036} INFO - Sync 1 DAGs
[2026-05-11T10:25:12.953+0000] {logging_mixin.py:188} INFO - [2026-05-11T10:25:12.952+0000] {dag.py:3823} INFO - Setting next_dagrun for job_market_etl to None, run_after=None
[2026-05-11T10:25:12.985+0000] {processor.py:183} INFO - Processing /opt/airflow/dags/job_etl_dag.py took 0.117 seconds
[2026-05-11T10:25:43.194+0000] {processor.py:161} INFO - Started process (PID=1573) to work on /opt/airflow/dags/job_etl_dag.py
[2026-05-11T10:25:43.197+0000] {processor.py:830} INFO - Processing file /opt/airflow/dags/job_etl_dag.py for tasks to queue
[2026-05-11T10:25:43.199+0000] {logging_mixin.py:188} INFO - [2026-05-11T10:25:43.198+0000] {dagbag.py:538} INFO - Filling up the DagBag from /opt/airflow/dags/job_etl_dag.py
[2026-05-11T10:25:43.230+0000] {processor.py:840} INFO - DAG(s) 'job_market_etl' retrieved from /opt/airflow/dags/job_etl_dag.py
[2026-05-11T10:25:43.274+0000] {logging_mixin.py:188} INFO - [2026-05-11T10:25:43.273+0000] {dag.py:3036} INFO - Sync 1 DAGs
[2026-05-11T10:25:43.290+0000] {logging_mixin.py:188} INFO - [2026-05-11T10:25:43.290+0000] {dag.py:3823} INFO - Setting next_dagrun for job_market_etl to None, run_after=None
[2026-05-11T10:25:43.320+0000] {processor.py:183} INFO - Processing /opt/airflow/dags/job_etl_dag.py took 0.133 seconds
[2026-05-11T10:26:13.514+0000] {processor.py:161} INFO - Started process (PID=1574) to work on /opt/airflow/dags/job_etl_dag.py
[2026-05-11T10:26:13.516+0000] {processor.py:830} INFO - Processing file /opt/airflow/dags/job_etl_dag.py for tasks to queue
[2026-05-11T10:26:13.517+0000] {logging_mixin.py:188} INFO - [2026-05-11T10:26:13.517+0000] {dagbag.py:538} INFO - Filling up the DagBag from /opt/airflow/dags/job_etl_dag.py
[2026-05-11T10:26:13.547+0000] {processor.py:840} INFO - DAG(s) 'job_market_etl' retrieved from /opt/airflow/dags/job_etl_dag.py
[2026-05-11T10:26:13.586+0000] {logging_mixin.py:188} INFO - [2026-05-11T10:26:13.585+0000] {dag.py:3036} INFO - Sync 1 DAGs
[2026-05-11T10:26:13.600+0000] {logging_mixin.py:188} INFO - [2026-05-11T10:26:13.599+0000] {dag.py:3823} INFO - Setting next_dagrun for job_market_etl to None, run_after=None
[2026-05-11T10:26:13.629+0000] {processor.py:183} INFO - Processing /opt/airflow/dags/job_etl_dag.py took 0.121 seconds
[2026-05-11T10:26:43.845+0000] {processor.py:161} INFO - Started process (PID=1575) to work on /opt/airflow/dags/job_etl_dag.py
[2026-05-11T10:26:43.847+0000] {processor.py:830} INFO - Processing file /opt/airflow/dags/job_etl_dag.py for tasks to queue
[2026-05-11T10:26:43.849+0000] {logging_mixin.py:188} INFO - [2026-05-11T10:26:43.848+0000] {dagbag.py:538} INFO - Filling up the DagBag from /opt/airflow/dags/job_etl_dag.py
[2026-05-11T10:26:43.879+0000] {processor.py:840} INFO - DAG(s) 'job_market_etl' retrieved from /opt/airflow/dags/job_etl_dag.py
[2026-05-11T10:26:43.920+0000] {logging_mixin.py:188} INFO - [2026-05-11T10:26:43.919+0000] {dag.py:3036} INFO - Sync 1 DAGs
[2026-05-11T10:26:43.934+0000] {logging_mixin.py:188} INFO - [2026-05-11T10:26:43.933+0000] {dag.py:3823} INFO - Setting next_dagrun for job_market_etl to None, run_after=None
[2026-05-11T10:26:43.965+0000] {processor.py:183} INFO - Processing /opt/airflow/dags/job_etl_dag.py took 0.125 seconds
[2026-05-11T10:27:14.163+0000] {processor.py:161} INFO - Started process (PID=1576) to work on /opt/airflow/dags/job_etl_dag.py
[2026-05-11T10:27:14.165+0000] {processor.py:830} INFO - Processing file /opt/airflow/dags/job_etl_dag.py for tasks to queue
[2026-05-11T10:27:14.167+0000] {logging_mixin.py:188} INFO - [2026-05-11T10:27:14.167+0000] {dagbag.py:538} INFO - Filling up the DagBag from /opt/airflow/dags/job_etl_dag.py
[2026-05-11T10:27:14.200+0000] {processor.py:840} INFO - DAG(s) 'job_market_etl' retrieved from /opt/airflow/dags/job_etl_dag.py
[2026-05-11T10:27:14.242+0000] {logging_mixin.py:188} INFO - [2026-05-11T10:27:14.242+0000] {dag.py:3036} INFO - Sync 1 DAGs
[2026-05-11T10:27:14.258+0000] {logging_mixin.py:188} INFO - [2026-05-11T10:27:14.258+0000] {dag.py:3823} INFO - Setting next_dagrun for job_market_etl to None, run_after=None
[2026-05-11T10:27:14.301+0000] {processor.py:183} INFO - Processing /opt/airflow/dags/job_etl_dag.py took 0.144 seconds
[2026-05-11T10:27:44.494+0000] {processor.py:161} INFO - Started process (PID=1577) to work on /opt/airflow/dags/job_etl_dag.py
[2026-05-11T10:27:44.497+0000] {processor.py:830} INFO - Processing file /opt/airflow/dags/job_etl_dag.py for tasks to queue
[2026-05-11T10:27:44.499+0000] {logging_mixin.py:188} INFO - [2026-05-11T10:27:44.498+0000] {dagbag.py:538} INFO - Filling up the DagBag from /opt/airflow/dags/job_etl_dag.py
[2026-05-11T10:27:44.529+0000] {processor.py:840} INFO - DAG(s) 'job_market_etl' retrieved from /opt/airflow/dags/job_etl_dag.py
[2026-05-11T10:27:44.569+0000] {logging_mixin.py:188} INFO - [2026-05-11T10:27:44.569+0000] {dag.py:3036} INFO - Sync 1 DAGs
[2026-05-11T10:27:44.588+0000] {logging_mixin.py:188} INFO - [2026-05-11T10:27:44.588+0000] {dag.py:3823} INFO - Setting next_dagrun for job_market_etl to None, run_after=None
[2026-05-11T10:27:44.632+0000] {processor.py:183} INFO - Processing /opt/airflow/dags/job_etl_dag.py took 0.143 seconds
[2026-05-11T10:28:14.843+0000] {processor.py:161} INFO - Started process (PID=1578) to work on /opt/airflow/dags/job_etl_dag.py
[2026-05-11T10:28:14.845+0000] {processor.py:830} INFO - Processing file /opt/airflow/dags/job_etl_dag.py for tasks to queue
[2026-05-11T10:28:14.848+0000] {logging_mixin.py:188} INFO - [2026-05-11T10:28:14.847+0000] {dagbag.py:538} INFO - Filling up the DagBag from /opt/airflow/dags/job_etl_dag.py
[2026-05-11T10:28:14.884+0000] {processor.py:840} INFO - DAG(s) 'job_market_etl' retrieved from /opt/airflow/dags/job_etl_dag.py
[2026-05-11T10:28:14.926+0000] {logging_mixin.py:188} INFO - [2026-05-11T10:28:14.926+0000] {dag.py:3036} INFO - Sync 1 DAGs
[2026-05-11T10:28:14.941+0000] {logging_mixin.py:188} INFO - [2026-05-11T10:28:14.941+0000] {dag.py:3823} INFO - Setting next_dagrun for job_market_etl to None, run_after=None
[2026-05-11T10:28:14.972+0000] {processor.py:183} INFO - Processing /opt/airflow/dags/job_etl_dag.py took 0.134 seconds
[2026-05-11T10:28:45.167+0000] {processor.py:161} INFO - Started process (PID=1579) to work on /opt/airflow/dags/job_etl_dag.py
[2026-05-11T10:28:45.169+0000] {processor.py:830} INFO - Processing file /opt/airflow/dags/job_etl_dag.py for tasks to queue
[2026-05-11T10:28:45.171+0000] {logging_mixin.py:188} INFO - [2026-05-11T10:28:45.171+0000] {dagbag.py:538} INFO - Filling up the DagBag from /opt/airflow/dags/job_etl_dag.py
[2026-05-11T10:28:45.203+0000] {processor.py:840} INFO - DAG(s) 'job_market_etl' retrieved from /opt/airflow/dags/job_etl_dag.py
[2026-05-11T10:28:45.244+0000] {logging_mixin.py:188} INFO - [2026-05-11T10:28:45.244+0000] {dag.py:3036} INFO - Sync 1 DAGs
[2026-05-11T10:28:45.260+0000] {logging_mixin.py:188} INFO - [2026-05-11T10:28:45.260+0000] {dag.py:3823} INFO - Setting next_dagrun for job_market_etl to None, run_after=None
[2026-05-11T10:28:45.292+0000] {processor.py:183} INFO - Processing /opt/airflow/dags/job_etl_dag.py took 0.132 seconds
[2026-05-11T10:29:15.480+0000] {processor.py:161} INFO - Started process (PID=1580) to work on /opt/airflow/dags/job_etl_dag.py
[2026-05-11T10:29:15.482+0000] {processor.py:830} INFO - Processing file /opt/airflow/dags/job_etl_dag.py for tasks to queue
[2026-05-11T10:29:15.485+0000] {logging_mixin.py:188} INFO - [2026-05-11T10:29:15.484+0000] {dagbag.py:538} INFO - Filling up the DagBag from /opt/airflow/dags/job_etl_dag.py
[2026-05-11T10:29:15.514+0000] {processor.py:840} INFO - DAG(s) 'job_market_etl' retrieved from /opt/airflow/dags/job_etl_dag.py
[2026-05-11T10:29:15.558+0000] {logging_mixin.py:188} INFO - [2026-05-11T10:29:15.557+0000] {dag.py:3036} INFO - Sync 1 DAGs
[2026-05-11T10:29:15.572+0000] {logging_mixin.py:188} INFO - [2026-05-11T10:29:15.572+0000] {dag.py:3823} INFO - Setting next_dagrun for job_market_etl to None, run_after=None
[2026-05-11T10:29:15.616+0000] {processor.py:183} INFO - Processing /opt/airflow/dags/job_etl_dag.py took 0.141 seconds
[2026-05-11T10:29:45.816+0000] {processor.py:161} INFO - Started process (PID=1581) to work on /opt/airflow/dags/job_etl_dag.py
[2026-05-11T10:29:45.818+0000] {processor.py:830} INFO - Processing file /opt/airflow/dags/job_etl_dag.py for tasks to queue
[2026-05-11T10:29:45.820+0000] {logging_mixin.py:188} INFO - [2026-05-11T10:29:45.819+0000] {dagbag.py:538} INFO - Filling up the DagBag from /opt/airflow/dags/job_etl_dag.py
[2026-05-11T10:29:45.853+0000] {processor.py:840} INFO - DAG(s) 'job_market_etl' retrieved from /opt/airflow/dags/job_etl_dag.py
[2026-05-11T10:29:45.892+0000] {logging_mixin.py:188} INFO - [2026-05-11T10:29:45.891+0000] {dag.py:3036} INFO - Sync 1 DAGs
[2026-05-11T10:29:45.906+0000] {logging_mixin.py:188} INFO - [2026-05-11T10:29:45.906+0000] {dag.py:3823} INFO - Setting next_dagrun for job_market_etl to None, run_after=None
[2026-05-11T10:29:45.952+0000] {processor.py:183} INFO - Processing /opt/airflow/dags/job_etl_dag.py took 0.141 seconds
[2026-05-11T10:30:16.139+0000] {processor.py:161} INFO - Started process (PID=1582) to work on /opt/airflow/dags/job_etl_dag.py
[2026-05-11T10:30:16.142+0000] {processor.py:830} INFO - Processing file /opt/airflow/dags/job_etl_dag.py for tasks to queue
[2026-05-11T10:30:16.143+0000] {logging_mixin.py:188} INFO - [2026-05-11T10:30:16.143+0000] {dagbag.py:538} INFO - Filling up the DagBag from /opt/airflow/dags/job_etl_dag.py
[2026-05-11T10:30:16.178+0000] {processor.py:840} INFO - DAG(s) 'job_market_etl' retrieved from /opt/airflow/dags/job_etl_dag.py
[2026-05-11T10:30:16.223+0000] {logging_mixin.py:188} INFO - [2026-05-11T10:30:16.223+0000] {dag.py:3036} INFO - Sync 1 DAGs
[2026-05-11T10:30:16.239+0000] {logging_mixin.py:188} INFO - [2026-05-11T10:30:16.239+0000] {dag.py:3823} INFO - Setting next_dagrun for job_market_etl to None, run_after=None
[2026-05-11T10:30:16.274+0000] {processor.py:183} INFO - Processing /opt/airflow/dags/job_etl_dag.py took 0.140 seconds
[2026-05-11T10:30:46.529+0000] {processor.py:161} INFO - Started process (PID=1583) to work on /opt/airflow/dags/job_etl_dag.py
[2026-05-11T10:30:46.531+0000] {processor.py:830} INFO - Processing file /opt/airflow/dags/job_etl_dag.py for tasks to queue
[2026-05-11T10:30:46.534+0000] {logging_mixin.py:188} INFO - [2026-05-11T10:30:46.533+0000] {dagbag.py:538} INFO - Filling up the DagBag from /opt/airflow/dags/job_etl_dag.py
[2026-05-11T10:30:46.562+0000] {processor.py:840} INFO - DAG(s) 'job_market_etl' retrieved from /opt/airflow/dags/job_etl_dag.py
[2026-05-11T10:30:46.601+0000] {logging_mixin.py:188} INFO - [2026-05-11T10:30:46.601+0000] {dag.py:3036} INFO - Sync 1 DAGs
[2026-05-11T10:30:46.616+0000] {logging_mixin.py:188} INFO - [2026-05-11T10:30:46.616+0000] {dag.py:3823} INFO - Setting next_dagrun for job_market_etl to None, run_after=None
[2026-05-11T10:30:46.660+0000] {processor.py:183} INFO - Processing /opt/airflow/dags/job_etl_dag.py took 0.137 seconds
[2026-05-11T10:31:16.800+0000] {processor.py:161} INFO - Started process (PID=1584) to work on /opt/airflow/dags/job_etl_dag.py
[2026-05-11T10:31:16.804+0000] {processor.py:830} INFO - Processing file /opt/airflow/dags/job_etl_dag.py for tasks to queue
[2026-05-11T10:31:16.806+0000] {logging_mixin.py:188} INFO - [2026-05-11T10:31:16.806+0000] {dagbag.py:538} INFO - Filling up the DagBag from /opt/airflow/dags/job_etl_dag.py
[2026-05-11T10:31:16.840+0000] {processor.py:840} INFO - DAG(s) 'job_market_etl' retrieved from /opt/airflow/dags/job_etl_dag.py
[2026-05-11T10:31:16.884+0000] {logging_mixin.py:188} INFO - [2026-05-11T10:31:16.883+0000] {dag.py:3036} INFO - Sync 1 DAGs
[2026-05-11T10:31:16.898+0000] {logging_mixin.py:188} INFO - [2026-05-11T10:31:16.898+0000] {dag.py:3823} INFO - Setting next_dagrun for job_market_etl to None, run_after=None
[2026-05-11T10:31:16.933+0000] {processor.py:183} INFO - Processing /opt/airflow/dags/job_etl_dag.py took 0.138 seconds
[2026-05-11T10:31:47.198+0000] {processor.py:161} INFO - Started process (PID=1585) to work on /opt/airflow/dags/job_etl_dag.py
[2026-05-11T10:31:47.201+0000] {processor.py:830} INFO - Processing file /opt/airflow/dags/job_etl_dag.py for tasks to queue
[2026-05-11T10:31:47.203+0000] {logging_mixin.py:188} INFO - [2026-05-11T10:31:47.202+0000] {dagbag.py:538} INFO - Filling up the DagBag from /opt/airflow/dags/job_etl_dag.py
[2026-05-11T10:31:47.232+0000] {processor.py:840} INFO - DAG(s) 'job_market_etl' retrieved from /opt/airflow/dags/job_etl_dag.py
[2026-05-11T10:31:47.270+0000] {logging_mixin.py:188} INFO - [2026-05-11T10:31:47.270+0000] {dag.py:3036} INFO - Sync 1 DAGs
[2026-05-11T10:31:47.284+0000] {logging_mixin.py:188} INFO - [2026-05-11T10:31:47.283+0000] {dag.py:3823} INFO - Setting next_dagrun for job_market_etl to None, run_after=None
[2026-05-11T10:31:47.317+0000] {processor.py:183} INFO - Processing /opt/airflow/dags/job_etl_dag.py took 0.123 seconds
[2026-05-11T10:32:17.450+0000] {processor.py:161} INFO - Started process (PID=1586) to work on /opt/airflow/dags/job_etl_dag.py
[2026-05-11T10:32:17.452+0000] {processor.py:830} INFO - Processing file /opt/airflow/dags/job_etl_dag.py for tasks to queue
[2026-05-11T10:32:17.455+0000] {logging_mixin.py:188} INFO - [2026-05-11T10:32:17.454+0000] {dagbag.py:538} INFO - Filling up the DagBag from /opt/airflow/dags/job_etl_dag.py
[2026-05-11T10:32:17.485+0000] {processor.py:840} INFO - DAG(s) 'job_market_etl' retrieved from /opt/airflow/dags/job_etl_dag.py
[2026-05-11T10:32:17.530+0000] {logging_mixin.py:188} INFO - [2026-05-11T10:32:17.529+0000] {dag.py:3036} INFO - Sync 1 DAGs
[2026-05-11T10:32:17.546+0000] {logging_mixin.py:188} INFO - [2026-05-11T10:32:17.545+0000] {dag.py:3823} INFO - Setting next_dagrun for job_market_etl to None, run_after=None
[2026-05-11T10:32:17.595+0000] {processor.py:183} INFO - Processing /opt/airflow/dags/job_etl_dag.py took 0.151 seconds
[2026-05-11T10:32:47.827+0000] {processor.py:161} INFO - Started process (PID=1587) to work on /opt/airflow/dags/job_etl_dag.py
[2026-05-11T10:32:47.829+0000] {processor.py:830} INFO - Processing file /opt/airflow/dags/job_etl_dag.py for tasks to queue
[2026-05-11T10:32:47.831+0000] {logging_mixin.py:188} INFO - [2026-05-11T10:32:47.830+0000] {dagbag.py:538} INFO - Filling up the DagBag from /opt/airflow/dags/job_etl_dag.py
[2026-05-11T10:32:47.861+0000] {processor.py:840} INFO - DAG(s) 'job_market_etl' retrieved from /opt/airflow/dags/job_etl_dag.py
[2026-05-11T10:32:47.899+0000] {logging_mixin.py:188} INFO - [2026-05-11T10:32:47.899+0000] {dag.py:3036} INFO - Sync 1 DAGs
[2026-05-11T10:32:47.914+0000] {logging_mixin.py:188} INFO - [2026-05-11T10:32:47.913+0000] {dag.py:3823} INFO - Setting next_dagrun for job_market_etl to None, run_after=None
[2026-05-11T10:32:47.944+0000] {processor.py:183} INFO - Processing /opt/airflow/dags/job_etl_dag.py took 0.123 seconds
[2026-05-11T10:33:18.099+0000] {processor.py:161} INFO - Started process (PID=1588) to work on /opt/airflow/dags/job_etl_dag.py
[2026-05-11T10:33:18.102+0000] {processor.py:830} INFO - Processing file /opt/airflow/dags/job_etl_dag.py for tasks to queue
[2026-05-11T10:33:18.105+0000] {logging_mixin.py:188} INFO - [2026-05-11T10:33:18.104+0000] {dagbag.py:538} INFO - Filling up the DagBag from /opt/airflow/dags/job_etl_dag.py
[2026-05-11T10:33:18.136+0000] {processor.py:840} INFO - DAG(s) 'job_market_etl' retrieved from /opt/airflow/dags/job_etl_dag.py
[2026-05-11T10:33:18.176+0000] {logging_mixin.py:188} INFO - [2026-05-11T10:33:18.176+0000] {dag.py:3036} INFO - Sync 1 DAGs
[2026-05-11T10:33:18.190+0000] {logging_mixin.py:188} INFO - [2026-05-11T10:33:18.190+0000] {dag.py:3823} INFO - Setting next_dagrun for job_market_etl to None, run_after=None
[2026-05-11T10:33:18.218+0000] {processor.py:183} INFO - Processing /opt/airflow/dags/job_etl_dag.py took 0.125 seconds
[2026-05-11T10:33:48.459+0000] {processor.py:161} INFO - Started process (PID=1589) to work on /opt/airflow/dags/job_etl_dag.py
[2026-05-11T10:33:48.461+0000] {processor.py:830} INFO - Processing file /opt/airflow/dags/job_etl_dag.py for tasks to queue
[2026-05-11T10:33:48.462+0000] {logging_mixin.py:188} INFO - [2026-05-11T10:33:48.462+0000] {dagbag.py:538} INFO - Filling up the DagBag from /opt/airflow/dags/job_etl_dag.py
[2026-05-11T10:33:48.503+0000] {processor.py:840} INFO - DAG(s) 'job_market_etl' retrieved from /opt/airflow/dags/job_etl_dag.py
[2026-05-11T10:33:48.541+0000] {logging_mixin.py:188} INFO - [2026-05-11T10:33:48.541+0000] {dag.py:3036} INFO - Sync 1 DAGs
[2026-05-11T10:33:48.556+0000] {logging_mixin.py:188} INFO - [2026-05-11T10:33:48.556+0000] {dag.py:3823} INFO - Setting next_dagrun for job_market_etl to None, run_after=None
[2026-05-11T10:33:48.584+0000] {processor.py:183} INFO - Processing /opt/airflow/dags/job_etl_dag.py took 0.130 seconds
[2026-05-11T10:34:18.723+0000] {processor.py:161} INFO - Started process (PID=1590) to work on /opt/airflow/dags/job_etl_dag.py
[2026-05-11T10:34:18.726+0000] {processor.py:830} INFO - Processing file /opt/airflow/dags/job_etl_dag.py for tasks to queue
[2026-05-11T10:34:18.728+0000] {logging_mixin.py:188} INFO - [2026-05-11T10:34:18.727+0000] {dagbag.py:538} INFO - Filling up the DagBag from /opt/airflow/dags/job_etl_dag.py
[2026-05-11T10:34:18.763+0000] {processor.py:840} INFO - DAG(s) 'job_market_etl' retrieved from /opt/airflow/dags/job_etl_dag.py
[2026-05-11T10:34:18.804+0000] {logging_mixin.py:188} INFO - [2026-05-11T10:34:18.804+0000] {dag.py:3036} INFO - Sync 1 DAGs
[2026-05-11T10:34:18.820+0000] {logging_mixin.py:188} INFO - [2026-05-11T10:34:18.820+0000] {dag.py:3823} INFO - Setting next_dagrun for job_market_etl to None, run_after=None
[2026-05-11T10:34:18.850+0000] {processor.py:183} INFO - Processing /opt/airflow/dags/job_etl_dag.py took 0.132 seconds
[2026-05-11T10:34:49.092+0000] {processor.py:161} INFO - Started process (PID=1591) to work on /opt/airflow/dags/job_etl_dag.py
[2026-05-11T10:34:49.094+0000] {processor.py:830} INFO - Processing file /opt/airflow/dags/job_etl_dag.py for tasks to queue
[2026-05-11T10:34:49.096+0000] {logging_mixin.py:188} INFO - [2026-05-11T10:34:49.095+0000] {dagbag.py:538} INFO - Filling up the DagBag from /opt/airflow/dags/job_etl_dag.py
[2026-05-11T10:34:49.128+0000] {processor.py:840} INFO - DAG(s) 'job_market_etl' retrieved from /opt/airflow/dags/job_etl_dag.py
[2026-05-11T10:34:49.170+0000] {logging_mixin.py:188} INFO - [2026-05-11T10:34:49.170+0000] {dag.py:3036} INFO - Sync 1 DAGs
[2026-05-11T10:34:49.185+0000] {logging_mixin.py:188} INFO - [2026-05-11T10:34:49.184+0000] {dag.py:3823} INFO - Setting next_dagrun for job_market_etl to None, run_after=None
[2026-05-11T10:34:49.226+0000] {processor.py:183} INFO - Processing /opt/airflow/dags/job_etl_dag.py took 0.138 seconds
[2026-05-11T10:35:19.397+0000] {processor.py:161} INFO - Started process (PID=1592) to work on /opt/airflow/dags/job_etl_dag.py
[2026-05-11T10:35:19.399+0000] {processor.py:830} INFO - Processing file /opt/airflow/dags/job_etl_dag.py for tasks to queue
[2026-05-11T10:35:19.402+0000] {logging_mixin.py:188} INFO - [2026-05-11T10:35:19.401+0000] {dagbag.py:538} INFO - Filling up the DagBag from /opt/airflow/dags/job_etl_dag.py
[2026-05-11T10:35:19.435+0000] {processor.py:840} INFO - DAG(s) 'job_market_etl' retrieved from /opt/airflow/dags/job_etl_dag.py
[2026-05-11T10:35:19.474+0000] {logging_mixin.py:188} INFO - [2026-05-11T10:35:19.473+0000] {dag.py:3036} INFO - Sync 1 DAGs
[2026-05-11T10:35:19.489+0000] {logging_mixin.py:188} INFO - [2026-05-11T10:35:19.489+0000] {dag.py:3823} INFO - Setting next_dagrun for job_market_etl to None, run_after=None
[2026-05-11T10:35:19.523+0000] {processor.py:183} INFO - Processing /opt/airflow/dags/job_etl_dag.py took 0.133 seconds
[2026-05-11T10:35:49.762+0000] {processor.py:161} INFO - Started process (PID=1593) to work on /opt/airflow/dags/job_etl_dag.py
[2026-05-11T10:35:49.764+0000] {processor.py:830} INFO - Processing file /opt/airflow/dags/job_etl_dag.py for tasks to queue
[2026-05-11T10:35:49.766+0000] {logging_mixin.py:188} INFO - [2026-05-11T10:35:49.765+0000] {dagbag.py:538} INFO - Filling up the DagBag from /opt/airflow/dags/job_etl_dag.py
[2026-05-11T10:35:49.792+0000] {processor.py:840} INFO - DAG(s) 'job_market_etl' retrieved from /opt/airflow/dags/job_etl_dag.py
[2026-05-11T10:35:49.830+0000] {logging_mixin.py:188} INFO - [2026-05-11T10:35:49.830+0000] {dag.py:3036} INFO - Sync 1 DAGs
[2026-05-11T10:35:49.845+0000] {logging_mixin.py:188} INFO - [2026-05-11T10:35:49.844+0000] {dag.py:3823} INFO - Setting next_dagrun for job_market_etl to None, run_after=None
[2026-05-11T10:35:49.888+0000] {processor.py:183} INFO - Processing /opt/airflow/dags/job_etl_dag.py took 0.130 seconds
[2026-05-11T10:36:20.035+0000] {processor.py:161} INFO - Started process (PID=1594) to work on /opt/airflow/dags/job_etl_dag.py
[2026-05-11T10:36:20.038+0000] {processor.py:830} INFO - Processing file /opt/airflow/dags/job_etl_dag.py for tasks to queue
[2026-05-11T10:36:20.040+0000] {logging_mixin.py:188} INFO - [2026-05-11T10:36:20.040+0000] {dagbag.py:538} INFO - Filling up the DagBag from /opt/airflow/dags/job_etl_dag.py
[2026-05-11T10:36:20.075+0000] {processor.py:840} INFO - DAG(s) 'job_market_etl' retrieved from /opt/airflow/dags/job_etl_dag.py
[2026-05-11T10:36:20.114+0000] {logging_mixin.py:188} INFO - [2026-05-11T10:36:20.114+0000] {dag.py:3036} INFO - Sync 1 DAGs
[2026-05-11T10:36:20.128+0000] {logging_mixin.py:188} INFO - [2026-05-11T10:36:20.128+0000] {dag.py:3823} INFO - Setting next_dagrun for job_market_etl to None, run_after=None
[2026-05-11T10:36:20.177+0000] {processor.py:183} INFO - Processing /opt/airflow/dags/job_etl_dag.py took 0.148 seconds
[2026-05-11T10:36:50.385+0000] {processor.py:161} INFO - Started process (PID=1595) to work on /opt/airflow/dags/job_etl_dag.py
[2026-05-11T10:36:50.388+0000] {processor.py:830} INFO - Processing file /opt/airflow/dags/job_etl_dag.py for tasks to queue
[2026-05-11T10:36:50.390+0000] {logging_mixin.py:188} INFO - [2026-05-11T10:36:50.389+0000] {dagbag.py:538} INFO - Filling up the DagBag from /opt/airflow/dags/job_etl_dag.py
[2026-05-11T10:36:50.425+0000] {processor.py:840} INFO - DAG(s) 'job_market_etl' retrieved from /opt/airflow/dags/job_etl_dag.py
[2026-05-11T10:36:50.465+0000] {logging_mixin.py:188} INFO - [2026-05-11T10:36:50.465+0000] {dag.py:3036} INFO - Sync 1 DAGs
[2026-05-11T10:36:50.481+0000] {logging_mixin.py:188} INFO - [2026-05-11T10:36:50.481+0000] {dag.py:3823} INFO - Setting next_dagrun for job_market_etl to None, run_after=None
[2026-05-11T10:36:50.510+0000] {processor.py:183} INFO - Processing /opt/airflow/dags/job_etl_dag.py took 0.131 seconds
[2026-05-11T10:37:20.702+0000] {processor.py:161} INFO - Started process (PID=1596) to work on /opt/airflow/dags/job_etl_dag.py
[2026-05-11T10:37:20.706+0000] {processor.py:830} INFO - Processing file /opt/airflow/dags/job_etl_dag.py for tasks to queue
[2026-05-11T10:37:20.709+0000] {logging_mixin.py:188} INFO - [2026-05-11T10:37:20.708+0000] {dagbag.py:538} INFO - Filling up the DagBag from /opt/airflow/dags/job_etl_dag.py
[2026-05-11T10:37:20.739+0000] {processor.py:840} INFO - DAG(s) 'job_market_etl' retrieved from /opt/airflow/dags/job_etl_dag.py
[2026-05-11T10:37:20.779+0000] {logging_mixin.py:188} INFO - [2026-05-11T10:37:20.779+0000] {dag.py:3036} INFO - Sync 1 DAGs
[2026-05-11T10:37:20.794+0000] {logging_mixin.py:188} INFO - [2026-05-11T10:37:20.794+0000] {dag.py:3823} INFO - Setting next_dagrun for job_market_etl to None, run_after=None
[2026-05-11T10:37:20.825+0000] {processor.py:183} INFO - Processing /opt/airflow/dags/job_etl_dag.py took 0.129 seconds
[2026-05-11T10:37:51.026+0000] {processor.py:161} INFO - Started process (PID=1597) to work on /opt/airflow/dags/job_etl_dag.py
[2026-05-11T10:37:51.028+0000] {processor.py:830} INFO - Processing file /opt/airflow/dags/job_etl_dag.py for tasks to queue
[2026-05-11T10:37:51.030+0000] {logging_mixin.py:188} INFO - [2026-05-11T10:37:51.030+0000] {dagbag.py:538} INFO - Filling up the DagBag from /opt/airflow/dags/job_etl_dag.py
[2026-05-11T10:37:51.060+0000] {processor.py:840} INFO - DAG(s) 'job_market_etl' retrieved from /opt/airflow/dags/job_etl_dag.py
[2026-05-11T10:37:51.099+0000] {logging_mixin.py:188} INFO - [2026-05-11T10:37:51.099+0000] {dag.py:3036} INFO - Sync 1 DAGs
[2026-05-11T10:37:51.114+0000] {logging_mixin.py:188} INFO - [2026-05-11T10:37:51.114+0000] {dag.py:3823} INFO - Setting next_dagrun for job_market_etl to None, run_after=None
[2026-05-11T10:37:51.159+0000] {processor.py:183} INFO - Processing /opt/airflow/dags/job_etl_dag.py took 0.140 seconds
[2026-05-11T10:38:21.354+0000] {processor.py:161} INFO - Started process (PID=1598) to work on /opt/airflow/dags/job_etl_dag.py
[2026-05-11T10:38:21.357+0000] {processor.py:830} INFO - Processing file /opt/airflow/dags/job_etl_dag.py for tasks to queue
[2026-05-11T10:38:21.359+0000] {logging_mixin.py:188} INFO - [2026-05-11T10:38:21.359+0000] {dagbag.py:538} INFO - Filling up the DagBag from /opt/airflow/dags/job_etl_dag.py
[2026-05-11T10:38:21.391+0000] {processor.py:840} INFO - DAG(s) 'job_market_etl' retrieved from /opt/airflow/dags/job_etl_dag.py
[2026-05-11T10:38:21.429+0000] {logging_mixin.py:188} INFO - [2026-05-11T10:38:21.429+0000] {dag.py:3036} INFO - Sync 1 DAGs
[2026-05-11T10:38:21.444+0000] {logging_mixin.py:188} INFO - [2026-05-11T10:38:21.444+0000] {dag.py:3823} INFO - Setting next_dagrun for job_market_etl to None, run_after=None
[2026-05-11T10:38:21.489+0000] {processor.py:183} INFO - Processing /opt/airflow/dags/job_etl_dag.py took 0.141 seconds
[2026-05-11T10:38:51.684+0000] {processor.py:161} INFO - Started process (PID=1599) to work on /opt/airflow/dags/job_etl_dag.py
[2026-05-11T10:38:51.686+0000] {processor.py:830} INFO - Processing file /opt/airflow/dags/job_etl_dag.py for tasks to queue
[2026-05-11T10:38:51.688+0000] {logging_mixin.py:188} INFO - [2026-05-11T10:38:51.688+0000] {dagbag.py:538} INFO - Filling up the DagBag from /opt/airflow/dags/job_etl_dag.py
[2026-05-11T10:38:51.725+0000] {processor.py:840} INFO - DAG(s) 'job_market_etl' retrieved from /opt/airflow/dags/job_etl_dag.py
[2026-05-11T10:38:51.761+0000] {logging_mixin.py:188} INFO - [2026-05-11T10:38:51.761+0000] {dag.py:3036} INFO - Sync 1 DAGs
[2026-05-11T10:38:51.776+0000] {logging_mixin.py:188} INFO - [2026-05-11T10:38:51.776+0000] {dag.py:3823} INFO - Setting next_dagrun for job_market_etl to None, run_after=None
[2026-05-11T10:38:51.819+0000] {processor.py:183} INFO - Processing /opt/airflow/dags/job_etl_dag.py took 0.141 seconds
[2026-05-11T10:39:22.009+0000] {processor.py:161} INFO - Started process (PID=1600) to work on /opt/airflow/dags/job_etl_dag.py
[2026-05-11T10:39:22.012+0000] {processor.py:830} INFO - Processing file /opt/airflow/dags/job_etl_dag.py for tasks to queue
[2026-05-11T10:39:22.014+0000] {logging_mixin.py:188} INFO - [2026-05-11T10:39:22.014+0000] {dagbag.py:538} INFO - Filling up the DagBag from /opt/airflow/dags/job_etl_dag.py
[2026-05-11T10:39:22.047+0000] {processor.py:840} INFO - DAG(s) 'job_market_etl' retrieved from /opt/airflow/dags/job_etl_dag.py
[2026-05-11T10:39:22.086+0000] {logging_mixin.py:188} INFO - [2026-05-11T10:39:22.086+0000] {dag.py:3036} INFO - Sync 1 DAGs
[2026-05-11T10:39:22.101+0000] {logging_mixin.py:188} INFO - [2026-05-11T10:39:22.101+0000] {dag.py:3823} INFO - Setting next_dagrun for job_market_etl to None, run_after=None
[2026-05-11T10:39:22.129+0000] {processor.py:183} INFO - Processing /opt/airflow/dags/job_etl_dag.py took 0.126 seconds
[2026-05-11T10:39:52.355+0000] {processor.py:161} INFO - Started process (PID=1601) to work on /opt/airflow/dags/job_etl_dag.py
[2026-05-11T10:39:52.357+0000] {processor.py:830} INFO - Processing file /opt/airflow/dags/job_etl_dag.py for tasks to queue
[2026-05-11T10:39:52.359+0000] {logging_mixin.py:188} INFO - [2026-05-11T10:39:52.359+0000] {dagbag.py:538} INFO - Filling up the DagBag from /opt/airflow/dags/job_etl_dag.py
[2026-05-11T10:39:52.399+0000] {processor.py:840} INFO - DAG(s) 'job_market_etl' retrieved from /opt/airflow/dags/job_etl_dag.py
[2026-05-11T10:39:52.441+0000] {logging_mixin.py:188} INFO - [2026-05-11T10:39:52.441+0000] {dag.py:3036} INFO - Sync 1 DAGs
[2026-05-11T10:39:52.465+0000] {logging_mixin.py:188} INFO - [2026-05-11T10:39:52.465+0000] {dag.py:3823} INFO - Setting next_dagrun for job_market_etl to None, run_after=None
[2026-05-11T10:39:52.497+0000] {processor.py:183} INFO - Processing /opt/airflow/dags/job_etl_dag.py took 0.148 seconds
[2026-05-11T10:40:22.672+0000] {processor.py:161} INFO - Started process (PID=1602) to work on /opt/airflow/dags/job_etl_dag.py
[2026-05-11T10:40:22.675+0000] {processor.py:830} INFO - Processing file /opt/airflow/dags/job_etl_dag.py for tasks to queue
[2026-05-11T10:40:22.678+0000] {logging_mixin.py:188} INFO - [2026-05-11T10:40:22.677+0000] {dagbag.py:538} INFO - Filling up the DagBag from /opt/airflow/dags/job_etl_dag.py
[2026-05-11T10:40:22.712+0000] {processor.py:840} INFO - DAG(s) 'job_market_etl' retrieved from /opt/airflow/dags/job_etl_dag.py
[2026-05-11T10:40:22.755+0000] {logging_mixin.py:188} INFO - [2026-05-11T10:40:22.754+0000] {dag.py:3036} INFO - Sync 1 DAGs
[2026-05-11T10:40:22.769+0000] {logging_mixin.py:188} INFO - [2026-05-11T10:40:22.768+0000] {dag.py:3823} INFO - Setting next_dagrun for job_market_etl to None, run_after=None
[2026-05-11T10:40:22.810+0000] {processor.py:183} INFO - Processing /opt/airflow/dags/job_etl_dag.py took 0.145 seconds
[2026-05-11T10:40:53.085+0000] {processor.py:161} INFO - Started process (PID=1603) to work on /opt/airflow/dags/job_etl_dag.py
[2026-05-11T10:40:53.088+0000] {processor.py:830} INFO - Processing file /opt/airflow/dags/job_etl_dag.py for tasks to queue
[2026-05-11T10:40:53.090+0000] {logging_mixin.py:188} INFO - [2026-05-11T10:40:53.089+0000] {dagbag.py:538} INFO - Filling up the DagBag from /opt/airflow/dags/job_etl_dag.py
[2026-05-11T10:40:53.117+0000] {processor.py:840} INFO - DAG(s) 'job_market_etl' retrieved from /opt/airflow/dags/job_etl_dag.py
[2026-05-11T10:40:53.162+0000] {logging_mixin.py:188} INFO - [2026-05-11T10:40:53.162+0000] {dag.py:3036} INFO - Sync 1 DAGs
[2026-05-11T10:40:53.178+0000] {logging_mixin.py:188} INFO - [2026-05-11T10:40:53.178+0000] {dag.py:3823} INFO - Setting next_dagrun for job_market_etl to None, run_after=None
[2026-05-11T10:40:53.220+0000] {processor.py:183} INFO - Processing /opt/airflow/dags/job_etl_dag.py took 0.142 seconds
[2026-05-11T10:41:23.354+0000] {processor.py:161} INFO - Started process (PID=1604) to work on /opt/airflow/dags/job_etl_dag.py
[2026-05-11T10:41:23.356+0000] {processor.py:830} INFO - Processing file /opt/airflow/dags/job_etl_dag.py for tasks to queue
[2026-05-11T10:41:23.358+0000] {logging_mixin.py:188} INFO - [2026-05-11T10:41:23.358+0000] {dagbag.py:538} INFO - Filling up the DagBag from /opt/airflow/dags/job_etl_dag.py
[2026-05-11T10:41:23.392+0000] {processor.py:840} INFO - DAG(s) 'job_market_etl' retrieved from /opt/airflow/dags/job_etl_dag.py
[2026-05-11T10:41:23.431+0000] {logging_mixin.py:188} INFO - [2026-05-11T10:41:23.431+0000] {dag.py:3036} INFO - Sync 1 DAGs
[2026-05-11T10:41:23.447+0000] {logging_mixin.py:188} INFO - [2026-05-11T10:41:23.446+0000] {dag.py:3823} INFO - Setting next_dagrun for job_market_etl to None, run_after=None
[2026-05-11T10:41:23.482+0000] {processor.py:183} INFO - Processing /opt/airflow/dags/job_etl_dag.py took 0.134 seconds
[2026-05-11T10:41:53.715+0000] {processor.py:161} INFO - Started process (PID=1605) to work on /opt/airflow/dags/job_etl_dag.py
[2026-05-11T10:41:53.717+0000] {processor.py:830} INFO - Processing file /opt/airflow/dags/job_etl_dag.py for tasks to queue
[2026-05-11T10:41:53.719+0000] {logging_mixin.py:188} INFO - [2026-05-11T10:41:53.719+0000] {dagbag.py:538} INFO - Filling up the DagBag from /opt/airflow/dags/job_etl_dag.py
[2026-05-11T10:41:53.749+0000] {processor.py:840} INFO - DAG(s) 'job_market_etl' retrieved from /opt/airflow/dags/job_etl_dag.py
[2026-05-11T10:41:53.805+0000] {logging_mixin.py:188} INFO - [2026-05-11T10:41:53.805+0000] {dag.py:3036} INFO - Sync 1 DAGs
[2026-05-11T10:41:53.820+0000] {logging_mixin.py:188} INFO - [2026-05-11T10:41:53.820+0000] {dag.py:3823} INFO - Setting next_dagrun for job_market_etl to None, run_after=None
[2026-05-11T10:41:53.852+0000] {processor.py:183} INFO - Processing /opt/airflow/dags/job_etl_dag.py took 0.141 seconds
[2026-05-11T10:42:24.004+0000] {processor.py:161} INFO - Started process (PID=1606) to work on /opt/airflow/dags/job_etl_dag.py
[2026-05-11T10:42:24.007+0000] {processor.py:830} INFO - Processing file /opt/airflow/dags/job_etl_dag.py for tasks to queue
[2026-05-11T10:42:24.009+0000] {logging_mixin.py:188} INFO - [2026-05-11T10:42:24.008+0000] {dagbag.py:538} INFO - Filling up the DagBag from /opt/airflow/dags/job_etl_dag.py
[2026-05-11T10:42:24.044+0000] {processor.py:840} INFO - DAG(s) 'job_market_etl' retrieved from /opt/airflow/dags/job_etl_dag.py
[2026-05-11T10:42:24.086+0000] {logging_mixin.py:188} INFO - [2026-05-11T10:42:24.085+0000] {dag.py:3036} INFO - Sync 1 DAGs
[2026-05-11T10:42:24.100+0000] {logging_mixin.py:188} INFO - [2026-05-11T10:42:24.100+0000] {dag.py:3823} INFO - Setting next_dagrun for job_market_etl to None, run_after=None
[2026-05-11T10:42:24.143+0000] {processor.py:183} INFO - Processing /opt/airflow/dags/job_etl_dag.py took 0.145 seconds
[2026-05-11T10:42:54.390+0000] {processor.py:161} INFO - Started process (PID=1607) to work on /opt/airflow/dags/job_etl_dag.py
[2026-05-11T10:42:54.391+0000] {processor.py:830} INFO - Processing file /opt/airflow/dags/job_etl_dag.py for tasks to queue
[2026-05-11T10:42:54.393+0000] {logging_mixin.py:188} INFO - [2026-05-11T10:42:54.393+0000] {dagbag.py:538} INFO - Filling up the DagBag from /opt/airflow/dags/job_etl_dag.py
[2026-05-11T10:42:54.423+0000] {processor.py:840} INFO - DAG(s) 'job_market_etl' retrieved from /opt/airflow/dags/job_etl_dag.py
[2026-05-11T10:42:54.462+0000] {logging_mixin.py:188} INFO - [2026-05-11T10:42:54.462+0000] {dag.py:3036} INFO - Sync 1 DAGs
[2026-05-11T10:42:54.477+0000] {logging_mixin.py:188} INFO - [2026-05-11T10:42:54.477+0000] {dag.py:3823} INFO - Setting next_dagrun for job_market_etl to None, run_after=None
[2026-05-11T10:42:54.520+0000] {processor.py:183} INFO - Processing /opt/airflow/dags/job_etl_dag.py took 0.136 seconds
[2026-05-11T10:43:24.679+0000] {processor.py:161} INFO - Started process (PID=1608) to work on /opt/airflow/dags/job_etl_dag.py
[2026-05-11T10:43:24.681+0000] {processor.py:830} INFO - Processing file /opt/airflow/dags/job_etl_dag.py for tasks to queue
[2026-05-11T10:43:24.683+0000] {logging_mixin.py:188} INFO - [2026-05-11T10:43:24.682+0000] {dagbag.py:538} INFO - Filling up the DagBag from /opt/airflow/dags/job_etl_dag.py
[2026-05-11T10:43:24.713+0000] {processor.py:840} INFO - DAG(s) 'job_market_etl' retrieved from /opt/airflow/dags/job_etl_dag.py
[2026-05-11T10:43:24.755+0000] {logging_mixin.py:188} INFO - [2026-05-11T10:43:24.754+0000] {dag.py:3036} INFO - Sync 1 DAGs
[2026-05-11T10:43:24.770+0000] {logging_mixin.py:188} INFO - [2026-05-11T10:43:24.770+0000] {dag.py:3823} INFO - Setting next_dagrun for job_market_etl to None, run_after=None
[2026-05-11T10:43:24.800+0000] {processor.py:183} INFO - Processing /opt/airflow/dags/job_etl_dag.py took 0.127 seconds
[2026-05-11T10:43:55.048+0000] {processor.py:161} INFO - Started process (PID=1609) to work on /opt/airflow/dags/job_etl_dag.py
[2026-05-11T10:43:55.049+0000] {processor.py:830} INFO - Processing file /opt/airflow/dags/job_etl_dag.py for tasks to queue
[2026-05-11T10:43:55.051+0000] {logging_mixin.py:188} INFO - [2026-05-11T10:43:55.051+0000] {dagbag.py:538} INFO - Filling up the DagBag from /opt/airflow/dags/job_etl_dag.py
[2026-05-11T10:43:55.081+0000] {processor.py:840} INFO - DAG(s) 'job_market_etl' retrieved from /opt/airflow/dags/job_etl_dag.py
[2026-05-11T10:43:55.120+0000] {logging_mixin.py:188} INFO - [2026-05-11T10:43:55.119+0000] {dag.py:3036} INFO - Sync 1 DAGs
[2026-05-11T10:43:55.134+0000] {logging_mixin.py:188} INFO - [2026-05-11T10:43:55.134+0000] {dag.py:3823} INFO - Setting next_dagrun for job_market_etl to None, run_after=None
[2026-05-11T10:43:55.170+0000] {processor.py:183} INFO - Processing /opt/airflow/dags/job_etl_dag.py took 0.126 seconds
[2026-05-11T10:44:25.343+0000] {processor.py:161} INFO - Started process (PID=1610) to work on /opt/airflow/dags/job_etl_dag.py
[2026-05-11T10:44:25.346+0000] {processor.py:830} INFO - Processing file /opt/airflow/dags/job_etl_dag.py for tasks to queue
[2026-05-11T10:44:25.348+0000] {logging_mixin.py:188} INFO - [2026-05-11T10:44:25.347+0000] {dagbag.py:538} INFO - Filling up the DagBag from /opt/airflow/dags/job_etl_dag.py
[2026-05-11T10:44:25.381+0000] {processor.py:840} INFO - DAG(s) 'job_market_etl' retrieved from /opt/airflow/dags/job_etl_dag.py
[2026-05-11T10:44:25.422+0000] {logging_mixin.py:188} INFO - [2026-05-11T10:44:25.422+0000] {dag.py:3036} INFO - Sync 1 DAGs
[2026-05-11T10:44:25.440+0000] {logging_mixin.py:188} INFO - [2026-05-11T10:44:25.440+0000] {dag.py:3823} INFO - Setting next_dagrun for job_market_etl to None, run_after=None
[2026-05-11T10:44:25.469+0000] {processor.py:183} INFO - Processing /opt/airflow/dags/job_etl_dag.py took 0.131 seconds
[2026-05-11T10:44:55.714+0000] {processor.py:161} INFO - Started process (PID=1611) to work on /opt/airflow/dags/job_etl_dag.py
[2026-05-11T10:44:55.717+0000] {processor.py:830} INFO - Processing file /opt/airflow/dags/job_etl_dag.py for tasks to queue
[2026-05-11T10:44:55.719+0000] {logging_mixin.py:188} INFO - [2026-05-11T10:44:55.718+0000] {dagbag.py:538} INFO - Filling up the DagBag from /opt/airflow/dags/job_etl_dag.py
[2026-05-11T10:44:55.751+0000] {processor.py:840} INFO - DAG(s) 'job_market_etl' retrieved from /opt/airflow/dags/job_etl_dag.py
[2026-05-11T10:44:55.789+0000] {logging_mixin.py:188} INFO - [2026-05-11T10:44:55.789+0000] {dag.py:3036} INFO - Sync 1 DAGs
[2026-05-11T10:44:55.806+0000] {logging_mixin.py:188} INFO - [2026-05-11T10:44:55.806+0000] {dag.py:3823} INFO - Setting next_dagrun for job_market_etl to None, run_after=None
[2026-05-11T10:44:55.852+0000] {processor.py:183} INFO - Processing /opt/airflow/dags/job_etl_dag.py took 0.142 seconds
[2026-05-11T10:45:25.988+0000] {processor.py:161} INFO - Started process (PID=1612) to work on /opt/airflow/dags/job_etl_dag.py
[2026-05-11T10:45:25.991+0000] {processor.py:830} INFO - Processing file /opt/airflow/dags/job_etl_dag.py for tasks to queue
[2026-05-11T10:45:25.993+0000] {logging_mixin.py:188} INFO - [2026-05-11T10:45:25.993+0000] {dagbag.py:538} INFO - Filling up the DagBag from /opt/airflow/dags/job_etl_dag.py
[2026-05-11T10:45:26.023+0000] {processor.py:840} INFO - DAG(s) 'job_market_etl' retrieved from /opt/airflow/dags/job_etl_dag.py
[2026-05-11T10:45:26.061+0000] {logging_mixin.py:188} INFO - [2026-05-11T10:45:26.061+0000] {dag.py:3036} INFO - Sync 1 DAGs
[2026-05-11T10:45:26.076+0000] {logging_mixin.py:188} INFO - [2026-05-11T10:45:26.075+0000] {dag.py:3823} INFO - Setting next_dagrun for job_market_etl to None, run_after=None
[2026-05-11T10:45:26.106+0000] {processor.py:183} INFO - Processing /opt/airflow/dags/job_etl_dag.py took 0.125 seconds
[2026-05-11T10:45:56.419+0000] {processor.py:161} INFO - Started process (PID=1613) to work on /opt/airflow/dags/job_etl_dag.py
[2026-05-11T10:45:56.422+0000] {processor.py:830} INFO - Processing file /opt/airflow/dags/job_etl_dag.py for tasks to queue
[2026-05-11T10:45:56.424+0000] {logging_mixin.py:188} INFO - [2026-05-11T10:45:56.423+0000] {dagbag.py:538} INFO - Filling up the DagBag from /opt/airflow/dags/job_etl_dag.py
[2026-05-11T10:45:56.456+0000] {processor.py:840} INFO - DAG(s) 'job_market_etl' retrieved from /opt/airflow/dags/job_etl_dag.py
[2026-05-11T10:45:56.494+0000] {logging_mixin.py:188} INFO - [2026-05-11T10:45:56.493+0000] {dag.py:3036} INFO - Sync 1 DAGs
[2026-05-11T10:45:56.508+0000] {logging_mixin.py:188} INFO - [2026-05-11T10:45:56.508+0000] {dag.py:3823} INFO - Setting next_dagrun for job_market_etl to None, run_after=None
[2026-05-11T10:45:56.551+0000] {processor.py:183} INFO - Processing /opt/airflow/dags/job_etl_dag.py took 0.136 seconds
[2026-05-11T10:46:26.697+0000] {processor.py:161} INFO - Started process (PID=1614) to work on /opt/airflow/dags/job_etl_dag.py
[2026-05-11T10:46:26.700+0000] {processor.py:830} INFO - Processing file /opt/airflow/dags/job_etl_dag.py for tasks to queue
[2026-05-11T10:46:26.702+0000] {logging_mixin.py:188} INFO - [2026-05-11T10:46:26.702+0000] {dagbag.py:538} INFO - Filling up the DagBag from /opt/airflow/dags/job_etl_dag.py
[2026-05-11T10:46:26.736+0000] {processor.py:840} INFO - DAG(s) 'job_market_etl' retrieved from /opt/airflow/dags/job_etl_dag.py
[2026-05-11T10:46:26.780+0000] {logging_mixin.py:188} INFO - [2026-05-11T10:46:26.779+0000] {dag.py:3036} INFO - Sync 1 DAGs
[2026-05-11T10:46:26.794+0000] {logging_mixin.py:188} INFO - [2026-05-11T10:46:26.793+0000] {dag.py:3823} INFO - Setting next_dagrun for job_market_etl to None, run_after=None
[2026-05-11T10:46:26.826+0000] {processor.py:183} INFO - Processing /opt/airflow/dags/job_etl_dag.py took 0.135 seconds
[2026-05-11T10:46:57.071+0000] {processor.py:161} INFO - Started process (PID=1615) to work on /opt/airflow/dags/job_etl_dag.py
[2026-05-11T10:46:57.073+0000] {processor.py:830} INFO - Processing file /opt/airflow/dags/job_etl_dag.py for tasks to queue
[2026-05-11T10:46:57.076+0000] {logging_mixin.py:188} INFO - [2026-05-11T10:46:57.075+0000] {dagbag.py:538} INFO - Filling up the DagBag from /opt/airflow/dags/job_etl_dag.py
[2026-05-11T10:46:57.104+0000] {processor.py:840} INFO - DAG(s) 'job_market_etl' retrieved from /opt/airflow/dags/job_etl_dag.py
[2026-05-11T10:46:57.144+0000] {logging_mixin.py:188} INFO - [2026-05-11T10:46:57.143+0000] {dag.py:3036} INFO - Sync 1 DAGs
[2026-05-11T10:46:57.162+0000] {logging_mixin.py:188} INFO - [2026-05-11T10:46:57.161+0000] {dag.py:3823} INFO - Setting next_dagrun for job_market_etl to None, run_after=None
[2026-05-11T10:46:57.208+0000] {processor.py:183} INFO - Processing /opt/airflow/dags/job_etl_dag.py took 0.141 seconds
[2026-05-11T10:47:27.346+0000] {processor.py:161} INFO - Started process (PID=1616) to work on /opt/airflow/dags/job_etl_dag.py
[2026-05-11T10:47:27.348+0000] {processor.py:830} INFO - Processing file /opt/airflow/dags/job_etl_dag.py for tasks to queue
[2026-05-11T10:47:27.350+0000] {logging_mixin.py:188} INFO - [2026-05-11T10:47:27.350+0000] {dagbag.py:538} INFO - Filling up the DagBag from /opt/airflow/dags/job_etl_dag.py
[2026-05-11T10:47:27.378+0000] {processor.py:840} INFO - DAG(s) 'job_market_etl' retrieved from /opt/airflow/dags/job_etl_dag.py
[2026-05-11T10:47:27.419+0000] {logging_mixin.py:188} INFO - [2026-05-11T10:47:27.419+0000] {dag.py:3036} INFO - Sync 1 DAGs
[2026-05-11T10:47:27.436+0000] {logging_mixin.py:188} INFO - [2026-05-11T10:47:27.436+0000] {dag.py:3823} INFO - Setting next_dagrun for job_market_etl to None, run_after=None
[2026-05-11T10:47:27.473+0000] {processor.py:183} INFO - Processing /opt/airflow/dags/job_etl_dag.py took 0.133 seconds
[2026-05-11T10:47:57.744+0000] {processor.py:161} INFO - Started process (PID=1617) to work on /opt/airflow/dags/job_etl_dag.py
[2026-05-11T10:47:57.746+0000] {processor.py:830} INFO - Processing file /opt/airflow/dags/job_etl_dag.py for tasks to queue
[2026-05-11T10:47:57.748+0000] {logging_mixin.py:188} INFO - [2026-05-11T10:47:57.748+0000] {dagbag.py:538} INFO - Filling up the DagBag from /opt/airflow/dags/job_etl_dag.py
[2026-05-11T10:47:57.778+0000] {processor.py:840} INFO - DAG(s) 'job_market_etl' retrieved from /opt/airflow/dags/job_etl_dag.py
[2026-05-11T10:47:57.816+0000] {logging_mixin.py:188} INFO - [2026-05-11T10:47:57.816+0000] {dag.py:3036} INFO - Sync 1 DAGs
[2026-05-11T10:47:57.830+0000] {logging_mixin.py:188} INFO - [2026-05-11T10:47:57.830+0000] {dag.py:3823} INFO - Setting next_dagrun for job_market_etl to None, run_after=None
[2026-05-11T10:47:57.873+0000] {processor.py:183} INFO - Processing /opt/airflow/dags/job_etl_dag.py took 0.134 seconds
[2026-05-11T10:48:28.012+0000] {processor.py:161} INFO - Started process (PID=1618) to work on /opt/airflow/dags/job_etl_dag.py
[2026-05-11T10:48:28.015+0000] {processor.py:830} INFO - Processing file /opt/airflow/dags/job_etl_dag.py for tasks to queue
[2026-05-11T10:48:28.017+0000] {logging_mixin.py:188} INFO - [2026-05-11T10:48:28.016+0000] {dagbag.py:538} INFO - Filling up the DagBag from /opt/airflow/dags/job_etl_dag.py
[2026-05-11T10:48:28.048+0000] {processor.py:840} INFO - DAG(s) 'job_market_etl' retrieved from /opt/airflow/dags/job_etl_dag.py
[2026-05-11T10:48:28.090+0000] {logging_mixin.py:188} INFO - [2026-05-11T10:48:28.090+0000] {dag.py:3036} INFO - Sync 1 DAGs
[2026-05-11T10:48:28.105+0000] {logging_mixin.py:188} INFO - [2026-05-11T10:48:28.105+0000] {dag.py:3823} INFO - Setting next_dagrun for job_market_etl to None, run_after=None
[2026-05-11T10:48:28.144+0000] {processor.py:183} INFO - Processing /opt/airflow/dags/job_etl_dag.py took 0.138 seconds
[2026-05-11T10:48:58.380+0000] {processor.py:161} INFO - Started process (PID=1619) to work on /opt/airflow/dags/job_etl_dag.py
[2026-05-11T10:48:58.383+0000] {processor.py:830} INFO - Processing file /opt/airflow/dags/job_etl_dag.py for tasks to queue
[2026-05-11T10:48:58.385+0000] {logging_mixin.py:188} INFO - [2026-05-11T10:48:58.384+0000] {dagbag.py:538} INFO - Filling up the DagBag from /opt/airflow/dags/job_etl_dag.py
[2026-05-11T10:48:58.414+0000] {processor.py:840} INFO - DAG(s) 'job_market_etl' retrieved from /opt/airflow/dags/job_etl_dag.py
[2026-05-11T10:48:58.455+0000] {logging_mixin.py:188} INFO - [2026-05-11T10:48:58.455+0000] {dag.py:3036} INFO - Sync 1 DAGs
[2026-05-11T10:48:58.470+0000] {logging_mixin.py:188} INFO - [2026-05-11T10:48:58.469+0000] {dag.py:3823} INFO - Setting next_dagrun for job_market_etl to None, run_after=None
[2026-05-11T10:48:58.497+0000] {processor.py:183} INFO - Processing /opt/airflow/dags/job_etl_dag.py took 0.122 seconds
[2026-05-11T10:49:28.657+0000] {processor.py:161} INFO - Started process (PID=1620) to work on /opt/airflow/dags/job_etl_dag.py
[2026-05-11T10:49:28.659+0000] {processor.py:830} INFO - Processing file /opt/airflow/dags/job_etl_dag.py for tasks to queue
[2026-05-11T10:49:28.661+0000] {logging_mixin.py:188} INFO - [2026-05-11T10:49:28.661+0000] {dagbag.py:538} INFO - Filling up the DagBag from /opt/airflow/dags/job_etl_dag.py
[2026-05-11T10:49:28.694+0000] {processor.py:840} INFO - DAG(s) 'job_market_etl' retrieved from /opt/airflow/dags/job_etl_dag.py
[2026-05-11T10:49:28.734+0000] {logging_mixin.py:188} INFO - [2026-05-11T10:49:28.734+0000] {dag.py:3036} INFO - Sync 1 DAGs
[2026-05-11T10:49:28.752+0000] {logging_mixin.py:188} INFO - [2026-05-11T10:49:28.752+0000] {dag.py:3823} INFO - Setting next_dagrun for job_market_etl to None, run_after=None
[2026-05-11T10:49:28.783+0000] {processor.py:183} INFO - Processing /opt/airflow/dags/job_etl_dag.py took 0.131 seconds
[2026-05-11T10:49:59.004+0000] {processor.py:161} INFO - Started process (PID=1621) to work on /opt/airflow/dags/job_etl_dag.py
[2026-05-11T10:49:59.007+0000] {processor.py:830} INFO - Processing file /opt/airflow/dags/job_etl_dag.py for tasks to queue
[2026-05-11T10:49:59.008+0000] {logging_mixin.py:188} INFO - [2026-05-11T10:49:59.008+0000] {dagbag.py:538} INFO - Filling up the DagBag from /opt/airflow/dags/job_etl_dag.py
[2026-05-11T10:49:59.039+0000] {processor.py:840} INFO - DAG(s) 'job_market_etl' retrieved from /opt/airflow/dags/job_etl_dag.py
[2026-05-11T10:49:59.078+0000] {logging_mixin.py:188} INFO - [2026-05-11T10:49:59.078+0000] {dag.py:3036} INFO - Sync 1 DAGs
[2026-05-11T10:49:59.094+0000] {logging_mixin.py:188} INFO - [2026-05-11T10:49:59.094+0000] {dag.py:3823} INFO - Setting next_dagrun for job_market_etl to None, run_after=None
[2026-05-11T10:49:59.141+0000] {processor.py:183} INFO - Processing /opt/airflow/dags/job_etl_dag.py took 0.143 seconds
[2026-05-11T10:50:29.307+0000] {processor.py:161} INFO - Started process (PID=1622) to work on /opt/airflow/dags/job_etl_dag.py
[2026-05-11T10:50:29.310+0000] {processor.py:830} INFO - Processing file /opt/airflow/dags/job_etl_dag.py for tasks to queue
[2026-05-11T10:50:29.311+0000] {logging_mixin.py:188} INFO - [2026-05-11T10:50:29.311+0000] {dagbag.py:538} INFO - Filling up the DagBag from /opt/airflow/dags/job_etl_dag.py
[2026-05-11T10:50:29.345+0000] {processor.py:840} INFO - DAG(s) 'job_market_etl' retrieved from /opt/airflow/dags/job_etl_dag.py
[2026-05-11T10:50:29.382+0000] {logging_mixin.py:188} INFO - [2026-05-11T10:50:29.382+0000] {dag.py:3036} INFO - Sync 1 DAGs
[2026-05-11T10:50:29.398+0000] {logging_mixin.py:188} INFO - [2026-05-11T10:50:29.398+0000] {dag.py:3823} INFO - Setting next_dagrun for job_market_etl to None, run_after=None
[2026-05-11T10:50:29.442+0000] {processor.py:183} INFO - Processing /opt/airflow/dags/job_etl_dag.py took 0.140 seconds
[2026-05-11T10:50:59.710+0000] {processor.py:161} INFO - Started process (PID=1623) to work on /opt/airflow/dags/job_etl_dag.py
[2026-05-11T10:50:59.712+0000] {processor.py:830} INFO - Processing file /opt/airflow/dags/job_etl_dag.py for tasks to queue
[2026-05-11T10:50:59.714+0000] {logging_mixin.py:188} INFO - [2026-05-11T10:50:59.714+0000] {dagbag.py:538} INFO - Filling up the DagBag from /opt/airflow/dags/job_etl_dag.py
[2026-05-11T10:50:59.742+0000] {processor.py:840} INFO - DAG(s) 'job_market_etl' retrieved from /opt/airflow/dags/job_etl_dag.py
[2026-05-11T10:50:59.780+0000] {logging_mixin.py:188} INFO - [2026-05-11T10:50:59.779+0000] {dag.py:3036} INFO - Sync 1 DAGs
[2026-05-11T10:50:59.796+0000] {logging_mixin.py:188} INFO - [2026-05-11T10:50:59.795+0000] {dag.py:3823} INFO - Setting next_dagrun for job_market_etl to None, run_after=None
[2026-05-11T10:50:59.841+0000] {processor.py:183} INFO - Processing /opt/airflow/dags/job_etl_dag.py took 0.136 seconds
[2026-05-11T10:51:29.973+0000] {processor.py:161} INFO - Started process (PID=1624) to work on /opt/airflow/dags/job_etl_dag.py
[2026-05-11T10:51:29.976+0000] {processor.py:830} INFO - Processing file /opt/airflow/dags/job_etl_dag.py for tasks to queue
[2026-05-11T10:51:29.978+0000] {logging_mixin.py:188} INFO - [2026-05-11T10:51:29.978+0000] {dagbag.py:538} INFO - Filling up the DagBag from /opt/airflow/dags/job_etl_dag.py
[2026-05-11T10:51:30.010+0000] {processor.py:840} INFO - DAG(s) 'job_market_etl' retrieved from /opt/airflow/dags/job_etl_dag.py
[2026-05-11T10:51:30.050+0000] {logging_mixin.py:188} INFO - [2026-05-11T10:51:30.050+0000] {dag.py:3036} INFO - Sync 1 DAGs
[2026-05-11T10:51:30.065+0000] {logging_mixin.py:188} INFO - [2026-05-11T10:51:30.065+0000] {dag.py:3823} INFO - Setting next_dagrun for job_market_etl to None, run_after=None
[2026-05-11T10:51:30.096+0000] {processor.py:183} INFO - Processing /opt/airflow/dags/job_etl_dag.py took 0.129 seconds
[2026-05-11T10:52:00.395+0000] {processor.py:161} INFO - Started process (PID=1625) to work on /opt/airflow/dags/job_etl_dag.py
[2026-05-11T10:52:00.397+0000] {processor.py:830} INFO - Processing file /opt/airflow/dags/job_etl_dag.py for tasks to queue
[2026-05-11T10:52:00.399+0000] {logging_mixin.py:188} INFO - [2026-05-11T10:52:00.399+0000] {dagbag.py:538} INFO - Filling up the DagBag from /opt/airflow/dags/job_etl_dag.py
[2026-05-11T10:52:00.427+0000] {processor.py:840} INFO - DAG(s) 'job_market_etl' retrieved from /opt/airflow/dags/job_etl_dag.py
[2026-05-11T10:52:00.466+0000] {logging_mixin.py:188} INFO - [2026-05-11T10:52:00.466+0000] {dag.py:3036} INFO - Sync 1 DAGs
[2026-05-11T10:52:00.481+0000] {logging_mixin.py:188} INFO - [2026-05-11T10:52:00.481+0000] {dag.py:3823} INFO - Setting next_dagrun for job_market_etl to None, run_after=None
[2026-05-11T10:52:00.514+0000] {processor.py:183} INFO - Processing /opt/airflow/dags/job_etl_dag.py took 0.123 seconds
[2026-05-11T10:52:30.657+0000] {processor.py:161} INFO - Started process (PID=1626) to work on /opt/airflow/dags/job_etl_dag.py
[2026-05-11T10:52:30.659+0000] {processor.py:830} INFO - Processing file /opt/airflow/dags/job_etl_dag.py for tasks to queue
[2026-05-11T10:52:30.660+0000] {logging_mixin.py:188} INFO - [2026-05-11T10:52:30.660+0000] {dagbag.py:538} INFO - Filling up the DagBag from /opt/airflow/dags/job_etl_dag.py
[2026-05-11T10:52:30.692+0000] {processor.py:840} INFO - DAG(s) 'job_market_etl' retrieved from /opt/airflow/dags/job_etl_dag.py
[2026-05-11T10:52:30.732+0000] {logging_mixin.py:188} INFO - [2026-05-11T10:52:30.732+0000] {dag.py:3036} INFO - Sync 1 DAGs
[2026-05-11T10:52:30.753+0000] {logging_mixin.py:188} INFO - [2026-05-11T10:52:30.753+0000] {dag.py:3823} INFO - Setting next_dagrun for job_market_etl to None, run_after=None
[2026-05-11T10:52:30.790+0000] {processor.py:183} INFO - Processing /opt/airflow/dags/job_etl_dag.py took 0.137 seconds
[2026-05-11T10:53:01.068+0000] {processor.py:161} INFO - Started process (PID=1627) to work on /opt/airflow/dags/job_etl_dag.py
[2026-05-11T10:53:01.070+0000] {processor.py:830} INFO - Processing file /opt/airflow/dags/job_etl_dag.py for tasks to queue
[2026-05-11T10:53:01.071+0000] {logging_mixin.py:188} INFO - [2026-05-11T10:53:01.071+0000] {dagbag.py:538} INFO - Filling up the DagBag from /opt/airflow/dags/job_etl_dag.py
[2026-05-11T10:53:01.104+0000] {processor.py:840} INFO - DAG(s) 'job_market_etl' retrieved from /opt/airflow/dags/job_etl_dag.py
[2026-05-11T10:53:01.155+0000] {logging_mixin.py:188} INFO - [2026-05-11T10:53:01.155+0000] {dag.py:3036} INFO - Sync 1 DAGs
[2026-05-11T10:53:01.171+0000] {logging_mixin.py:188} INFO - [2026-05-11T10:53:01.171+0000] {dag.py:3823} INFO - Setting next_dagrun for job_market_etl to None, run_after=None
[2026-05-11T10:53:01.210+0000] {processor.py:183} INFO - Processing /opt/airflow/dags/job_etl_dag.py took 0.149 seconds
[2026-05-11T10:53:31.344+0000] {processor.py:161} INFO - Started process (PID=1628) to work on /opt/airflow/dags/job_etl_dag.py
[2026-05-11T10:53:31.346+0000] {processor.py:830} INFO - Processing file /opt/airflow/dags/job_etl_dag.py for tasks to queue
[2026-05-11T10:53:31.348+0000] {logging_mixin.py:188} INFO - [2026-05-11T10:53:31.348+0000] {dagbag.py:538} INFO - Filling up the DagBag from /opt/airflow/dags/job_etl_dag.py
[2026-05-11T10:53:31.383+0000] {processor.py:840} INFO - DAG(s) 'job_market_etl' retrieved from /opt/airflow/dags/job_etl_dag.py
[2026-05-11T10:53:31.431+0000] {logging_mixin.py:188} INFO - [2026-05-11T10:53:31.431+0000] {dag.py:3036} INFO - Sync 1 DAGs
[2026-05-11T10:53:31.449+0000] {logging_mixin.py:188} INFO - [2026-05-11T10:53:31.449+0000] {dag.py:3823} INFO - Setting next_dagrun for job_market_etl to None, run_after=None
[2026-05-11T10:53:31.489+0000] {processor.py:183} INFO - Processing /opt/airflow/dags/job_etl_dag.py took 0.153 seconds
[2026-05-11T10:54:01.756+0000] {processor.py:161} INFO - Started process (PID=1629) to work on /opt/airflow/dags/job_etl_dag.py
[2026-05-11T10:54:01.759+0000] {processor.py:830} INFO - Processing file /opt/airflow/dags/job_etl_dag.py for tasks to queue
[2026-05-11T10:54:01.761+0000] {logging_mixin.py:188} INFO - [2026-05-11T10:54:01.761+0000] {dagbag.py:538} INFO - Filling up the DagBag from /opt/airflow/dags/job_etl_dag.py
[2026-05-11T10:54:01.798+0000] {processor.py:840} INFO - DAG(s) 'job_market_etl' retrieved from /opt/airflow/dags/job_etl_dag.py
[2026-05-11T10:54:01.842+0000] {logging_mixin.py:188} INFO - [2026-05-11T10:54:01.841+0000] {dag.py:3036} INFO - Sync 1 DAGs
[2026-05-11T10:54:01.859+0000] {logging_mixin.py:188} INFO - [2026-05-11T10:54:01.858+0000] {dag.py:3823} INFO - Setting next_dagrun for job_market_etl to None, run_after=None
[2026-05-11T10:54:01.896+0000] {processor.py:183} INFO - Processing /opt/airflow/dags/job_etl_dag.py took 0.144 seconds
[2026-05-11T10:54:32.030+0000] {processor.py:161} INFO - Started process (PID=1630) to work on /opt/airflow/dags/job_etl_dag.py
[2026-05-11T10:54:32.032+0000] {processor.py:830} INFO - Processing file /opt/airflow/dags/job_etl_dag.py for tasks to queue
[2026-05-11T10:54:32.034+0000] {logging_mixin.py:188} INFO - [2026-05-11T10:54:32.034+0000] {dagbag.py:538} INFO - Filling up the DagBag from /opt/airflow/dags/job_etl_dag.py
[2026-05-11T10:54:32.067+0000] {processor.py:840} INFO - DAG(s) 'job_market_etl' retrieved from /opt/airflow/dags/job_etl_dag.py
[2026-05-11T10:54:32.111+0000] {logging_mixin.py:188} INFO - [2026-05-11T10:54:32.111+0000] {dag.py:3036} INFO - Sync 1 DAGs
[2026-05-11T10:54:32.130+0000] {logging_mixin.py:188} INFO - [2026-05-11T10:54:32.130+0000] {dag.py:3823} INFO - Setting next_dagrun for job_market_etl to None, run_after=None
[2026-05-11T10:54:32.176+0000] {processor.py:183} INFO - Processing /opt/airflow/dags/job_etl_dag.py took 0.151 seconds
[2026-05-11T10:55:02.381+0000] {processor.py:161} INFO - Started process (PID=1631) to work on /opt/airflow/dags/job_etl_dag.py
[2026-05-11T10:55:02.383+0000] {processor.py:830} INFO - Processing file /opt/airflow/dags/job_etl_dag.py for tasks to queue
[2026-05-11T10:55:02.384+0000] {logging_mixin.py:188} INFO - [2026-05-11T10:55:02.384+0000] {dagbag.py:538} INFO - Filling up the DagBag from /opt/airflow/dags/job_etl_dag.py
[2026-05-11T10:55:02.413+0000] {processor.py:840} INFO - DAG(s) 'job_market_etl' retrieved from /opt/airflow/dags/job_etl_dag.py
[2026-05-11T10:55:02.450+0000] {logging_mixin.py:188} INFO - [2026-05-11T10:55:02.450+0000] {dag.py:3036} INFO - Sync 1 DAGs
[2026-05-11T10:55:02.464+0000] {logging_mixin.py:188} INFO - [2026-05-11T10:55:02.464+0000] {dag.py:3823} INFO - Setting next_dagrun for job_market_etl to None, run_after=None
[2026-05-11T10:55:02.499+0000] {processor.py:183} INFO - Processing /opt/airflow/dags/job_etl_dag.py took 0.124 seconds
[2026-05-11T10:55:32.675+0000] {processor.py:161} INFO - Started process (PID=1632) to work on /opt/airflow/dags/job_etl_dag.py
[2026-05-11T10:55:32.678+0000] {processor.py:830} INFO - Processing file /opt/airflow/dags/job_etl_dag.py for tasks to queue
[2026-05-11T10:55:32.681+0000] {logging_mixin.py:188} INFO - [2026-05-11T10:55:32.680+0000] {dagbag.py:538} INFO - Filling up the DagBag from /opt/airflow/dags/job_etl_dag.py
[2026-05-11T10:55:32.711+0000] {processor.py:840} INFO - DAG(s) 'job_market_etl' retrieved from /opt/airflow/dags/job_etl_dag.py
[2026-05-11T10:55:32.756+0000] {logging_mixin.py:188} INFO - [2026-05-11T10:55:32.755+0000] {dag.py:3036} INFO - Sync 1 DAGs
[2026-05-11T10:55:32.773+0000] {logging_mixin.py:188} INFO - [2026-05-11T10:55:32.773+0000] {dag.py:3823} INFO - Setting next_dagrun for job_market_etl to None, run_after=None
[2026-05-11T10:55:32.807+0000] {processor.py:183} INFO - Processing /opt/airflow/dags/job_etl_dag.py took 0.138 seconds
[2026-05-11T10:56:03.044+0000] {processor.py:161} INFO - Started process (PID=1633) to work on /opt/airflow/dags/job_etl_dag.py
[2026-05-11T10:56:03.047+0000] {processor.py:830} INFO - Processing file /opt/airflow/dags/job_etl_dag.py for tasks to queue
[2026-05-11T10:56:03.049+0000] {logging_mixin.py:188} INFO - [2026-05-11T10:56:03.049+0000] {dagbag.py:538} INFO - Filling up the DagBag from /opt/airflow/dags/job_etl_dag.py
[2026-05-11T10:56:03.086+0000] {processor.py:840} INFO - DAG(s) 'job_market_etl' retrieved from /opt/airflow/dags/job_etl_dag.py
[2026-05-11T10:56:03.148+0000] {logging_mixin.py:188} INFO - [2026-05-11T10:56:03.148+0000] {dag.py:3036} INFO - Sync 1 DAGs
[2026-05-11T10:56:03.169+0000] {logging_mixin.py:188} INFO - [2026-05-11T10:56:03.169+0000] {dag.py:3823} INFO - Setting next_dagrun for job_market_etl to None, run_after=None
[2026-05-11T10:56:03.205+0000] {processor.py:183} INFO - Processing /opt/airflow/dags/job_etl_dag.py took 0.169 seconds
[2026-05-11T10:56:33.298+0000] {processor.py:161} INFO - Started process (PID=1634) to work on /opt/airflow/dags/job_etl_dag.py
[2026-05-11T10:56:33.300+0000] {processor.py:830} INFO - Processing file /opt/airflow/dags/job_etl_dag.py for tasks to queue
[2026-05-11T10:56:33.301+0000] {logging_mixin.py:188} INFO - [2026-05-11T10:56:33.301+0000] {dagbag.py:538} INFO - Filling up the DagBag from /opt/airflow/dags/job_etl_dag.py
[2026-05-11T10:56:33.328+0000] {processor.py:840} INFO - DAG(s) 'job_market_etl' retrieved from /opt/airflow/dags/job_etl_dag.py
[2026-05-11T10:56:33.369+0000] {logging_mixin.py:188} INFO - [2026-05-11T10:56:33.368+0000] {dag.py:3036} INFO - Sync 1 DAGs
[2026-05-11T10:56:33.384+0000] {logging_mixin.py:188} INFO - [2026-05-11T10:56:33.384+0000] {dag.py:3823} INFO - Setting next_dagrun for job_market_etl to None, run_after=None
[2026-05-11T10:56:33.430+0000] {processor.py:183} INFO - Processing /opt/airflow/dags/job_etl_dag.py took 0.137 seconds
[2026-05-11T10:57:03.705+0000] {processor.py:161} INFO - Started process (PID=1635) to work on /opt/airflow/dags/job_etl_dag.py
[2026-05-11T10:57:03.706+0000] {processor.py:830} INFO - Processing file /opt/airflow/dags/job_etl_dag.py for tasks to queue
[2026-05-11T10:57:03.708+0000] {logging_mixin.py:188} INFO - [2026-05-11T10:57:03.707+0000] {dagbag.py:538} INFO - Filling up the DagBag from /opt/airflow/dags/job_etl_dag.py
[2026-05-11T10:57:03.738+0000] {processor.py:840} INFO - DAG(s) 'job_market_etl' retrieved from /opt/airflow/dags/job_etl_dag.py
[2026-05-11T10:57:03.786+0000] {logging_mixin.py:188} INFO - [2026-05-11T10:57:03.785+0000] {dag.py:3036} INFO - Sync 1 DAGs
[2026-05-11T10:57:03.803+0000] {logging_mixin.py:188} INFO - [2026-05-11T10:57:03.802+0000] {dag.py:3823} INFO - Setting next_dagrun for job_market_etl to None, run_after=None
[2026-05-11T10:57:03.834+0000] {processor.py:183} INFO - Processing /opt/airflow/dags/job_etl_dag.py took 0.133 seconds
[2026-05-11T10:57:33.964+0000] {processor.py:161} INFO - Started process (PID=1636) to work on /opt/airflow/dags/job_etl_dag.py
[2026-05-11T10:57:33.966+0000] {processor.py:830} INFO - Processing file /opt/airflow/dags/job_etl_dag.py for tasks to queue
[2026-05-11T10:57:33.968+0000] {logging_mixin.py:188} INFO - [2026-05-11T10:57:33.968+0000] {dagbag.py:538} INFO - Filling up the DagBag from /opt/airflow/dags/job_etl_dag.py
[2026-05-11T10:57:34.000+0000] {processor.py:840} INFO - DAG(s) 'job_market_etl' retrieved from /opt/airflow/dags/job_etl_dag.py
[2026-05-11T10:57:34.043+0000] {logging_mixin.py:188} INFO - [2026-05-11T10:57:34.042+0000] {dag.py:3036} INFO - Sync 1 DAGs
[2026-05-11T10:57:34.060+0000] {logging_mixin.py:188} INFO - [2026-05-11T10:57:34.059+0000] {dag.py:3823} INFO - Setting next_dagrun for job_market_etl to None, run_after=None
[2026-05-11T10:57:34.102+0000] {processor.py:183} INFO - Processing /opt/airflow/dags/job_etl_dag.py took 0.144 seconds
[2026-05-11T10:58:04.328+0000] {processor.py:161} INFO - Started process (PID=1637) to work on /opt/airflow/dags/job_etl_dag.py
[2026-05-11T10:58:04.329+0000] {processor.py:830} INFO - Processing file /opt/airflow/dags/job_etl_dag.py for tasks to queue
[2026-05-11T10:58:04.331+0000] {logging_mixin.py:188} INFO - [2026-05-11T10:58:04.330+0000] {dagbag.py:538} INFO - Filling up the DagBag from /opt/airflow/dags/job_etl_dag.py
[2026-05-11T10:58:04.356+0000] {processor.py:840} INFO - DAG(s) 'job_market_etl' retrieved from /opt/airflow/dags/job_etl_dag.py
[2026-05-11T10:58:04.396+0000] {logging_mixin.py:188} INFO - [2026-05-11T10:58:04.395+0000] {dag.py:3036} INFO - Sync 1 DAGs
[2026-05-11T10:58:04.412+0000] {logging_mixin.py:188} INFO - [2026-05-11T10:58:04.412+0000] {dag.py:3823} INFO - Setting next_dagrun for job_market_etl to None, run_after=None
[2026-05-11T10:58:04.442+0000] {processor.py:183} INFO - Processing /opt/airflow/dags/job_etl_dag.py took 0.119 seconds
[2026-05-11T10:58:34.577+0000] {processor.py:161} INFO - Started process (PID=1638) to work on /opt/airflow/dags/job_etl_dag.py
[2026-05-11T10:58:34.579+0000] {processor.py:830} INFO - Processing file /opt/airflow/dags/job_etl_dag.py for tasks to queue
[2026-05-11T10:58:34.581+0000] {logging_mixin.py:188} INFO - [2026-05-11T10:58:34.580+0000] {dagbag.py:538} INFO - Filling up the DagBag from /opt/airflow/dags/job_etl_dag.py
[2026-05-11T10:58:34.607+0000] {processor.py:840} INFO - DAG(s) 'job_market_etl' retrieved from /opt/airflow/dags/job_etl_dag.py
[2026-05-11T10:58:34.647+0000] {logging_mixin.py:188} INFO - [2026-05-11T10:58:34.646+0000] {dag.py:3036} INFO - Sync 1 DAGs
[2026-05-11T10:58:34.663+0000] {logging_mixin.py:188} INFO - [2026-05-11T10:58:34.662+0000] {dag.py:3823} INFO - Setting next_dagrun for job_market_etl to None, run_after=None
[2026-05-11T10:58:34.711+0000] {processor.py:183} INFO - Processing /opt/airflow/dags/job_etl_dag.py took 0.139 seconds
[2026-05-11T10:59:04.939+0000] {processor.py:161} INFO - Started process (PID=1639) to work on /opt/airflow/dags/job_etl_dag.py
[2026-05-11T10:59:04.941+0000] {processor.py:830} INFO - Processing file /opt/airflow/dags/job_etl_dag.py for tasks to queue
[2026-05-11T10:59:04.943+0000] {logging_mixin.py:188} INFO - [2026-05-11T10:59:04.942+0000] {dagbag.py:538} INFO - Filling up the DagBag from /opt/airflow/dags/job_etl_dag.py
[2026-05-11T10:59:04.970+0000] {processor.py:840} INFO - DAG(s) 'job_market_etl' retrieved from /opt/airflow/dags/job_etl_dag.py
[2026-05-11T10:59:05.007+0000] {logging_mixin.py:188} INFO - [2026-05-11T10:59:05.007+0000] {dag.py:3036} INFO - Sync 1 DAGs
[2026-05-11T10:59:05.023+0000] {logging_mixin.py:188} INFO - [2026-05-11T10:59:05.022+0000] {dag.py:3823} INFO - Setting next_dagrun for job_market_etl to None, run_after=None
[2026-05-11T10:59:05.051+0000] {processor.py:183} INFO - Processing /opt/airflow/dags/job_etl_dag.py took 0.116 seconds
[2026-05-11T10:59:35.207+0000] {processor.py:161} INFO - Started process (PID=1640) to work on /opt/airflow/dags/job_etl_dag.py
[2026-05-11T10:59:35.209+0000] {processor.py:830} INFO - Processing file /opt/airflow/dags/job_etl_dag.py for tasks to queue
[2026-05-11T10:59:35.212+0000] {logging_mixin.py:188} INFO - [2026-05-11T10:59:35.211+0000] {dagbag.py:538} INFO - Filling up the DagBag from /opt/airflow/dags/job_etl_dag.py
[2026-05-11T10:59:35.243+0000] {processor.py:840} INFO - DAG(s) 'job_market_etl' retrieved from /opt/airflow/dags/job_etl_dag.py
[2026-05-11T10:59:35.281+0000] {logging_mixin.py:188} INFO - [2026-05-11T10:59:35.281+0000] {dag.py:3036} INFO - Sync 1 DAGs
[2026-05-11T10:59:35.296+0000] {logging_mixin.py:188} INFO - [2026-05-11T10:59:35.296+0000] {dag.py:3823} INFO - Setting next_dagrun for job_market_etl to None, run_after=None
[2026-05-11T10:59:35.327+0000] {processor.py:183} INFO - Processing /opt/airflow/dags/job_etl_dag.py took 0.125 seconds
[2026-05-11T11:00:05.550+0000] {processor.py:161} INFO - Started process (PID=1641) to work on /opt/airflow/dags/job_etl_dag.py
[2026-05-11T11:00:05.552+0000] {processor.py:830} INFO - Processing file /opt/airflow/dags/job_etl_dag.py for tasks to queue
[2026-05-11T11:00:05.554+0000] {logging_mixin.py:188} INFO - [2026-05-11T11:00:05.554+0000] {dagbag.py:538} INFO - Filling up the DagBag from /opt/airflow/dags/job_etl_dag.py
[2026-05-11T11:00:05.582+0000] {processor.py:840} INFO - DAG(s) 'job_market_etl' retrieved from /opt/airflow/dags/job_etl_dag.py
[2026-05-11T11:00:05.623+0000] {logging_mixin.py:188} INFO - [2026-05-11T11:00:05.622+0000] {dag.py:3036} INFO - Sync 1 DAGs
[2026-05-11T11:00:05.637+0000] {logging_mixin.py:188} INFO - [2026-05-11T11:00:05.637+0000] {dag.py:3823} INFO - Setting next_dagrun for job_market_etl to None, run_after=None
[2026-05-11T11:00:05.669+0000] {processor.py:183} INFO - Processing /opt/airflow/dags/job_etl_dag.py took 0.124 seconds
[2026-05-11T11:00:35.836+0000] {processor.py:161} INFO - Started process (PID=1642) to work on /opt/airflow/dags/job_etl_dag.py
[2026-05-11T11:00:35.838+0000] {processor.py:830} INFO - Processing file /opt/airflow/dags/job_etl_dag.py for tasks to queue
[2026-05-11T11:00:35.840+0000] {logging_mixin.py:188} INFO - [2026-05-11T11:00:35.839+0000] {dagbag.py:538} INFO - Filling up the DagBag from /opt/airflow/dags/job_etl_dag.py
[2026-05-11T11:00:35.869+0000] {processor.py:840} INFO - DAG(s) 'job_market_etl' retrieved from /opt/airflow/dags/job_etl_dag.py
[2026-05-11T11:00:35.911+0000] {logging_mixin.py:188} INFO - [2026-05-11T11:00:35.911+0000] {dag.py:3036} INFO - Sync 1 DAGs
[2026-05-11T11:00:35.928+0000] {logging_mixin.py:188} INFO - [2026-05-11T11:00:35.927+0000] {dag.py:3823} INFO - Setting next_dagrun for job_market_etl to None, run_after=None
[2026-05-11T11:00:35.962+0000] {processor.py:183} INFO - Processing /opt/airflow/dags/job_etl_dag.py took 0.132 seconds
[2026-05-11T11:01:06.214+0000] {processor.py:161} INFO - Started process (PID=1643) to work on /opt/airflow/dags/job_etl_dag.py
[2026-05-11T11:01:06.216+0000] {processor.py:830} INFO - Processing file /opt/airflow/dags/job_etl_dag.py for tasks to queue
[2026-05-11T11:01:06.219+0000] {logging_mixin.py:188} INFO - [2026-05-11T11:01:06.218+0000] {dagbag.py:538} INFO - Filling up the DagBag from /opt/airflow/dags/job_etl_dag.py
[2026-05-11T11:01:06.248+0000] {processor.py:840} INFO - DAG(s) 'job_market_etl' retrieved from /opt/airflow/dags/job_etl_dag.py
[2026-05-11T11:01:06.289+0000] {logging_mixin.py:188} INFO - [2026-05-11T11:01:06.288+0000] {dag.py:3036} INFO - Sync 1 DAGs
[2026-05-11T11:01:06.303+0000] {logging_mixin.py:188} INFO - [2026-05-11T11:01:06.303+0000] {dag.py:3823} INFO - Setting next_dagrun for job_market_etl to None, run_after=None
[2026-05-11T11:01:06.346+0000] {processor.py:183} INFO - Processing /opt/airflow/dags/job_etl_dag.py took 0.137 seconds
[2026-05-11T11:01:36.478+0000] {processor.py:161} INFO - Started process (PID=1644) to work on /opt/airflow/dags/job_etl_dag.py
[2026-05-11T11:01:36.480+0000] {processor.py:830} INFO - Processing file /opt/airflow/dags/job_etl_dag.py for tasks to queue
[2026-05-11T11:01:36.482+0000] {logging_mixin.py:188} INFO - [2026-05-11T11:01:36.481+0000] {dagbag.py:538} INFO - Filling up the DagBag from /opt/airflow/dags/job_etl_dag.py
[2026-05-11T11:01:36.512+0000] {processor.py:840} INFO - DAG(s) 'job_market_etl' retrieved from /opt/airflow/dags/job_etl_dag.py
[2026-05-11T11:01:36.552+0000] {logging_mixin.py:188} INFO - [2026-05-11T11:01:36.551+0000] {dag.py:3036} INFO - Sync 1 DAGs
[2026-05-11T11:01:36.567+0000] {logging_mixin.py:188} INFO - [2026-05-11T11:01:36.567+0000] {dag.py:3823} INFO - Setting next_dagrun for job_market_etl to None, run_after=None
[2026-05-11T11:01:36.597+0000] {processor.py:183} INFO - Processing /opt/airflow/dags/job_etl_dag.py took 0.126 seconds
[2026-05-11T11:02:06.849+0000] {processor.py:161} INFO - Started process (PID=1645) to work on /opt/airflow/dags/job_etl_dag.py
[2026-05-11T11:02:06.851+0000] {processor.py:830} INFO - Processing file /opt/airflow/dags/job_etl_dag.py for tasks to queue
[2026-05-11T11:02:06.853+0000] {logging_mixin.py:188} INFO - [2026-05-11T11:02:06.852+0000] {dagbag.py:538} INFO - Filling up the DagBag from /opt/airflow/dags/job_etl_dag.py
[2026-05-11T11:02:06.881+0000] {processor.py:840} INFO - DAG(s) 'job_market_etl' retrieved from /opt/airflow/dags/job_etl_dag.py
[2026-05-11T11:02:06.919+0000] {logging_mixin.py:188} INFO - [2026-05-11T11:02:06.919+0000] {dag.py:3036} INFO - Sync 1 DAGs
[2026-05-11T11:02:06.934+0000] {logging_mixin.py:188} INFO - [2026-05-11T11:02:06.934+0000] {dag.py:3823} INFO - Setting next_dagrun for job_market_etl to None, run_after=None
[2026-05-11T11:02:06.978+0000] {processor.py:183} INFO - Processing /opt/airflow/dags/job_etl_dag.py took 0.133 seconds
[2026-05-11T11:02:37.112+0000] {processor.py:161} INFO - Started process (PID=1646) to work on /opt/airflow/dags/job_etl_dag.py
[2026-05-11T11:02:37.114+0000] {processor.py:830} INFO - Processing file /opt/airflow/dags/job_etl_dag.py for tasks to queue
[2026-05-11T11:02:37.117+0000] {logging_mixin.py:188} INFO - [2026-05-11T11:02:37.117+0000] {dagbag.py:538} INFO - Filling up the DagBag from /opt/airflow/dags/job_etl_dag.py
[2026-05-11T11:02:37.149+0000] {processor.py:840} INFO - DAG(s) 'job_market_etl' retrieved from /opt/airflow/dags/job_etl_dag.py
[2026-05-11T11:02:37.194+0000] {logging_mixin.py:188} INFO - [2026-05-11T11:02:37.193+0000] {dag.py:3036} INFO - Sync 1 DAGs
[2026-05-11T11:02:37.208+0000] {logging_mixin.py:188} INFO - [2026-05-11T11:02:37.208+0000] {dag.py:3823} INFO - Setting next_dagrun for job_market_etl to None, run_after=None
[2026-05-11T11:02:37.251+0000] {processor.py:183} INFO - Processing /opt/airflow/dags/job_etl_dag.py took 0.145 seconds
[2026-05-11T11:03:07.472+0000] {processor.py:161} INFO - Started process (PID=1647) to work on /opt/airflow/dags/job_etl_dag.py
[2026-05-11T11:03:07.474+0000] {processor.py:830} INFO - Processing file /opt/airflow/dags/job_etl_dag.py for tasks to queue
[2026-05-11T11:03:07.476+0000] {logging_mixin.py:188} INFO - [2026-05-11T11:03:07.475+0000] {dagbag.py:538} INFO - Filling up the DagBag from /opt/airflow/dags/job_etl_dag.py
[2026-05-11T11:03:07.505+0000] {processor.py:840} INFO - DAG(s) 'job_market_etl' retrieved from /opt/airflow/dags/job_etl_dag.py
[2026-05-11T11:03:07.543+0000] {logging_mixin.py:188} INFO - [2026-05-11T11:03:07.542+0000] {dag.py:3036} INFO - Sync 1 DAGs
[2026-05-11T11:03:07.557+0000] {logging_mixin.py:188} INFO - [2026-05-11T11:03:07.557+0000] {dag.py:3823} INFO - Setting next_dagrun for job_market_etl to None, run_after=None
[2026-05-11T11:03:07.602+0000] {processor.py:183} INFO - Processing /opt/airflow/dags/job_etl_dag.py took 0.134 seconds
[2026-05-11T11:03:37.743+0000] {processor.py:161} INFO - Started process (PID=1648) to work on /opt/airflow/dags/job_etl_dag.py
[2026-05-11T11:03:37.747+0000] {processor.py:830} INFO - Processing file /opt/airflow/dags/job_etl_dag.py for tasks to queue
[2026-05-11T11:03:37.748+0000] {logging_mixin.py:188} INFO - [2026-05-11T11:03:37.748+0000] {dagbag.py:538} INFO - Filling up the DagBag from /opt/airflow/dags/job_etl_dag.py
[2026-05-11T11:03:37.784+0000] {processor.py:840} INFO - DAG(s) 'job_market_etl' retrieved from /opt/airflow/dags/job_etl_dag.py
[2026-05-11T11:03:37.827+0000] {logging_mixin.py:188} INFO - [2026-05-11T11:03:37.827+0000] {dag.py:3036} INFO - Sync 1 DAGs
[2026-05-11T11:03:37.843+0000] {logging_mixin.py:188} INFO - [2026-05-11T11:03:37.843+0000] {dag.py:3823} INFO - Setting next_dagrun for job_market_etl to None, run_after=None
[2026-05-11T11:03:37.875+0000] {processor.py:183} INFO - Processing /opt/airflow/dags/job_etl_dag.py took 0.137 seconds
[2026-05-11T11:04:08.100+0000] {processor.py:161} INFO - Started process (PID=1649) to work on /opt/airflow/dags/job_etl_dag.py
[2026-05-11T11:04:08.102+0000] {processor.py:830} INFO - Processing file /opt/airflow/dags/job_etl_dag.py for tasks to queue
[2026-05-11T11:04:08.104+0000] {logging_mixin.py:188} INFO - [2026-05-11T11:04:08.104+0000] {dagbag.py:538} INFO - Filling up the DagBag from /opt/airflow/dags/job_etl_dag.py
[2026-05-11T11:04:08.129+0000] {processor.py:840} INFO - DAG(s) 'job_market_etl' retrieved from /opt/airflow/dags/job_etl_dag.py
[2026-05-11T11:04:08.168+0000] {logging_mixin.py:188} INFO - [2026-05-11T11:04:08.168+0000] {dag.py:3036} INFO - Sync 1 DAGs
[2026-05-11T11:04:08.183+0000] {logging_mixin.py:188} INFO - [2026-05-11T11:04:08.183+0000] {dag.py:3823} INFO - Setting next_dagrun for job_market_etl to None, run_after=None
[2026-05-11T11:04:08.212+0000] {processor.py:183} INFO - Processing /opt/airflow/dags/job_etl_dag.py took 0.115 seconds
[2026-05-11T11:04:38.384+0000] {processor.py:161} INFO - Started process (PID=1650) to work on /opt/airflow/dags/job_etl_dag.py
[2026-05-11T11:04:38.387+0000] {processor.py:830} INFO - Processing file /opt/airflow/dags/job_etl_dag.py for tasks to queue
[2026-05-11T11:04:38.389+0000] {logging_mixin.py:188} INFO - [2026-05-11T11:04:38.388+0000] {dagbag.py:538} INFO - Filling up the DagBag from /opt/airflow/dags/job_etl_dag.py
[2026-05-11T11:04:38.442+0000] {processor.py:840} INFO - DAG(s) 'job_market_etl' retrieved from /opt/airflow/dags/job_etl_dag.py
[2026-05-11T11:04:38.494+0000] {logging_mixin.py:188} INFO - [2026-05-11T11:04:38.494+0000] {dag.py:3036} INFO - Sync 1 DAGs
[2026-05-11T11:04:38.514+0000] {logging_mixin.py:188} INFO - [2026-05-11T11:04:38.514+0000] {dag.py:3823} INFO - Setting next_dagrun for job_market_etl to None, run_after=None
[2026-05-11T11:04:38.559+0000] {processor.py:183} INFO - Processing /opt/airflow/dags/job_etl_dag.py took 0.183 seconds
[2026-05-11T11:05:08.727+0000] {processor.py:161} INFO - Started process (PID=1651) to work on /opt/airflow/dags/job_etl_dag.py
[2026-05-11T11:05:08.729+0000] {processor.py:830} INFO - Processing file /opt/airflow/dags/job_etl_dag.py for tasks to queue
[2026-05-11T11:05:08.731+0000] {logging_mixin.py:188} INFO - [2026-05-11T11:05:08.730+0000] {dagbag.py:538} INFO - Filling up the DagBag from /opt/airflow/dags/job_etl_dag.py
[2026-05-11T11:05:08.768+0000] {processor.py:840} INFO - DAG(s) 'job_market_etl' retrieved from /opt/airflow/dags/job_etl_dag.py
[2026-05-11T11:05:08.810+0000] {logging_mixin.py:188} INFO - [2026-05-11T11:05:08.809+0000] {dag.py:3036} INFO - Sync 1 DAGs
[2026-05-11T11:05:08.830+0000] {logging_mixin.py:188} INFO - [2026-05-11T11:05:08.830+0000] {dag.py:3823} INFO - Setting next_dagrun for job_market_etl to None, run_after=None
[2026-05-11T11:05:08.872+0000] {processor.py:183} INFO - Processing /opt/airflow/dags/job_etl_dag.py took 0.153 seconds
[2026-05-11T11:05:39.124+0000] {processor.py:161} INFO - Started process (PID=1652) to work on /opt/airflow/dags/job_etl_dag.py
[2026-05-11T11:05:39.126+0000] {processor.py:830} INFO - Processing file /opt/airflow/dags/job_etl_dag.py for tasks to queue
[2026-05-11T11:05:39.129+0000] {logging_mixin.py:188} INFO - [2026-05-11T11:05:39.128+0000] {dagbag.py:538} INFO - Filling up the DagBag from /opt/airflow/dags/job_etl_dag.py
[2026-05-11T11:05:39.157+0000] {processor.py:840} INFO - DAG(s) 'job_market_etl' retrieved from /opt/airflow/dags/job_etl_dag.py
[2026-05-11T11:05:39.206+0000] {logging_mixin.py:188} INFO - [2026-05-11T11:05:39.206+0000] {dag.py:3036} INFO - Sync 1 DAGs
[2026-05-11T11:05:39.225+0000] {logging_mixin.py:188} INFO - [2026-05-11T11:05:39.224+0000] {dag.py:3823} INFO - Setting next_dagrun for job_market_etl to None, run_after=None
[2026-05-11T11:05:39.258+0000] {processor.py:183} INFO - Processing /opt/airflow/dags/job_etl_dag.py took 0.138 seconds
[2026-05-11T11:06:09.429+0000] {processor.py:161} INFO - Started process (PID=1653) to work on /opt/airflow/dags/job_etl_dag.py
[2026-05-11T11:06:09.431+0000] {processor.py:830} INFO - Processing file /opt/airflow/dags/job_etl_dag.py for tasks to queue
[2026-05-11T11:06:09.434+0000] {logging_mixin.py:188} INFO - [2026-05-11T11:06:09.433+0000] {dagbag.py:538} INFO - Filling up the DagBag from /opt/airflow/dags/job_etl_dag.py
[2026-05-11T11:06:09.463+0000] {processor.py:840} INFO - DAG(s) 'job_market_etl' retrieved from /opt/airflow/dags/job_etl_dag.py
[2026-05-11T11:06:09.508+0000] {logging_mixin.py:188} INFO - [2026-05-11T11:06:09.508+0000] {dag.py:3036} INFO - Sync 1 DAGs
[2026-05-11T11:06:09.527+0000] {logging_mixin.py:188} INFO - [2026-05-11T11:06:09.527+0000] {dag.py:3823} INFO - Setting next_dagrun for job_market_etl to None, run_after=None
[2026-05-11T11:06:09.561+0000] {processor.py:183} INFO - Processing /opt/airflow/dags/job_etl_dag.py took 0.137 seconds
[2026-05-11T11:06:39.760+0000] {processor.py:161} INFO - Started process (PID=1654) to work on /opt/airflow/dags/job_etl_dag.py
[2026-05-11T11:06:39.762+0000] {processor.py:830} INFO - Processing file /opt/airflow/dags/job_etl_dag.py for tasks to queue
[2026-05-11T11:06:39.765+0000] {logging_mixin.py:188} INFO - [2026-05-11T11:06:39.764+0000] {dagbag.py:538} INFO - Filling up the DagBag from /opt/airflow/dags/job_etl_dag.py
[2026-05-11T11:06:39.799+0000] {processor.py:840} INFO - DAG(s) 'job_market_etl' retrieved from /opt/airflow/dags/job_etl_dag.py
[2026-05-11T11:06:39.840+0000] {logging_mixin.py:188} INFO - [2026-05-11T11:06:39.840+0000] {dag.py:3036} INFO - Sync 1 DAGs
[2026-05-11T11:06:39.854+0000] {logging_mixin.py:188} INFO - [2026-05-11T11:06:39.854+0000] {dag.py:3823} INFO - Setting next_dagrun for job_market_etl to None, run_after=None
[2026-05-11T11:06:39.884+0000] {processor.py:183} INFO - Processing /opt/airflow/dags/job_etl_dag.py took 0.128 seconds
[2026-05-11T11:07:10.108+0000] {processor.py:161} INFO - Started process (PID=1655) to work on /opt/airflow/dags/job_etl_dag.py
[2026-05-11T11:07:10.111+0000] {processor.py:830} INFO - Processing file /opt/airflow/dags/job_etl_dag.py for tasks to queue
[2026-05-11T11:07:10.114+0000] {logging_mixin.py:188} INFO - [2026-05-11T11:07:10.113+0000] {dagbag.py:538} INFO - Filling up the DagBag from /opt/airflow/dags/job_etl_dag.py
[2026-05-11T11:07:10.144+0000] {processor.py:840} INFO - DAG(s) 'job_market_etl' retrieved from /opt/airflow/dags/job_etl_dag.py
[2026-05-11T11:07:10.185+0000] {logging_mixin.py:188} INFO - [2026-05-11T11:07:10.185+0000] {dag.py:3036} INFO - Sync 1 DAGs
[2026-05-11T11:07:10.200+0000] {logging_mixin.py:188} INFO - [2026-05-11T11:07:10.199+0000] {dag.py:3823} INFO - Setting next_dagrun for job_market_etl to None, run_after=None
[2026-05-11T11:07:10.242+0000] {processor.py:183} INFO - Processing /opt/airflow/dags/job_etl_dag.py took 0.137 seconds
[2026-05-11T11:07:40.373+0000] {processor.py:161} INFO - Started process (PID=1656) to work on /opt/airflow/dags/job_etl_dag.py
[2026-05-11T11:07:40.375+0000] {processor.py:830} INFO - Processing file /opt/airflow/dags/job_etl_dag.py for tasks to queue
[2026-05-11T11:07:40.377+0000] {logging_mixin.py:188} INFO - [2026-05-11T11:07:40.377+0000] {dagbag.py:538} INFO - Filling up the DagBag from /opt/airflow/dags/job_etl_dag.py
[2026-05-11T11:07:40.409+0000] {processor.py:840} INFO - DAG(s) 'job_market_etl' retrieved from /opt/airflow/dags/job_etl_dag.py
[2026-05-11T11:07:40.449+0000] {logging_mixin.py:188} INFO - [2026-05-11T11:07:40.449+0000] {dag.py:3036} INFO - Sync 1 DAGs
[2026-05-11T11:07:40.476+0000] {logging_mixin.py:188} INFO - [2026-05-11T11:07:40.476+0000] {dag.py:3823} INFO - Setting next_dagrun for job_market_etl to None, run_after=None
[2026-05-11T11:07:40.507+0000] {processor.py:183} INFO - Processing /opt/airflow/dags/job_etl_dag.py took 0.140 seconds
[2026-05-11T11:08:10.736+0000] {processor.py:161} INFO - Started process (PID=1657) to work on /opt/airflow/dags/job_etl_dag.py
[2026-05-11T11:08:10.738+0000] {processor.py:830} INFO - Processing file /opt/airflow/dags/job_etl_dag.py for tasks to queue
[2026-05-11T11:08:10.741+0000] {logging_mixin.py:188} INFO - [2026-05-11T11:08:10.740+0000] {dagbag.py:538} INFO - Filling up the DagBag from /opt/airflow/dags/job_etl_dag.py
[2026-05-11T11:08:10.770+0000] {processor.py:840} INFO - DAG(s) 'job_market_etl' retrieved from /opt/airflow/dags/job_etl_dag.py
[2026-05-11T11:08:10.810+0000] {logging_mixin.py:188} INFO - [2026-05-11T11:08:10.810+0000] {dag.py:3036} INFO - Sync 1 DAGs
[2026-05-11T11:08:10.825+0000] {logging_mixin.py:188} INFO - [2026-05-11T11:08:10.825+0000] {dag.py:3823} INFO - Setting next_dagrun for job_market_etl to None, run_after=None
[2026-05-11T11:08:10.872+0000] {processor.py:183} INFO - Processing /opt/airflow/dags/job_etl_dag.py took 0.141 seconds
[2026-05-11T11:08:40.999+0000] {processor.py:161} INFO - Started process (PID=1658) to work on /opt/airflow/dags/job_etl_dag.py
[2026-05-11T11:08:41.002+0000] {processor.py:830} INFO - Processing file /opt/airflow/dags/job_etl_dag.py for tasks to queue
[2026-05-11T11:08:41.003+0000] {logging_mixin.py:188} INFO - [2026-05-11T11:08:41.003+0000] {dagbag.py:538} INFO - Filling up the DagBag from /opt/airflow/dags/job_etl_dag.py
[2026-05-11T11:08:41.037+0000] {processor.py:840} INFO - DAG(s) 'job_market_etl' retrieved from /opt/airflow/dags/job_etl_dag.py
[2026-05-11T11:08:41.083+0000] {logging_mixin.py:188} INFO - [2026-05-11T11:08:41.082+0000] {dag.py:3036} INFO - Sync 1 DAGs
[2026-05-11T11:08:41.098+0000] {logging_mixin.py:188} INFO - [2026-05-11T11:08:41.097+0000] {dag.py:3823} INFO - Setting next_dagrun for job_market_etl to None, run_after=None
[2026-05-11T11:08:41.128+0000] {processor.py:183} INFO - Processing /opt/airflow/dags/job_etl_dag.py took 0.135 seconds
[2026-05-11T11:09:11.358+0000] {processor.py:161} INFO - Started process (PID=1659) to work on /opt/airflow/dags/job_etl_dag.py
[2026-05-11T11:09:11.360+0000] {processor.py:830} INFO - Processing file /opt/airflow/dags/job_etl_dag.py for tasks to queue
[2026-05-11T11:09:11.362+0000] {logging_mixin.py:188} INFO - [2026-05-11T11:09:11.361+0000] {dagbag.py:538} INFO - Filling up the DagBag from /opt/airflow/dags/job_etl_dag.py
[2026-05-11T11:09:11.389+0000] {processor.py:840} INFO - DAG(s) 'job_market_etl' retrieved from /opt/airflow/dags/job_etl_dag.py
[2026-05-11T11:09:11.426+0000] {logging_mixin.py:188} INFO - [2026-05-11T11:09:11.426+0000] {dag.py:3036} INFO - Sync 1 DAGs
[2026-05-11T11:09:11.443+0000] {logging_mixin.py:188} INFO - [2026-05-11T11:09:11.443+0000] {dag.py:3823} INFO - Setting next_dagrun for job_market_etl to None, run_after=None
[2026-05-11T11:09:11.488+0000] {processor.py:183} INFO - Processing /opt/airflow/dags/job_etl_dag.py took 0.136 seconds
[2026-05-11T11:09:41.629+0000] {processor.py:161} INFO - Started process (PID=1660) to work on /opt/airflow/dags/job_etl_dag.py
[2026-05-11T11:09:41.632+0000] {processor.py:830} INFO - Processing file /opt/airflow/dags/job_etl_dag.py for tasks to queue
[2026-05-11T11:09:41.635+0000] {logging_mixin.py:188} INFO - [2026-05-11T11:09:41.634+0000] {dagbag.py:538} INFO - Filling up the DagBag from /opt/airflow/dags/job_etl_dag.py
[2026-05-11T11:09:41.681+0000] {processor.py:840} INFO - DAG(s) 'job_market_etl' retrieved from /opt/airflow/dags/job_etl_dag.py
[2026-05-11T11:09:41.732+0000] {logging_mixin.py:188} INFO - [2026-05-11T11:09:41.731+0000] {dag.py:3036} INFO - Sync 1 DAGs
[2026-05-11T11:09:41.749+0000] {logging_mixin.py:188} INFO - [2026-05-11T11:09:41.748+0000] {dag.py:3823} INFO - Setting next_dagrun for job_market_etl to None, run_after=None
[2026-05-11T11:09:41.778+0000] {processor.py:183} INFO - Processing /opt/airflow/dags/job_etl_dag.py took 0.157 seconds
[2026-05-11T11:10:11.982+0000] {processor.py:161} INFO - Started process (PID=1661) to work on /opt/airflow/dags/job_etl_dag.py
[2026-05-11T11:10:11.984+0000] {processor.py:830} INFO - Processing file /opt/airflow/dags/job_etl_dag.py for tasks to queue
[2026-05-11T11:10:11.986+0000] {logging_mixin.py:188} INFO - [2026-05-11T11:10:11.986+0000] {dagbag.py:538} INFO - Filling up the DagBag from /opt/airflow/dags/job_etl_dag.py
[2026-05-11T11:10:12.015+0000] {processor.py:840} INFO - DAG(s) 'job_market_etl' retrieved from /opt/airflow/dags/job_etl_dag.py
[2026-05-11T11:10:12.054+0000] {logging_mixin.py:188} INFO - [2026-05-11T11:10:12.054+0000] {dag.py:3036} INFO - Sync 1 DAGs
[2026-05-11T11:10:12.068+0000] {logging_mixin.py:188} INFO - [2026-05-11T11:10:12.067+0000] {dag.py:3823} INFO - Setting next_dagrun for job_market_etl to None, run_after=None
[2026-05-11T11:10:12.099+0000] {processor.py:183} INFO - Processing /opt/airflow/dags/job_etl_dag.py took 0.123 seconds
[2026-05-11T11:10:42.278+0000] {processor.py:161} INFO - Started process (PID=1662) to work on /opt/airflow/dags/job_etl_dag.py
[2026-05-11T11:10:42.280+0000] {processor.py:830} INFO - Processing file /opt/airflow/dags/job_etl_dag.py for tasks to queue
[2026-05-11T11:10:42.282+0000] {logging_mixin.py:188} INFO - [2026-05-11T11:10:42.281+0000] {dagbag.py:538} INFO - Filling up the DagBag from /opt/airflow/dags/job_etl_dag.py
[2026-05-11T11:10:42.315+0000] {processor.py:840} INFO - DAG(s) 'job_market_etl' retrieved from /opt/airflow/dags/job_etl_dag.py
[2026-05-11T11:10:42.355+0000] {logging_mixin.py:188} INFO - [2026-05-11T11:10:42.355+0000] {dag.py:3036} INFO - Sync 1 DAGs
[2026-05-11T11:10:42.370+0000] {logging_mixin.py:188} INFO - [2026-05-11T11:10:42.370+0000] {dag.py:3823} INFO - Setting next_dagrun for job_market_etl to None, run_after=None
[2026-05-11T11:10:42.404+0000] {processor.py:183} INFO - Processing /opt/airflow/dags/job_etl_dag.py took 0.133 seconds
[2026-05-11T11:11:12.641+0000] {processor.py:161} INFO - Started process (PID=1663) to work on /opt/airflow/dags/job_etl_dag.py
[2026-05-11T11:11:12.643+0000] {processor.py:830} INFO - Processing file /opt/airflow/dags/job_etl_dag.py for tasks to queue
[2026-05-11T11:11:12.646+0000] {logging_mixin.py:188} INFO - [2026-05-11T11:11:12.645+0000] {dagbag.py:538} INFO - Filling up the DagBag from /opt/airflow/dags/job_etl_dag.py
[2026-05-11T11:11:12.681+0000] {processor.py:840} INFO - DAG(s) 'job_market_etl' retrieved from /opt/airflow/dags/job_etl_dag.py
[2026-05-11T11:11:12.725+0000] {logging_mixin.py:188} INFO - [2026-05-11T11:11:12.725+0000] {dag.py:3036} INFO - Sync 1 DAGs
[2026-05-11T11:11:12.742+0000] {logging_mixin.py:188} INFO - [2026-05-11T11:11:12.742+0000] {dag.py:3823} INFO - Setting next_dagrun for job_market_etl to None, run_after=None
[2026-05-11T11:11:12.774+0000] {processor.py:183} INFO - Processing /opt/airflow/dags/job_etl_dag.py took 0.139 seconds
[2026-05-11T11:11:42.923+0000] {processor.py:161} INFO - Started process (PID=1664) to work on /opt/airflow/dags/job_etl_dag.py
[2026-05-11T11:11:42.926+0000] {processor.py:830} INFO - Processing file /opt/airflow/dags/job_etl_dag.py for tasks to queue
[2026-05-11T11:11:42.929+0000] {logging_mixin.py:188} INFO - [2026-05-11T11:11:42.928+0000] {dagbag.py:538} INFO - Filling up the DagBag from /opt/airflow/dags/job_etl_dag.py
[2026-05-11T11:11:42.959+0000] {processor.py:840} INFO - DAG(s) 'job_market_etl' retrieved from /opt/airflow/dags/job_etl_dag.py
[2026-05-11T11:11:43.003+0000] {logging_mixin.py:188} INFO - [2026-05-11T11:11:43.002+0000] {dag.py:3036} INFO - Sync 1 DAGs
[2026-05-11T11:11:43.019+0000] {logging_mixin.py:188} INFO - [2026-05-11T11:11:43.019+0000] {dag.py:3823} INFO - Setting next_dagrun for job_market_etl to None, run_after=None
[2026-05-11T11:11:43.067+0000] {processor.py:183} INFO - Processing /opt/airflow/dags/job_etl_dag.py took 0.150 seconds
[2026-05-11T11:12:13.255+0000] {processor.py:161} INFO - Started process (PID=1665) to work on /opt/airflow/dags/job_etl_dag.py
[2026-05-11T11:12:13.257+0000] {processor.py:830} INFO - Processing file /opt/airflow/dags/job_etl_dag.py for tasks to queue
[2026-05-11T11:12:13.260+0000] {logging_mixin.py:188} INFO - [2026-05-11T11:12:13.259+0000] {dagbag.py:538} INFO - Filling up the DagBag from /opt/airflow/dags/job_etl_dag.py
[2026-05-11T11:12:13.294+0000] {processor.py:840} INFO - DAG(s) 'job_market_etl' retrieved from /opt/airflow/dags/job_etl_dag.py
[2026-05-11T11:12:13.334+0000] {logging_mixin.py:188} INFO - [2026-05-11T11:12:13.334+0000] {dag.py:3036} INFO - Sync 1 DAGs
[2026-05-11T11:12:13.349+0000] {logging_mixin.py:188} INFO - [2026-05-11T11:12:13.348+0000] {dag.py:3823} INFO - Setting next_dagrun for job_market_etl to None, run_after=None
[2026-05-11T11:12:13.379+0000] {processor.py:183} INFO - Processing /opt/airflow/dags/job_etl_dag.py took 0.130 seconds
[2026-05-11T11:12:43.570+0000] {processor.py:161} INFO - Started process (PID=1666) to work on /opt/airflow/dags/job_etl_dag.py
[2026-05-11T11:12:43.573+0000] {processor.py:830} INFO - Processing file /opt/airflow/dags/job_etl_dag.py for tasks to queue
[2026-05-11T11:12:43.574+0000] {logging_mixin.py:188} INFO - [2026-05-11T11:12:43.574+0000] {dagbag.py:538} INFO - Filling up the DagBag from /opt/airflow/dags/job_etl_dag.py
[2026-05-11T11:12:43.606+0000] {processor.py:840} INFO - DAG(s) 'job_market_etl' retrieved from /opt/airflow/dags/job_etl_dag.py
[2026-05-11T11:12:43.647+0000] {logging_mixin.py:188} INFO - [2026-05-11T11:12:43.646+0000] {dag.py:3036} INFO - Sync 1 DAGs
[2026-05-11T11:12:43.666+0000] {logging_mixin.py:188} INFO - [2026-05-11T11:12:43.665+0000] {dag.py:3823} INFO - Setting next_dagrun for job_market_etl to None, run_after=None
[2026-05-11T11:12:43.697+0000] {processor.py:183} INFO - Processing /opt/airflow/dags/job_etl_dag.py took 0.135 seconds
[2026-05-11T11:13:13.872+0000] {processor.py:161} INFO - Started process (PID=1667) to work on /opt/airflow/dags/job_etl_dag.py
[2026-05-11T11:13:13.875+0000] {processor.py:830} INFO - Processing file /opt/airflow/dags/job_etl_dag.py for tasks to queue
[2026-05-11T11:13:13.878+0000] {logging_mixin.py:188} INFO - [2026-05-11T11:13:13.877+0000] {dagbag.py:538} INFO - Filling up the DagBag from /opt/airflow/dags/job_etl_dag.py
[2026-05-11T11:13:13.918+0000] {processor.py:840} INFO - DAG(s) 'job_market_etl' retrieved from /opt/airflow/dags/job_etl_dag.py
[2026-05-11T11:13:13.961+0000] {logging_mixin.py:188} INFO - [2026-05-11T11:13:13.960+0000] {dag.py:3036} INFO - Sync 1 DAGs
[2026-05-11T11:13:13.981+0000] {logging_mixin.py:188} INFO - [2026-05-11T11:13:13.980+0000] {dag.py:3823} INFO - Setting next_dagrun for job_market_etl to None, run_after=None
[2026-05-11T11:13:14.011+0000] {processor.py:183} INFO - Processing /opt/airflow/dags/job_etl_dag.py took 0.148 seconds
[2026-05-11T11:13:44.218+0000] {processor.py:161} INFO - Started process (PID=1668) to work on /opt/airflow/dags/job_etl_dag.py
[2026-05-11T11:13:44.220+0000] {processor.py:830} INFO - Processing file /opt/airflow/dags/job_etl_dag.py for tasks to queue
[2026-05-11T11:13:44.222+0000] {logging_mixin.py:188} INFO - [2026-05-11T11:13:44.221+0000] {dagbag.py:538} INFO - Filling up the DagBag from /opt/airflow/dags/job_etl_dag.py
[2026-05-11T11:13:44.255+0000] {processor.py:840} INFO - DAG(s) 'job_market_etl' retrieved from /opt/airflow/dags/job_etl_dag.py
[2026-05-11T11:13:44.296+0000] {logging_mixin.py:188} INFO - [2026-05-11T11:13:44.295+0000] {dag.py:3036} INFO - Sync 1 DAGs
[2026-05-11T11:13:44.312+0000] {logging_mixin.py:188} INFO - [2026-05-11T11:13:44.312+0000] {dag.py:3823} INFO - Setting next_dagrun for job_market_etl to None, run_after=None
[2026-05-11T11:13:44.346+0000] {processor.py:183} INFO - Processing /opt/airflow/dags/job_etl_dag.py took 0.134 seconds
[2026-05-11T11:14:14.544+0000] {processor.py:161} INFO - Started process (PID=1669) to work on /opt/airflow/dags/job_etl_dag.py
[2026-05-11T11:14:14.546+0000] {processor.py:830} INFO - Processing file /opt/airflow/dags/job_etl_dag.py for tasks to queue
[2026-05-11T11:14:14.550+0000] {logging_mixin.py:188} INFO - [2026-05-11T11:14:14.549+0000] {dagbag.py:538} INFO - Filling up the DagBag from /opt/airflow/dags/job_etl_dag.py
[2026-05-11T11:14:14.582+0000] {processor.py:840} INFO - DAG(s) 'job_market_etl' retrieved from /opt/airflow/dags/job_etl_dag.py
[2026-05-11T11:14:14.625+0000] {logging_mixin.py:188} INFO - [2026-05-11T11:14:14.625+0000] {dag.py:3036} INFO - Sync 1 DAGs
[2026-05-11T11:14:14.641+0000] {logging_mixin.py:188} INFO - [2026-05-11T11:14:14.641+0000] {dag.py:3823} INFO - Setting next_dagrun for job_market_etl to None, run_after=None
[2026-05-11T11:14:14.675+0000] {processor.py:183} INFO - Processing /opt/airflow/dags/job_etl_dag.py took 0.139 seconds
[2026-05-11T11:14:44.862+0000] {processor.py:161} INFO - Started process (PID=1670) to work on /opt/airflow/dags/job_etl_dag.py
[2026-05-11T11:14:44.864+0000] {processor.py:830} INFO - Processing file /opt/airflow/dags/job_etl_dag.py for tasks to queue
[2026-05-11T11:14:44.865+0000] {logging_mixin.py:188} INFO - [2026-05-11T11:14:44.865+0000] {dagbag.py:538} INFO - Filling up the DagBag from /opt/airflow/dags/job_etl_dag.py
[2026-05-11T11:14:44.898+0000] {processor.py:840} INFO - DAG(s) 'job_market_etl' retrieved from /opt/airflow/dags/job_etl_dag.py
[2026-05-11T11:14:44.941+0000] {logging_mixin.py:188} INFO - [2026-05-11T11:14:44.940+0000] {dag.py:3036} INFO - Sync 1 DAGs
[2026-05-11T11:14:44.957+0000] {logging_mixin.py:188} INFO - [2026-05-11T11:14:44.957+0000] {dag.py:3823} INFO - Setting next_dagrun for job_market_etl to None, run_after=None
[2026-05-11T11:14:45.006+0000] {processor.py:183} INFO - Processing /opt/airflow/dags/job_etl_dag.py took 0.151 seconds
[2026-05-11T11:15:15.174+0000] {processor.py:161} INFO - Started process (PID=1671) to work on /opt/airflow/dags/job_etl_dag.py
[2026-05-11T11:15:15.177+0000] {processor.py:830} INFO - Processing file /opt/airflow/dags/job_etl_dag.py for tasks to queue
[2026-05-11T11:15:15.179+0000] {logging_mixin.py:188} INFO - [2026-05-11T11:15:15.178+0000] {dagbag.py:538} INFO - Filling up the DagBag from /opt/airflow/dags/job_etl_dag.py
[2026-05-11T11:15:15.212+0000] {processor.py:840} INFO - DAG(s) 'job_market_etl' retrieved from /opt/airflow/dags/job_etl_dag.py
[2026-05-11T11:15:15.255+0000] {logging_mixin.py:188} INFO - [2026-05-11T11:15:15.255+0000] {dag.py:3036} INFO - Sync 1 DAGs
[2026-05-11T11:15:15.274+0000] {logging_mixin.py:188} INFO - [2026-05-11T11:15:15.273+0000] {dag.py:3823} INFO - Setting next_dagrun for job_market_etl to None, run_after=None
[2026-05-11T11:15:15.324+0000] {processor.py:183} INFO - Processing /opt/airflow/dags/job_etl_dag.py took 0.157 seconds
[2026-05-11T11:15:45.547+0000] {processor.py:161} INFO - Started process (PID=1672) to work on /opt/airflow/dags/job_etl_dag.py
[2026-05-11T11:15:45.550+0000] {processor.py:830} INFO - Processing file /opt/airflow/dags/job_etl_dag.py for tasks to queue
[2026-05-11T11:15:45.552+0000] {logging_mixin.py:188} INFO - [2026-05-11T11:15:45.551+0000] {dagbag.py:538} INFO - Filling up the DagBag from /opt/airflow/dags/job_etl_dag.py
[2026-05-11T11:15:45.581+0000] {processor.py:840} INFO - DAG(s) 'job_market_etl' retrieved from /opt/airflow/dags/job_etl_dag.py
[2026-05-11T11:15:45.620+0000] {logging_mixin.py:188} INFO - [2026-05-11T11:15:45.619+0000] {dag.py:3036} INFO - Sync 1 DAGs
[2026-05-11T11:15:45.636+0000] {logging_mixin.py:188} INFO - [2026-05-11T11:15:45.636+0000] {dag.py:3823} INFO - Setting next_dagrun for job_market_etl to None, run_after=None
[2026-05-11T11:15:45.696+0000] {processor.py:183} INFO - Processing /opt/airflow/dags/job_etl_dag.py took 0.154 seconds
[2026-05-11T11:16:15.841+0000] {processor.py:161} INFO - Started process (PID=1673) to work on /opt/airflow/dags/job_etl_dag.py
[2026-05-11T11:16:15.844+0000] {processor.py:830} INFO - Processing file /opt/airflow/dags/job_etl_dag.py for tasks to queue
[2026-05-11T11:16:15.846+0000] {logging_mixin.py:188} INFO - [2026-05-11T11:16:15.846+0000] {dagbag.py:538} INFO - Filling up the DagBag from /opt/airflow/dags/job_etl_dag.py
[2026-05-11T11:16:15.882+0000] {processor.py:840} INFO - DAG(s) 'job_market_etl' retrieved from /opt/airflow/dags/job_etl_dag.py
[2026-05-11T11:16:15.923+0000] {logging_mixin.py:188} INFO - [2026-05-11T11:16:15.922+0000] {dag.py:3036} INFO - Sync 1 DAGs
[2026-05-11T11:16:15.938+0000] {logging_mixin.py:188} INFO - [2026-05-11T11:16:15.938+0000] {dag.py:3823} INFO - Setting next_dagrun for job_market_etl to None, run_after=None
[2026-05-11T11:16:15.973+0000] {processor.py:183} INFO - Processing /opt/airflow/dags/job_etl_dag.py took 0.138 seconds
[2026-05-11T11:16:46.210+0000] {processor.py:161} INFO - Started process (PID=1674) to work on /opt/airflow/dags/job_etl_dag.py
[2026-05-11T11:16:46.212+0000] {processor.py:830} INFO - Processing file /opt/airflow/dags/job_etl_dag.py for tasks to queue
[2026-05-11T11:16:46.215+0000] {logging_mixin.py:188} INFO - [2026-05-11T11:16:46.214+0000] {dagbag.py:538} INFO - Filling up the DagBag from /opt/airflow/dags/job_etl_dag.py
[2026-05-11T11:16:46.249+0000] {processor.py:840} INFO - DAG(s) 'job_market_etl' retrieved from /opt/airflow/dags/job_etl_dag.py
[2026-05-11T11:16:46.294+0000] {logging_mixin.py:188} INFO - [2026-05-11T11:16:46.294+0000] {dag.py:3036} INFO - Sync 1 DAGs
[2026-05-11T11:16:46.311+0000] {logging_mixin.py:188} INFO - [2026-05-11T11:16:46.311+0000] {dag.py:3823} INFO - Setting next_dagrun for job_market_etl to None, run_after=None
[2026-05-11T11:16:46.348+0000] {processor.py:183} INFO - Processing /opt/airflow/dags/job_etl_dag.py took 0.142 seconds
[2026-05-11T11:17:16.490+0000] {processor.py:161} INFO - Started process (PID=1675) to work on /opt/airflow/dags/job_etl_dag.py
[2026-05-11T11:17:16.493+0000] {processor.py:830} INFO - Processing file /opt/airflow/dags/job_etl_dag.py for tasks to queue
[2026-05-11T11:17:16.496+0000] {logging_mixin.py:188} INFO - [2026-05-11T11:17:16.495+0000] {dagbag.py:538} INFO - Filling up the DagBag from /opt/airflow/dags/job_etl_dag.py
[2026-05-11T11:17:16.528+0000] {processor.py:840} INFO - DAG(s) 'job_market_etl' retrieved from /opt/airflow/dags/job_etl_dag.py
[2026-05-11T11:17:16.569+0000] {logging_mixin.py:188} INFO - [2026-05-11T11:17:16.569+0000] {dag.py:3036} INFO - Sync 1 DAGs
[2026-05-11T11:17:16.588+0000] {logging_mixin.py:188} INFO - [2026-05-11T11:17:16.588+0000] {dag.py:3823} INFO - Setting next_dagrun for job_market_etl to None, run_after=None
[2026-05-11T11:17:16.633+0000] {processor.py:183} INFO - Processing /opt/airflow/dags/job_etl_dag.py took 0.149 seconds
[2026-05-11T11:17:46.877+0000] {processor.py:161} INFO - Started process (PID=1676) to work on /opt/airflow/dags/job_etl_dag.py
[2026-05-11T11:17:46.880+0000] {processor.py:830} INFO - Processing file /opt/airflow/dags/job_etl_dag.py for tasks to queue
[2026-05-11T11:17:46.882+0000] {logging_mixin.py:188} INFO - [2026-05-11T11:17:46.881+0000] {dagbag.py:538} INFO - Filling up the DagBag from /opt/airflow/dags/job_etl_dag.py
[2026-05-11T11:17:46.915+0000] {processor.py:840} INFO - DAG(s) 'job_market_etl' retrieved from /opt/airflow/dags/job_etl_dag.py
[2026-05-11T11:17:46.959+0000] {logging_mixin.py:188} INFO - [2026-05-11T11:17:46.958+0000] {dag.py:3036} INFO - Sync 1 DAGs
[2026-05-11T11:17:46.975+0000] {logging_mixin.py:188} INFO - [2026-05-11T11:17:46.975+0000] {dag.py:3823} INFO - Setting next_dagrun for job_market_etl to None, run_after=None
[2026-05-11T11:17:47.009+0000] {processor.py:183} INFO - Processing /opt/airflow/dags/job_etl_dag.py took 0.137 seconds
[2026-05-11T11:18:17.133+0000] {processor.py:161} INFO - Started process (PID=1677) to work on /opt/airflow/dags/job_etl_dag.py
[2026-05-11T11:18:17.135+0000] {processor.py:830} INFO - Processing file /opt/airflow/dags/job_etl_dag.py for tasks to queue
[2026-05-11T11:18:17.137+0000] {logging_mixin.py:188} INFO - [2026-05-11T11:18:17.137+0000] {dagbag.py:538} INFO - Filling up the DagBag from /opt/airflow/dags/job_etl_dag.py
[2026-05-11T11:18:17.181+0000] {processor.py:840} INFO - DAG(s) 'job_market_etl' retrieved from /opt/airflow/dags/job_etl_dag.py
[2026-05-11T11:18:17.223+0000] {logging_mixin.py:188} INFO - [2026-05-11T11:18:17.223+0000] {dag.py:3036} INFO - Sync 1 DAGs
[2026-05-11T11:18:17.242+0000] {logging_mixin.py:188} INFO - [2026-05-11T11:18:17.241+0000] {dag.py:3823} INFO - Setting next_dagrun for job_market_etl to None, run_after=None
[2026-05-11T11:18:17.288+0000] {processor.py:183} INFO - Processing /opt/airflow/dags/job_etl_dag.py took 0.160 seconds
[2026-05-11T11:18:47.522+0000] {processor.py:161} INFO - Started process (PID=1678) to work on /opt/airflow/dags/job_etl_dag.py
[2026-05-11T11:18:47.524+0000] {processor.py:830} INFO - Processing file /opt/airflow/dags/job_etl_dag.py for tasks to queue
[2026-05-11T11:18:47.527+0000] {logging_mixin.py:188} INFO - [2026-05-11T11:18:47.527+0000] {dagbag.py:538} INFO - Filling up the DagBag from /opt/airflow/dags/job_etl_dag.py
[2026-05-11T11:18:47.556+0000] {processor.py:840} INFO - DAG(s) 'job_market_etl' retrieved from /opt/airflow/dags/job_etl_dag.py
[2026-05-11T11:18:47.603+0000] {logging_mixin.py:188} INFO - [2026-05-11T11:18:47.603+0000] {dag.py:3036} INFO - Sync 1 DAGs
[2026-05-11T11:18:47.619+0000] {logging_mixin.py:188} INFO - [2026-05-11T11:18:47.619+0000] {dag.py:3823} INFO - Setting next_dagrun for job_market_etl to None, run_after=None
[2026-05-11T11:18:47.652+0000] {processor.py:183} INFO - Processing /opt/airflow/dags/job_etl_dag.py took 0.134 seconds
[2026-05-11T11:19:17.788+0000] {processor.py:161} INFO - Started process (PID=1679) to work on /opt/airflow/dags/job_etl_dag.py
[2026-05-11T11:19:17.790+0000] {processor.py:830} INFO - Processing file /opt/airflow/dags/job_etl_dag.py for tasks to queue
[2026-05-11T11:19:17.791+0000] {logging_mixin.py:188} INFO - [2026-05-11T11:19:17.791+0000] {dagbag.py:538} INFO - Filling up the DagBag from /opt/airflow/dags/job_etl_dag.py
[2026-05-11T11:19:17.827+0000] {processor.py:840} INFO - DAG(s) 'job_market_etl' retrieved from /opt/airflow/dags/job_etl_dag.py
[2026-05-11T11:19:17.873+0000] {logging_mixin.py:188} INFO - [2026-05-11T11:19:17.873+0000] {dag.py:3036} INFO - Sync 1 DAGs
[2026-05-11T11:19:17.890+0000] {logging_mixin.py:188} INFO - [2026-05-11T11:19:17.889+0000] {dag.py:3823} INFO - Setting next_dagrun for job_market_etl to None, run_after=None
[2026-05-11T11:19:17.937+0000] {processor.py:183} INFO - Processing /opt/airflow/dags/job_etl_dag.py took 0.155 seconds
[2026-05-11T11:19:48.164+0000] {processor.py:161} INFO - Started process (PID=1680) to work on /opt/airflow/dags/job_etl_dag.py
[2026-05-11T11:19:48.165+0000] {processor.py:830} INFO - Processing file /opt/airflow/dags/job_etl_dag.py for tasks to queue
[2026-05-11T11:19:48.167+0000] {logging_mixin.py:188} INFO - [2026-05-11T11:19:48.166+0000] {dagbag.py:538} INFO - Filling up the DagBag from /opt/airflow/dags/job_etl_dag.py
[2026-05-11T11:19:48.199+0000] {processor.py:840} INFO - DAG(s) 'job_market_etl' retrieved from /opt/airflow/dags/job_etl_dag.py
[2026-05-11T11:19:48.241+0000] {logging_mixin.py:188} INFO - [2026-05-11T11:19:48.240+0000] {dag.py:3036} INFO - Sync 1 DAGs
[2026-05-11T11:19:48.257+0000] {logging_mixin.py:188} INFO - [2026-05-11T11:19:48.256+0000] {dag.py:3823} INFO - Setting next_dagrun for job_market_etl to None, run_after=None
[2026-05-11T11:19:48.286+0000] {processor.py:183} INFO - Processing /opt/airflow/dags/job_etl_dag.py took 0.129 seconds
[2026-05-11T11:20:18.432+0000] {processor.py:161} INFO - Started process (PID=1681) to work on /opt/airflow/dags/job_etl_dag.py
[2026-05-11T11:20:18.434+0000] {processor.py:830} INFO - Processing file /opt/airflow/dags/job_etl_dag.py for tasks to queue
[2026-05-11T11:20:18.437+0000] {logging_mixin.py:188} INFO - [2026-05-11T11:20:18.436+0000] {dagbag.py:538} INFO - Filling up the DagBag from /opt/airflow/dags/job_etl_dag.py
[2026-05-11T11:20:18.470+0000] {processor.py:840} INFO - DAG(s) 'job_market_etl' retrieved from /opt/airflow/dags/job_etl_dag.py
[2026-05-11T11:20:18.514+0000] {logging_mixin.py:188} INFO - [2026-05-11T11:20:18.514+0000] {dag.py:3036} INFO - Sync 1 DAGs
[2026-05-11T11:20:18.530+0000] {logging_mixin.py:188} INFO - [2026-05-11T11:20:18.530+0000] {dag.py:3823} INFO - Setting next_dagrun for job_market_etl to None, run_after=None
[2026-05-11T11:20:18.562+0000] {processor.py:183} INFO - Processing /opt/airflow/dags/job_etl_dag.py took 0.136 seconds
[2026-05-11T11:20:48.817+0000] {processor.py:161} INFO - Started process (PID=1682) to work on /opt/airflow/dags/job_etl_dag.py
[2026-05-11T11:20:48.819+0000] {processor.py:830} INFO - Processing file /opt/airflow/dags/job_etl_dag.py for tasks to queue
[2026-05-11T11:20:48.820+0000] {logging_mixin.py:188} INFO - [2026-05-11T11:20:48.820+0000] {dagbag.py:538} INFO - Filling up the DagBag from /opt/airflow/dags/job_etl_dag.py
[2026-05-11T11:20:48.851+0000] {processor.py:840} INFO - DAG(s) 'job_market_etl' retrieved from /opt/airflow/dags/job_etl_dag.py
[2026-05-11T11:20:48.889+0000] {logging_mixin.py:188} INFO - [2026-05-11T11:20:48.888+0000] {dag.py:3036} INFO - Sync 1 DAGs
[2026-05-11T11:20:48.905+0000] {logging_mixin.py:188} INFO - [2026-05-11T11:20:48.905+0000] {dag.py:3823} INFO - Setting next_dagrun for job_market_etl to None, run_after=None
[2026-05-11T11:20:48.937+0000] {processor.py:183} INFO - Processing /opt/airflow/dags/job_etl_dag.py took 0.124 seconds
[2026-05-11T11:21:19.076+0000] {processor.py:161} INFO - Started process (PID=1683) to work on /opt/airflow/dags/job_etl_dag.py
[2026-05-11T11:21:19.078+0000] {processor.py:830} INFO - Processing file /opt/airflow/dags/job_etl_dag.py for tasks to queue
[2026-05-11T11:21:19.080+0000] {logging_mixin.py:188} INFO - [2026-05-11T11:21:19.079+0000] {dagbag.py:538} INFO - Filling up the DagBag from /opt/airflow/dags/job_etl_dag.py
[2026-05-11T11:21:19.110+0000] {processor.py:840} INFO - DAG(s) 'job_market_etl' retrieved from /opt/airflow/dags/job_etl_dag.py
[2026-05-11T11:21:19.154+0000] {logging_mixin.py:188} INFO - [2026-05-11T11:21:19.153+0000] {dag.py:3036} INFO - Sync 1 DAGs
[2026-05-11T11:21:19.170+0000] {logging_mixin.py:188} INFO - [2026-05-11T11:21:19.170+0000] {dag.py:3823} INFO - Setting next_dagrun for job_market_etl to None, run_after=None
[2026-05-11T11:21:19.216+0000] {processor.py:183} INFO - Processing /opt/airflow/dags/job_etl_dag.py took 0.146 seconds
[2026-05-11T11:21:49.443+0000] {processor.py:161} INFO - Started process (PID=1684) to work on /opt/airflow/dags/job_etl_dag.py
[2026-05-11T11:21:49.445+0000] {processor.py:830} INFO - Processing file /opt/airflow/dags/job_etl_dag.py for tasks to queue
[2026-05-11T11:21:49.446+0000] {logging_mixin.py:188} INFO - [2026-05-11T11:21:49.446+0000] {dagbag.py:538} INFO - Filling up the DagBag from /opt/airflow/dags/job_etl_dag.py
[2026-05-11T11:21:49.475+0000] {processor.py:840} INFO - DAG(s) 'job_market_etl' retrieved from /opt/airflow/dags/job_etl_dag.py
[2026-05-11T11:21:49.513+0000] {logging_mixin.py:188} INFO - [2026-05-11T11:21:49.513+0000] {dag.py:3036} INFO - Sync 1 DAGs
[2026-05-11T11:21:49.528+0000] {logging_mixin.py:188} INFO - [2026-05-11T11:21:49.528+0000] {dag.py:3823} INFO - Setting next_dagrun for job_market_etl to None, run_after=None
[2026-05-11T11:21:49.574+0000] {processor.py:183} INFO - Processing /opt/airflow/dags/job_etl_dag.py took 0.137 seconds
[2026-05-11T11:22:19.711+0000] {processor.py:161} INFO - Started process (PID=1685) to work on /opt/airflow/dags/job_etl_dag.py
[2026-05-11T11:22:19.713+0000] {processor.py:830} INFO - Processing file /opt/airflow/dags/job_etl_dag.py for tasks to queue
[2026-05-11T11:22:19.715+0000] {logging_mixin.py:188} INFO - [2026-05-11T11:22:19.714+0000] {dagbag.py:538} INFO - Filling up the DagBag from /opt/airflow/dags/job_etl_dag.py
[2026-05-11T11:22:19.743+0000] {processor.py:840} INFO - DAG(s) 'job_market_etl' retrieved from /opt/airflow/dags/job_etl_dag.py
[2026-05-11T11:22:19.786+0000] {logging_mixin.py:188} INFO - [2026-05-11T11:22:19.786+0000] {dag.py:3036} INFO - Sync 1 DAGs
[2026-05-11T11:22:19.801+0000] {logging_mixin.py:188} INFO - [2026-05-11T11:22:19.801+0000] {dag.py:3823} INFO - Setting next_dagrun for job_market_etl to None, run_after=None
[2026-05-11T11:22:19.836+0000] {processor.py:183} INFO - Processing /opt/airflow/dags/job_etl_dag.py took 0.129 seconds
[2026-05-11T11:22:50.098+0000] {processor.py:161} INFO - Started process (PID=1687) to work on /opt/airflow/dags/job_etl_dag.py
[2026-05-11T11:22:50.103+0000] {processor.py:830} INFO - Processing file /opt/airflow/dags/job_etl_dag.py for tasks to queue
[2026-05-11T11:22:50.107+0000] {logging_mixin.py:188} INFO - [2026-05-11T11:22:50.106+0000] {dagbag.py:538} INFO - Filling up the DagBag from /opt/airflow/dags/job_etl_dag.py
[2026-05-11T11:22:50.138+0000] {processor.py:840} INFO - DAG(s) 'job_market_etl' retrieved from /opt/airflow/dags/job_etl_dag.py
[2026-05-11T11:22:50.175+0000] {logging_mixin.py:188} INFO - [2026-05-11T11:22:50.175+0000] {dag.py:3036} INFO - Sync 1 DAGs
[2026-05-11T11:22:50.189+0000] {logging_mixin.py:188} INFO - [2026-05-11T11:22:50.189+0000] {dag.py:3823} INFO - Setting next_dagrun for job_market_etl to None, run_after=None
[2026-05-11T11:22:50.217+0000] {processor.py:183} INFO - Processing /opt/airflow/dags/job_etl_dag.py took 0.137 seconds
[2026-05-11T11:23:20.336+0000] {processor.py:161} INFO - Started process (PID=1688) to work on /opt/airflow/dags/job_etl_dag.py
[2026-05-11T11:23:20.338+0000] {processor.py:830} INFO - Processing file /opt/airflow/dags/job_etl_dag.py for tasks to queue
[2026-05-11T11:23:20.340+0000] {logging_mixin.py:188} INFO - [2026-05-11T11:23:20.340+0000] {dagbag.py:538} INFO - Filling up the DagBag from /opt/airflow/dags/job_etl_dag.py
[2026-05-11T11:23:20.369+0000] {processor.py:840} INFO - DAG(s) 'job_market_etl' retrieved from /opt/airflow/dags/job_etl_dag.py
[2026-05-11T11:23:20.413+0000] {logging_mixin.py:188} INFO - [2026-05-11T11:23:20.413+0000] {dag.py:3036} INFO - Sync 1 DAGs
[2026-05-11T11:23:20.428+0000] {logging_mixin.py:188} INFO - [2026-05-11T11:23:20.428+0000] {dag.py:3823} INFO - Setting next_dagrun for job_market_etl to None, run_after=None
[2026-05-11T11:23:20.458+0000] {processor.py:183} INFO - Processing /opt/airflow/dags/job_etl_dag.py took 0.127 seconds
[2026-05-11T11:23:50.719+0000] {processor.py:161} INFO - Started process (PID=1689) to work on /opt/airflow/dags/job_etl_dag.py
[2026-05-11T11:23:50.722+0000] {processor.py:830} INFO - Processing file /opt/airflow/dags/job_etl_dag.py for tasks to queue
[2026-05-11T11:23:50.724+0000] {logging_mixin.py:188} INFO - [2026-05-11T11:23:50.723+0000] {dagbag.py:538} INFO - Filling up the DagBag from /opt/airflow/dags/job_etl_dag.py
[2026-05-11T11:23:50.757+0000] {processor.py:840} INFO - DAG(s) 'job_market_etl' retrieved from /opt/airflow/dags/job_etl_dag.py
[2026-05-11T11:23:50.796+0000] {logging_mixin.py:188} INFO - [2026-05-11T11:23:50.796+0000] {dag.py:3036} INFO - Sync 1 DAGs
[2026-05-11T11:23:50.812+0000] {logging_mixin.py:188} INFO - [2026-05-11T11:23:50.811+0000] {dag.py:3823} INFO - Setting next_dagrun for job_market_etl to None, run_after=None
[2026-05-11T11:23:50.857+0000] {processor.py:183} INFO - Processing /opt/airflow/dags/job_etl_dag.py took 0.143 seconds
[2026-05-11T11:24:20.987+0000] {processor.py:161} INFO - Started process (PID=1690) to work on /opt/airflow/dags/job_etl_dag.py
[2026-05-11T11:24:20.990+0000] {processor.py:830} INFO - Processing file /opt/airflow/dags/job_etl_dag.py for tasks to queue
[2026-05-11T11:24:20.993+0000] {logging_mixin.py:188} INFO - [2026-05-11T11:24:20.992+0000] {dagbag.py:538} INFO - Filling up the DagBag from /opt/airflow/dags/job_etl_dag.py
[2026-05-11T11:24:21.026+0000] {processor.py:840} INFO - DAG(s) 'job_market_etl' retrieved from /opt/airflow/dags/job_etl_dag.py
[2026-05-11T11:24:21.064+0000] {logging_mixin.py:188} INFO - [2026-05-11T11:24:21.064+0000] {dag.py:3036} INFO - Sync 1 DAGs
[2026-05-11T11:24:21.080+0000] {logging_mixin.py:188} INFO - [2026-05-11T11:24:21.080+0000] {dag.py:3823} INFO - Setting next_dagrun for job_market_etl to None, run_after=None
[2026-05-11T11:24:21.114+0000] {processor.py:183} INFO - Processing /opt/airflow/dags/job_etl_dag.py took 0.133 seconds
[2026-05-11T11:24:51.378+0000] {processor.py:161} INFO - Started process (PID=1691) to work on /opt/airflow/dags/job_etl_dag.py
[2026-05-11T11:24:51.381+0000] {processor.py:830} INFO - Processing file /opt/airflow/dags/job_etl_dag.py for tasks to queue
[2026-05-11T11:24:51.382+0000] {logging_mixin.py:188} INFO - [2026-05-11T11:24:51.382+0000] {dagbag.py:538} INFO - Filling up the DagBag from /opt/airflow/dags/job_etl_dag.py
[2026-05-11T11:24:51.413+0000] {processor.py:840} INFO - DAG(s) 'job_market_etl' retrieved from /opt/airflow/dags/job_etl_dag.py
[2026-05-11T11:24:51.449+0000] {logging_mixin.py:188} INFO - [2026-05-11T11:24:51.449+0000] {dag.py:3036} INFO - Sync 1 DAGs
[2026-05-11T11:24:51.468+0000] {logging_mixin.py:188} INFO - [2026-05-11T11:24:51.468+0000] {dag.py:3823} INFO - Setting next_dagrun for job_market_etl to None, run_after=None
[2026-05-11T11:24:51.514+0000] {processor.py:183} INFO - Processing /opt/airflow/dags/job_etl_dag.py took 0.141 seconds
[2026-05-11T11:25:21.636+0000] {processor.py:161} INFO - Started process (PID=1692) to work on /opt/airflow/dags/job_etl_dag.py
[2026-05-11T11:25:21.638+0000] {processor.py:830} INFO - Processing file /opt/airflow/dags/job_etl_dag.py for tasks to queue
[2026-05-11T11:25:21.641+0000] {logging_mixin.py:188} INFO - [2026-05-11T11:25:21.640+0000] {dagbag.py:538} INFO - Filling up the DagBag from /opt/airflow/dags/job_etl_dag.py
[2026-05-11T11:25:21.673+0000] {processor.py:840} INFO - DAG(s) 'job_market_etl' retrieved from /opt/airflow/dags/job_etl_dag.py
[2026-05-11T11:25:21.712+0000] {logging_mixin.py:188} INFO - [2026-05-11T11:25:21.712+0000] {dag.py:3036} INFO - Sync 1 DAGs
[2026-05-11T11:25:21.727+0000] {logging_mixin.py:188} INFO - [2026-05-11T11:25:21.727+0000] {dag.py:3823} INFO - Setting next_dagrun for job_market_etl to None, run_after=None
[2026-05-11T11:25:21.761+0000] {processor.py:183} INFO - Processing /opt/airflow/dags/job_etl_dag.py took 0.130 seconds
[2026-05-11T11:25:52.057+0000] {processor.py:161} INFO - Started process (PID=1693) to work on /opt/airflow/dags/job_etl_dag.py
[2026-05-11T11:25:52.059+0000] {processor.py:830} INFO - Processing file /opt/airflow/dags/job_etl_dag.py for tasks to queue
[2026-05-11T11:25:52.061+0000] {logging_mixin.py:188} INFO - [2026-05-11T11:25:52.061+0000] {dagbag.py:538} INFO - Filling up the DagBag from /opt/airflow/dags/job_etl_dag.py
[2026-05-11T11:25:52.092+0000] {processor.py:840} INFO - DAG(s) 'job_market_etl' retrieved from /opt/airflow/dags/job_etl_dag.py
[2026-05-11T11:25:52.130+0000] {logging_mixin.py:188} INFO - [2026-05-11T11:25:52.130+0000] {dag.py:3036} INFO - Sync 1 DAGs
[2026-05-11T11:25:52.146+0000] {logging_mixin.py:188} INFO - [2026-05-11T11:25:52.145+0000] {dag.py:3823} INFO - Setting next_dagrun for job_market_etl to None, run_after=None
[2026-05-11T11:25:52.199+0000] {processor.py:183} INFO - Processing /opt/airflow/dags/job_etl_dag.py took 0.147 seconds
[2026-05-11T11:26:22.342+0000] {processor.py:161} INFO - Started process (PID=1694) to work on /opt/airflow/dags/job_etl_dag.py
[2026-05-11T11:26:22.344+0000] {processor.py:830} INFO - Processing file /opt/airflow/dags/job_etl_dag.py for tasks to queue
[2026-05-11T11:26:22.347+0000] {logging_mixin.py:188} INFO - [2026-05-11T11:26:22.347+0000] {dagbag.py:538} INFO - Filling up the DagBag from /opt/airflow/dags/job_etl_dag.py
[2026-05-11T11:26:22.397+0000] {processor.py:840} INFO - DAG(s) 'job_market_etl' retrieved from /opt/airflow/dags/job_etl_dag.py
[2026-05-11T11:26:22.438+0000] {logging_mixin.py:188} INFO - [2026-05-11T11:26:22.438+0000] {dag.py:3036} INFO - Sync 1 DAGs
[2026-05-11T11:26:22.454+0000] {logging_mixin.py:188} INFO - [2026-05-11T11:26:22.454+0000] {dag.py:3823} INFO - Setting next_dagrun for job_market_etl to None, run_after=None
[2026-05-11T11:26:22.487+0000] {processor.py:183} INFO - Processing /opt/airflow/dags/job_etl_dag.py took 0.152 seconds
[2026-05-11T11:26:52.707+0000] {processor.py:161} INFO - Started process (PID=1695) to work on /opt/airflow/dags/job_etl_dag.py
[2026-05-11T11:26:52.709+0000] {processor.py:830} INFO - Processing file /opt/airflow/dags/job_etl_dag.py for tasks to queue
[2026-05-11T11:26:52.711+0000] {logging_mixin.py:188} INFO - [2026-05-11T11:26:52.710+0000] {dagbag.py:538} INFO - Filling up the DagBag from /opt/airflow/dags/job_etl_dag.py
[2026-05-11T11:26:52.741+0000] {processor.py:840} INFO - DAG(s) 'job_market_etl' retrieved from /opt/airflow/dags/job_etl_dag.py
[2026-05-11T11:26:52.781+0000] {logging_mixin.py:188} INFO - [2026-05-11T11:26:52.780+0000] {dag.py:3036} INFO - Sync 1 DAGs
[2026-05-11T11:26:52.797+0000] {logging_mixin.py:188} INFO - [2026-05-11T11:26:52.796+0000] {dag.py:3823} INFO - Setting next_dagrun for job_market_etl to None, run_after=None
[2026-05-11T11:26:52.840+0000] {processor.py:183} INFO - Processing /opt/airflow/dags/job_etl_dag.py took 0.138 seconds
[2026-05-11T11:27:22.988+0000] {processor.py:161} INFO - Started process (PID=1696) to work on /opt/airflow/dags/job_etl_dag.py
[2026-05-11T11:27:22.990+0000] {processor.py:830} INFO - Processing file /opt/airflow/dags/job_etl_dag.py for tasks to queue
[2026-05-11T11:27:22.993+0000] {logging_mixin.py:188} INFO - [2026-05-11T11:27:22.992+0000] {dagbag.py:538} INFO - Filling up the DagBag from /opt/airflow/dags/job_etl_dag.py
[2026-05-11T11:27:23.025+0000] {processor.py:840} INFO - DAG(s) 'job_market_etl' retrieved from /opt/airflow/dags/job_etl_dag.py
[2026-05-11T11:27:23.065+0000] {logging_mixin.py:188} INFO - [2026-05-11T11:27:23.065+0000] {dag.py:3036} INFO - Sync 1 DAGs
[2026-05-11T11:27:23.081+0000] {logging_mixin.py:188} INFO - [2026-05-11T11:27:23.080+0000] {dag.py:3823} INFO - Setting next_dagrun for job_market_etl to None, run_after=None
[2026-05-11T11:27:23.125+0000] {processor.py:183} INFO - Processing /opt/airflow/dags/job_etl_dag.py took 0.143 seconds
[2026-05-11T11:27:53.367+0000] {processor.py:161} INFO - Started process (PID=1697) to work on /opt/airflow/dags/job_etl_dag.py
[2026-05-11T11:27:53.369+0000] {processor.py:830} INFO - Processing file /opt/airflow/dags/job_etl_dag.py for tasks to queue
[2026-05-11T11:27:53.371+0000] {logging_mixin.py:188} INFO - [2026-05-11T11:27:53.370+0000] {dagbag.py:538} INFO - Filling up the DagBag from /opt/airflow/dags/job_etl_dag.py
[2026-05-11T11:27:53.402+0000] {processor.py:840} INFO - DAG(s) 'job_market_etl' retrieved from /opt/airflow/dags/job_etl_dag.py
[2026-05-11T11:27:53.440+0000] {logging_mixin.py:188} INFO - [2026-05-11T11:27:53.440+0000] {dag.py:3036} INFO - Sync 1 DAGs
[2026-05-11T11:27:53.455+0000] {logging_mixin.py:188} INFO - [2026-05-11T11:27:53.455+0000] {dag.py:3823} INFO - Setting next_dagrun for job_market_etl to None, run_after=None
[2026-05-11T11:27:53.499+0000] {processor.py:183} INFO - Processing /opt/airflow/dags/job_etl_dag.py took 0.139 seconds
[2026-05-11T11:28:23.641+0000] {processor.py:161} INFO - Started process (PID=1698) to work on /opt/airflow/dags/job_etl_dag.py
[2026-05-11T11:28:23.643+0000] {processor.py:830} INFO - Processing file /opt/airflow/dags/job_etl_dag.py for tasks to queue
[2026-05-11T11:28:23.646+0000] {logging_mixin.py:188} INFO - [2026-05-11T11:28:23.645+0000] {dagbag.py:538} INFO - Filling up the DagBag from /opt/airflow/dags/job_etl_dag.py
[2026-05-11T11:28:23.679+0000] {processor.py:840} INFO - DAG(s) 'job_market_etl' retrieved from /opt/airflow/dags/job_etl_dag.py
[2026-05-11T11:28:23.717+0000] {logging_mixin.py:188} INFO - [2026-05-11T11:28:23.717+0000] {dag.py:3036} INFO - Sync 1 DAGs
[2026-05-11T11:28:23.732+0000] {logging_mixin.py:188} INFO - [2026-05-11T11:28:23.732+0000] {dag.py:3823} INFO - Setting next_dagrun for job_market_etl to None, run_after=None
[2026-05-11T11:28:23.765+0000] {processor.py:183} INFO - Processing /opt/airflow/dags/job_etl_dag.py took 0.131 seconds
[2026-05-11T11:28:54.010+0000] {processor.py:161} INFO - Started process (PID=1699) to work on /opt/airflow/dags/job_etl_dag.py
[2026-05-11T11:28:54.012+0000] {processor.py:830} INFO - Processing file /opt/airflow/dags/job_etl_dag.py for tasks to queue
[2026-05-11T11:28:54.014+0000] {logging_mixin.py:188} INFO - [2026-05-11T11:28:54.013+0000] {dagbag.py:538} INFO - Filling up the DagBag from /opt/airflow/dags/job_etl_dag.py
[2026-05-11T11:28:54.045+0000] {processor.py:840} INFO - DAG(s) 'job_market_etl' retrieved from /opt/airflow/dags/job_etl_dag.py
[2026-05-11T11:28:54.087+0000] {logging_mixin.py:188} INFO - [2026-05-11T11:28:54.086+0000] {dag.py:3036} INFO - Sync 1 DAGs
[2026-05-11T11:28:54.101+0000] {logging_mixin.py:188} INFO - [2026-05-11T11:28:54.101+0000] {dag.py:3823} INFO - Setting next_dagrun for job_market_etl to None, run_after=None
[2026-05-11T11:28:54.148+0000] {processor.py:183} INFO - Processing /opt/airflow/dags/job_etl_dag.py took 0.143 seconds
[2026-05-11T11:29:24.271+0000] {processor.py:161} INFO - Started process (PID=1700) to work on /opt/airflow/dags/job_etl_dag.py
[2026-05-11T11:29:24.273+0000] {processor.py:830} INFO - Processing file /opt/airflow/dags/job_etl_dag.py for tasks to queue
[2026-05-11T11:29:24.275+0000] {logging_mixin.py:188} INFO - [2026-05-11T11:29:24.275+0000] {dagbag.py:538} INFO - Filling up the DagBag from /opt/airflow/dags/job_etl_dag.py
[2026-05-11T11:29:24.306+0000] {processor.py:840} INFO - DAG(s) 'job_market_etl' retrieved from /opt/airflow/dags/job_etl_dag.py
[2026-05-11T11:29:24.348+0000] {logging_mixin.py:188} INFO - [2026-05-11T11:29:24.347+0000] {dag.py:3036} INFO - Sync 1 DAGs
[2026-05-11T11:29:24.363+0000] {logging_mixin.py:188} INFO - [2026-05-11T11:29:24.363+0000] {dag.py:3823} INFO - Setting next_dagrun for job_market_etl to None, run_after=None
[2026-05-11T11:29:24.413+0000] {processor.py:183} INFO - Processing /opt/airflow/dags/job_etl_dag.py took 0.147 seconds
[2026-05-11T11:29:54.675+0000] {processor.py:161} INFO - Started process (PID=1701) to work on /opt/airflow/dags/job_etl_dag.py
[2026-05-11T11:29:54.677+0000] {processor.py:830} INFO - Processing file /opt/airflow/dags/job_etl_dag.py for tasks to queue
[2026-05-11T11:29:54.679+0000] {logging_mixin.py:188} INFO - [2026-05-11T11:29:54.678+0000] {dagbag.py:538} INFO - Filling up the DagBag from /opt/airflow/dags/job_etl_dag.py
[2026-05-11T11:29:54.706+0000] {processor.py:840} INFO - DAG(s) 'job_market_etl' retrieved from /opt/airflow/dags/job_etl_dag.py
[2026-05-11T11:29:54.751+0000] {logging_mixin.py:188} INFO - [2026-05-11T11:29:54.750+0000] {dag.py:3036} INFO - Sync 1 DAGs
[2026-05-11T11:29:54.765+0000] {logging_mixin.py:188} INFO - [2026-05-11T11:29:54.765+0000] {dag.py:3823} INFO - Setting next_dagrun for job_market_etl to None, run_after=None
[2026-05-11T11:29:54.796+0000] {processor.py:183} INFO - Processing /opt/airflow/dags/job_etl_dag.py took 0.125 seconds
[2026-05-11T11:30:24.929+0000] {processor.py:161} INFO - Started process (PID=1702) to work on /opt/airflow/dags/job_etl_dag.py
[2026-05-11T11:30:24.931+0000] {processor.py:830} INFO - Processing file /opt/airflow/dags/job_etl_dag.py for tasks to queue
[2026-05-11T11:30:24.932+0000] {logging_mixin.py:188} INFO - [2026-05-11T11:30:24.932+0000] {dagbag.py:538} INFO - Filling up the DagBag from /opt/airflow/dags/job_etl_dag.py
[2026-05-11T11:30:24.961+0000] {processor.py:840} INFO - DAG(s) 'job_market_etl' retrieved from /opt/airflow/dags/job_etl_dag.py
[2026-05-11T11:30:25.002+0000] {logging_mixin.py:188} INFO - [2026-05-11T11:30:25.002+0000] {dag.py:3036} INFO - Sync 1 DAGs
[2026-05-11T11:30:25.016+0000] {logging_mixin.py:188} INFO - [2026-05-11T11:30:25.016+0000] {dag.py:3823} INFO - Setting next_dagrun for job_market_etl to None, run_after=None
[2026-05-11T11:30:25.048+0000] {processor.py:183} INFO - Processing /opt/airflow/dags/job_etl_dag.py took 0.124 seconds
[2026-05-11T11:30:55.352+0000] {processor.py:161} INFO - Started process (PID=1703) to work on /opt/airflow/dags/job_etl_dag.py
[2026-05-11T11:30:55.355+0000] {processor.py:830} INFO - Processing file /opt/airflow/dags/job_etl_dag.py for tasks to queue
[2026-05-11T11:30:55.357+0000] {logging_mixin.py:188} INFO - [2026-05-11T11:30:55.357+0000] {dagbag.py:538} INFO - Filling up the DagBag from /opt/airflow/dags/job_etl_dag.py
[2026-05-11T11:30:55.387+0000] {processor.py:840} INFO - DAG(s) 'job_market_etl' retrieved from /opt/airflow/dags/job_etl_dag.py
[2026-05-11T11:30:55.433+0000] {logging_mixin.py:188} INFO - [2026-05-11T11:30:55.432+0000] {dag.py:3036} INFO - Sync 1 DAGs
[2026-05-11T11:30:55.448+0000] {logging_mixin.py:188} INFO - [2026-05-11T11:30:55.448+0000] {dag.py:3823} INFO - Setting next_dagrun for job_market_etl to None, run_after=None
[2026-05-11T11:30:55.480+0000] {processor.py:183} INFO - Processing /opt/airflow/dags/job_etl_dag.py took 0.132 seconds
[2026-05-11T11:31:25.615+0000] {processor.py:161} INFO - Started process (PID=1704) to work on /opt/airflow/dags/job_etl_dag.py
[2026-05-11T11:31:25.617+0000] {processor.py:830} INFO - Processing file /opt/airflow/dags/job_etl_dag.py for tasks to queue
[2026-05-11T11:31:25.619+0000] {logging_mixin.py:188} INFO - [2026-05-11T11:31:25.618+0000] {dagbag.py:538} INFO - Filling up the DagBag from /opt/airflow/dags/job_etl_dag.py
[2026-05-11T11:31:25.648+0000] {processor.py:840} INFO - DAG(s) 'job_market_etl' retrieved from /opt/airflow/dags/job_etl_dag.py
[2026-05-11T11:31:25.687+0000] {logging_mixin.py:188} INFO - [2026-05-11T11:31:25.686+0000] {dag.py:3036} INFO - Sync 1 DAGs
[2026-05-11T11:31:25.702+0000] {logging_mixin.py:188} INFO - [2026-05-11T11:31:25.701+0000] {dag.py:3823} INFO - Setting next_dagrun for job_market_etl to None, run_after=None
[2026-05-11T11:31:25.733+0000] {processor.py:183} INFO - Processing /opt/airflow/dags/job_etl_dag.py took 0.123 seconds
[2026-05-11T11:31:55.977+0000] {processor.py:161} INFO - Started process (PID=1705) to work on /opt/airflow/dags/job_etl_dag.py
[2026-05-11T11:31:55.978+0000] {processor.py:830} INFO - Processing file /opt/airflow/dags/job_etl_dag.py for tasks to queue
[2026-05-11T11:31:55.980+0000] {logging_mixin.py:188} INFO - [2026-05-11T11:31:55.979+0000] {dagbag.py:538} INFO - Filling up the DagBag from /opt/airflow/dags/job_etl_dag.py
[2026-05-11T11:31:56.007+0000] {processor.py:840} INFO - DAG(s) 'job_market_etl' retrieved from /opt/airflow/dags/job_etl_dag.py
[2026-05-11T11:31:56.046+0000] {logging_mixin.py:188} INFO - [2026-05-11T11:31:56.045+0000] {dag.py:3036} INFO - Sync 1 DAGs
[2026-05-11T11:31:56.060+0000] {logging_mixin.py:188} INFO - [2026-05-11T11:31:56.060+0000] {dag.py:3823} INFO - Setting next_dagrun for job_market_etl to None, run_after=None
[2026-05-11T11:31:56.092+0000] {processor.py:183} INFO - Processing /opt/airflow/dags/job_etl_dag.py took 0.120 seconds
[2026-05-11T11:32:26.237+0000] {processor.py:161} INFO - Started process (PID=1706) to work on /opt/airflow/dags/job_etl_dag.py
[2026-05-11T11:32:26.240+0000] {processor.py:830} INFO - Processing file /opt/airflow/dags/job_etl_dag.py for tasks to queue
[2026-05-11T11:32:26.241+0000] {logging_mixin.py:188} INFO - [2026-05-11T11:32:26.241+0000] {dagbag.py:538} INFO - Filling up the DagBag from /opt/airflow/dags/job_etl_dag.py
[2026-05-11T11:32:26.272+0000] {processor.py:840} INFO - DAG(s) 'job_market_etl' retrieved from /opt/airflow/dags/job_etl_dag.py
[2026-05-11T11:32:26.313+0000] {logging_mixin.py:188} INFO - [2026-05-11T11:32:26.312+0000] {dag.py:3036} INFO - Sync 1 DAGs
[2026-05-11T11:32:26.328+0000] {logging_mixin.py:188} INFO - [2026-05-11T11:32:26.328+0000] {dag.py:3823} INFO - Setting next_dagrun for job_market_etl to None, run_after=None
[2026-05-11T11:32:26.357+0000] {processor.py:183} INFO - Processing /opt/airflow/dags/job_etl_dag.py took 0.124 seconds
[2026-05-11T11:32:56.607+0000] {processor.py:161} INFO - Started process (PID=1707) to work on /opt/airflow/dags/job_etl_dag.py
[2026-05-11T11:32:56.610+0000] {processor.py:830} INFO - Processing file /opt/airflow/dags/job_etl_dag.py for tasks to queue
[2026-05-11T11:32:56.612+0000] {logging_mixin.py:188} INFO - [2026-05-11T11:32:56.612+0000] {dagbag.py:538} INFO - Filling up the DagBag from /opt/airflow/dags/job_etl_dag.py
[2026-05-11T11:32:56.642+0000] {processor.py:840} INFO - DAG(s) 'job_market_etl' retrieved from /opt/airflow/dags/job_etl_dag.py
[2026-05-11T11:32:56.680+0000] {logging_mixin.py:188} INFO - [2026-05-11T11:32:56.680+0000] {dag.py:3036} INFO - Sync 1 DAGs
[2026-05-11T11:32:56.695+0000] {logging_mixin.py:188} INFO - [2026-05-11T11:32:56.695+0000] {dag.py:3823} INFO - Setting next_dagrun for job_market_etl to None, run_after=None
[2026-05-11T11:32:56.724+0000] {processor.py:183} INFO - Processing /opt/airflow/dags/job_etl_dag.py took 0.122 seconds
[2026-05-11T11:33:26.848+0000] {processor.py:161} INFO - Started process (PID=1708) to work on /opt/airflow/dags/job_etl_dag.py
[2026-05-11T11:33:26.851+0000] {processor.py:830} INFO - Processing file /opt/airflow/dags/job_etl_dag.py for tasks to queue
[2026-05-11T11:33:26.853+0000] {logging_mixin.py:188} INFO - [2026-05-11T11:33:26.853+0000] {dagbag.py:538} INFO - Filling up the DagBag from /opt/airflow/dags/job_etl_dag.py
[2026-05-11T11:33:26.884+0000] {processor.py:840} INFO - DAG(s) 'job_market_etl' retrieved from /opt/airflow/dags/job_etl_dag.py
[2026-05-11T11:33:26.929+0000] {logging_mixin.py:188} INFO - [2026-05-11T11:33:26.928+0000] {dag.py:3036} INFO - Sync 1 DAGs
[2026-05-11T11:33:26.944+0000] {logging_mixin.py:188} INFO - [2026-05-11T11:33:26.944+0000] {dag.py:3823} INFO - Setting next_dagrun for job_market_etl to None, run_after=None
[2026-05-11T11:33:26.994+0000] {processor.py:183} INFO - Processing /opt/airflow/dags/job_etl_dag.py took 0.151 seconds
[2026-05-11T11:33:57.223+0000] {processor.py:161} INFO - Started process (PID=1709) to work on /opt/airflow/dags/job_etl_dag.py
[2026-05-11T11:33:57.225+0000] {processor.py:830} INFO - Processing file /opt/airflow/dags/job_etl_dag.py for tasks to queue
[2026-05-11T11:33:57.228+0000] {logging_mixin.py:188} INFO - [2026-05-11T11:33:57.227+0000] {dagbag.py:538} INFO - Filling up the DagBag from /opt/airflow/dags/job_etl_dag.py
[2026-05-11T11:33:57.255+0000] {processor.py:840} INFO - DAG(s) 'job_market_etl' retrieved from /opt/airflow/dags/job_etl_dag.py
[2026-05-11T11:33:57.295+0000] {logging_mixin.py:188} INFO - [2026-05-11T11:33:57.294+0000] {dag.py:3036} INFO - Sync 1 DAGs
[2026-05-11T11:33:57.311+0000] {logging_mixin.py:188} INFO - [2026-05-11T11:33:57.311+0000] {dag.py:3823} INFO - Setting next_dagrun for job_market_etl to None, run_after=None
[2026-05-11T11:33:57.343+0000] {processor.py:183} INFO - Processing /opt/airflow/dags/job_etl_dag.py took 0.124 seconds
[2026-05-11T11:34:27.476+0000] {processor.py:161} INFO - Started process (PID=1710) to work on /opt/airflow/dags/job_etl_dag.py
[2026-05-11T11:34:27.479+0000] {processor.py:830} INFO - Processing file /opt/airflow/dags/job_etl_dag.py for tasks to queue
[2026-05-11T11:34:27.480+0000] {logging_mixin.py:188} INFO - [2026-05-11T11:34:27.480+0000] {dagbag.py:538} INFO - Filling up the DagBag from /opt/airflow/dags/job_etl_dag.py
[2026-05-11T11:34:27.511+0000] {processor.py:840} INFO - DAG(s) 'job_market_etl' retrieved from /opt/airflow/dags/job_etl_dag.py
[2026-05-11T11:34:27.550+0000] {logging_mixin.py:188} INFO - [2026-05-11T11:34:27.550+0000] {dag.py:3036} INFO - Sync 1 DAGs
[2026-05-11T11:34:27.567+0000] {logging_mixin.py:188} INFO - [2026-05-11T11:34:27.566+0000] {dag.py:3823} INFO - Setting next_dagrun for job_market_etl to None, run_after=None
[2026-05-11T11:34:27.612+0000] {processor.py:183} INFO - Processing /opt/airflow/dags/job_etl_dag.py took 0.140 seconds
[2026-05-11T11:34:57.836+0000] {processor.py:161} INFO - Started process (PID=1711) to work on /opt/airflow/dags/job_etl_dag.py
[2026-05-11T11:34:57.838+0000] {processor.py:830} INFO - Processing file /opt/airflow/dags/job_etl_dag.py for tasks to queue
[2026-05-11T11:34:57.840+0000] {logging_mixin.py:188} INFO - [2026-05-11T11:34:57.839+0000] {dagbag.py:538} INFO - Filling up the DagBag from /opt/airflow/dags/job_etl_dag.py
[2026-05-11T11:34:57.868+0000] {processor.py:840} INFO - DAG(s) 'job_market_etl' retrieved from /opt/airflow/dags/job_etl_dag.py
[2026-05-11T11:34:57.909+0000] {logging_mixin.py:188} INFO - [2026-05-11T11:34:57.908+0000] {dag.py:3036} INFO - Sync 1 DAGs
[2026-05-11T11:34:57.924+0000] {logging_mixin.py:188} INFO - [2026-05-11T11:34:57.923+0000] {dag.py:3823} INFO - Setting next_dagrun for job_market_etl to None, run_after=None
[2026-05-11T11:34:57.956+0000] {processor.py:183} INFO - Processing /opt/airflow/dags/job_etl_dag.py took 0.123 seconds
[2026-05-11T11:35:28.125+0000] {processor.py:161} INFO - Started process (PID=1712) to work on /opt/airflow/dags/job_etl_dag.py
[2026-05-11T11:35:28.127+0000] {processor.py:830} INFO - Processing file /opt/airflow/dags/job_etl_dag.py for tasks to queue
[2026-05-11T11:35:28.129+0000] {logging_mixin.py:188} INFO - [2026-05-11T11:35:28.129+0000] {dagbag.py:538} INFO - Filling up the DagBag from /opt/airflow/dags/job_etl_dag.py
[2026-05-11T11:35:28.158+0000] {processor.py:840} INFO - DAG(s) 'job_market_etl' retrieved from /opt/airflow/dags/job_etl_dag.py
[2026-05-11T11:35:28.200+0000] {logging_mixin.py:188} INFO - [2026-05-11T11:35:28.200+0000] {dag.py:3036} INFO - Sync 1 DAGs
[2026-05-11T11:35:28.214+0000] {logging_mixin.py:188} INFO - [2026-05-11T11:35:28.214+0000] {dag.py:3823} INFO - Setting next_dagrun for job_market_etl to None, run_after=None
[2026-05-11T11:35:28.242+0000] {processor.py:183} INFO - Processing /opt/airflow/dags/job_etl_dag.py took 0.123 seconds
[2026-05-11T11:35:58.512+0000] {processor.py:161} INFO - Started process (PID=1713) to work on /opt/airflow/dags/job_etl_dag.py
[2026-05-11T11:35:58.514+0000] {processor.py:830} INFO - Processing file /opt/airflow/dags/job_etl_dag.py for tasks to queue
[2026-05-11T11:35:58.516+0000] {logging_mixin.py:188} INFO - [2026-05-11T11:35:58.516+0000] {dagbag.py:538} INFO - Filling up the DagBag from /opt/airflow/dags/job_etl_dag.py
[2026-05-11T11:35:58.549+0000] {processor.py:840} INFO - DAG(s) 'job_market_etl' retrieved from /opt/airflow/dags/job_etl_dag.py
[2026-05-11T11:35:58.588+0000] {logging_mixin.py:188} INFO - [2026-05-11T11:35:58.588+0000] {dag.py:3036} INFO - Sync 1 DAGs
[2026-05-11T11:35:58.605+0000] {logging_mixin.py:188} INFO - [2026-05-11T11:35:58.605+0000] {dag.py:3823} INFO - Setting next_dagrun for job_market_etl to None, run_after=None
[2026-05-11T11:35:58.634+0000] {processor.py:183} INFO - Processing /opt/airflow/dags/job_etl_dag.py took 0.125 seconds
[2026-05-11T11:36:28.781+0000] {processor.py:161} INFO - Started process (PID=1714) to work on /opt/airflow/dags/job_etl_dag.py
[2026-05-11T11:36:28.783+0000] {processor.py:830} INFO - Processing file /opt/airflow/dags/job_etl_dag.py for tasks to queue
[2026-05-11T11:36:28.785+0000] {logging_mixin.py:188} INFO - [2026-05-11T11:36:28.785+0000] {dagbag.py:538} INFO - Filling up the DagBag from /opt/airflow/dags/job_etl_dag.py
[2026-05-11T11:36:28.814+0000] {processor.py:840} INFO - DAG(s) 'job_market_etl' retrieved from /opt/airflow/dags/job_etl_dag.py
[2026-05-11T11:36:28.854+0000] {logging_mixin.py:188} INFO - [2026-05-11T11:36:28.854+0000] {dag.py:3036} INFO - Sync 1 DAGs
[2026-05-11T11:36:28.868+0000] {logging_mixin.py:188} INFO - [2026-05-11T11:36:28.868+0000] {dag.py:3823} INFO - Setting next_dagrun for job_market_etl to None, run_after=None
[2026-05-11T11:36:28.897+0000] {processor.py:183} INFO - Processing /opt/airflow/dags/job_etl_dag.py took 0.121 seconds
[2026-05-11T11:36:59.148+0000] {processor.py:161} INFO - Started process (PID=1715) to work on /opt/airflow/dags/job_etl_dag.py
[2026-05-11T11:36:59.150+0000] {processor.py:830} INFO - Processing file /opt/airflow/dags/job_etl_dag.py for tasks to queue
[2026-05-11T11:36:59.152+0000] {logging_mixin.py:188} INFO - [2026-05-11T11:36:59.151+0000] {dagbag.py:538} INFO - Filling up the DagBag from /opt/airflow/dags/job_etl_dag.py
[2026-05-11T11:36:59.181+0000] {processor.py:840} INFO - DAG(s) 'job_market_etl' retrieved from /opt/airflow/dags/job_etl_dag.py
[2026-05-11T11:36:59.217+0000] {logging_mixin.py:188} INFO - [2026-05-11T11:36:59.217+0000] {dag.py:3036} INFO - Sync 1 DAGs
[2026-05-11T11:36:59.231+0000] {logging_mixin.py:188} INFO - [2026-05-11T11:36:59.231+0000] {dag.py:3823} INFO - Setting next_dagrun for job_market_etl to None, run_after=None
[2026-05-11T11:36:59.266+0000] {processor.py:183} INFO - Processing /opt/airflow/dags/job_etl_dag.py took 0.122 seconds
[2026-05-11T11:37:29.415+0000] {processor.py:161} INFO - Started process (PID=1716) to work on /opt/airflow/dags/job_etl_dag.py
[2026-05-11T11:37:29.417+0000] {processor.py:830} INFO - Processing file /opt/airflow/dags/job_etl_dag.py for tasks to queue
[2026-05-11T11:37:29.419+0000] {logging_mixin.py:188} INFO - [2026-05-11T11:37:29.418+0000] {dagbag.py:538} INFO - Filling up the DagBag from /opt/airflow/dags/job_etl_dag.py
[2026-05-11T11:37:29.450+0000] {processor.py:840} INFO - DAG(s) 'job_market_etl' retrieved from /opt/airflow/dags/job_etl_dag.py
[2026-05-11T11:37:29.490+0000] {logging_mixin.py:188} INFO - [2026-05-11T11:37:29.489+0000] {dag.py:3036} INFO - Sync 1 DAGs
[2026-05-11T11:37:29.506+0000] {logging_mixin.py:188} INFO - [2026-05-11T11:37:29.505+0000] {dag.py:3823} INFO - Setting next_dagrun for job_market_etl to None, run_after=None
[2026-05-11T11:37:29.550+0000] {processor.py:183} INFO - Processing /opt/airflow/dags/job_etl_dag.py took 0.140 seconds
[2026-05-11T11:37:59.766+0000] {processor.py:161} INFO - Started process (PID=1717) to work on /opt/airflow/dags/job_etl_dag.py
[2026-05-11T11:37:59.768+0000] {processor.py:830} INFO - Processing file /opt/airflow/dags/job_etl_dag.py for tasks to queue
[2026-05-11T11:37:59.770+0000] {logging_mixin.py:188} INFO - [2026-05-11T11:37:59.770+0000] {dagbag.py:538} INFO - Filling up the DagBag from /opt/airflow/dags/job_etl_dag.py
[2026-05-11T11:37:59.800+0000] {processor.py:840} INFO - DAG(s) 'job_market_etl' retrieved from /opt/airflow/dags/job_etl_dag.py
[2026-05-11T11:37:59.838+0000] {logging_mixin.py:188} INFO - [2026-05-11T11:37:59.838+0000] {dag.py:3036} INFO - Sync 1 DAGs
[2026-05-11T11:37:59.853+0000] {logging_mixin.py:188} INFO - [2026-05-11T11:37:59.853+0000] {dag.py:3823} INFO - Setting next_dagrun for job_market_etl to None, run_after=None
[2026-05-11T11:37:59.885+0000] {processor.py:183} INFO - Processing /opt/airflow/dags/job_etl_dag.py took 0.123 seconds
[2026-05-11T11:38:30.041+0000] {processor.py:161} INFO - Started process (PID=1718) to work on /opt/airflow/dags/job_etl_dag.py
[2026-05-11T11:38:30.043+0000] {processor.py:830} INFO - Processing file /opt/airflow/dags/job_etl_dag.py for tasks to queue
[2026-05-11T11:38:30.045+0000] {logging_mixin.py:188} INFO - [2026-05-11T11:38:30.045+0000] {dagbag.py:538} INFO - Filling up the DagBag from /opt/airflow/dags/job_etl_dag.py
[2026-05-11T11:38:30.075+0000] {processor.py:840} INFO - DAG(s) 'job_market_etl' retrieved from /opt/airflow/dags/job_etl_dag.py
[2026-05-11T11:38:30.118+0000] {logging_mixin.py:188} INFO - [2026-05-11T11:38:30.118+0000] {dag.py:3036} INFO - Sync 1 DAGs
[2026-05-11T11:38:30.134+0000] {logging_mixin.py:188} INFO - [2026-05-11T11:38:30.133+0000] {dag.py:3823} INFO - Setting next_dagrun for job_market_etl to None, run_after=None
[2026-05-11T11:38:30.164+0000] {processor.py:183} INFO - Processing /opt/airflow/dags/job_etl_dag.py took 0.128 seconds
[2026-05-11T11:39:00.399+0000] {processor.py:161} INFO - Started process (PID=1719) to work on /opt/airflow/dags/job_etl_dag.py
[2026-05-11T11:39:00.401+0000] {processor.py:830} INFO - Processing file /opt/airflow/dags/job_etl_dag.py for tasks to queue
[2026-05-11T11:39:00.403+0000] {logging_mixin.py:188} INFO - [2026-05-11T11:39:00.402+0000] {dagbag.py:538} INFO - Filling up the DagBag from /opt/airflow/dags/job_etl_dag.py
[2026-05-11T11:39:00.433+0000] {processor.py:840} INFO - DAG(s) 'job_market_etl' retrieved from /opt/airflow/dags/job_etl_dag.py
[2026-05-11T11:39:00.476+0000] {logging_mixin.py:188} INFO - [2026-05-11T11:39:00.476+0000] {dag.py:3036} INFO - Sync 1 DAGs
[2026-05-11T11:39:00.491+0000] {logging_mixin.py:188} INFO - [2026-05-11T11:39:00.490+0000] {dag.py:3823} INFO - Setting next_dagrun for job_market_etl to None, run_after=None
[2026-05-11T11:39:00.536+0000] {processor.py:183} INFO - Processing /opt/airflow/dags/job_etl_dag.py took 0.141 seconds
[2026-05-11T11:39:30.667+0000] {processor.py:161} INFO - Started process (PID=1720) to work on /opt/airflow/dags/job_etl_dag.py
[2026-05-11T11:39:30.669+0000] {processor.py:830} INFO - Processing file /opt/airflow/dags/job_etl_dag.py for tasks to queue
[2026-05-11T11:39:30.671+0000] {logging_mixin.py:188} INFO - [2026-05-11T11:39:30.670+0000] {dagbag.py:538} INFO - Filling up the DagBag from /opt/airflow/dags/job_etl_dag.py
[2026-05-11T11:39:30.701+0000] {processor.py:840} INFO - DAG(s) 'job_market_etl' retrieved from /opt/airflow/dags/job_etl_dag.py
[2026-05-11T11:39:30.741+0000] {logging_mixin.py:188} INFO - [2026-05-11T11:39:30.740+0000] {dag.py:3036} INFO - Sync 1 DAGs
[2026-05-11T11:39:30.755+0000] {logging_mixin.py:188} INFO - [2026-05-11T11:39:30.755+0000] {dag.py:3823} INFO - Setting next_dagrun for job_market_etl to None, run_after=None
[2026-05-11T11:39:30.797+0000] {processor.py:183} INFO - Processing /opt/airflow/dags/job_etl_dag.py took 0.135 seconds
[2026-05-11T11:40:01.034+0000] {processor.py:161} INFO - Started process (PID=1721) to work on /opt/airflow/dags/job_etl_dag.py
[2026-05-11T11:40:01.036+0000] {processor.py:830} INFO - Processing file /opt/airflow/dags/job_etl_dag.py for tasks to queue
[2026-05-11T11:40:01.037+0000] {logging_mixin.py:188} INFO - [2026-05-11T11:40:01.037+0000] {dagbag.py:538} INFO - Filling up the DagBag from /opt/airflow/dags/job_etl_dag.py
[2026-05-11T11:40:01.067+0000] {processor.py:840} INFO - DAG(s) 'job_market_etl' retrieved from /opt/airflow/dags/job_etl_dag.py
[2026-05-11T11:40:01.104+0000] {logging_mixin.py:188} INFO - [2026-05-11T11:40:01.103+0000] {dag.py:3036} INFO - Sync 1 DAGs
[2026-05-11T11:40:01.119+0000] {logging_mixin.py:188} INFO - [2026-05-11T11:40:01.119+0000] {dag.py:3823} INFO - Setting next_dagrun for job_market_etl to None, run_after=None
[2026-05-11T11:40:01.163+0000] {processor.py:183} INFO - Processing /opt/airflow/dags/job_etl_dag.py took 0.132 seconds
[2026-05-11T11:40:31.303+0000] {processor.py:161} INFO - Started process (PID=1722) to work on /opt/airflow/dags/job_etl_dag.py
[2026-05-11T11:40:31.305+0000] {processor.py:830} INFO - Processing file /opt/airflow/dags/job_etl_dag.py for tasks to queue
[2026-05-11T11:40:31.307+0000] {logging_mixin.py:188} INFO - [2026-05-11T11:40:31.306+0000] {dagbag.py:538} INFO - Filling up the DagBag from /opt/airflow/dags/job_etl_dag.py
[2026-05-11T11:40:31.336+0000] {processor.py:840} INFO - DAG(s) 'job_market_etl' retrieved from /opt/airflow/dags/job_etl_dag.py
[2026-05-11T11:40:31.378+0000] {logging_mixin.py:188} INFO - [2026-05-11T11:40:31.377+0000] {dag.py:3036} INFO - Sync 1 DAGs
[2026-05-11T11:40:31.394+0000] {logging_mixin.py:188} INFO - [2026-05-11T11:40:31.394+0000] {dag.py:3823} INFO - Setting next_dagrun for job_market_etl to None, run_after=None
[2026-05-11T11:40:31.435+0000] {processor.py:183} INFO - Processing /opt/airflow/dags/job_etl_dag.py took 0.137 seconds
[2026-05-11T11:41:01.722+0000] {processor.py:161} INFO - Started process (PID=1723) to work on /opt/airflow/dags/job_etl_dag.py
[2026-05-11T11:41:01.724+0000] {processor.py:830} INFO - Processing file /opt/airflow/dags/job_etl_dag.py for tasks to queue
[2026-05-11T11:41:01.727+0000] {logging_mixin.py:188} INFO - [2026-05-11T11:41:01.726+0000] {dagbag.py:538} INFO - Filling up the DagBag from /opt/airflow/dags/job_etl_dag.py
[2026-05-11T11:41:01.758+0000] {processor.py:840} INFO - DAG(s) 'job_market_etl' retrieved from /opt/airflow/dags/job_etl_dag.py
[2026-05-11T11:41:01.798+0000] {logging_mixin.py:188} INFO - [2026-05-11T11:41:01.798+0000] {dag.py:3036} INFO - Sync 1 DAGs
[2026-05-11T11:41:01.813+0000] {logging_mixin.py:188} INFO - [2026-05-11T11:41:01.813+0000] {dag.py:3823} INFO - Setting next_dagrun for job_market_etl to None, run_after=None
[2026-05-11T11:41:01.860+0000] {processor.py:183} INFO - Processing /opt/airflow/dags/job_etl_dag.py took 0.142 seconds
[2026-05-11T11:41:31.974+0000] {processor.py:161} INFO - Started process (PID=1724) to work on /opt/airflow/dags/job_etl_dag.py
[2026-05-11T11:41:31.976+0000] {processor.py:830} INFO - Processing file /opt/airflow/dags/job_etl_dag.py for tasks to queue
[2026-05-11T11:41:31.978+0000] {logging_mixin.py:188} INFO - [2026-05-11T11:41:31.977+0000] {dagbag.py:538} INFO - Filling up the DagBag from /opt/airflow/dags/job_etl_dag.py
[2026-05-11T11:41:32.006+0000] {processor.py:840} INFO - DAG(s) 'job_market_etl' retrieved from /opt/airflow/dags/job_etl_dag.py
[2026-05-11T11:41:32.048+0000] {logging_mixin.py:188} INFO - [2026-05-11T11:41:32.048+0000] {dag.py:3036} INFO - Sync 1 DAGs
[2026-05-11T11:41:32.064+0000] {logging_mixin.py:188} INFO - [2026-05-11T11:41:32.063+0000] {dag.py:3823} INFO - Setting next_dagrun for job_market_etl to None, run_after=None
[2026-05-11T11:41:32.095+0000] {processor.py:183} INFO - Processing /opt/airflow/dags/job_etl_dag.py took 0.126 seconds
[2026-05-11T11:42:02.388+0000] {processor.py:161} INFO - Started process (PID=1725) to work on /opt/airflow/dags/job_etl_dag.py
[2026-05-11T11:42:02.391+0000] {processor.py:830} INFO - Processing file /opt/airflow/dags/job_etl_dag.py for tasks to queue
[2026-05-11T11:42:02.392+0000] {logging_mixin.py:188} INFO - [2026-05-11T11:42:02.392+0000] {dagbag.py:538} INFO - Filling up the DagBag from /opt/airflow/dags/job_etl_dag.py
[2026-05-11T11:42:02.421+0000] {processor.py:840} INFO - DAG(s) 'job_market_etl' retrieved from /opt/airflow/dags/job_etl_dag.py
[2026-05-11T11:42:02.462+0000] {logging_mixin.py:188} INFO - [2026-05-11T11:42:02.461+0000] {dag.py:3036} INFO - Sync 1 DAGs
[2026-05-11T11:42:02.476+0000] {logging_mixin.py:188} INFO - [2026-05-11T11:42:02.476+0000] {dag.py:3823} INFO - Setting next_dagrun for job_market_etl to None, run_after=None
[2026-05-11T11:42:02.508+0000] {processor.py:183} INFO - Processing /opt/airflow/dags/job_etl_dag.py took 0.126 seconds
[2026-05-11T11:42:32.650+0000] {processor.py:161} INFO - Started process (PID=1726) to work on /opt/airflow/dags/job_etl_dag.py
[2026-05-11T11:42:32.652+0000] {processor.py:830} INFO - Processing file /opt/airflow/dags/job_etl_dag.py for tasks to queue
[2026-05-11T11:42:32.654+0000] {logging_mixin.py:188} INFO - [2026-05-11T11:42:32.654+0000] {dagbag.py:538} INFO - Filling up the DagBag from /opt/airflow/dags/job_etl_dag.py
[2026-05-11T11:42:32.683+0000] {processor.py:840} INFO - DAG(s) 'job_market_etl' retrieved from /opt/airflow/dags/job_etl_dag.py
[2026-05-11T11:42:32.725+0000] {logging_mixin.py:188} INFO - [2026-05-11T11:42:32.724+0000] {dag.py:3036} INFO - Sync 1 DAGs
[2026-05-11T11:42:32.741+0000] {logging_mixin.py:188} INFO - [2026-05-11T11:42:32.741+0000] {dag.py:3823} INFO - Setting next_dagrun for job_market_etl to None, run_after=None
[2026-05-11T11:42:32.772+0000] {processor.py:183} INFO - Processing /opt/airflow/dags/job_etl_dag.py took 0.126 seconds
[2026-05-11T11:43:03.043+0000] {processor.py:161} INFO - Started process (PID=1727) to work on /opt/airflow/dags/job_etl_dag.py
[2026-05-11T11:43:03.046+0000] {processor.py:830} INFO - Processing file /opt/airflow/dags/job_etl_dag.py for tasks to queue
[2026-05-11T11:43:03.049+0000] {logging_mixin.py:188} INFO - [2026-05-11T11:43:03.048+0000] {dagbag.py:538} INFO - Filling up the DagBag from /opt/airflow/dags/job_etl_dag.py
[2026-05-11T11:43:03.091+0000] {processor.py:840} INFO - DAG(s) 'job_market_etl' retrieved from /opt/airflow/dags/job_etl_dag.py
[2026-05-11T11:43:03.130+0000] {logging_mixin.py:188} INFO - [2026-05-11T11:43:03.130+0000] {dag.py:3036} INFO - Sync 1 DAGs
[2026-05-11T11:43:03.146+0000] {logging_mixin.py:188} INFO - [2026-05-11T11:43:03.146+0000] {dag.py:3823} INFO - Setting next_dagrun for job_market_etl to None, run_after=None
[2026-05-11T11:43:03.189+0000] {processor.py:183} INFO - Processing /opt/airflow/dags/job_etl_dag.py took 0.150 seconds
[2026-05-11T11:43:33.297+0000] {processor.py:161} INFO - Started process (PID=1728) to work on /opt/airflow/dags/job_etl_dag.py
[2026-05-11T11:43:33.299+0000] {processor.py:830} INFO - Processing file /opt/airflow/dags/job_etl_dag.py for tasks to queue
[2026-05-11T11:43:33.300+0000] {logging_mixin.py:188} INFO - [2026-05-11T11:43:33.300+0000] {dagbag.py:538} INFO - Filling up the DagBag from /opt/airflow/dags/job_etl_dag.py
[2026-05-11T11:43:33.333+0000] {processor.py:840} INFO - DAG(s) 'job_market_etl' retrieved from /opt/airflow/dags/job_etl_dag.py
[2026-05-11T11:43:33.376+0000] {logging_mixin.py:188} INFO - [2026-05-11T11:43:33.375+0000] {dag.py:3036} INFO - Sync 1 DAGs
[2026-05-11T11:43:33.390+0000] {logging_mixin.py:188} INFO - [2026-05-11T11:43:33.389+0000] {dag.py:3823} INFO - Setting next_dagrun for job_market_etl to None, run_after=None
[2026-05-11T11:43:33.420+0000] {processor.py:183} INFO - Processing /opt/airflow/dags/job_etl_dag.py took 0.128 seconds
[2026-05-11T11:44:03.719+0000] {processor.py:161} INFO - Started process (PID=1729) to work on /opt/airflow/dags/job_etl_dag.py
[2026-05-11T11:44:03.721+0000] {processor.py:830} INFO - Processing file /opt/airflow/dags/job_etl_dag.py for tasks to queue
[2026-05-11T11:44:03.722+0000] {logging_mixin.py:188} INFO - [2026-05-11T11:44:03.722+0000] {dagbag.py:538} INFO - Filling up the DagBag from /opt/airflow/dags/job_etl_dag.py
[2026-05-11T11:44:03.755+0000] {processor.py:840} INFO - DAG(s) 'job_market_etl' retrieved from /opt/airflow/dags/job_etl_dag.py
[2026-05-11T11:44:03.796+0000] {logging_mixin.py:188} INFO - [2026-05-11T11:44:03.796+0000] {dag.py:3036} INFO - Sync 1 DAGs
[2026-05-11T11:44:03.811+0000] {logging_mixin.py:188} INFO - [2026-05-11T11:44:03.810+0000] {dag.py:3823} INFO - Setting next_dagrun for job_market_etl to None, run_after=None
[2026-05-11T11:44:03.839+0000] {processor.py:183} INFO - Processing /opt/airflow/dags/job_etl_dag.py took 0.127 seconds
[2026-05-11T11:44:33.972+0000] {processor.py:161} INFO - Started process (PID=1730) to work on /opt/airflow/dags/job_etl_dag.py
[2026-05-11T11:44:33.974+0000] {processor.py:830} INFO - Processing file /opt/airflow/dags/job_etl_dag.py for tasks to queue
[2026-05-11T11:44:33.976+0000] {logging_mixin.py:188} INFO - [2026-05-11T11:44:33.975+0000] {dagbag.py:538} INFO - Filling up the DagBag from /opt/airflow/dags/job_etl_dag.py
[2026-05-11T11:44:34.005+0000] {processor.py:840} INFO - DAG(s) 'job_market_etl' retrieved from /opt/airflow/dags/job_etl_dag.py
[2026-05-11T11:44:34.044+0000] {logging_mixin.py:188} INFO - [2026-05-11T11:44:34.043+0000] {dag.py:3036} INFO - Sync 1 DAGs
[2026-05-11T11:44:34.059+0000] {logging_mixin.py:188} INFO - [2026-05-11T11:44:34.059+0000] {dag.py:3823} INFO - Setting next_dagrun for job_market_etl to None, run_after=None
[2026-05-11T11:44:34.090+0000] {processor.py:183} INFO - Processing /opt/airflow/dags/job_etl_dag.py took 0.123 seconds
[2026-05-11T11:45:04.345+0000] {processor.py:161} INFO - Started process (PID=1731) to work on /opt/airflow/dags/job_etl_dag.py
[2026-05-11T11:45:04.347+0000] {processor.py:830} INFO - Processing file /opt/airflow/dags/job_etl_dag.py for tasks to queue
[2026-05-11T11:45:04.349+0000] {logging_mixin.py:188} INFO - [2026-05-11T11:45:04.348+0000] {dagbag.py:538} INFO - Filling up the DagBag from /opt/airflow/dags/job_etl_dag.py
[2026-05-11T11:45:04.377+0000] {processor.py:840} INFO - DAG(s) 'job_market_etl' retrieved from /opt/airflow/dags/job_etl_dag.py
[2026-05-11T11:45:04.416+0000] {logging_mixin.py:188} INFO - [2026-05-11T11:45:04.416+0000] {dag.py:3036} INFO - Sync 1 DAGs
[2026-05-11T11:45:04.431+0000] {logging_mixin.py:188} INFO - [2026-05-11T11:45:04.430+0000] {dag.py:3823} INFO - Setting next_dagrun for job_market_etl to None, run_after=None
[2026-05-11T11:45:04.463+0000] {processor.py:183} INFO - Processing /opt/airflow/dags/job_etl_dag.py took 0.122 seconds
[2026-05-11T11:45:34.611+0000] {processor.py:161} INFO - Started process (PID=1732) to work on /opt/airflow/dags/job_etl_dag.py
[2026-05-11T11:45:34.613+0000] {processor.py:830} INFO - Processing file /opt/airflow/dags/job_etl_dag.py for tasks to queue
[2026-05-11T11:45:34.615+0000] {logging_mixin.py:188} INFO - [2026-05-11T11:45:34.615+0000] {dagbag.py:538} INFO - Filling up the DagBag from /opt/airflow/dags/job_etl_dag.py
[2026-05-11T11:45:34.644+0000] {processor.py:840} INFO - DAG(s) 'job_market_etl' retrieved from /opt/airflow/dags/job_etl_dag.py
[2026-05-11T11:45:34.684+0000] {logging_mixin.py:188} INFO - [2026-05-11T11:45:34.684+0000] {dag.py:3036} INFO - Sync 1 DAGs
[2026-05-11T11:45:34.699+0000] {logging_mixin.py:188} INFO - [2026-05-11T11:45:34.699+0000] {dag.py:3823} INFO - Setting next_dagrun for job_market_etl to None, run_after=None
[2026-05-11T11:45:34.734+0000] {processor.py:183} INFO - Processing /opt/airflow/dags/job_etl_dag.py took 0.127 seconds
[2026-05-11T11:46:05.013+0000] {processor.py:161} INFO - Started process (PID=1733) to work on /opt/airflow/dags/job_etl_dag.py
[2026-05-11T11:46:05.015+0000] {processor.py:830} INFO - Processing file /opt/airflow/dags/job_etl_dag.py for tasks to queue
[2026-05-11T11:46:05.017+0000] {logging_mixin.py:188} INFO - [2026-05-11T11:46:05.016+0000] {dagbag.py:538} INFO - Filling up the DagBag from /opt/airflow/dags/job_etl_dag.py
[2026-05-11T11:46:05.046+0000] {processor.py:840} INFO - DAG(s) 'job_market_etl' retrieved from /opt/airflow/dags/job_etl_dag.py
[2026-05-11T11:46:05.084+0000] {logging_mixin.py:188} INFO - [2026-05-11T11:46:05.083+0000] {dag.py:3036} INFO - Sync 1 DAGs
[2026-05-11T11:46:05.098+0000] {logging_mixin.py:188} INFO - [2026-05-11T11:46:05.097+0000] {dag.py:3823} INFO - Setting next_dagrun for job_market_etl to None, run_after=None
[2026-05-11T11:46:05.140+0000] {processor.py:183} INFO - Processing /opt/airflow/dags/job_etl_dag.py took 0.131 seconds
[2026-05-11T11:46:35.283+0000] {processor.py:161} INFO - Started process (PID=1734) to work on /opt/airflow/dags/job_etl_dag.py
[2026-05-11T11:46:35.286+0000] {processor.py:830} INFO - Processing file /opt/airflow/dags/job_etl_dag.py for tasks to queue
[2026-05-11T11:46:35.289+0000] {logging_mixin.py:188} INFO - [2026-05-11T11:46:35.288+0000] {dagbag.py:538} INFO - Filling up the DagBag from /opt/airflow/dags/job_etl_dag.py
[2026-05-11T11:46:35.322+0000] {processor.py:840} INFO - DAG(s) 'job_market_etl' retrieved from /opt/airflow/dags/job_etl_dag.py
[2026-05-11T11:46:35.364+0000] {logging_mixin.py:188} INFO - [2026-05-11T11:46:35.364+0000] {dag.py:3036} INFO - Sync 1 DAGs
[2026-05-11T11:46:35.381+0000] {logging_mixin.py:188} INFO - [2026-05-11T11:46:35.380+0000] {dag.py:3823} INFO - Setting next_dagrun for job_market_etl to None, run_after=None
[2026-05-11T11:46:35.413+0000] {processor.py:183} INFO - Processing /opt/airflow/dags/job_etl_dag.py took 0.134 seconds
[2026-05-11T11:47:05.646+0000] {processor.py:161} INFO - Started process (PID=1735) to work on /opt/airflow/dags/job_etl_dag.py
[2026-05-11T11:47:05.648+0000] {processor.py:830} INFO - Processing file /opt/airflow/dags/job_etl_dag.py for tasks to queue
[2026-05-11T11:47:05.649+0000] {logging_mixin.py:188} INFO - [2026-05-11T11:47:05.649+0000] {dagbag.py:538} INFO - Filling up the DagBag from /opt/airflow/dags/job_etl_dag.py
[2026-05-11T11:47:05.679+0000] {processor.py:840} INFO - DAG(s) 'job_market_etl' retrieved from /opt/airflow/dags/job_etl_dag.py
[2026-05-11T11:47:05.717+0000] {logging_mixin.py:188} INFO - [2026-05-11T11:47:05.716+0000] {dag.py:3036} INFO - Sync 1 DAGs
[2026-05-11T11:47:05.732+0000] {logging_mixin.py:188} INFO - [2026-05-11T11:47:05.731+0000] {dag.py:3823} INFO - Setting next_dagrun for job_market_etl to None, run_after=None
[2026-05-11T11:47:05.770+0000] {processor.py:183} INFO - Processing /opt/airflow/dags/job_etl_dag.py took 0.127 seconds
[2026-05-11T11:47:35.940+0000] {processor.py:161} INFO - Started process (PID=1736) to work on /opt/airflow/dags/job_etl_dag.py
[2026-05-11T11:47:35.943+0000] {processor.py:830} INFO - Processing file /opt/airflow/dags/job_etl_dag.py for tasks to queue
[2026-05-11T11:47:35.945+0000] {logging_mixin.py:188} INFO - [2026-05-11T11:47:35.945+0000] {dagbag.py:538} INFO - Filling up the DagBag from /opt/airflow/dags/job_etl_dag.py
[2026-05-11T11:47:35.978+0000] {processor.py:840} INFO - DAG(s) 'job_market_etl' retrieved from /opt/airflow/dags/job_etl_dag.py
[2026-05-11T11:47:36.020+0000] {logging_mixin.py:188} INFO - [2026-05-11T11:47:36.020+0000] {dag.py:3036} INFO - Sync 1 DAGs
[2026-05-11T11:47:36.035+0000] {logging_mixin.py:188} INFO - [2026-05-11T11:47:36.035+0000] {dag.py:3823} INFO - Setting next_dagrun for job_market_etl to None, run_after=None
[2026-05-11T11:47:36.082+0000] {processor.py:183} INFO - Processing /opt/airflow/dags/job_etl_dag.py took 0.151 seconds
[2026-05-11T11:48:06.290+0000] {processor.py:161} INFO - Started process (PID=1737) to work on /opt/airflow/dags/job_etl_dag.py
[2026-05-11T11:48:06.292+0000] {processor.py:830} INFO - Processing file /opt/airflow/dags/job_etl_dag.py for tasks to queue
[2026-05-11T11:48:06.294+0000] {logging_mixin.py:188} INFO - [2026-05-11T11:48:06.293+0000] {dagbag.py:538} INFO - Filling up the DagBag from /opt/airflow/dags/job_etl_dag.py
[2026-05-11T11:48:06.326+0000] {processor.py:840} INFO - DAG(s) 'job_market_etl' retrieved from /opt/airflow/dags/job_etl_dag.py
[2026-05-11T11:48:06.367+0000] {logging_mixin.py:188} INFO - [2026-05-11T11:48:06.366+0000] {dag.py:3036} INFO - Sync 1 DAGs
[2026-05-11T11:48:06.384+0000] {logging_mixin.py:188} INFO - [2026-05-11T11:48:06.384+0000] {dag.py:3823} INFO - Setting next_dagrun for job_market_etl to None, run_after=None
[2026-05-11T11:48:06.420+0000] {processor.py:183} INFO - Processing /opt/airflow/dags/job_etl_dag.py took 0.137 seconds
[2026-05-11T11:48:36.582+0000] {processor.py:161} INFO - Started process (PID=1738) to work on /opt/airflow/dags/job_etl_dag.py
[2026-05-11T11:48:36.584+0000] {processor.py:830} INFO - Processing file /opt/airflow/dags/job_etl_dag.py for tasks to queue
[2026-05-11T11:48:36.586+0000] {logging_mixin.py:188} INFO - [2026-05-11T11:48:36.586+0000] {dagbag.py:538} INFO - Filling up the DagBag from /opt/airflow/dags/job_etl_dag.py
[2026-05-11T11:48:36.617+0000] {processor.py:840} INFO - DAG(s) 'job_market_etl' retrieved from /opt/airflow/dags/job_etl_dag.py
[2026-05-11T11:48:36.660+0000] {logging_mixin.py:188} INFO - [2026-05-11T11:48:36.660+0000] {dag.py:3036} INFO - Sync 1 DAGs
[2026-05-11T11:48:36.676+0000] {logging_mixin.py:188} INFO - [2026-05-11T11:48:36.676+0000] {dag.py:3823} INFO - Setting next_dagrun for job_market_etl to None, run_after=None
[2026-05-11T11:48:36.709+0000] {processor.py:183} INFO - Processing /opt/airflow/dags/job_etl_dag.py took 0.134 seconds
[2026-05-11T11:49:06.981+0000] {processor.py:161} INFO - Started process (PID=1739) to work on /opt/airflow/dags/job_etl_dag.py
[2026-05-11T11:49:06.983+0000] {processor.py:830} INFO - Processing file /opt/airflow/dags/job_etl_dag.py for tasks to queue
[2026-05-11T11:49:06.985+0000] {logging_mixin.py:188} INFO - [2026-05-11T11:49:06.984+0000] {dagbag.py:538} INFO - Filling up the DagBag from /opt/airflow/dags/job_etl_dag.py
[2026-05-11T11:49:07.014+0000] {processor.py:840} INFO - DAG(s) 'job_market_etl' retrieved from /opt/airflow/dags/job_etl_dag.py
[2026-05-11T11:49:07.055+0000] {logging_mixin.py:188} INFO - [2026-05-11T11:49:07.054+0000] {dag.py:3036} INFO - Sync 1 DAGs
[2026-05-11T11:49:07.071+0000] {logging_mixin.py:188} INFO - [2026-05-11T11:49:07.070+0000] {dag.py:3823} INFO - Setting next_dagrun for job_market_etl to None, run_after=None
[2026-05-11T11:49:07.114+0000] {processor.py:183} INFO - Processing /opt/airflow/dags/job_etl_dag.py took 0.140 seconds
[2026-05-11T11:49:37.254+0000] {processor.py:161} INFO - Started process (PID=1740) to work on /opt/airflow/dags/job_etl_dag.py
[2026-05-11T11:49:37.257+0000] {processor.py:830} INFO - Processing file /opt/airflow/dags/job_etl_dag.py for tasks to queue
[2026-05-11T11:49:37.259+0000] {logging_mixin.py:188} INFO - [2026-05-11T11:49:37.258+0000] {dagbag.py:538} INFO - Filling up the DagBag from /opt/airflow/dags/job_etl_dag.py
[2026-05-11T11:49:37.287+0000] {processor.py:840} INFO - DAG(s) 'job_market_etl' retrieved from /opt/airflow/dags/job_etl_dag.py
[2026-05-11T11:49:37.327+0000] {logging_mixin.py:188} INFO - [2026-05-11T11:49:37.327+0000] {dag.py:3036} INFO - Sync 1 DAGs
[2026-05-11T11:49:37.343+0000] {logging_mixin.py:188} INFO - [2026-05-11T11:49:37.343+0000] {dag.py:3823} INFO - Setting next_dagrun for job_market_etl to None, run_after=None
[2026-05-11T11:49:37.373+0000] {processor.py:183} INFO - Processing /opt/airflow/dags/job_etl_dag.py took 0.123 seconds
[2026-05-11T11:50:07.628+0000] {processor.py:161} INFO - Started process (PID=1741) to work on /opt/airflow/dags/job_etl_dag.py
[2026-05-11T11:50:07.630+0000] {processor.py:830} INFO - Processing file /opt/airflow/dags/job_etl_dag.py for tasks to queue
[2026-05-11T11:50:07.631+0000] {logging_mixin.py:188} INFO - [2026-05-11T11:50:07.631+0000] {dagbag.py:538} INFO - Filling up the DagBag from /opt/airflow/dags/job_etl_dag.py
[2026-05-11T11:50:07.659+0000] {processor.py:840} INFO - DAG(s) 'job_market_etl' retrieved from /opt/airflow/dags/job_etl_dag.py
[2026-05-11T11:50:07.702+0000] {logging_mixin.py:188} INFO - [2026-05-11T11:50:07.701+0000] {dag.py:3036} INFO - Sync 1 DAGs
[2026-05-11T11:50:07.717+0000] {logging_mixin.py:188} INFO - [2026-05-11T11:50:07.717+0000] {dag.py:3823} INFO - Setting next_dagrun for job_market_etl to None, run_after=None
[2026-05-11T11:50:07.759+0000] {processor.py:183} INFO - Processing /opt/airflow/dags/job_etl_dag.py took 0.134 seconds
[2026-05-11T11:50:37.892+0000] {processor.py:161} INFO - Started process (PID=1742) to work on /opt/airflow/dags/job_etl_dag.py
[2026-05-11T11:50:37.894+0000] {processor.py:830} INFO - Processing file /opt/airflow/dags/job_etl_dag.py for tasks to queue
[2026-05-11T11:50:37.895+0000] {logging_mixin.py:188} INFO - [2026-05-11T11:50:37.895+0000] {dagbag.py:538} INFO - Filling up the DagBag from /opt/airflow/dags/job_etl_dag.py
[2026-05-11T11:50:37.925+0000] {processor.py:840} INFO - DAG(s) 'job_market_etl' retrieved from /opt/airflow/dags/job_etl_dag.py
[2026-05-11T11:50:37.963+0000] {logging_mixin.py:188} INFO - [2026-05-11T11:50:37.963+0000] {dag.py:3036} INFO - Sync 1 DAGs
[2026-05-11T11:50:37.980+0000] {logging_mixin.py:188} INFO - [2026-05-11T11:50:37.980+0000] {dag.py:3823} INFO - Setting next_dagrun for job_market_etl to None, run_after=None
[2026-05-11T11:50:38.024+0000] {processor.py:183} INFO - Processing /opt/airflow/dags/job_etl_dag.py took 0.136 seconds
[2026-05-11T11:51:08.338+0000] {processor.py:161} INFO - Started process (PID=1743) to work on /opt/airflow/dags/job_etl_dag.py
[2026-05-11T11:51:08.340+0000] {processor.py:830} INFO - Processing file /opt/airflow/dags/job_etl_dag.py for tasks to queue
[2026-05-11T11:51:08.342+0000] {logging_mixin.py:188} INFO - [2026-05-11T11:51:08.342+0000] {dagbag.py:538} INFO - Filling up the DagBag from /opt/airflow/dags/job_etl_dag.py
[2026-05-11T11:51:08.373+0000] {processor.py:840} INFO - DAG(s) 'job_market_etl' retrieved from /opt/airflow/dags/job_etl_dag.py
[2026-05-11T11:51:08.412+0000] {logging_mixin.py:188} INFO - [2026-05-11T11:51:08.411+0000] {dag.py:3036} INFO - Sync 1 DAGs
[2026-05-11T11:51:08.427+0000] {logging_mixin.py:188} INFO - [2026-05-11T11:51:08.427+0000] {dag.py:3823} INFO - Setting next_dagrun for job_market_etl to None, run_after=None
[2026-05-11T11:51:08.457+0000] {processor.py:183} INFO - Processing /opt/airflow/dags/job_etl_dag.py took 0.125 seconds
[2026-05-11T11:51:38.601+0000] {processor.py:161} INFO - Started process (PID=1744) to work on /opt/airflow/dags/job_etl_dag.py
[2026-05-11T11:51:38.603+0000] {processor.py:830} INFO - Processing file /opt/airflow/dags/job_etl_dag.py for tasks to queue
[2026-05-11T11:51:38.606+0000] {logging_mixin.py:188} INFO - [2026-05-11T11:51:38.605+0000] {dagbag.py:538} INFO - Filling up the DagBag from /opt/airflow/dags/job_etl_dag.py
[2026-05-11T11:51:38.653+0000] {processor.py:840} INFO - DAG(s) 'job_market_etl' retrieved from /opt/airflow/dags/job_etl_dag.py
[2026-05-11T11:51:38.705+0000] {logging_mixin.py:188} INFO - [2026-05-11T11:51:38.705+0000] {dag.py:3036} INFO - Sync 1 DAGs
[2026-05-11T11:51:38.725+0000] {logging_mixin.py:188} INFO - [2026-05-11T11:51:38.725+0000] {dag.py:3823} INFO - Setting next_dagrun for job_market_etl to None, run_after=None
[2026-05-11T11:51:38.775+0000] {processor.py:183} INFO - Processing /opt/airflow/dags/job_etl_dag.py took 0.185 seconds
[2026-05-11T11:52:08.997+0000] {processor.py:161} INFO - Started process (PID=1745) to work on /opt/airflow/dags/job_etl_dag.py
[2026-05-11T11:52:09.000+0000] {processor.py:830} INFO - Processing file /opt/airflow/dags/job_etl_dag.py for tasks to queue
[2026-05-11T11:52:09.003+0000] {logging_mixin.py:188} INFO - [2026-05-11T11:52:09.002+0000] {dagbag.py:538} INFO - Filling up the DagBag from /opt/airflow/dags/job_etl_dag.py
[2026-05-11T11:52:09.032+0000] {processor.py:840} INFO - DAG(s) 'job_market_etl' retrieved from /opt/airflow/dags/job_etl_dag.py
[2026-05-11T11:52:09.075+0000] {logging_mixin.py:188} INFO - [2026-05-11T11:52:09.074+0000] {dag.py:3036} INFO - Sync 1 DAGs
[2026-05-11T11:52:09.092+0000] {logging_mixin.py:188} INFO - [2026-05-11T11:52:09.091+0000] {dag.py:3823} INFO - Setting next_dagrun for job_market_etl to None, run_after=None
[2026-05-11T11:52:09.133+0000] {processor.py:183} INFO - Processing /opt/airflow/dags/job_etl_dag.py took 0.143 seconds
[2026-05-11T11:52:39.290+0000] {processor.py:161} INFO - Started process (PID=1746) to work on /opt/airflow/dags/job_etl_dag.py
[2026-05-11T11:52:39.298+0000] {processor.py:830} INFO - Processing file /opt/airflow/dags/job_etl_dag.py for tasks to queue
[2026-05-11T11:52:39.301+0000] {logging_mixin.py:188} INFO - [2026-05-11T11:52:39.300+0000] {dagbag.py:538} INFO - Filling up the DagBag from /opt/airflow/dags/job_etl_dag.py
[2026-05-11T11:52:39.325+0000] {processor.py:840} INFO - DAG(s) 'job_market_etl' retrieved from /opt/airflow/dags/job_etl_dag.py
[2026-05-11T11:52:39.366+0000] {logging_mixin.py:188} INFO - [2026-05-11T11:52:39.365+0000] {dag.py:3036} INFO - Sync 1 DAGs
[2026-05-11T11:52:39.383+0000] {logging_mixin.py:188} INFO - [2026-05-11T11:52:39.382+0000] {dag.py:3823} INFO - Setting next_dagrun for job_market_etl to None, run_after=None
[2026-05-11T11:52:39.428+0000] {processor.py:183} INFO - Processing /opt/airflow/dags/job_etl_dag.py took 0.146 seconds
[2026-05-11T11:53:09.657+0000] {processor.py:161} INFO - Started process (PID=1747) to work on /opt/airflow/dags/job_etl_dag.py
[2026-05-11T11:53:09.659+0000] {processor.py:830} INFO - Processing file /opt/airflow/dags/job_etl_dag.py for tasks to queue
[2026-05-11T11:53:09.660+0000] {logging_mixin.py:188} INFO - [2026-05-11T11:53:09.660+0000] {dagbag.py:538} INFO - Filling up the DagBag from /opt/airflow/dags/job_etl_dag.py
[2026-05-11T11:53:09.687+0000] {processor.py:840} INFO - DAG(s) 'job_market_etl' retrieved from /opt/airflow/dags/job_etl_dag.py
[2026-05-11T11:53:09.727+0000] {logging_mixin.py:188} INFO - [2026-05-11T11:53:09.727+0000] {dag.py:3036} INFO - Sync 1 DAGs
[2026-05-11T11:53:09.744+0000] {logging_mixin.py:188} INFO - [2026-05-11T11:53:09.744+0000] {dag.py:3823} INFO - Setting next_dagrun for job_market_etl to None, run_after=None
[2026-05-11T11:53:09.791+0000] {processor.py:183} INFO - Processing /opt/airflow/dags/job_etl_dag.py took 0.140 seconds
[2026-05-11T11:53:39.939+0000] {processor.py:161} INFO - Started process (PID=1748) to work on /opt/airflow/dags/job_etl_dag.py
[2026-05-11T11:53:39.942+0000] {processor.py:830} INFO - Processing file /opt/airflow/dags/job_etl_dag.py for tasks to queue
[2026-05-11T11:53:39.945+0000] {logging_mixin.py:188} INFO - [2026-05-11T11:53:39.944+0000] {dagbag.py:538} INFO - Filling up the DagBag from /opt/airflow/dags/job_etl_dag.py
[2026-05-11T11:53:39.977+0000] {processor.py:840} INFO - DAG(s) 'job_market_etl' retrieved from /opt/airflow/dags/job_etl_dag.py
[2026-05-11T11:53:40.019+0000] {logging_mixin.py:188} INFO - [2026-05-11T11:53:40.019+0000] {dag.py:3036} INFO - Sync 1 DAGs
[2026-05-11T11:53:40.037+0000] {logging_mixin.py:188} INFO - [2026-05-11T11:53:40.037+0000] {dag.py:3823} INFO - Setting next_dagrun for job_market_etl to None, run_after=None
[2026-05-11T11:53:40.081+0000] {processor.py:183} INFO - Processing /opt/airflow/dags/job_etl_dag.py took 0.148 seconds
[2026-05-11T11:54:10.318+0000] {processor.py:161} INFO - Started process (PID=1749) to work on /opt/airflow/dags/job_etl_dag.py
[2026-05-11T11:54:10.321+0000] {processor.py:830} INFO - Processing file /opt/airflow/dags/job_etl_dag.py for tasks to queue
[2026-05-11T11:54:10.323+0000] {logging_mixin.py:188} INFO - [2026-05-11T11:54:10.323+0000] {dagbag.py:538} INFO - Filling up the DagBag from /opt/airflow/dags/job_etl_dag.py
[2026-05-11T11:54:10.353+0000] {processor.py:840} INFO - DAG(s) 'job_market_etl' retrieved from /opt/airflow/dags/job_etl_dag.py
[2026-05-11T11:54:10.396+0000] {logging_mixin.py:188} INFO - [2026-05-11T11:54:10.395+0000] {dag.py:3036} INFO - Sync 1 DAGs
[2026-05-11T11:54:10.411+0000] {logging_mixin.py:188} INFO - [2026-05-11T11:54:10.410+0000] {dag.py:3823} INFO - Setting next_dagrun for job_market_etl to None, run_after=None
[2026-05-11T11:54:10.460+0000] {processor.py:183} INFO - Processing /opt/airflow/dags/job_etl_dag.py took 0.147 seconds
[2026-05-11T11:54:40.593+0000] {processor.py:161} INFO - Started process (PID=1750) to work on /opt/airflow/dags/job_etl_dag.py
[2026-05-11T11:54:40.595+0000] {processor.py:830} INFO - Processing file /opt/airflow/dags/job_etl_dag.py for tasks to queue
[2026-05-11T11:54:40.598+0000] {logging_mixin.py:188} INFO - [2026-05-11T11:54:40.597+0000] {dagbag.py:538} INFO - Filling up the DagBag from /opt/airflow/dags/job_etl_dag.py
[2026-05-11T11:54:40.629+0000] {processor.py:840} INFO - DAG(s) 'job_market_etl' retrieved from /opt/airflow/dags/job_etl_dag.py
[2026-05-11T11:54:40.668+0000] {logging_mixin.py:188} INFO - [2026-05-11T11:54:40.667+0000] {dag.py:3036} INFO - Sync 1 DAGs
[2026-05-11T11:54:40.685+0000] {logging_mixin.py:188} INFO - [2026-05-11T11:54:40.685+0000] {dag.py:3823} INFO - Setting next_dagrun for job_market_etl to None, run_after=None
[2026-05-11T11:54:40.726+0000] {processor.py:183} INFO - Processing /opt/airflow/dags/job_etl_dag.py took 0.139 seconds
[2026-05-11T11:55:10.981+0000] {processor.py:161} INFO - Started process (PID=1751) to work on /opt/airflow/dags/job_etl_dag.py
[2026-05-11T11:55:10.983+0000] {processor.py:830} INFO - Processing file /opt/airflow/dags/job_etl_dag.py for tasks to queue
[2026-05-11T11:55:10.985+0000] {logging_mixin.py:188} INFO - [2026-05-11T11:55:10.984+0000] {dagbag.py:538} INFO - Filling up the DagBag from /opt/airflow/dags/job_etl_dag.py
[2026-05-11T11:55:11.014+0000] {processor.py:840} INFO - DAG(s) 'job_market_etl' retrieved from /opt/airflow/dags/job_etl_dag.py
[2026-05-11T11:55:11.054+0000] {logging_mixin.py:188} INFO - [2026-05-11T11:55:11.053+0000] {dag.py:3036} INFO - Sync 1 DAGs
[2026-05-11T11:55:11.071+0000] {logging_mixin.py:188} INFO - [2026-05-11T11:55:11.071+0000] {dag.py:3823} INFO - Setting next_dagrun for job_market_etl to None, run_after=None
[2026-05-11T11:55:11.118+0000] {processor.py:183} INFO - Processing /opt/airflow/dags/job_etl_dag.py took 0.140 seconds
[2026-05-11T11:55:41.247+0000] {processor.py:161} INFO - Started process (PID=1752) to work on /opt/airflow/dags/job_etl_dag.py
[2026-05-11T11:55:41.250+0000] {processor.py:830} INFO - Processing file /opt/airflow/dags/job_etl_dag.py for tasks to queue
[2026-05-11T11:55:41.252+0000] {logging_mixin.py:188} INFO - [2026-05-11T11:55:41.252+0000] {dagbag.py:538} INFO - Filling up the DagBag from /opt/airflow/dags/job_etl_dag.py
[2026-05-11T11:55:41.285+0000] {processor.py:840} INFO - DAG(s) 'job_market_etl' retrieved from /opt/airflow/dags/job_etl_dag.py
[2026-05-11T11:55:41.326+0000] {logging_mixin.py:188} INFO - [2026-05-11T11:55:41.325+0000] {dag.py:3036} INFO - Sync 1 DAGs
[2026-05-11T11:55:41.343+0000] {logging_mixin.py:188} INFO - [2026-05-11T11:55:41.342+0000] {dag.py:3823} INFO - Setting next_dagrun for job_market_etl to None, run_after=None
[2026-05-11T11:55:41.390+0000] {processor.py:183} INFO - Processing /opt/airflow/dags/job_etl_dag.py took 0.148 seconds
[2026-05-11T11:56:11.660+0000] {processor.py:161} INFO - Started process (PID=1753) to work on /opt/airflow/dags/job_etl_dag.py
[2026-05-11T11:56:11.662+0000] {processor.py:830} INFO - Processing file /opt/airflow/dags/job_etl_dag.py for tasks to queue
[2026-05-11T11:56:11.664+0000] {logging_mixin.py:188} INFO - [2026-05-11T11:56:11.664+0000] {dagbag.py:538} INFO - Filling up the DagBag from /opt/airflow/dags/job_etl_dag.py
[2026-05-11T11:56:11.695+0000] {processor.py:840} INFO - DAG(s) 'job_market_etl' retrieved from /opt/airflow/dags/job_etl_dag.py
[2026-05-11T11:56:11.735+0000] {logging_mixin.py:188} INFO - [2026-05-11T11:56:11.734+0000] {dag.py:3036} INFO - Sync 1 DAGs
[2026-05-11T11:56:11.753+0000] {logging_mixin.py:188} INFO - [2026-05-11T11:56:11.753+0000] {dag.py:3823} INFO - Setting next_dagrun for job_market_etl to None, run_after=None
[2026-05-11T11:56:11.800+0000] {processor.py:183} INFO - Processing /opt/airflow/dags/job_etl_dag.py took 0.144 seconds
[2026-05-11T11:56:41.912+0000] {processor.py:161} INFO - Started process (PID=1754) to work on /opt/airflow/dags/job_etl_dag.py
[2026-05-11T11:56:41.914+0000] {processor.py:830} INFO - Processing file /opt/airflow/dags/job_etl_dag.py for tasks to queue
[2026-05-11T11:56:41.916+0000] {logging_mixin.py:188} INFO - [2026-05-11T11:56:41.915+0000] {dagbag.py:538} INFO - Filling up the DagBag from /opt/airflow/dags/job_etl_dag.py
[2026-05-11T11:56:41.943+0000] {processor.py:840} INFO - DAG(s) 'job_market_etl' retrieved from /opt/airflow/dags/job_etl_dag.py
[2026-05-11T11:56:41.988+0000] {logging_mixin.py:188} INFO - [2026-05-11T11:56:41.987+0000] {dag.py:3036} INFO - Sync 1 DAGs
[2026-05-11T11:56:42.005+0000] {logging_mixin.py:188} INFO - [2026-05-11T11:56:42.005+0000] {dag.py:3823} INFO - Setting next_dagrun for job_market_etl to None, run_after=None
[2026-05-11T11:56:42.038+0000] {processor.py:183} INFO - Processing /opt/airflow/dags/job_etl_dag.py took 0.130 seconds
[2026-05-11T11:57:12.305+0000] {processor.py:161} INFO - Started process (PID=1755) to work on /opt/airflow/dags/job_etl_dag.py
[2026-05-11T11:57:12.307+0000] {processor.py:830} INFO - Processing file /opt/airflow/dags/job_etl_dag.py for tasks to queue
[2026-05-11T11:57:12.309+0000] {logging_mixin.py:188} INFO - [2026-05-11T11:57:12.309+0000] {dagbag.py:538} INFO - Filling up the DagBag from /opt/airflow/dags/job_etl_dag.py
[2026-05-11T11:57:12.337+0000] {processor.py:840} INFO - DAG(s) 'job_market_etl' retrieved from /opt/airflow/dags/job_etl_dag.py
[2026-05-11T11:57:12.380+0000] {logging_mixin.py:188} INFO - [2026-05-11T11:57:12.380+0000] {dag.py:3036} INFO - Sync 1 DAGs
[2026-05-11T11:57:12.396+0000] {logging_mixin.py:188} INFO - [2026-05-11T11:57:12.396+0000] {dag.py:3823} INFO - Setting next_dagrun for job_market_etl to None, run_after=None
[2026-05-11T11:57:12.430+0000] {processor.py:183} INFO - Processing /opt/airflow/dags/job_etl_dag.py took 0.129 seconds
[2026-05-11T11:57:42.579+0000] {processor.py:161} INFO - Started process (PID=1756) to work on /opt/airflow/dags/job_etl_dag.py
[2026-05-11T11:57:42.582+0000] {processor.py:830} INFO - Processing file /opt/airflow/dags/job_etl_dag.py for tasks to queue
[2026-05-11T11:57:42.585+0000] {logging_mixin.py:188} INFO - [2026-05-11T11:57:42.584+0000] {dagbag.py:538} INFO - Filling up the DagBag from /opt/airflow/dags/job_etl_dag.py
[2026-05-11T11:57:42.615+0000] {processor.py:840} INFO - DAG(s) 'job_market_etl' retrieved from /opt/airflow/dags/job_etl_dag.py
[2026-05-11T11:57:42.658+0000] {logging_mixin.py:188} INFO - [2026-05-11T11:57:42.657+0000] {dag.py:3036} INFO - Sync 1 DAGs
[2026-05-11T11:57:42.675+0000] {logging_mixin.py:188} INFO - [2026-05-11T11:57:42.674+0000] {dag.py:3823} INFO - Setting next_dagrun for job_market_etl to None, run_after=None
[2026-05-11T11:57:42.705+0000] {processor.py:183} INFO - Processing /opt/airflow/dags/job_etl_dag.py took 0.132 seconds
[2026-05-11T11:58:12.935+0000] {processor.py:161} INFO - Started process (PID=1757) to work on /opt/airflow/dags/job_etl_dag.py
[2026-05-11T11:58:12.936+0000] {processor.py:830} INFO - Processing file /opt/airflow/dags/job_etl_dag.py for tasks to queue
[2026-05-11T11:58:12.939+0000] {logging_mixin.py:188} INFO - [2026-05-11T11:58:12.938+0000] {dagbag.py:538} INFO - Filling up the DagBag from /opt/airflow/dags/job_etl_dag.py
[2026-05-11T11:58:12.969+0000] {processor.py:840} INFO - DAG(s) 'job_market_etl' retrieved from /opt/airflow/dags/job_etl_dag.py
[2026-05-11T11:58:13.010+0000] {logging_mixin.py:188} INFO - [2026-05-11T11:58:13.010+0000] {dag.py:3036} INFO - Sync 1 DAGs
[2026-05-11T11:58:13.025+0000] {logging_mixin.py:188} INFO - [2026-05-11T11:58:13.025+0000] {dag.py:3823} INFO - Setting next_dagrun for job_market_etl to None, run_after=None
[2026-05-11T11:58:13.064+0000] {processor.py:183} INFO - Processing /opt/airflow/dags/job_etl_dag.py took 0.133 seconds
[2026-05-11T11:58:43.212+0000] {processor.py:161} INFO - Started process (PID=1758) to work on /opt/airflow/dags/job_etl_dag.py
[2026-05-11T11:58:43.214+0000] {processor.py:830} INFO - Processing file /opt/airflow/dags/job_etl_dag.py for tasks to queue
[2026-05-11T11:58:43.215+0000] {logging_mixin.py:188} INFO - [2026-05-11T11:58:43.215+0000] {dagbag.py:538} INFO - Filling up the DagBag from /opt/airflow/dags/job_etl_dag.py
[2026-05-11T11:58:43.244+0000] {processor.py:840} INFO - DAG(s) 'job_market_etl' retrieved from /opt/airflow/dags/job_etl_dag.py
[2026-05-11T11:58:43.285+0000] {logging_mixin.py:188} INFO - [2026-05-11T11:58:43.285+0000] {dag.py:3036} INFO - Sync 1 DAGs
[2026-05-11T11:58:43.302+0000] {logging_mixin.py:188} INFO - [2026-05-11T11:58:43.302+0000] {dag.py:3823} INFO - Setting next_dagrun for job_market_etl to None, run_after=None
[2026-05-11T11:58:43.347+0000] {processor.py:183} INFO - Processing /opt/airflow/dags/job_etl_dag.py took 0.140 seconds
[2026-05-11T11:59:13.576+0000] {processor.py:161} INFO - Started process (PID=1759) to work on /opt/airflow/dags/job_etl_dag.py
[2026-05-11T11:59:13.578+0000] {processor.py:830} INFO - Processing file /opt/airflow/dags/job_etl_dag.py for tasks to queue
[2026-05-11T11:59:13.582+0000] {logging_mixin.py:188} INFO - [2026-05-11T11:59:13.581+0000] {dagbag.py:538} INFO - Filling up the DagBag from /opt/airflow/dags/job_etl_dag.py
[2026-05-11T11:59:13.621+0000] {processor.py:840} INFO - DAG(s) 'job_market_etl' retrieved from /opt/airflow/dags/job_etl_dag.py
[2026-05-11T11:59:13.672+0000] {logging_mixin.py:188} INFO - [2026-05-11T11:59:13.672+0000] {dag.py:3036} INFO - Sync 1 DAGs
[2026-05-11T11:59:13.693+0000] {logging_mixin.py:188} INFO - [2026-05-11T11:59:13.693+0000] {dag.py:3823} INFO - Setting next_dagrun for job_market_etl to None, run_after=None
[2026-05-11T11:59:13.736+0000] {processor.py:183} INFO - Processing /opt/airflow/dags/job_etl_dag.py took 0.164 seconds
[2026-05-11T11:59:43.849+0000] {processor.py:161} INFO - Started process (PID=1760) to work on /opt/airflow/dags/job_etl_dag.py
[2026-05-11T11:59:43.851+0000] {processor.py:830} INFO - Processing file /opt/airflow/dags/job_etl_dag.py for tasks to queue
[2026-05-11T11:59:43.852+0000] {logging_mixin.py:188} INFO - [2026-05-11T11:59:43.852+0000] {dagbag.py:538} INFO - Filling up the DagBag from /opt/airflow/dags/job_etl_dag.py
[2026-05-11T11:59:43.881+0000] {processor.py:840} INFO - DAG(s) 'job_market_etl' retrieved from /opt/airflow/dags/job_etl_dag.py
[2026-05-11T11:59:43.924+0000] {logging_mixin.py:188} INFO - [2026-05-11T11:59:43.924+0000] {dag.py:3036} INFO - Sync 1 DAGs
[2026-05-11T11:59:43.940+0000] {logging_mixin.py:188} INFO - [2026-05-11T11:59:43.940+0000] {dag.py:3823} INFO - Setting next_dagrun for job_market_etl to None, run_after=None
[2026-05-11T11:59:43.981+0000] {processor.py:183} INFO - Processing /opt/airflow/dags/job_etl_dag.py took 0.138 seconds
[2026-05-11T12:00:14.259+0000] {processor.py:161} INFO - Started process (PID=1761) to work on /opt/airflow/dags/job_etl_dag.py
[2026-05-11T12:00:14.261+0000] {processor.py:830} INFO - Processing file /opt/airflow/dags/job_etl_dag.py for tasks to queue
[2026-05-11T12:00:14.263+0000] {logging_mixin.py:188} INFO - [2026-05-11T12:00:14.262+0000] {dagbag.py:538} INFO - Filling up the DagBag from /opt/airflow/dags/job_etl_dag.py
[2026-05-11T12:00:14.303+0000] {processor.py:840} INFO - DAG(s) 'job_market_etl' retrieved from /opt/airflow/dags/job_etl_dag.py
[2026-05-11T12:00:14.342+0000] {logging_mixin.py:188} INFO - [2026-05-11T12:00:14.342+0000] {dag.py:3036} INFO - Sync 1 DAGs
[2026-05-11T12:00:14.357+0000] {logging_mixin.py:188} INFO - [2026-05-11T12:00:14.357+0000] {dag.py:3823} INFO - Setting next_dagrun for job_market_etl to None, run_after=None
[2026-05-11T12:00:14.390+0000] {processor.py:183} INFO - Processing /opt/airflow/dags/job_etl_dag.py took 0.135 seconds
[2026-05-11T12:00:44.521+0000] {processor.py:161} INFO - Started process (PID=1762) to work on /opt/airflow/dags/job_etl_dag.py
[2026-05-11T12:00:44.524+0000] {processor.py:830} INFO - Processing file /opt/airflow/dags/job_etl_dag.py for tasks to queue
[2026-05-11T12:00:44.526+0000] {logging_mixin.py:188} INFO - [2026-05-11T12:00:44.525+0000] {dagbag.py:538} INFO - Filling up the DagBag from /opt/airflow/dags/job_etl_dag.py
[2026-05-11T12:00:44.557+0000] {processor.py:840} INFO - DAG(s) 'job_market_etl' retrieved from /opt/airflow/dags/job_etl_dag.py
[2026-05-11T12:00:44.597+0000] {logging_mixin.py:188} INFO - [2026-05-11T12:00:44.596+0000] {dag.py:3036} INFO - Sync 1 DAGs
[2026-05-11T12:00:44.613+0000] {logging_mixin.py:188} INFO - [2026-05-11T12:00:44.613+0000] {dag.py:3823} INFO - Setting next_dagrun for job_market_etl to None, run_after=None
[2026-05-11T12:00:44.648+0000] {processor.py:183} INFO - Processing /opt/airflow/dags/job_etl_dag.py took 0.132 seconds
[2026-05-11T12:01:14.935+0000] {processor.py:161} INFO - Started process (PID=1763) to work on /opt/airflow/dags/job_etl_dag.py
[2026-05-11T12:01:14.937+0000] {processor.py:830} INFO - Processing file /opt/airflow/dags/job_etl_dag.py for tasks to queue
[2026-05-11T12:01:14.939+0000] {logging_mixin.py:188} INFO - [2026-05-11T12:01:14.938+0000] {dagbag.py:538} INFO - Filling up the DagBag from /opt/airflow/dags/job_etl_dag.py
[2026-05-11T12:01:14.964+0000] {processor.py:840} INFO - DAG(s) 'job_market_etl' retrieved from /opt/airflow/dags/job_etl_dag.py
[2026-05-11T12:01:15.001+0000] {logging_mixin.py:188} INFO - [2026-05-11T12:01:15.001+0000] {dag.py:3036} INFO - Sync 1 DAGs
[2026-05-11T12:01:15.018+0000] {logging_mixin.py:188} INFO - [2026-05-11T12:01:15.018+0000] {dag.py:3823} INFO - Setting next_dagrun for job_market_etl to None, run_after=None
[2026-05-11T12:01:15.060+0000] {processor.py:183} INFO - Processing /opt/airflow/dags/job_etl_dag.py took 0.129 seconds
[2026-05-11T12:01:45.198+0000] {processor.py:161} INFO - Started process (PID=1764) to work on /opt/airflow/dags/job_etl_dag.py
[2026-05-11T12:01:45.200+0000] {processor.py:830} INFO - Processing file /opt/airflow/dags/job_etl_dag.py for tasks to queue
[2026-05-11T12:01:45.203+0000] {logging_mixin.py:188} INFO - [2026-05-11T12:01:45.202+0000] {dagbag.py:538} INFO - Filling up the DagBag from /opt/airflow/dags/job_etl_dag.py
[2026-05-11T12:01:45.230+0000] {processor.py:840} INFO - DAG(s) 'job_market_etl' retrieved from /opt/airflow/dags/job_etl_dag.py
[2026-05-11T12:01:45.269+0000] {logging_mixin.py:188} INFO - [2026-05-11T12:01:45.269+0000] {dag.py:3036} INFO - Sync 1 DAGs
[2026-05-11T12:01:45.283+0000] {logging_mixin.py:188} INFO - [2026-05-11T12:01:45.282+0000] {dag.py:3823} INFO - Setting next_dagrun for job_market_etl to None, run_after=None
[2026-05-11T12:01:45.317+0000] {processor.py:183} INFO - Processing /opt/airflow/dags/job_etl_dag.py took 0.123 seconds
[2026-05-11T12:02:15.575+0000] {processor.py:161} INFO - Started process (PID=1765) to work on /opt/airflow/dags/job_etl_dag.py
[2026-05-11T12:02:15.576+0000] {processor.py:830} INFO - Processing file /opt/airflow/dags/job_etl_dag.py for tasks to queue
[2026-05-11T12:02:15.579+0000] {logging_mixin.py:188} INFO - [2026-05-11T12:02:15.578+0000] {dagbag.py:538} INFO - Filling up the DagBag from /opt/airflow/dags/job_etl_dag.py
[2026-05-11T12:02:15.605+0000] {processor.py:840} INFO - DAG(s) 'job_market_etl' retrieved from /opt/airflow/dags/job_etl_dag.py
[2026-05-11T12:02:15.645+0000] {logging_mixin.py:188} INFO - [2026-05-11T12:02:15.645+0000] {dag.py:3036} INFO - Sync 1 DAGs
[2026-05-11T12:02:15.659+0000] {logging_mixin.py:188} INFO - [2026-05-11T12:02:15.659+0000] {dag.py:3823} INFO - Setting next_dagrun for job_market_etl to None, run_after=None
[2026-05-11T12:02:15.704+0000] {processor.py:183} INFO - Processing /opt/airflow/dags/job_etl_dag.py took 0.134 seconds
[2026-05-11T12:02:45.835+0000] {processor.py:161} INFO - Started process (PID=1766) to work on /opt/airflow/dags/job_etl_dag.py
[2026-05-11T12:02:45.837+0000] {processor.py:830} INFO - Processing file /opt/airflow/dags/job_etl_dag.py for tasks to queue
[2026-05-11T12:02:45.839+0000] {logging_mixin.py:188} INFO - [2026-05-11T12:02:45.839+0000] {dagbag.py:538} INFO - Filling up the DagBag from /opt/airflow/dags/job_etl_dag.py
[2026-05-11T12:02:45.876+0000] {processor.py:840} INFO - DAG(s) 'job_market_etl' retrieved from /opt/airflow/dags/job_etl_dag.py
[2026-05-11T12:02:45.914+0000] {logging_mixin.py:188} INFO - [2026-05-11T12:02:45.914+0000] {dag.py:3036} INFO - Sync 1 DAGs
[2026-05-11T12:02:45.930+0000] {logging_mixin.py:188} INFO - [2026-05-11T12:02:45.929+0000] {dag.py:3823} INFO - Setting next_dagrun for job_market_etl to None, run_after=None
[2026-05-11T12:02:45.978+0000] {processor.py:183} INFO - Processing /opt/airflow/dags/job_etl_dag.py took 0.148 seconds
[2026-05-11T12:03:16.196+0000] {processor.py:161} INFO - Started process (PID=1767) to work on /opt/airflow/dags/job_etl_dag.py
[2026-05-11T12:03:16.199+0000] {processor.py:830} INFO - Processing file /opt/airflow/dags/job_etl_dag.py for tasks to queue
[2026-05-11T12:03:16.201+0000] {logging_mixin.py:188} INFO - [2026-05-11T12:03:16.200+0000] {dagbag.py:538} INFO - Filling up the DagBag from /opt/airflow/dags/job_etl_dag.py
[2026-05-11T12:03:16.234+0000] {processor.py:840} INFO - DAG(s) 'job_market_etl' retrieved from /opt/airflow/dags/job_etl_dag.py
[2026-05-11T12:03:16.277+0000] {logging_mixin.py:188} INFO - [2026-05-11T12:03:16.276+0000] {dag.py:3036} INFO - Sync 1 DAGs
[2026-05-11T12:03:16.291+0000] {logging_mixin.py:188} INFO - [2026-05-11T12:03:16.291+0000] {dag.py:3823} INFO - Setting next_dagrun for job_market_etl to None, run_after=None
[2026-05-11T12:03:16.322+0000] {processor.py:183} INFO - Processing /opt/airflow/dags/job_etl_dag.py took 0.133 seconds
[2026-05-11T12:03:46.464+0000] {processor.py:161} INFO - Started process (PID=1768) to work on /opt/airflow/dags/job_etl_dag.py
[2026-05-11T12:03:46.466+0000] {processor.py:830} INFO - Processing file /opt/airflow/dags/job_etl_dag.py for tasks to queue
[2026-05-11T12:03:46.467+0000] {logging_mixin.py:188} INFO - [2026-05-11T12:03:46.467+0000] {dagbag.py:538} INFO - Filling up the DagBag from /opt/airflow/dags/job_etl_dag.py
[2026-05-11T12:03:46.495+0000] {processor.py:840} INFO - DAG(s) 'job_market_etl' retrieved from /opt/airflow/dags/job_etl_dag.py
[2026-05-11T12:03:46.532+0000] {logging_mixin.py:188} INFO - [2026-05-11T12:03:46.531+0000] {dag.py:3036} INFO - Sync 1 DAGs
[2026-05-11T12:03:46.548+0000] {logging_mixin.py:188} INFO - [2026-05-11T12:03:46.548+0000] {dag.py:3823} INFO - Setting next_dagrun for job_market_etl to None, run_after=None
[2026-05-11T12:03:46.596+0000] {processor.py:183} INFO - Processing /opt/airflow/dags/job_etl_dag.py took 0.138 seconds
[2026-05-11T12:04:16.843+0000] {processor.py:161} INFO - Started process (PID=1769) to work on /opt/airflow/dags/job_etl_dag.py
[2026-05-11T12:04:16.846+0000] {processor.py:830} INFO - Processing file /opt/airflow/dags/job_etl_dag.py for tasks to queue
[2026-05-11T12:04:16.848+0000] {logging_mixin.py:188} INFO - [2026-05-11T12:04:16.847+0000] {dagbag.py:538} INFO - Filling up the DagBag from /opt/airflow/dags/job_etl_dag.py
[2026-05-11T12:04:16.875+0000] {processor.py:840} INFO - DAG(s) 'job_market_etl' retrieved from /opt/airflow/dags/job_etl_dag.py
[2026-05-11T12:04:16.914+0000] {logging_mixin.py:188} INFO - [2026-05-11T12:04:16.914+0000] {dag.py:3036} INFO - Sync 1 DAGs
[2026-05-11T12:04:16.930+0000] {logging_mixin.py:188} INFO - [2026-05-11T12:04:16.929+0000] {dag.py:3823} INFO - Setting next_dagrun for job_market_etl to None, run_after=None
[2026-05-11T12:04:16.976+0000] {processor.py:183} INFO - Processing /opt/airflow/dags/job_etl_dag.py took 0.136 seconds
[2026-05-11T12:04:47.111+0000] {processor.py:161} INFO - Started process (PID=1770) to work on /opt/airflow/dags/job_etl_dag.py
[2026-05-11T12:04:47.113+0000] {processor.py:830} INFO - Processing file /opt/airflow/dags/job_etl_dag.py for tasks to queue
[2026-05-11T12:04:47.116+0000] {logging_mixin.py:188} INFO - [2026-05-11T12:04:47.115+0000] {dagbag.py:538} INFO - Filling up the DagBag from /opt/airflow/dags/job_etl_dag.py
[2026-05-11T12:04:47.147+0000] {processor.py:840} INFO - DAG(s) 'job_market_etl' retrieved from /opt/airflow/dags/job_etl_dag.py
[2026-05-11T12:04:47.184+0000] {logging_mixin.py:188} INFO - [2026-05-11T12:04:47.183+0000] {dag.py:3036} INFO - Sync 1 DAGs
[2026-05-11T12:04:47.199+0000] {logging_mixin.py:188} INFO - [2026-05-11T12:04:47.199+0000] {dag.py:3823} INFO - Setting next_dagrun for job_market_etl to None, run_after=None
[2026-05-11T12:04:47.245+0000] {processor.py:183} INFO - Processing /opt/airflow/dags/job_etl_dag.py took 0.139 seconds
[2026-05-11T12:05:17.505+0000] {processor.py:161} INFO - Started process (PID=1771) to work on /opt/airflow/dags/job_etl_dag.py
[2026-05-11T12:05:17.507+0000] {processor.py:830} INFO - Processing file /opt/airflow/dags/job_etl_dag.py for tasks to queue
[2026-05-11T12:05:17.509+0000] {logging_mixin.py:188} INFO - [2026-05-11T12:05:17.509+0000] {dagbag.py:538} INFO - Filling up the DagBag from /opt/airflow/dags/job_etl_dag.py
[2026-05-11T12:05:17.540+0000] {processor.py:840} INFO - DAG(s) 'job_market_etl' retrieved from /opt/airflow/dags/job_etl_dag.py
[2026-05-11T12:05:17.583+0000] {logging_mixin.py:188} INFO - [2026-05-11T12:05:17.583+0000] {dag.py:3036} INFO - Sync 1 DAGs
[2026-05-11T12:05:17.599+0000] {logging_mixin.py:188} INFO - [2026-05-11T12:05:17.599+0000] {dag.py:3823} INFO - Setting next_dagrun for job_market_etl to None, run_after=None
[2026-05-11T12:05:17.629+0000] {processor.py:183} INFO - Processing /opt/airflow/dags/job_etl_dag.py took 0.129 seconds
[2026-05-11T12:05:47.810+0000] {processor.py:161} INFO - Started process (PID=1772) to work on /opt/airflow/dags/job_etl_dag.py
[2026-05-11T12:05:47.812+0000] {processor.py:830} INFO - Processing file /opt/airflow/dags/job_etl_dag.py for tasks to queue
[2026-05-11T12:05:47.815+0000] {logging_mixin.py:188} INFO - [2026-05-11T12:05:47.814+0000] {dagbag.py:538} INFO - Filling up the DagBag from /opt/airflow/dags/job_etl_dag.py
[2026-05-11T12:05:47.844+0000] {processor.py:840} INFO - DAG(s) 'job_market_etl' retrieved from /opt/airflow/dags/job_etl_dag.py
[2026-05-11T12:05:47.883+0000] {logging_mixin.py:188} INFO - [2026-05-11T12:05:47.883+0000] {dag.py:3036} INFO - Sync 1 DAGs
[2026-05-11T12:05:47.898+0000] {logging_mixin.py:188} INFO - [2026-05-11T12:05:47.898+0000] {dag.py:3823} INFO - Setting next_dagrun for job_market_etl to None, run_after=None
[2026-05-11T12:05:47.928+0000] {processor.py:183} INFO - Processing /opt/airflow/dags/job_etl_dag.py took 0.126 seconds
[2026-05-11T12:06:18.167+0000] {processor.py:161} INFO - Started process (PID=1773) to work on /opt/airflow/dags/job_etl_dag.py
[2026-05-11T12:06:18.169+0000] {processor.py:830} INFO - Processing file /opt/airflow/dags/job_etl_dag.py for tasks to queue
[2026-05-11T12:06:18.171+0000] {logging_mixin.py:188} INFO - [2026-05-11T12:06:18.170+0000] {dagbag.py:538} INFO - Filling up the DagBag from /opt/airflow/dags/job_etl_dag.py
[2026-05-11T12:06:18.205+0000] {processor.py:840} INFO - DAG(s) 'job_market_etl' retrieved from /opt/airflow/dags/job_etl_dag.py
[2026-05-11T12:06:18.250+0000] {logging_mixin.py:188} INFO - [2026-05-11T12:06:18.249+0000] {dag.py:3036} INFO - Sync 1 DAGs
[2026-05-11T12:06:18.269+0000] {logging_mixin.py:188} INFO - [2026-05-11T12:06:18.268+0000] {dag.py:3823} INFO - Setting next_dagrun for job_market_etl to None, run_after=None
[2026-05-11T12:06:18.308+0000] {processor.py:183} INFO - Processing /opt/airflow/dags/job_etl_dag.py took 0.147 seconds
[2026-05-11T12:06:48.450+0000] {processor.py:161} INFO - Started process (PID=1774) to work on /opt/airflow/dags/job_etl_dag.py
[2026-05-11T12:06:48.452+0000] {processor.py:830} INFO - Processing file /opt/airflow/dags/job_etl_dag.py for tasks to queue
[2026-05-11T12:06:48.455+0000] {logging_mixin.py:188} INFO - [2026-05-11T12:06:48.454+0000] {dagbag.py:538} INFO - Filling up the DagBag from /opt/airflow/dags/job_etl_dag.py
[2026-05-11T12:06:48.486+0000] {processor.py:840} INFO - DAG(s) 'job_market_etl' retrieved from /opt/airflow/dags/job_etl_dag.py
[2026-05-11T12:06:48.532+0000] {logging_mixin.py:188} INFO - [2026-05-11T12:06:48.532+0000] {dag.py:3036} INFO - Sync 1 DAGs
[2026-05-11T12:06:48.552+0000] {logging_mixin.py:188} INFO - [2026-05-11T12:06:48.552+0000] {dag.py:3823} INFO - Setting next_dagrun for job_market_etl to None, run_after=None
[2026-05-11T12:06:48.587+0000] {processor.py:183} INFO - Processing /opt/airflow/dags/job_etl_dag.py took 0.146 seconds
[2026-05-11T12:07:18.827+0000] {processor.py:161} INFO - Started process (PID=1775) to work on /opt/airflow/dags/job_etl_dag.py
[2026-05-11T12:07:18.829+0000] {processor.py:830} INFO - Processing file /opt/airflow/dags/job_etl_dag.py for tasks to queue
[2026-05-11T12:07:18.832+0000] {logging_mixin.py:188} INFO - [2026-05-11T12:07:18.831+0000] {dagbag.py:538} INFO - Filling up the DagBag from /opt/airflow/dags/job_etl_dag.py
[2026-05-11T12:07:18.863+0000] {processor.py:840} INFO - DAG(s) 'job_market_etl' retrieved from /opt/airflow/dags/job_etl_dag.py
[2026-05-11T12:07:18.908+0000] {logging_mixin.py:188} INFO - [2026-05-11T12:07:18.907+0000] {dag.py:3036} INFO - Sync 1 DAGs
[2026-05-11T12:07:18.927+0000] {logging_mixin.py:188} INFO - [2026-05-11T12:07:18.926+0000] {dag.py:3823} INFO - Setting next_dagrun for job_market_etl to None, run_after=None
[2026-05-11T12:07:18.961+0000] {processor.py:183} INFO - Processing /opt/airflow/dags/job_etl_dag.py took 0.139 seconds
[2026-05-11T12:07:49.104+0000] {processor.py:161} INFO - Started process (PID=1776) to work on /opt/airflow/dags/job_etl_dag.py
[2026-05-11T12:07:49.107+0000] {processor.py:830} INFO - Processing file /opt/airflow/dags/job_etl_dag.py for tasks to queue
[2026-05-11T12:07:49.108+0000] {logging_mixin.py:188} INFO - [2026-05-11T12:07:49.108+0000] {dagbag.py:538} INFO - Filling up the DagBag from /opt/airflow/dags/job_etl_dag.py
[2026-05-11T12:07:49.152+0000] {processor.py:840} INFO - DAG(s) 'job_market_etl' retrieved from /opt/airflow/dags/job_etl_dag.py
[2026-05-11T12:07:49.201+0000] {logging_mixin.py:188} INFO - [2026-05-11T12:07:49.201+0000] {dag.py:3036} INFO - Sync 1 DAGs
[2026-05-11T12:07:49.220+0000] {logging_mixin.py:188} INFO - [2026-05-11T12:07:49.220+0000] {dag.py:3823} INFO - Setting next_dagrun for job_market_etl to None, run_after=None
[2026-05-11T12:07:49.258+0000] {processor.py:183} INFO - Processing /opt/airflow/dags/job_etl_dag.py took 0.164 seconds
[2026-05-11T12:08:19.475+0000] {processor.py:161} INFO - Started process (PID=1777) to work on /opt/airflow/dags/job_etl_dag.py
[2026-05-11T12:08:19.478+0000] {processor.py:830} INFO - Processing file /opt/airflow/dags/job_etl_dag.py for tasks to queue
[2026-05-11T12:08:19.480+0000] {logging_mixin.py:188} INFO - [2026-05-11T12:08:19.479+0000] {dagbag.py:538} INFO - Filling up the DagBag from /opt/airflow/dags/job_etl_dag.py
[2026-05-11T12:08:19.514+0000] {processor.py:840} INFO - DAG(s) 'job_market_etl' retrieved from /opt/airflow/dags/job_etl_dag.py
[2026-05-11T12:08:19.565+0000] {logging_mixin.py:188} INFO - [2026-05-11T12:08:19.564+0000] {dag.py:3036} INFO - Sync 1 DAGs
[2026-05-11T12:08:19.584+0000] {logging_mixin.py:188} INFO - [2026-05-11T12:08:19.584+0000] {dag.py:3823} INFO - Setting next_dagrun for job_market_etl to None, run_after=None
[2026-05-11T12:08:19.620+0000] {processor.py:183} INFO - Processing /opt/airflow/dags/job_etl_dag.py took 0.151 seconds
[2026-05-11T12:08:49.771+0000] {processor.py:161} INFO - Started process (PID=1778) to work on /opt/airflow/dags/job_etl_dag.py
[2026-05-11T12:08:49.774+0000] {processor.py:830} INFO - Processing file /opt/airflow/dags/job_etl_dag.py for tasks to queue
[2026-05-11T12:08:49.777+0000] {logging_mixin.py:188} INFO - [2026-05-11T12:08:49.776+0000] {dagbag.py:538} INFO - Filling up the DagBag from /opt/airflow/dags/job_etl_dag.py
[2026-05-11T12:08:49.812+0000] {processor.py:840} INFO - DAG(s) 'job_market_etl' retrieved from /opt/airflow/dags/job_etl_dag.py
[2026-05-11T12:08:49.866+0000] {logging_mixin.py:188} INFO - [2026-05-11T12:08:49.865+0000] {dag.py:3036} INFO - Sync 1 DAGs
[2026-05-11T12:08:49.881+0000] {logging_mixin.py:188} INFO - [2026-05-11T12:08:49.881+0000] {dag.py:3823} INFO - Setting next_dagrun for job_market_etl to None, run_after=None
[2026-05-11T12:08:49.919+0000] {processor.py:183} INFO - Processing /opt/airflow/dags/job_etl_dag.py took 0.155 seconds
[2026-05-11T12:09:20.144+0000] {processor.py:161} INFO - Started process (PID=1779) to work on /opt/airflow/dags/job_etl_dag.py
[2026-05-11T12:09:20.147+0000] {processor.py:830} INFO - Processing file /opt/airflow/dags/job_etl_dag.py for tasks to queue
[2026-05-11T12:09:20.149+0000] {logging_mixin.py:188} INFO - [2026-05-11T12:09:20.149+0000] {dagbag.py:538} INFO - Filling up the DagBag from /opt/airflow/dags/job_etl_dag.py
[2026-05-11T12:09:20.183+0000] {processor.py:840} INFO - DAG(s) 'job_market_etl' retrieved from /opt/airflow/dags/job_etl_dag.py
[2026-05-11T12:09:20.232+0000] {logging_mixin.py:188} INFO - [2026-05-11T12:09:20.231+0000] {dag.py:3036} INFO - Sync 1 DAGs
[2026-05-11T12:09:20.252+0000] {logging_mixin.py:188} INFO - [2026-05-11T12:09:20.252+0000] {dag.py:3823} INFO - Setting next_dagrun for job_market_etl to None, run_after=None
[2026-05-11T12:09:20.289+0000] {processor.py:183} INFO - Processing /opt/airflow/dags/job_etl_dag.py took 0.153 seconds
[2026-05-11T12:09:50.443+0000] {processor.py:161} INFO - Started process (PID=1780) to work on /opt/airflow/dags/job_etl_dag.py
[2026-05-11T12:09:50.446+0000] {processor.py:830} INFO - Processing file /opt/airflow/dags/job_etl_dag.py for tasks to queue
[2026-05-11T12:09:50.449+0000] {logging_mixin.py:188} INFO - [2026-05-11T12:09:50.448+0000] {dagbag.py:538} INFO - Filling up the DagBag from /opt/airflow/dags/job_etl_dag.py
[2026-05-11T12:09:50.482+0000] {processor.py:840} INFO - DAG(s) 'job_market_etl' retrieved from /opt/airflow/dags/job_etl_dag.py
[2026-05-11T12:09:50.534+0000] {logging_mixin.py:188} INFO - [2026-05-11T12:09:50.533+0000] {dag.py:3036} INFO - Sync 1 DAGs
[2026-05-11T12:09:50.554+0000] {logging_mixin.py:188} INFO - [2026-05-11T12:09:50.554+0000] {dag.py:3823} INFO - Setting next_dagrun for job_market_etl to None, run_after=None
[2026-05-11T12:09:50.594+0000] {processor.py:183} INFO - Processing /opt/airflow/dags/job_etl_dag.py took 0.160 seconds
[2026-05-11T12:10:20.793+0000] {processor.py:161} INFO - Started process (PID=1781) to work on /opt/airflow/dags/job_etl_dag.py
[2026-05-11T12:10:20.796+0000] {processor.py:830} INFO - Processing file /opt/airflow/dags/job_etl_dag.py for tasks to queue
[2026-05-11T12:10:20.798+0000] {logging_mixin.py:188} INFO - [2026-05-11T12:10:20.798+0000] {dagbag.py:538} INFO - Filling up the DagBag from /opt/airflow/dags/job_etl_dag.py
[2026-05-11T12:10:20.837+0000] {processor.py:840} INFO - DAG(s) 'job_market_etl' retrieved from /opt/airflow/dags/job_etl_dag.py
[2026-05-11T12:10:20.883+0000] {logging_mixin.py:188} INFO - [2026-05-11T12:10:20.882+0000] {dag.py:3036} INFO - Sync 1 DAGs
[2026-05-11T12:10:20.904+0000] {logging_mixin.py:188} INFO - [2026-05-11T12:10:20.903+0000] {dag.py:3823} INFO - Setting next_dagrun for job_market_etl to None, run_after=None
[2026-05-11T12:10:20.955+0000] {processor.py:183} INFO - Processing /opt/airflow/dags/job_etl_dag.py took 0.167 seconds
[2026-05-11T12:10:51.184+0000] {processor.py:161} INFO - Started process (PID=1782) to work on /opt/airflow/dags/job_etl_dag.py
[2026-05-11T12:10:51.187+0000] {processor.py:830} INFO - Processing file /opt/airflow/dags/job_etl_dag.py for tasks to queue
[2026-05-11T12:10:51.189+0000] {logging_mixin.py:188} INFO - [2026-05-11T12:10:51.189+0000] {dagbag.py:538} INFO - Filling up the DagBag from /opt/airflow/dags/job_etl_dag.py
[2026-05-11T12:10:51.223+0000] {processor.py:840} INFO - DAG(s) 'job_market_etl' retrieved from /opt/airflow/dags/job_etl_dag.py
[2026-05-11T12:10:51.267+0000] {logging_mixin.py:188} INFO - [2026-05-11T12:10:51.267+0000] {dag.py:3036} INFO - Sync 1 DAGs
[2026-05-11T12:10:51.284+0000] {logging_mixin.py:188} INFO - [2026-05-11T12:10:51.283+0000] {dag.py:3823} INFO - Setting next_dagrun for job_market_etl to None, run_after=None
[2026-05-11T12:10:51.336+0000] {processor.py:183} INFO - Processing /opt/airflow/dags/job_etl_dag.py took 0.158 seconds
[2026-05-11T12:11:21.476+0000] {processor.py:161} INFO - Started process (PID=1783) to work on /opt/airflow/dags/job_etl_dag.py
[2026-05-11T12:11:21.479+0000] {processor.py:830} INFO - Processing file /opt/airflow/dags/job_etl_dag.py for tasks to queue
[2026-05-11T12:11:21.480+0000] {logging_mixin.py:188} INFO - [2026-05-11T12:11:21.480+0000] {dagbag.py:538} INFO - Filling up the DagBag from /opt/airflow/dags/job_etl_dag.py
[2026-05-11T12:11:21.516+0000] {processor.py:840} INFO - DAG(s) 'job_market_etl' retrieved from /opt/airflow/dags/job_etl_dag.py
[2026-05-11T12:11:21.563+0000] {logging_mixin.py:188} INFO - [2026-05-11T12:11:21.563+0000] {dag.py:3036} INFO - Sync 1 DAGs
[2026-05-11T12:11:21.580+0000] {logging_mixin.py:188} INFO - [2026-05-11T12:11:21.580+0000] {dag.py:3823} INFO - Setting next_dagrun for job_market_etl to None, run_after=None
[2026-05-11T12:11:21.627+0000] {processor.py:183} INFO - Processing /opt/airflow/dags/job_etl_dag.py took 0.157 seconds
[2026-05-11T12:11:51.852+0000] {processor.py:161} INFO - Started process (PID=1784) to work on /opt/airflow/dags/job_etl_dag.py
[2026-05-11T12:11:51.856+0000] {processor.py:830} INFO - Processing file /opt/airflow/dags/job_etl_dag.py for tasks to queue
[2026-05-11T12:11:51.858+0000] {logging_mixin.py:188} INFO - [2026-05-11T12:11:51.857+0000] {dagbag.py:538} INFO - Filling up the DagBag from /opt/airflow/dags/job_etl_dag.py
[2026-05-11T12:11:51.890+0000] {processor.py:840} INFO - DAG(s) 'job_market_etl' retrieved from /opt/airflow/dags/job_etl_dag.py
[2026-05-11T12:11:51.944+0000] {logging_mixin.py:188} INFO - [2026-05-11T12:11:51.943+0000] {dag.py:3036} INFO - Sync 1 DAGs
[2026-05-11T12:11:51.967+0000] {logging_mixin.py:188} INFO - [2026-05-11T12:11:51.967+0000] {dag.py:3823} INFO - Setting next_dagrun for job_market_etl to None, run_after=None
[2026-05-11T12:11:52.018+0000] {processor.py:183} INFO - Processing /opt/airflow/dags/job_etl_dag.py took 0.170 seconds
[2026-05-11T12:12:22.144+0000] {processor.py:161} INFO - Started process (PID=1785) to work on /opt/airflow/dags/job_etl_dag.py
[2026-05-11T12:12:22.147+0000] {processor.py:830} INFO - Processing file /opt/airflow/dags/job_etl_dag.py for tasks to queue
[2026-05-11T12:12:22.149+0000] {logging_mixin.py:188} INFO - [2026-05-11T12:12:22.148+0000] {dagbag.py:538} INFO - Filling up the DagBag from /opt/airflow/dags/job_etl_dag.py
[2026-05-11T12:12:22.186+0000] {processor.py:840} INFO - DAG(s) 'job_market_etl' retrieved from /opt/airflow/dags/job_etl_dag.py
[2026-05-11T12:12:22.233+0000] {logging_mixin.py:188} INFO - [2026-05-11T12:12:22.232+0000] {dag.py:3036} INFO - Sync 1 DAGs
[2026-05-11T12:12:22.256+0000] {logging_mixin.py:188} INFO - [2026-05-11T12:12:22.255+0000] {dag.py:3823} INFO - Setting next_dagrun for job_market_etl to None, run_after=None
[2026-05-11T12:12:22.298+0000] {processor.py:183} INFO - Processing /opt/airflow/dags/job_etl_dag.py took 0.163 seconds
[2026-05-11T12:12:52.540+0000] {processor.py:161} INFO - Started process (PID=1786) to work on /opt/airflow/dags/job_etl_dag.py
[2026-05-11T12:12:52.542+0000] {processor.py:830} INFO - Processing file /opt/airflow/dags/job_etl_dag.py for tasks to queue
[2026-05-11T12:12:52.543+0000] {logging_mixin.py:188} INFO - [2026-05-11T12:12:52.543+0000] {dagbag.py:538} INFO - Filling up the DagBag from /opt/airflow/dags/job_etl_dag.py
[2026-05-11T12:12:52.573+0000] {processor.py:840} INFO - DAG(s) 'job_market_etl' retrieved from /opt/airflow/dags/job_etl_dag.py
[2026-05-11T12:12:52.618+0000] {logging_mixin.py:188} INFO - [2026-05-11T12:12:52.618+0000] {dag.py:3036} INFO - Sync 1 DAGs
[2026-05-11T12:12:52.637+0000] {logging_mixin.py:188} INFO - [2026-05-11T12:12:52.636+0000] {dag.py:3823} INFO - Setting next_dagrun for job_market_etl to None, run_after=None
[2026-05-11T12:12:52.672+0000] {processor.py:183} INFO - Processing /opt/airflow/dags/job_etl_dag.py took 0.137 seconds
[2026-05-11T12:13:22.805+0000] {processor.py:161} INFO - Started process (PID=1787) to work on /opt/airflow/dags/job_etl_dag.py
[2026-05-11T12:13:22.807+0000] {processor.py:830} INFO - Processing file /opt/airflow/dags/job_etl_dag.py for tasks to queue
[2026-05-11T12:13:22.810+0000] {logging_mixin.py:188} INFO - [2026-05-11T12:13:22.809+0000] {dagbag.py:538} INFO - Filling up the DagBag from /opt/airflow/dags/job_etl_dag.py
[2026-05-11T12:13:22.840+0000] {processor.py:840} INFO - DAG(s) 'job_market_etl' retrieved from /opt/airflow/dags/job_etl_dag.py
[2026-05-11T12:13:22.881+0000] {logging_mixin.py:188} INFO - [2026-05-11T12:13:22.881+0000] {dag.py:3036} INFO - Sync 1 DAGs
[2026-05-11T12:13:22.897+0000] {logging_mixin.py:188} INFO - [2026-05-11T12:13:22.897+0000] {dag.py:3823} INFO - Setting next_dagrun for job_market_etl to None, run_after=None
[2026-05-11T12:13:22.932+0000] {processor.py:183} INFO - Processing /opt/airflow/dags/job_etl_dag.py took 0.133 seconds
[2026-05-11T12:13:53.162+0000] {processor.py:161} INFO - Started process (PID=1788) to work on /opt/airflow/dags/job_etl_dag.py
[2026-05-11T12:13:53.165+0000] {processor.py:830} INFO - Processing file /opt/airflow/dags/job_etl_dag.py for tasks to queue
[2026-05-11T12:13:53.167+0000] {logging_mixin.py:188} INFO - [2026-05-11T12:13:53.166+0000] {dagbag.py:538} INFO - Filling up the DagBag from /opt/airflow/dags/job_etl_dag.py
[2026-05-11T12:13:53.196+0000] {processor.py:840} INFO - DAG(s) 'job_market_etl' retrieved from /opt/airflow/dags/job_etl_dag.py
[2026-05-11T12:13:53.235+0000] {logging_mixin.py:188} INFO - [2026-05-11T12:13:53.234+0000] {dag.py:3036} INFO - Sync 1 DAGs
[2026-05-11T12:13:53.251+0000] {logging_mixin.py:188} INFO - [2026-05-11T12:13:53.251+0000] {dag.py:3823} INFO - Setting next_dagrun for job_market_etl to None, run_after=None
[2026-05-11T12:13:53.296+0000] {processor.py:183} INFO - Processing /opt/airflow/dags/job_etl_dag.py took 0.139 seconds
[2026-05-11T12:14:23.442+0000] {processor.py:161} INFO - Started process (PID=1789) to work on /opt/airflow/dags/job_etl_dag.py
[2026-05-11T12:14:23.444+0000] {processor.py:830} INFO - Processing file /opt/airflow/dags/job_etl_dag.py for tasks to queue
[2026-05-11T12:14:23.445+0000] {logging_mixin.py:188} INFO - [2026-05-11T12:14:23.445+0000] {dagbag.py:538} INFO - Filling up the DagBag from /opt/airflow/dags/job_etl_dag.py
[2026-05-11T12:14:23.476+0000] {processor.py:840} INFO - DAG(s) 'job_market_etl' retrieved from /opt/airflow/dags/job_etl_dag.py
[2026-05-11T12:14:23.520+0000] {logging_mixin.py:188} INFO - [2026-05-11T12:14:23.520+0000] {dag.py:3036} INFO - Sync 1 DAGs
[2026-05-11T12:14:23.538+0000] {logging_mixin.py:188} INFO - [2026-05-11T12:14:23.538+0000] {dag.py:3823} INFO - Setting next_dagrun for job_market_etl to None, run_after=None
[2026-05-11T12:14:23.583+0000] {processor.py:183} INFO - Processing /opt/airflow/dags/job_etl_dag.py took 0.151 seconds
[2026-05-11T12:14:53.792+0000] {processor.py:161} INFO - Started process (PID=1790) to work on /opt/airflow/dags/job_etl_dag.py
[2026-05-11T12:14:53.794+0000] {processor.py:830} INFO - Processing file /opt/airflow/dags/job_etl_dag.py for tasks to queue
[2026-05-11T12:14:53.796+0000] {logging_mixin.py:188} INFO - [2026-05-11T12:14:53.796+0000] {dagbag.py:538} INFO - Filling up the DagBag from /opt/airflow/dags/job_etl_dag.py
[2026-05-11T12:14:53.826+0000] {processor.py:840} INFO - DAG(s) 'job_market_etl' retrieved from /opt/airflow/dags/job_etl_dag.py
[2026-05-11T12:14:53.870+0000] {logging_mixin.py:188} INFO - [2026-05-11T12:14:53.869+0000] {dag.py:3036} INFO - Sync 1 DAGs
[2026-05-11T12:14:53.887+0000] {logging_mixin.py:188} INFO - [2026-05-11T12:14:53.887+0000] {dag.py:3823} INFO - Setting next_dagrun for job_market_etl to None, run_after=None
[2026-05-11T12:14:53.935+0000] {processor.py:183} INFO - Processing /opt/airflow/dags/job_etl_dag.py took 0.149 seconds
[2026-05-11T12:15:24.100+0000] {processor.py:161} INFO - Started process (PID=1791) to work on /opt/airflow/dags/job_etl_dag.py
[2026-05-11T12:15:24.102+0000] {processor.py:830} INFO - Processing file /opt/airflow/dags/job_etl_dag.py for tasks to queue
[2026-05-11T12:15:24.103+0000] {logging_mixin.py:188} INFO - [2026-05-11T12:15:24.103+0000] {dagbag.py:538} INFO - Filling up the DagBag from /opt/airflow/dags/job_etl_dag.py
[2026-05-11T12:15:24.133+0000] {processor.py:840} INFO - DAG(s) 'job_market_etl' retrieved from /opt/airflow/dags/job_etl_dag.py
[2026-05-11T12:15:24.184+0000] {logging_mixin.py:188} INFO - [2026-05-11T12:15:24.184+0000] {dag.py:3036} INFO - Sync 1 DAGs
[2026-05-11T12:15:24.209+0000] {logging_mixin.py:188} INFO - [2026-05-11T12:15:24.209+0000] {dag.py:3823} INFO - Setting next_dagrun for job_market_etl to None, run_after=None
[2026-05-11T12:15:24.254+0000] {processor.py:183} INFO - Processing /opt/airflow/dags/job_etl_dag.py took 0.161 seconds
[2026-05-11T12:15:54.480+0000] {processor.py:161} INFO - Started process (PID=1792) to work on /opt/airflow/dags/job_etl_dag.py
[2026-05-11T12:15:54.482+0000] {processor.py:830} INFO - Processing file /opt/airflow/dags/job_etl_dag.py for tasks to queue
[2026-05-11T12:15:54.484+0000] {logging_mixin.py:188} INFO - [2026-05-11T12:15:54.483+0000] {dagbag.py:538} INFO - Filling up the DagBag from /opt/airflow/dags/job_etl_dag.py
[2026-05-11T12:15:54.511+0000] {processor.py:840} INFO - DAG(s) 'job_market_etl' retrieved from /opt/airflow/dags/job_etl_dag.py
[2026-05-11T12:15:54.557+0000] {logging_mixin.py:188} INFO - [2026-05-11T12:15:54.556+0000] {dag.py:3036} INFO - Sync 1 DAGs
[2026-05-11T12:15:54.574+0000] {logging_mixin.py:188} INFO - [2026-05-11T12:15:54.574+0000] {dag.py:3823} INFO - Setting next_dagrun for job_market_etl to None, run_after=None
[2026-05-11T12:15:54.623+0000] {processor.py:183} INFO - Processing /opt/airflow/dags/job_etl_dag.py took 0.148 seconds
[2026-05-11T12:16:24.777+0000] {processor.py:161} INFO - Started process (PID=1793) to work on /opt/airflow/dags/job_etl_dag.py
[2026-05-11T12:16:24.780+0000] {processor.py:830} INFO - Processing file /opt/airflow/dags/job_etl_dag.py for tasks to queue
[2026-05-11T12:16:24.782+0000] {logging_mixin.py:188} INFO - [2026-05-11T12:16:24.781+0000] {dagbag.py:538} INFO - Filling up the DagBag from /opt/airflow/dags/job_etl_dag.py
[2026-05-11T12:16:24.816+0000] {processor.py:840} INFO - DAG(s) 'job_market_etl' retrieved from /opt/airflow/dags/job_etl_dag.py
[2026-05-11T12:16:24.863+0000] {logging_mixin.py:188} INFO - [2026-05-11T12:16:24.863+0000] {dag.py:3036} INFO - Sync 1 DAGs
[2026-05-11T12:16:24.882+0000] {logging_mixin.py:188} INFO - [2026-05-11T12:16:24.882+0000] {dag.py:3823} INFO - Setting next_dagrun for job_market_etl to None, run_after=None
[2026-05-11T12:16:24.918+0000] {processor.py:183} INFO - Processing /opt/airflow/dags/job_etl_dag.py took 0.149 seconds
[2026-05-11T12:16:55.147+0000] {processor.py:161} INFO - Started process (PID=1794) to work on /opt/airflow/dags/job_etl_dag.py
[2026-05-11T12:16:55.150+0000] {processor.py:830} INFO - Processing file /opt/airflow/dags/job_etl_dag.py for tasks to queue
[2026-05-11T12:16:55.152+0000] {logging_mixin.py:188} INFO - [2026-05-11T12:16:55.151+0000] {dagbag.py:538} INFO - Filling up the DagBag from /opt/airflow/dags/job_etl_dag.py
[2026-05-11T12:16:55.182+0000] {processor.py:840} INFO - DAG(s) 'job_market_etl' retrieved from /opt/airflow/dags/job_etl_dag.py
[2026-05-11T12:16:55.227+0000] {logging_mixin.py:188} INFO - [2026-05-11T12:16:55.226+0000] {dag.py:3036} INFO - Sync 1 DAGs
[2026-05-11T12:16:55.244+0000] {logging_mixin.py:188} INFO - [2026-05-11T12:16:55.244+0000] {dag.py:3823} INFO - Setting next_dagrun for job_market_etl to None, run_after=None
[2026-05-11T12:16:55.295+0000] {processor.py:183} INFO - Processing /opt/airflow/dags/job_etl_dag.py took 0.154 seconds
[2026-05-11T12:17:25.435+0000] {processor.py:161} INFO - Started process (PID=1795) to work on /opt/airflow/dags/job_etl_dag.py
[2026-05-11T12:17:25.437+0000] {processor.py:830} INFO - Processing file /opt/airflow/dags/job_etl_dag.py for tasks to queue
[2026-05-11T12:17:25.439+0000] {logging_mixin.py:188} INFO - [2026-05-11T12:17:25.439+0000] {dagbag.py:538} INFO - Filling up the DagBag from /opt/airflow/dags/job_etl_dag.py
[2026-05-11T12:17:25.474+0000] {processor.py:840} INFO - DAG(s) 'job_market_etl' retrieved from /opt/airflow/dags/job_etl_dag.py
[2026-05-11T12:17:25.519+0000] {logging_mixin.py:188} INFO - [2026-05-11T12:17:25.519+0000] {dag.py:3036} INFO - Sync 1 DAGs
[2026-05-11T12:17:25.535+0000] {logging_mixin.py:188} INFO - [2026-05-11T12:17:25.535+0000] {dag.py:3823} INFO - Setting next_dagrun for job_market_etl to None, run_after=None
[2026-05-11T12:17:25.567+0000] {processor.py:183} INFO - Processing /opt/airflow/dags/job_etl_dag.py took 0.138 seconds
[2026-05-11T12:17:55.804+0000] {processor.py:161} INFO - Started process (PID=1796) to work on /opt/airflow/dags/job_etl_dag.py
[2026-05-11T12:17:55.806+0000] {processor.py:830} INFO - Processing file /opt/airflow/dags/job_etl_dag.py for tasks to queue
[2026-05-11T12:17:55.808+0000] {logging_mixin.py:188} INFO - [2026-05-11T12:17:55.808+0000] {dagbag.py:538} INFO - Filling up the DagBag from /opt/airflow/dags/job_etl_dag.py
[2026-05-11T12:17:55.839+0000] {processor.py:840} INFO - DAG(s) 'job_market_etl' retrieved from /opt/airflow/dags/job_etl_dag.py
[2026-05-11T12:17:55.884+0000] {logging_mixin.py:188} INFO - [2026-05-11T12:17:55.884+0000] {dag.py:3036} INFO - Sync 1 DAGs
[2026-05-11T12:17:55.902+0000] {logging_mixin.py:188} INFO - [2026-05-11T12:17:55.901+0000] {dag.py:3823} INFO - Setting next_dagrun for job_market_etl to None, run_after=None
[2026-05-11T12:17:55.952+0000] {processor.py:183} INFO - Processing /opt/airflow/dags/job_etl_dag.py took 0.153 seconds
[2026-05-11T12:18:26.078+0000] {processor.py:161} INFO - Started process (PID=1797) to work on /opt/airflow/dags/job_etl_dag.py
[2026-05-11T12:18:26.081+0000] {processor.py:830} INFO - Processing file /opt/airflow/dags/job_etl_dag.py for tasks to queue
[2026-05-11T12:18:26.084+0000] {logging_mixin.py:188} INFO - [2026-05-11T12:18:26.083+0000] {dagbag.py:538} INFO - Filling up the DagBag from /opt/airflow/dags/job_etl_dag.py
[2026-05-11T12:18:26.114+0000] {processor.py:840} INFO - DAG(s) 'job_market_etl' retrieved from /opt/airflow/dags/job_etl_dag.py
[2026-05-11T12:18:26.163+0000] {logging_mixin.py:188} INFO - [2026-05-11T12:18:26.163+0000] {dag.py:3036} INFO - Sync 1 DAGs
[2026-05-11T12:18:26.182+0000] {logging_mixin.py:188} INFO - [2026-05-11T12:18:26.181+0000] {dag.py:3823} INFO - Setting next_dagrun for job_market_etl to None, run_after=None
[2026-05-11T12:18:26.217+0000] {processor.py:183} INFO - Processing /opt/airflow/dags/job_etl_dag.py took 0.145 seconds
[2026-05-11T12:18:56.462+0000] {processor.py:161} INFO - Started process (PID=1798) to work on /opt/airflow/dags/job_etl_dag.py
[2026-05-11T12:18:56.464+0000] {processor.py:830} INFO - Processing file /opt/airflow/dags/job_etl_dag.py for tasks to queue
[2026-05-11T12:18:56.467+0000] {logging_mixin.py:188} INFO - [2026-05-11T12:18:56.466+0000] {dagbag.py:538} INFO - Filling up the DagBag from /opt/airflow/dags/job_etl_dag.py
[2026-05-11T12:18:56.503+0000] {processor.py:840} INFO - DAG(s) 'job_market_etl' retrieved from /opt/airflow/dags/job_etl_dag.py
[2026-05-11T12:18:56.561+0000] {logging_mixin.py:188} INFO - [2026-05-11T12:18:56.560+0000] {dag.py:3036} INFO - Sync 1 DAGs
[2026-05-11T12:18:56.581+0000] {logging_mixin.py:188} INFO - [2026-05-11T12:18:56.580+0000] {dag.py:3823} INFO - Setting next_dagrun for job_market_etl to None, run_after=None
[2026-05-11T12:18:56.616+0000] {processor.py:183} INFO - Processing /opt/airflow/dags/job_etl_dag.py took 0.160 seconds
[2026-05-11T12:19:26.737+0000] {processor.py:161} INFO - Started process (PID=1799) to work on /opt/airflow/dags/job_etl_dag.py
[2026-05-11T12:19:26.740+0000] {processor.py:830} INFO - Processing file /opt/airflow/dags/job_etl_dag.py for tasks to queue
[2026-05-11T12:19:26.742+0000] {logging_mixin.py:188} INFO - [2026-05-11T12:19:26.742+0000] {dagbag.py:538} INFO - Filling up the DagBag from /opt/airflow/dags/job_etl_dag.py
[2026-05-11T12:19:26.784+0000] {processor.py:840} INFO - DAG(s) 'job_market_etl' retrieved from /opt/airflow/dags/job_etl_dag.py
[2026-05-11T12:19:26.829+0000] {logging_mixin.py:188} INFO - [2026-05-11T12:19:26.829+0000] {dag.py:3036} INFO - Sync 1 DAGs
[2026-05-11T12:19:26.845+0000] {logging_mixin.py:188} INFO - [2026-05-11T12:19:26.845+0000] {dag.py:3823} INFO - Setting next_dagrun for job_market_etl to None, run_after=None
[2026-05-11T12:19:26.877+0000] {processor.py:183} INFO - Processing /opt/airflow/dags/job_etl_dag.py took 0.147 seconds
[2026-05-11T12:19:57.138+0000] {processor.py:161} INFO - Started process (PID=1800) to work on /opt/airflow/dags/job_etl_dag.py
[2026-05-11T12:19:57.140+0000] {processor.py:830} INFO - Processing file /opt/airflow/dags/job_etl_dag.py for tasks to queue
[2026-05-11T12:19:57.141+0000] {logging_mixin.py:188} INFO - [2026-05-11T12:19:57.141+0000] {dagbag.py:538} INFO - Filling up the DagBag from /opt/airflow/dags/job_etl_dag.py
[2026-05-11T12:19:57.172+0000] {processor.py:840} INFO - DAG(s) 'job_market_etl' retrieved from /opt/airflow/dags/job_etl_dag.py
[2026-05-11T12:19:57.217+0000] {logging_mixin.py:188} INFO - [2026-05-11T12:19:57.217+0000] {dag.py:3036} INFO - Sync 1 DAGs
[2026-05-11T12:19:57.234+0000] {logging_mixin.py:188} INFO - [2026-05-11T12:19:57.234+0000] {dag.py:3823} INFO - Setting next_dagrun for job_market_etl to None, run_after=None
[2026-05-11T12:19:57.282+0000] {processor.py:183} INFO - Processing /opt/airflow/dags/job_etl_dag.py took 0.148 seconds
[2026-05-11T12:20:27.410+0000] {processor.py:161} INFO - Started process (PID=1801) to work on /opt/airflow/dags/job_etl_dag.py
[2026-05-11T12:20:27.412+0000] {processor.py:830} INFO - Processing file /opt/airflow/dags/job_etl_dag.py for tasks to queue
[2026-05-11T12:20:27.414+0000] {logging_mixin.py:188} INFO - [2026-05-11T12:20:27.414+0000] {dagbag.py:538} INFO - Filling up the DagBag from /opt/airflow/dags/job_etl_dag.py
[2026-05-11T12:20:27.449+0000] {processor.py:840} INFO - DAG(s) 'job_market_etl' retrieved from /opt/airflow/dags/job_etl_dag.py
[2026-05-11T12:20:27.492+0000] {logging_mixin.py:188} INFO - [2026-05-11T12:20:27.492+0000] {dag.py:3036} INFO - Sync 1 DAGs
[2026-05-11T12:20:27.507+0000] {logging_mixin.py:188} INFO - [2026-05-11T12:20:27.506+0000] {dag.py:3823} INFO - Setting next_dagrun for job_market_etl to None, run_after=None
[2026-05-11T12:20:27.555+0000] {processor.py:183} INFO - Processing /opt/airflow/dags/job_etl_dag.py took 0.150 seconds
[2026-05-11T12:20:57.837+0000] {processor.py:161} INFO - Started process (PID=1802) to work on /opt/airflow/dags/job_etl_dag.py
[2026-05-11T12:20:57.839+0000] {processor.py:830} INFO - Processing file /opt/airflow/dags/job_etl_dag.py for tasks to queue
[2026-05-11T12:20:57.842+0000] {logging_mixin.py:188} INFO - [2026-05-11T12:20:57.841+0000] {dagbag.py:538} INFO - Filling up the DagBag from /opt/airflow/dags/job_etl_dag.py
[2026-05-11T12:20:57.874+0000] {processor.py:840} INFO - DAG(s) 'job_market_etl' retrieved from /opt/airflow/dags/job_etl_dag.py
[2026-05-11T12:20:57.913+0000] {logging_mixin.py:188} INFO - [2026-05-11T12:20:57.912+0000] {dag.py:3036} INFO - Sync 1 DAGs
[2026-05-11T12:20:57.929+0000] {logging_mixin.py:188} INFO - [2026-05-11T12:20:57.929+0000] {dag.py:3823} INFO - Setting next_dagrun for job_market_etl to None, run_after=None
[2026-05-11T12:20:57.979+0000] {processor.py:183} INFO - Processing /opt/airflow/dags/job_etl_dag.py took 0.147 seconds
[2026-05-11T12:21:28.100+0000] {processor.py:161} INFO - Started process (PID=1803) to work on /opt/airflow/dags/job_etl_dag.py
[2026-05-11T12:21:28.101+0000] {processor.py:830} INFO - Processing file /opt/airflow/dags/job_etl_dag.py for tasks to queue
[2026-05-11T12:21:28.104+0000] {logging_mixin.py:188} INFO - [2026-05-11T12:21:28.103+0000] {dagbag.py:538} INFO - Filling up the DagBag from /opt/airflow/dags/job_etl_dag.py
[2026-05-11T12:21:28.133+0000] {processor.py:840} INFO - DAG(s) 'job_market_etl' retrieved from /opt/airflow/dags/job_etl_dag.py
[2026-05-11T12:21:28.175+0000] {logging_mixin.py:188} INFO - [2026-05-11T12:21:28.175+0000] {dag.py:3036} INFO - Sync 1 DAGs
[2026-05-11T12:21:28.192+0000] {logging_mixin.py:188} INFO - [2026-05-11T12:21:28.192+0000] {dag.py:3823} INFO - Setting next_dagrun for job_market_etl to None, run_after=None
[2026-05-11T12:21:28.224+0000] {processor.py:183} INFO - Processing /opt/airflow/dags/job_etl_dag.py took 0.130 seconds
[2026-05-11T12:21:58.466+0000] {processor.py:161} INFO - Started process (PID=1804) to work on /opt/airflow/dags/job_etl_dag.py
[2026-05-11T12:21:58.468+0000] {processor.py:830} INFO - Processing file /opt/airflow/dags/job_etl_dag.py for tasks to queue
[2026-05-11T12:21:58.470+0000] {logging_mixin.py:188} INFO - [2026-05-11T12:21:58.470+0000] {dagbag.py:538} INFO - Filling up the DagBag from /opt/airflow/dags/job_etl_dag.py
[2026-05-11T12:21:58.498+0000] {processor.py:840} INFO - DAG(s) 'job_market_etl' retrieved from /opt/airflow/dags/job_etl_dag.py
[2026-05-11T12:21:58.540+0000] {logging_mixin.py:188} INFO - [2026-05-11T12:21:58.539+0000] {dag.py:3036} INFO - Sync 1 DAGs
[2026-05-11T12:21:58.556+0000] {logging_mixin.py:188} INFO - [2026-05-11T12:21:58.556+0000] {dag.py:3823} INFO - Setting next_dagrun for job_market_etl to None, run_after=None
[2026-05-11T12:21:58.590+0000] {processor.py:183} INFO - Processing /opt/airflow/dags/job_etl_dag.py took 0.128 seconds
[2026-05-11T12:22:28.740+0000] {processor.py:161} INFO - Started process (PID=1805) to work on /opt/airflow/dags/job_etl_dag.py
[2026-05-11T12:22:28.743+0000] {processor.py:830} INFO - Processing file /opt/airflow/dags/job_etl_dag.py for tasks to queue
[2026-05-11T12:22:28.744+0000] {logging_mixin.py:188} INFO - [2026-05-11T12:22:28.744+0000] {dagbag.py:538} INFO - Filling up the DagBag from /opt/airflow/dags/job_etl_dag.py
[2026-05-11T12:22:28.776+0000] {processor.py:840} INFO - DAG(s) 'job_market_etl' retrieved from /opt/airflow/dags/job_etl_dag.py
[2026-05-11T12:22:28.817+0000] {logging_mixin.py:188} INFO - [2026-05-11T12:22:28.817+0000] {dag.py:3036} INFO - Sync 1 DAGs
[2026-05-11T12:22:28.834+0000] {logging_mixin.py:188} INFO - [2026-05-11T12:22:28.834+0000] {dag.py:3823} INFO - Setting next_dagrun for job_market_etl to None, run_after=None
[2026-05-11T12:22:28.880+0000] {processor.py:183} INFO - Processing /opt/airflow/dags/job_etl_dag.py took 0.145 seconds
[2026-05-11T12:22:59.092+0000] {processor.py:161} INFO - Started process (PID=1806) to work on /opt/airflow/dags/job_etl_dag.py
[2026-05-11T12:22:59.094+0000] {processor.py:830} INFO - Processing file /opt/airflow/dags/job_etl_dag.py for tasks to queue
[2026-05-11T12:22:59.096+0000] {logging_mixin.py:188} INFO - [2026-05-11T12:22:59.096+0000] {dagbag.py:538} INFO - Filling up the DagBag from /opt/airflow/dags/job_etl_dag.py
[2026-05-11T12:22:59.124+0000] {processor.py:840} INFO - DAG(s) 'job_market_etl' retrieved from /opt/airflow/dags/job_etl_dag.py
[2026-05-11T12:22:59.168+0000] {logging_mixin.py:188} INFO - [2026-05-11T12:22:59.167+0000] {dag.py:3036} INFO - Sync 1 DAGs
[2026-05-11T12:22:59.186+0000] {logging_mixin.py:188} INFO - [2026-05-11T12:22:59.185+0000] {dag.py:3823} INFO - Setting next_dagrun for job_market_etl to None, run_after=None
[2026-05-11T12:22:59.234+0000] {processor.py:183} INFO - Processing /opt/airflow/dags/job_etl_dag.py took 0.148 seconds
[2026-05-11T12:23:29.391+0000] {processor.py:161} INFO - Started process (PID=1807) to work on /opt/airflow/dags/job_etl_dag.py
[2026-05-11T12:23:29.394+0000] {processor.py:830} INFO - Processing file /opt/airflow/dags/job_etl_dag.py for tasks to queue
[2026-05-11T12:23:29.396+0000] {logging_mixin.py:188} INFO - [2026-05-11T12:23:29.395+0000] {dagbag.py:538} INFO - Filling up the DagBag from /opt/airflow/dags/job_etl_dag.py
[2026-05-11T12:23:29.426+0000] {processor.py:840} INFO - DAG(s) 'job_market_etl' retrieved from /opt/airflow/dags/job_etl_dag.py
[2026-05-11T12:23:29.472+0000] {logging_mixin.py:188} INFO - [2026-05-11T12:23:29.471+0000] {dag.py:3036} INFO - Sync 1 DAGs
[2026-05-11T12:23:29.490+0000] {logging_mixin.py:188} INFO - [2026-05-11T12:23:29.489+0000] {dag.py:3823} INFO - Setting next_dagrun for job_market_etl to None, run_after=None
[2026-05-11T12:23:29.525+0000] {processor.py:183} INFO - Processing /opt/airflow/dags/job_etl_dag.py took 0.139 seconds
[2026-05-11T12:23:59.746+0000] {processor.py:161} INFO - Started process (PID=1808) to work on /opt/airflow/dags/job_etl_dag.py
[2026-05-11T12:23:59.749+0000] {processor.py:830} INFO - Processing file /opt/airflow/dags/job_etl_dag.py for tasks to queue
[2026-05-11T12:23:59.751+0000] {logging_mixin.py:188} INFO - [2026-05-11T12:23:59.751+0000] {dagbag.py:538} INFO - Filling up the DagBag from /opt/airflow/dags/job_etl_dag.py
[2026-05-11T12:23:59.779+0000] {processor.py:840} INFO - DAG(s) 'job_market_etl' retrieved from /opt/airflow/dags/job_etl_dag.py
[2026-05-11T12:23:59.837+0000] {logging_mixin.py:188} INFO - [2026-05-11T12:23:59.837+0000] {dag.py:3036} INFO - Sync 1 DAGs
[2026-05-11T12:23:59.855+0000] {logging_mixin.py:188} INFO - [2026-05-11T12:23:59.855+0000] {dag.py:3823} INFO - Setting next_dagrun for job_market_etl to None, run_after=None
[2026-05-11T12:23:59.886+0000] {processor.py:183} INFO - Processing /opt/airflow/dags/job_etl_dag.py took 0.146 seconds
[2026-05-11T12:24:30.028+0000] {processor.py:161} INFO - Started process (PID=1809) to work on /opt/airflow/dags/job_etl_dag.py
[2026-05-11T12:24:30.030+0000] {processor.py:830} INFO - Processing file /opt/airflow/dags/job_etl_dag.py for tasks to queue
[2026-05-11T12:24:30.033+0000] {logging_mixin.py:188} INFO - [2026-05-11T12:24:30.032+0000] {dagbag.py:538} INFO - Filling up the DagBag from /opt/airflow/dags/job_etl_dag.py
[2026-05-11T12:24:30.081+0000] {processor.py:840} INFO - DAG(s) 'job_market_etl' retrieved from /opt/airflow/dags/job_etl_dag.py
[2026-05-11T12:24:30.130+0000] {logging_mixin.py:188} INFO - [2026-05-11T12:24:30.129+0000] {dag.py:3036} INFO - Sync 1 DAGs
[2026-05-11T12:24:30.146+0000] {logging_mixin.py:188} INFO - [2026-05-11T12:24:30.146+0000] {dag.py:3823} INFO - Setting next_dagrun for job_market_etl to None, run_after=None
[2026-05-11T12:24:30.179+0000] {processor.py:183} INFO - Processing /opt/airflow/dags/job_etl_dag.py took 0.158 seconds
[2026-05-11T12:25:00.377+0000] {processor.py:161} INFO - Started process (PID=1810) to work on /opt/airflow/dags/job_etl_dag.py
[2026-05-11T12:25:00.379+0000] {processor.py:830} INFO - Processing file /opt/airflow/dags/job_etl_dag.py for tasks to queue
[2026-05-11T12:25:00.381+0000] {logging_mixin.py:188} INFO - [2026-05-11T12:25:00.380+0000] {dagbag.py:538} INFO - Filling up the DagBag from /opt/airflow/dags/job_etl_dag.py
[2026-05-11T12:25:00.414+0000] {processor.py:840} INFO - DAG(s) 'job_market_etl' retrieved from /opt/airflow/dags/job_etl_dag.py
[2026-05-11T12:25:00.456+0000] {logging_mixin.py:188} INFO - [2026-05-11T12:25:00.456+0000] {dag.py:3036} INFO - Sync 1 DAGs
[2026-05-11T12:25:00.473+0000] {logging_mixin.py:188} INFO - [2026-05-11T12:25:00.473+0000] {dag.py:3823} INFO - Setting next_dagrun for job_market_etl to None, run_after=None
[2026-05-11T12:25:00.507+0000] {processor.py:183} INFO - Processing /opt/airflow/dags/job_etl_dag.py took 0.136 seconds
[2026-05-11T12:25:30.678+0000] {processor.py:161} INFO - Started process (PID=1811) to work on /opt/airflow/dags/job_etl_dag.py
[2026-05-11T12:25:30.680+0000] {processor.py:830} INFO - Processing file /opt/airflow/dags/job_etl_dag.py for tasks to queue
[2026-05-11T12:25:30.682+0000] {logging_mixin.py:188} INFO - [2026-05-11T12:25:30.682+0000] {dagbag.py:538} INFO - Filling up the DagBag from /opt/airflow/dags/job_etl_dag.py
[2026-05-11T12:25:30.715+0000] {processor.py:840} INFO - DAG(s) 'job_market_etl' retrieved from /opt/airflow/dags/job_etl_dag.py
[2026-05-11T12:25:30.758+0000] {logging_mixin.py:188} INFO - [2026-05-11T12:25:30.758+0000] {dag.py:3036} INFO - Sync 1 DAGs
[2026-05-11T12:25:30.777+0000] {logging_mixin.py:188} INFO - [2026-05-11T12:25:30.777+0000] {dag.py:3823} INFO - Setting next_dagrun for job_market_etl to None, run_after=None
[2026-05-11T12:25:30.808+0000] {processor.py:183} INFO - Processing /opt/airflow/dags/job_etl_dag.py took 0.137 seconds
[2026-05-11T12:26:01.048+0000] {processor.py:161} INFO - Started process (PID=1812) to work on /opt/airflow/dags/job_etl_dag.py
[2026-05-11T12:26:01.050+0000] {processor.py:830} INFO - Processing file /opt/airflow/dags/job_etl_dag.py for tasks to queue
[2026-05-11T12:26:01.052+0000] {logging_mixin.py:188} INFO - [2026-05-11T12:26:01.052+0000] {dagbag.py:538} INFO - Filling up the DagBag from /opt/airflow/dags/job_etl_dag.py
[2026-05-11T12:26:01.082+0000] {processor.py:840} INFO - DAG(s) 'job_market_etl' retrieved from /opt/airflow/dags/job_etl_dag.py
[2026-05-11T12:26:01.124+0000] {logging_mixin.py:188} INFO - [2026-05-11T12:26:01.124+0000] {dag.py:3036} INFO - Sync 1 DAGs
[2026-05-11T12:26:01.141+0000] {logging_mixin.py:188} INFO - [2026-05-11T12:26:01.141+0000] {dag.py:3823} INFO - Setting next_dagrun for job_market_etl to None, run_after=None
[2026-05-11T12:26:01.188+0000] {processor.py:183} INFO - Processing /opt/airflow/dags/job_etl_dag.py took 0.144 seconds
[2026-05-11T12:26:31.315+0000] {processor.py:161} INFO - Started process (PID=1813) to work on /opt/airflow/dags/job_etl_dag.py
[2026-05-11T12:26:31.317+0000] {processor.py:830} INFO - Processing file /opt/airflow/dags/job_etl_dag.py for tasks to queue
[2026-05-11T12:26:31.319+0000] {logging_mixin.py:188} INFO - [2026-05-11T12:26:31.319+0000] {dagbag.py:538} INFO - Filling up the DagBag from /opt/airflow/dags/job_etl_dag.py
[2026-05-11T12:26:31.347+0000] {processor.py:840} INFO - DAG(s) 'job_market_etl' retrieved from /opt/airflow/dags/job_etl_dag.py
[2026-05-11T12:26:31.394+0000] {logging_mixin.py:188} INFO - [2026-05-11T12:26:31.394+0000] {dag.py:3036} INFO - Sync 1 DAGs
[2026-05-11T12:26:31.412+0000] {logging_mixin.py:188} INFO - [2026-05-11T12:26:31.412+0000] {dag.py:3823} INFO - Setting next_dagrun for job_market_etl to None, run_after=None
[2026-05-11T12:26:31.463+0000] {processor.py:183} INFO - Processing /opt/airflow/dags/job_etl_dag.py took 0.154 seconds
[2026-05-11T12:27:01.695+0000] {processor.py:161} INFO - Started process (PID=1814) to work on /opt/airflow/dags/job_etl_dag.py
[2026-05-11T12:27:01.696+0000] {processor.py:830} INFO - Processing file /opt/airflow/dags/job_etl_dag.py for tasks to queue
[2026-05-11T12:27:01.698+0000] {logging_mixin.py:188} INFO - [2026-05-11T12:27:01.697+0000] {dagbag.py:538} INFO - Filling up the DagBag from /opt/airflow/dags/job_etl_dag.py
[2026-05-11T12:27:01.733+0000] {processor.py:840} INFO - DAG(s) 'job_market_etl' retrieved from /opt/airflow/dags/job_etl_dag.py
[2026-05-11T12:27:01.777+0000] {logging_mixin.py:188} INFO - [2026-05-11T12:27:01.777+0000] {dag.py:3036} INFO - Sync 1 DAGs
[2026-05-11T12:27:01.800+0000] {logging_mixin.py:188} INFO - [2026-05-11T12:27:01.800+0000] {dag.py:3823} INFO - Setting next_dagrun for job_market_etl to None, run_after=None
[2026-05-11T12:27:01.834+0000] {processor.py:183} INFO - Processing /opt/airflow/dags/job_etl_dag.py took 0.144 seconds
[2026-05-11T12:27:31.966+0000] {processor.py:161} INFO - Started process (PID=1815) to work on /opt/airflow/dags/job_etl_dag.py
[2026-05-11T12:27:31.968+0000] {processor.py:830} INFO - Processing file /opt/airflow/dags/job_etl_dag.py for tasks to queue
[2026-05-11T12:27:31.970+0000] {logging_mixin.py:188} INFO - [2026-05-11T12:27:31.970+0000] {dagbag.py:538} INFO - Filling up the DagBag from /opt/airflow/dags/job_etl_dag.py
[2026-05-11T12:27:32.001+0000] {processor.py:840} INFO - DAG(s) 'job_market_etl' retrieved from /opt/airflow/dags/job_etl_dag.py
[2026-05-11T12:27:32.047+0000] {logging_mixin.py:188} INFO - [2026-05-11T12:27:32.047+0000] {dag.py:3036} INFO - Sync 1 DAGs
[2026-05-11T12:27:32.064+0000] {logging_mixin.py:188} INFO - [2026-05-11T12:27:32.064+0000] {dag.py:3823} INFO - Setting next_dagrun for job_market_etl to None, run_after=None
[2026-05-11T12:27:32.098+0000] {processor.py:183} INFO - Processing /opt/airflow/dags/job_etl_dag.py took 0.139 seconds
[2026-05-11T12:28:02.332+0000] {processor.py:161} INFO - Started process (PID=1816) to work on /opt/airflow/dags/job_etl_dag.py
[2026-05-11T12:28:02.334+0000] {processor.py:830} INFO - Processing file /opt/airflow/dags/job_etl_dag.py for tasks to queue
[2026-05-11T12:28:02.336+0000] {logging_mixin.py:188} INFO - [2026-05-11T12:28:02.335+0000] {dagbag.py:538} INFO - Filling up the DagBag from /opt/airflow/dags/job_etl_dag.py
[2026-05-11T12:28:02.364+0000] {processor.py:840} INFO - DAG(s) 'job_market_etl' retrieved from /opt/airflow/dags/job_etl_dag.py
[2026-05-11T12:28:02.409+0000] {logging_mixin.py:188} INFO - [2026-05-11T12:28:02.409+0000] {dag.py:3036} INFO - Sync 1 DAGs
[2026-05-11T12:28:02.428+0000] {logging_mixin.py:188} INFO - [2026-05-11T12:28:02.428+0000] {dag.py:3823} INFO - Setting next_dagrun for job_market_etl to None, run_after=None
[2026-05-11T12:28:02.465+0000] {processor.py:183} INFO - Processing /opt/airflow/dags/job_etl_dag.py took 0.137 seconds
[2026-05-11T12:28:32.596+0000] {processor.py:161} INFO - Started process (PID=1817) to work on /opt/airflow/dags/job_etl_dag.py
[2026-05-11T12:28:32.598+0000] {processor.py:830} INFO - Processing file /opt/airflow/dags/job_etl_dag.py for tasks to queue
[2026-05-11T12:28:32.601+0000] {logging_mixin.py:188} INFO - [2026-05-11T12:28:32.600+0000] {dagbag.py:538} INFO - Filling up the DagBag from /opt/airflow/dags/job_etl_dag.py
[2026-05-11T12:28:32.636+0000] {processor.py:840} INFO - DAG(s) 'job_market_etl' retrieved from /opt/airflow/dags/job_etl_dag.py
[2026-05-11T12:28:32.681+0000] {logging_mixin.py:188} INFO - [2026-05-11T12:28:32.681+0000] {dag.py:3036} INFO - Sync 1 DAGs
[2026-05-11T12:28:32.698+0000] {logging_mixin.py:188} INFO - [2026-05-11T12:28:32.698+0000] {dag.py:3823} INFO - Setting next_dagrun for job_market_etl to None, run_after=None
[2026-05-11T12:28:32.751+0000] {processor.py:183} INFO - Processing /opt/airflow/dags/job_etl_dag.py took 0.159 seconds
[2026-05-11T12:29:02.959+0000] {processor.py:161} INFO - Started process (PID=1818) to work on /opt/airflow/dags/job_etl_dag.py
[2026-05-11T12:29:02.961+0000] {processor.py:830} INFO - Processing file /opt/airflow/dags/job_etl_dag.py for tasks to queue
[2026-05-11T12:29:02.963+0000] {logging_mixin.py:188} INFO - [2026-05-11T12:29:02.963+0000] {dagbag.py:538} INFO - Filling up the DagBag from /opt/airflow/dags/job_etl_dag.py
[2026-05-11T12:29:02.993+0000] {processor.py:840} INFO - DAG(s) 'job_market_etl' retrieved from /opt/airflow/dags/job_etl_dag.py
[2026-05-11T12:29:03.038+0000] {logging_mixin.py:188} INFO - [2026-05-11T12:29:03.037+0000] {dag.py:3036} INFO - Sync 1 DAGs
[2026-05-11T12:29:03.055+0000] {logging_mixin.py:188} INFO - [2026-05-11T12:29:03.055+0000] {dag.py:3823} INFO - Setting next_dagrun for job_market_etl to None, run_after=None
[2026-05-11T12:29:03.100+0000] {processor.py:183} INFO - Processing /opt/airflow/dags/job_etl_dag.py took 0.146 seconds
[2026-05-11T12:29:33.253+0000] {processor.py:161} INFO - Started process (PID=1819) to work on /opt/airflow/dags/job_etl_dag.py
[2026-05-11T12:29:33.255+0000] {processor.py:830} INFO - Processing file /opt/airflow/dags/job_etl_dag.py for tasks to queue
[2026-05-11T12:29:33.258+0000] {logging_mixin.py:188} INFO - [2026-05-11T12:29:33.257+0000] {dagbag.py:538} INFO - Filling up the DagBag from /opt/airflow/dags/job_etl_dag.py
[2026-05-11T12:29:33.290+0000] {processor.py:840} INFO - DAG(s) 'job_market_etl' retrieved from /opt/airflow/dags/job_etl_dag.py
[2026-05-11T12:29:33.328+0000] {logging_mixin.py:188} INFO - [2026-05-11T12:29:33.328+0000] {dag.py:3036} INFO - Sync 1 DAGs
[2026-05-11T12:29:33.347+0000] {logging_mixin.py:188} INFO - [2026-05-11T12:29:33.346+0000] {dag.py:3823} INFO - Setting next_dagrun for job_market_etl to None, run_after=None
[2026-05-11T12:29:33.396+0000] {processor.py:183} INFO - Processing /opt/airflow/dags/job_etl_dag.py took 0.149 seconds
[2026-05-11T12:30:03.607+0000] {processor.py:161} INFO - Started process (PID=1820) to work on /opt/airflow/dags/job_etl_dag.py
[2026-05-11T12:30:03.610+0000] {processor.py:830} INFO - Processing file /opt/airflow/dags/job_etl_dag.py for tasks to queue
[2026-05-11T12:30:03.612+0000] {logging_mixin.py:188} INFO - [2026-05-11T12:30:03.611+0000] {dagbag.py:538} INFO - Filling up the DagBag from /opt/airflow/dags/job_etl_dag.py
[2026-05-11T12:30:03.640+0000] {processor.py:840} INFO - DAG(s) 'job_market_etl' retrieved from /opt/airflow/dags/job_etl_dag.py
[2026-05-11T12:30:03.680+0000] {logging_mixin.py:188} INFO - [2026-05-11T12:30:03.680+0000] {dag.py:3036} INFO - Sync 1 DAGs
[2026-05-11T12:30:03.698+0000] {logging_mixin.py:188} INFO - [2026-05-11T12:30:03.698+0000] {dag.py:3823} INFO - Setting next_dagrun for job_market_etl to None, run_after=None
[2026-05-11T12:30:03.747+0000] {processor.py:183} INFO - Processing /opt/airflow/dags/job_etl_dag.py took 0.145 seconds
[2026-05-11T12:30:33.892+0000] {processor.py:161} INFO - Started process (PID=1821) to work on /opt/airflow/dags/job_etl_dag.py
[2026-05-11T12:30:33.894+0000] {processor.py:830} INFO - Processing file /opt/airflow/dags/job_etl_dag.py for tasks to queue
[2026-05-11T12:30:33.896+0000] {logging_mixin.py:188} INFO - [2026-05-11T12:30:33.895+0000] {dagbag.py:538} INFO - Filling up the DagBag from /opt/airflow/dags/job_etl_dag.py
[2026-05-11T12:30:33.925+0000] {processor.py:840} INFO - DAG(s) 'job_market_etl' retrieved from /opt/airflow/dags/job_etl_dag.py
[2026-05-11T12:30:33.972+0000] {logging_mixin.py:188} INFO - [2026-05-11T12:30:33.971+0000] {dag.py:3036} INFO - Sync 1 DAGs
[2026-05-11T12:30:33.990+0000] {logging_mixin.py:188} INFO - [2026-05-11T12:30:33.990+0000] {dag.py:3823} INFO - Setting next_dagrun for job_market_etl to None, run_after=None
[2026-05-11T12:30:34.037+0000] {processor.py:183} INFO - Processing /opt/airflow/dags/job_etl_dag.py took 0.152 seconds
[2026-05-11T12:31:04.283+0000] {processor.py:161} INFO - Started process (PID=1822) to work on /opt/airflow/dags/job_etl_dag.py
[2026-05-11T12:31:04.284+0000] {processor.py:830} INFO - Processing file /opt/airflow/dags/job_etl_dag.py for tasks to queue
[2026-05-11T12:31:04.286+0000] {logging_mixin.py:188} INFO - [2026-05-11T12:31:04.286+0000] {dagbag.py:538} INFO - Filling up the DagBag from /opt/airflow/dags/job_etl_dag.py
[2026-05-11T12:31:04.315+0000] {processor.py:840} INFO - DAG(s) 'job_market_etl' retrieved from /opt/airflow/dags/job_etl_dag.py
[2026-05-11T12:31:04.358+0000] {logging_mixin.py:188} INFO - [2026-05-11T12:31:04.357+0000] {dag.py:3036} INFO - Sync 1 DAGs
[2026-05-11T12:31:04.375+0000] {logging_mixin.py:188} INFO - [2026-05-11T12:31:04.374+0000] {dag.py:3823} INFO - Setting next_dagrun for job_market_etl to None, run_after=None
[2026-05-11T12:31:04.418+0000] {processor.py:183} INFO - Processing /opt/airflow/dags/job_etl_dag.py took 0.139 seconds
[2026-05-11T12:31:34.532+0000] {processor.py:161} INFO - Started process (PID=1823) to work on /opt/airflow/dags/job_etl_dag.py
[2026-05-11T12:31:34.535+0000] {processor.py:830} INFO - Processing file /opt/airflow/dags/job_etl_dag.py for tasks to queue
[2026-05-11T12:31:34.536+0000] {logging_mixin.py:188} INFO - [2026-05-11T12:31:34.536+0000] {dagbag.py:538} INFO - Filling up the DagBag from /opt/airflow/dags/job_etl_dag.py
[2026-05-11T12:31:34.565+0000] {processor.py:840} INFO - DAG(s) 'job_market_etl' retrieved from /opt/airflow/dags/job_etl_dag.py
[2026-05-11T12:31:34.613+0000] {logging_mixin.py:188} INFO - [2026-05-11T12:31:34.613+0000] {dag.py:3036} INFO - Sync 1 DAGs
[2026-05-11T12:31:34.630+0000] {logging_mixin.py:188} INFO - [2026-05-11T12:31:34.630+0000] {dag.py:3823} INFO - Setting next_dagrun for job_market_etl to None, run_after=None
[2026-05-11T12:31:34.680+0000] {processor.py:183} INFO - Processing /opt/airflow/dags/job_etl_dag.py took 0.152 seconds
[2026-05-11T12:32:04.929+0000] {processor.py:161} INFO - Started process (PID=1824) to work on /opt/airflow/dags/job_etl_dag.py
[2026-05-11T12:32:04.931+0000] {processor.py:830} INFO - Processing file /opt/airflow/dags/job_etl_dag.py for tasks to queue
[2026-05-11T12:32:04.933+0000] {logging_mixin.py:188} INFO - [2026-05-11T12:32:04.932+0000] {dagbag.py:538} INFO - Filling up the DagBag from /opt/airflow/dags/job_etl_dag.py
[2026-05-11T12:32:04.963+0000] {processor.py:840} INFO - DAG(s) 'job_market_etl' retrieved from /opt/airflow/dags/job_etl_dag.py
[2026-05-11T12:32:05.004+0000] {logging_mixin.py:188} INFO - [2026-05-11T12:32:05.003+0000] {dag.py:3036} INFO - Sync 1 DAGs
[2026-05-11T12:32:05.027+0000] {logging_mixin.py:188} INFO - [2026-05-11T12:32:05.027+0000] {dag.py:3823} INFO - Setting next_dagrun for job_market_etl to None, run_after=None
[2026-05-11T12:32:05.065+0000] {processor.py:183} INFO - Processing /opt/airflow/dags/job_etl_dag.py took 0.140 seconds
[2026-05-11T12:32:35.205+0000] {processor.py:161} INFO - Started process (PID=1825) to work on /opt/airflow/dags/job_etl_dag.py
[2026-05-11T12:32:35.209+0000] {processor.py:830} INFO - Processing file /opt/airflow/dags/job_etl_dag.py for tasks to queue
[2026-05-11T12:32:35.212+0000] {logging_mixin.py:188} INFO - [2026-05-11T12:32:35.211+0000] {dagbag.py:538} INFO - Filling up the DagBag from /opt/airflow/dags/job_etl_dag.py
[2026-05-11T12:32:35.242+0000] {processor.py:840} INFO - DAG(s) 'job_market_etl' retrieved from /opt/airflow/dags/job_etl_dag.py
[2026-05-11T12:32:35.287+0000] {logging_mixin.py:188} INFO - [2026-05-11T12:32:35.287+0000] {dag.py:3036} INFO - Sync 1 DAGs
[2026-05-11T12:32:35.305+0000] {logging_mixin.py:188} INFO - [2026-05-11T12:32:35.304+0000] {dag.py:3823} INFO - Setting next_dagrun for job_market_etl to None, run_after=None
[2026-05-11T12:32:35.355+0000] {processor.py:183} INFO - Processing /opt/airflow/dags/job_etl_dag.py took 0.158 seconds
[2026-05-11T12:33:05.562+0000] {processor.py:161} INFO - Started process (PID=1826) to work on /opt/airflow/dags/job_etl_dag.py
[2026-05-11T12:33:05.564+0000] {processor.py:830} INFO - Processing file /opt/airflow/dags/job_etl_dag.py for tasks to queue
[2026-05-11T12:33:05.567+0000] {logging_mixin.py:188} INFO - [2026-05-11T12:33:05.566+0000] {dagbag.py:538} INFO - Filling up the DagBag from /opt/airflow/dags/job_etl_dag.py
[2026-05-11T12:33:05.598+0000] {processor.py:840} INFO - DAG(s) 'job_market_etl' retrieved from /opt/airflow/dags/job_etl_dag.py
[2026-05-11T12:33:05.644+0000] {logging_mixin.py:188} INFO - [2026-05-11T12:33:05.643+0000] {dag.py:3036} INFO - Sync 1 DAGs
[2026-05-11T12:33:05.664+0000] {logging_mixin.py:188} INFO - [2026-05-11T12:33:05.663+0000] {dag.py:3823} INFO - Setting next_dagrun for job_market_etl to None, run_after=None
[2026-05-11T12:33:05.710+0000] {processor.py:183} INFO - Processing /opt/airflow/dags/job_etl_dag.py took 0.154 seconds
[2026-05-11T12:33:35.882+0000] {processor.py:161} INFO - Started process (PID=1827) to work on /opt/airflow/dags/job_etl_dag.py
[2026-05-11T12:33:35.885+0000] {processor.py:830} INFO - Processing file /opt/airflow/dags/job_etl_dag.py for tasks to queue
[2026-05-11T12:33:35.886+0000] {logging_mixin.py:188} INFO - [2026-05-11T12:33:35.886+0000] {dagbag.py:538} INFO - Filling up the DagBag from /opt/airflow/dags/job_etl_dag.py
[2026-05-11T12:33:35.918+0000] {processor.py:840} INFO - DAG(s) 'job_market_etl' retrieved from /opt/airflow/dags/job_etl_dag.py
[2026-05-11T12:33:35.970+0000] {logging_mixin.py:188} INFO - [2026-05-11T12:33:35.970+0000] {dag.py:3036} INFO - Sync 1 DAGs
[2026-05-11T12:33:35.989+0000] {logging_mixin.py:188} INFO - [2026-05-11T12:33:35.989+0000] {dag.py:3823} INFO - Setting next_dagrun for job_market_etl to None, run_after=None
[2026-05-11T12:33:36.035+0000] {processor.py:183} INFO - Processing /opt/airflow/dags/job_etl_dag.py took 0.167 seconds
[2026-05-11T12:34:06.228+0000] {processor.py:161} INFO - Started process (PID=1828) to work on /opt/airflow/dags/job_etl_dag.py
[2026-05-11T12:34:06.231+0000] {processor.py:830} INFO - Processing file /opt/airflow/dags/job_etl_dag.py for tasks to queue
[2026-05-11T12:34:06.234+0000] {logging_mixin.py:188} INFO - [2026-05-11T12:34:06.234+0000] {dagbag.py:538} INFO - Filling up the DagBag from /opt/airflow/dags/job_etl_dag.py
[2026-05-11T12:34:06.267+0000] {processor.py:840} INFO - DAG(s) 'job_market_etl' retrieved from /opt/airflow/dags/job_etl_dag.py
[2026-05-11T12:34:06.312+0000] {logging_mixin.py:188} INFO - [2026-05-11T12:34:06.311+0000] {dag.py:3036} INFO - Sync 1 DAGs
[2026-05-11T12:34:06.330+0000] {logging_mixin.py:188} INFO - [2026-05-11T12:34:06.330+0000] {dag.py:3823} INFO - Setting next_dagrun for job_market_etl to None, run_after=None
[2026-05-11T12:34:06.366+0000] {processor.py:183} INFO - Processing /opt/airflow/dags/job_etl_dag.py took 0.147 seconds
[2026-05-11T12:34:36.527+0000] {processor.py:161} INFO - Started process (PID=1829) to work on /opt/airflow/dags/job_etl_dag.py
[2026-05-11T12:34:36.530+0000] {processor.py:830} INFO - Processing file /opt/airflow/dags/job_etl_dag.py for tasks to queue
[2026-05-11T12:34:36.532+0000] {logging_mixin.py:188} INFO - [2026-05-11T12:34:36.532+0000] {dagbag.py:538} INFO - Filling up the DagBag from /opt/airflow/dags/job_etl_dag.py
[2026-05-11T12:34:36.564+0000] {processor.py:840} INFO - DAG(s) 'job_market_etl' retrieved from /opt/airflow/dags/job_etl_dag.py
[2026-05-11T12:34:36.606+0000] {logging_mixin.py:188} INFO - [2026-05-11T12:34:36.606+0000] {dag.py:3036} INFO - Sync 1 DAGs
[2026-05-11T12:34:36.625+0000] {logging_mixin.py:188} INFO - [2026-05-11T12:34:36.625+0000] {dag.py:3823} INFO - Setting next_dagrun for job_market_etl to None, run_after=None
[2026-05-11T12:34:36.655+0000] {processor.py:183} INFO - Processing /opt/airflow/dags/job_etl_dag.py took 0.133 seconds
[2026-05-11T12:35:06.855+0000] {processor.py:161} INFO - Started process (PID=1830) to work on /opt/airflow/dags/job_etl_dag.py
[2026-05-11T12:35:06.857+0000] {processor.py:830} INFO - Processing file /opt/airflow/dags/job_etl_dag.py for tasks to queue
[2026-05-11T12:35:06.858+0000] {logging_mixin.py:188} INFO - [2026-05-11T12:35:06.858+0000] {dagbag.py:538} INFO - Filling up the DagBag from /opt/airflow/dags/job_etl_dag.py
[2026-05-11T12:35:06.891+0000] {processor.py:840} INFO - DAG(s) 'job_market_etl' retrieved from /opt/airflow/dags/job_etl_dag.py
[2026-05-11T12:35:06.932+0000] {logging_mixin.py:188} INFO - [2026-05-11T12:35:06.932+0000] {dag.py:3036} INFO - Sync 1 DAGs
[2026-05-11T12:35:06.949+0000] {logging_mixin.py:188} INFO - [2026-05-11T12:35:06.949+0000] {dag.py:3823} INFO - Setting next_dagrun for job_market_etl to None, run_after=None
[2026-05-11T12:35:06.978+0000] {processor.py:183} INFO - Processing /opt/airflow/dags/job_etl_dag.py took 0.127 seconds
[2026-05-11T12:35:37.150+0000] {processor.py:161} INFO - Started process (PID=1831) to work on /opt/airflow/dags/job_etl_dag.py
[2026-05-11T12:35:37.152+0000] {processor.py:830} INFO - Processing file /opt/airflow/dags/job_etl_dag.py for tasks to queue
[2026-05-11T12:35:37.154+0000] {logging_mixin.py:188} INFO - [2026-05-11T12:35:37.154+0000] {dagbag.py:538} INFO - Filling up the DagBag from /opt/airflow/dags/job_etl_dag.py
[2026-05-11T12:35:37.185+0000] {processor.py:840} INFO - DAG(s) 'job_market_etl' retrieved from /opt/airflow/dags/job_etl_dag.py
[2026-05-11T12:35:37.225+0000] {logging_mixin.py:188} INFO - [2026-05-11T12:35:37.224+0000] {dag.py:3036} INFO - Sync 1 DAGs
[2026-05-11T12:35:37.243+0000] {logging_mixin.py:188} INFO - [2026-05-11T12:35:37.242+0000] {dag.py:3823} INFO - Setting next_dagrun for job_market_etl to None, run_after=None
[2026-05-11T12:35:37.289+0000] {processor.py:183} INFO - Processing /opt/airflow/dags/job_etl_dag.py took 0.145 seconds
[2026-05-11T12:36:07.517+0000] {processor.py:161} INFO - Started process (PID=1832) to work on /opt/airflow/dags/job_etl_dag.py
[2026-05-11T12:36:07.519+0000] {processor.py:830} INFO - Processing file /opt/airflow/dags/job_etl_dag.py for tasks to queue
[2026-05-11T12:36:07.520+0000] {logging_mixin.py:188} INFO - [2026-05-11T12:36:07.520+0000] {dagbag.py:538} INFO - Filling up the DagBag from /opt/airflow/dags/job_etl_dag.py
[2026-05-11T12:36:07.556+0000] {processor.py:840} INFO - DAG(s) 'job_market_etl' retrieved from /opt/airflow/dags/job_etl_dag.py
[2026-05-11T12:36:07.607+0000] {logging_mixin.py:188} INFO - [2026-05-11T12:36:07.606+0000] {dag.py:3036} INFO - Sync 1 DAGs
[2026-05-11T12:36:07.623+0000] {logging_mixin.py:188} INFO - [2026-05-11T12:36:07.623+0000] {dag.py:3823} INFO - Setting next_dagrun for job_market_etl to None, run_after=None
[2026-05-11T12:36:07.659+0000] {processor.py:183} INFO - Processing /opt/airflow/dags/job_etl_dag.py took 0.146 seconds
[2026-05-11T12:36:37.792+0000] {processor.py:161} INFO - Started process (PID=1833) to work on /opt/airflow/dags/job_etl_dag.py
[2026-05-11T12:36:37.795+0000] {processor.py:830} INFO - Processing file /opt/airflow/dags/job_etl_dag.py for tasks to queue
[2026-05-11T12:36:37.798+0000] {logging_mixin.py:188} INFO - [2026-05-11T12:36:37.797+0000] {dagbag.py:538} INFO - Filling up the DagBag from /opt/airflow/dags/job_etl_dag.py
[2026-05-11T12:36:37.828+0000] {processor.py:840} INFO - DAG(s) 'job_market_etl' retrieved from /opt/airflow/dags/job_etl_dag.py
[2026-05-11T12:36:37.871+0000] {logging_mixin.py:188} INFO - [2026-05-11T12:36:37.871+0000] {dag.py:3036} INFO - Sync 1 DAGs
[2026-05-11T12:36:37.888+0000] {logging_mixin.py:188} INFO - [2026-05-11T12:36:37.888+0000] {dag.py:3823} INFO - Setting next_dagrun for job_market_etl to None, run_after=None
[2026-05-11T12:36:37.938+0000] {processor.py:183} INFO - Processing /opt/airflow/dags/job_etl_dag.py took 0.152 seconds
[2026-05-11T12:37:08.163+0000] {processor.py:161} INFO - Started process (PID=1834) to work on /opt/airflow/dags/job_etl_dag.py
[2026-05-11T12:37:08.164+0000] {processor.py:830} INFO - Processing file /opt/airflow/dags/job_etl_dag.py for tasks to queue
[2026-05-11T12:37:08.167+0000] {logging_mixin.py:188} INFO - [2026-05-11T12:37:08.166+0000] {dagbag.py:538} INFO - Filling up the DagBag from /opt/airflow/dags/job_etl_dag.py
[2026-05-11T12:37:08.199+0000] {processor.py:840} INFO - DAG(s) 'job_market_etl' retrieved from /opt/airflow/dags/job_etl_dag.py
[2026-05-11T12:37:08.244+0000] {logging_mixin.py:188} INFO - [2026-05-11T12:37:08.243+0000] {dag.py:3036} INFO - Sync 1 DAGs
[2026-05-11T12:37:08.260+0000] {logging_mixin.py:188} INFO - [2026-05-11T12:37:08.260+0000] {dag.py:3823} INFO - Setting next_dagrun for job_market_etl to None, run_after=None
[2026-05-11T12:37:08.294+0000] {processor.py:183} INFO - Processing /opt/airflow/dags/job_etl_dag.py took 0.135 seconds
[2026-05-11T12:37:38.448+0000] {processor.py:161} INFO - Started process (PID=1835) to work on /opt/airflow/dags/job_etl_dag.py
[2026-05-11T12:37:38.450+0000] {processor.py:830} INFO - Processing file /opt/airflow/dags/job_etl_dag.py for tasks to queue
[2026-05-11T12:37:38.452+0000] {logging_mixin.py:188} INFO - [2026-05-11T12:37:38.451+0000] {dagbag.py:538} INFO - Filling up the DagBag from /opt/airflow/dags/job_etl_dag.py
[2026-05-11T12:37:38.486+0000] {processor.py:840} INFO - DAG(s) 'job_market_etl' retrieved from /opt/airflow/dags/job_etl_dag.py
[2026-05-11T12:37:38.533+0000] {logging_mixin.py:188} INFO - [2026-05-11T12:37:38.532+0000] {dag.py:3036} INFO - Sync 1 DAGs
[2026-05-11T12:37:38.551+0000] {logging_mixin.py:188} INFO - [2026-05-11T12:37:38.551+0000] {dag.py:3823} INFO - Setting next_dagrun for job_market_etl to None, run_after=None
[2026-05-11T12:37:38.582+0000] {processor.py:183} INFO - Processing /opt/airflow/dags/job_etl_dag.py took 0.140 seconds
[2026-05-11T12:38:08.784+0000] {processor.py:161} INFO - Started process (PID=1836) to work on /opt/airflow/dags/job_etl_dag.py
[2026-05-11T12:38:08.787+0000] {processor.py:830} INFO - Processing file /opt/airflow/dags/job_etl_dag.py for tasks to queue
[2026-05-11T12:38:08.789+0000] {logging_mixin.py:188} INFO - [2026-05-11T12:38:08.788+0000] {dagbag.py:538} INFO - Filling up the DagBag from /opt/airflow/dags/job_etl_dag.py
[2026-05-11T12:38:08.824+0000] {processor.py:840} INFO - DAG(s) 'job_market_etl' retrieved from /opt/airflow/dags/job_etl_dag.py
[2026-05-11T12:38:08.867+0000] {logging_mixin.py:188} INFO - [2026-05-11T12:38:08.867+0000] {dag.py:3036} INFO - Sync 1 DAGs
[2026-05-11T12:38:08.885+0000] {logging_mixin.py:188} INFO - [2026-05-11T12:38:08.884+0000] {dag.py:3823} INFO - Setting next_dagrun for job_market_etl to None, run_after=None
[2026-05-11T12:38:08.932+0000] {processor.py:183} INFO - Processing /opt/airflow/dags/job_etl_dag.py took 0.154 seconds
[2026-05-11T12:38:39.096+0000] {processor.py:161} INFO - Started process (PID=1837) to work on /opt/airflow/dags/job_etl_dag.py
[2026-05-11T12:38:39.098+0000] {processor.py:830} INFO - Processing file /opt/airflow/dags/job_etl_dag.py for tasks to queue
[2026-05-11T12:38:39.100+0000] {logging_mixin.py:188} INFO - [2026-05-11T12:38:39.099+0000] {dagbag.py:538} INFO - Filling up the DagBag from /opt/airflow/dags/job_etl_dag.py
[2026-05-11T12:38:39.135+0000] {processor.py:840} INFO - DAG(s) 'job_market_etl' retrieved from /opt/airflow/dags/job_etl_dag.py
[2026-05-11T12:38:39.181+0000] {logging_mixin.py:188} INFO - [2026-05-11T12:38:39.181+0000] {dag.py:3036} INFO - Sync 1 DAGs
[2026-05-11T12:38:39.199+0000] {logging_mixin.py:188} INFO - [2026-05-11T12:38:39.199+0000] {dag.py:3823} INFO - Setting next_dagrun for job_market_etl to None, run_after=None
[2026-05-11T12:38:39.243+0000] {processor.py:183} INFO - Processing /opt/airflow/dags/job_etl_dag.py took 0.154 seconds
[2026-05-11T12:39:09.443+0000] {processor.py:161} INFO - Started process (PID=1838) to work on /opt/airflow/dags/job_etl_dag.py
[2026-05-11T12:39:09.446+0000] {processor.py:830} INFO - Processing file /opt/airflow/dags/job_etl_dag.py for tasks to queue
[2026-05-11T12:39:09.449+0000] {logging_mixin.py:188} INFO - [2026-05-11T12:39:09.448+0000] {dagbag.py:538} INFO - Filling up the DagBag from /opt/airflow/dags/job_etl_dag.py
[2026-05-11T12:39:09.477+0000] {processor.py:840} INFO - DAG(s) 'job_market_etl' retrieved from /opt/airflow/dags/job_etl_dag.py
[2026-05-11T12:39:09.523+0000] {logging_mixin.py:188} INFO - [2026-05-11T12:39:09.523+0000] {dag.py:3036} INFO - Sync 1 DAGs
[2026-05-11T12:39:09.540+0000] {logging_mixin.py:188} INFO - [2026-05-11T12:39:09.540+0000] {dag.py:3823} INFO - Setting next_dagrun for job_market_etl to None, run_after=None
[2026-05-11T12:39:09.573+0000] {processor.py:183} INFO - Processing /opt/airflow/dags/job_etl_dag.py took 0.139 seconds
[2026-05-11T12:39:39.763+0000] {processor.py:161} INFO - Started process (PID=1839) to work on /opt/airflow/dags/job_etl_dag.py
[2026-05-11T12:39:39.766+0000] {processor.py:830} INFO - Processing file /opt/airflow/dags/job_etl_dag.py for tasks to queue
[2026-05-11T12:39:39.768+0000] {logging_mixin.py:188} INFO - [2026-05-11T12:39:39.768+0000] {dagbag.py:538} INFO - Filling up the DagBag from /opt/airflow/dags/job_etl_dag.py
[2026-05-11T12:39:39.802+0000] {processor.py:840} INFO - DAG(s) 'job_market_etl' retrieved from /opt/airflow/dags/job_etl_dag.py
[2026-05-11T12:39:39.849+0000] {logging_mixin.py:188} INFO - [2026-05-11T12:39:39.849+0000] {dag.py:3036} INFO - Sync 1 DAGs
[2026-05-11T12:39:39.867+0000] {logging_mixin.py:188} INFO - [2026-05-11T12:39:39.867+0000] {dag.py:3823} INFO - Setting next_dagrun for job_market_etl to None, run_after=None
[2026-05-11T12:39:39.901+0000] {processor.py:183} INFO - Processing /opt/airflow/dags/job_etl_dag.py took 0.146 seconds
[2026-05-11T12:40:10.108+0000] {processor.py:161} INFO - Started process (PID=1840) to work on /opt/airflow/dags/job_etl_dag.py
[2026-05-11T12:40:10.110+0000] {processor.py:830} INFO - Processing file /opt/airflow/dags/job_etl_dag.py for tasks to queue
[2026-05-11T12:40:10.112+0000] {logging_mixin.py:188} INFO - [2026-05-11T12:40:10.111+0000] {dagbag.py:538} INFO - Filling up the DagBag from /opt/airflow/dags/job_etl_dag.py
[2026-05-11T12:40:10.142+0000] {processor.py:840} INFO - DAG(s) 'job_market_etl' retrieved from /opt/airflow/dags/job_etl_dag.py
[2026-05-11T12:40:10.188+0000] {logging_mixin.py:188} INFO - [2026-05-11T12:40:10.187+0000] {dag.py:3036} INFO - Sync 1 DAGs
[2026-05-11T12:40:10.203+0000] {logging_mixin.py:188} INFO - [2026-05-11T12:40:10.203+0000] {dag.py:3823} INFO - Setting next_dagrun for job_market_etl to None, run_after=None
[2026-05-11T12:40:10.240+0000] {processor.py:183} INFO - Processing /opt/airflow/dags/job_etl_dag.py took 0.139 seconds
[2026-05-11T12:40:40.424+0000] {processor.py:161} INFO - Started process (PID=1841) to work on /opt/airflow/dags/job_etl_dag.py
[2026-05-11T12:40:40.427+0000] {processor.py:830} INFO - Processing file /opt/airflow/dags/job_etl_dag.py for tasks to queue
[2026-05-11T12:40:40.430+0000] {logging_mixin.py:188} INFO - [2026-05-11T12:40:40.429+0000] {dagbag.py:538} INFO - Filling up the DagBag from /opt/airflow/dags/job_etl_dag.py
[2026-05-11T12:40:40.471+0000] {processor.py:840} INFO - DAG(s) 'job_market_etl' retrieved from /opt/airflow/dags/job_etl_dag.py
[2026-05-11T12:40:40.516+0000] {logging_mixin.py:188} INFO - [2026-05-11T12:40:40.515+0000] {dag.py:3036} INFO - Sync 1 DAGs
[2026-05-11T12:40:40.533+0000] {logging_mixin.py:188} INFO - [2026-05-11T12:40:40.532+0000] {dag.py:3823} INFO - Setting next_dagrun for job_market_etl to None, run_after=None
[2026-05-11T12:40:40.586+0000] {processor.py:183} INFO - Processing /opt/airflow/dags/job_etl_dag.py took 0.169 seconds
[2026-05-11T12:41:10.784+0000] {processor.py:161} INFO - Started process (PID=1842) to work on /opt/airflow/dags/job_etl_dag.py
[2026-05-11T12:41:10.786+0000] {processor.py:830} INFO - Processing file /opt/airflow/dags/job_etl_dag.py for tasks to queue
[2026-05-11T12:41:10.787+0000] {logging_mixin.py:188} INFO - [2026-05-11T12:41:10.787+0000] {dagbag.py:538} INFO - Filling up the DagBag from /opt/airflow/dags/job_etl_dag.py
[2026-05-11T12:41:10.816+0000] {processor.py:840} INFO - DAG(s) 'job_market_etl' retrieved from /opt/airflow/dags/job_etl_dag.py
[2026-05-11T12:41:10.862+0000] {logging_mixin.py:188} INFO - [2026-05-11T12:41:10.861+0000] {dag.py:3036} INFO - Sync 1 DAGs
[2026-05-11T12:41:10.883+0000] {logging_mixin.py:188} INFO - [2026-05-11T12:41:10.882+0000] {dag.py:3823} INFO - Setting next_dagrun for job_market_etl to None, run_after=None
[2026-05-11T12:41:10.928+0000] {processor.py:183} INFO - Processing /opt/airflow/dags/job_etl_dag.py took 0.149 seconds
[2026-05-11T12:41:41.083+0000] {processor.py:161} INFO - Started process (PID=1843) to work on /opt/airflow/dags/job_etl_dag.py
[2026-05-11T12:41:41.085+0000] {processor.py:830} INFO - Processing file /opt/airflow/dags/job_etl_dag.py for tasks to queue
[2026-05-11T12:41:41.087+0000] {logging_mixin.py:188} INFO - [2026-05-11T12:41:41.086+0000] {dagbag.py:538} INFO - Filling up the DagBag from /opt/airflow/dags/job_etl_dag.py
[2026-05-11T12:41:41.117+0000] {processor.py:840} INFO - DAG(s) 'job_market_etl' retrieved from /opt/airflow/dags/job_etl_dag.py
[2026-05-11T12:41:41.164+0000] {logging_mixin.py:188} INFO - [2026-05-11T12:41:41.164+0000] {dag.py:3036} INFO - Sync 1 DAGs
[2026-05-11T12:41:41.181+0000] {logging_mixin.py:188} INFO - [2026-05-11T12:41:41.181+0000] {dag.py:3823} INFO - Setting next_dagrun for job_market_etl to None, run_after=None
[2026-05-11T12:41:41.221+0000] {processor.py:183} INFO - Processing /opt/airflow/dags/job_etl_dag.py took 0.143 seconds
[2026-05-11T12:42:11.426+0000] {processor.py:161} INFO - Started process (PID=1844) to work on /opt/airflow/dags/job_etl_dag.py
[2026-05-11T12:42:11.428+0000] {processor.py:830} INFO - Processing file /opt/airflow/dags/job_etl_dag.py for tasks to queue
[2026-05-11T12:42:11.431+0000] {logging_mixin.py:188} INFO - [2026-05-11T12:42:11.430+0000] {dagbag.py:538} INFO - Filling up the DagBag from /opt/airflow/dags/job_etl_dag.py
[2026-05-11T12:42:11.460+0000] {processor.py:840} INFO - DAG(s) 'job_market_etl' retrieved from /opt/airflow/dags/job_etl_dag.py
[2026-05-11T12:42:11.502+0000] {logging_mixin.py:188} INFO - [2026-05-11T12:42:11.501+0000] {dag.py:3036} INFO - Sync 1 DAGs
[2026-05-11T12:42:11.520+0000] {logging_mixin.py:188} INFO - [2026-05-11T12:42:11.520+0000] {dag.py:3823} INFO - Setting next_dagrun for job_market_etl to None, run_after=None
[2026-05-11T12:42:11.555+0000] {processor.py:183} INFO - Processing /opt/airflow/dags/job_etl_dag.py took 0.133 seconds
[2026-05-11T12:42:41.719+0000] {processor.py:161} INFO - Started process (PID=1845) to work on /opt/airflow/dags/job_etl_dag.py
[2026-05-11T12:42:41.721+0000] {processor.py:830} INFO - Processing file /opt/airflow/dags/job_etl_dag.py for tasks to queue
[2026-05-11T12:42:41.723+0000] {logging_mixin.py:188} INFO - [2026-05-11T12:42:41.723+0000] {dagbag.py:538} INFO - Filling up the DagBag from /opt/airflow/dags/job_etl_dag.py
[2026-05-11T12:42:41.759+0000] {processor.py:840} INFO - DAG(s) 'job_market_etl' retrieved from /opt/airflow/dags/job_etl_dag.py
[2026-05-11T12:42:41.806+0000] {logging_mixin.py:188} INFO - [2026-05-11T12:42:41.805+0000] {dag.py:3036} INFO - Sync 1 DAGs
[2026-05-11T12:42:41.825+0000] {logging_mixin.py:188} INFO - [2026-05-11T12:42:41.825+0000] {dag.py:3823} INFO - Setting next_dagrun for job_market_etl to None, run_after=None
[2026-05-11T12:42:41.874+0000] {processor.py:183} INFO - Processing /opt/airflow/dags/job_etl_dag.py took 0.162 seconds
[2026-05-11T12:43:12.069+0000] {processor.py:161} INFO - Started process (PID=1846) to work on /opt/airflow/dags/job_etl_dag.py
[2026-05-11T12:43:12.072+0000] {processor.py:830} INFO - Processing file /opt/airflow/dags/job_etl_dag.py for tasks to queue
[2026-05-11T12:43:12.074+0000] {logging_mixin.py:188} INFO - [2026-05-11T12:43:12.074+0000] {dagbag.py:538} INFO - Filling up the DagBag from /opt/airflow/dags/job_etl_dag.py
[2026-05-11T12:43:12.108+0000] {processor.py:840} INFO - DAG(s) 'job_market_etl' retrieved from /opt/airflow/dags/job_etl_dag.py
[2026-05-11T12:43:12.154+0000] {logging_mixin.py:188} INFO - [2026-05-11T12:43:12.154+0000] {dag.py:3036} INFO - Sync 1 DAGs
[2026-05-11T12:43:12.174+0000] {logging_mixin.py:188} INFO - [2026-05-11T12:43:12.173+0000] {dag.py:3823} INFO - Setting next_dagrun for job_market_etl to None, run_after=None
[2026-05-11T12:43:12.225+0000] {processor.py:183} INFO - Processing /opt/airflow/dags/job_etl_dag.py took 0.162 seconds
[2026-05-11T12:43:42.390+0000] {processor.py:161} INFO - Started process (PID=1847) to work on /opt/airflow/dags/job_etl_dag.py
[2026-05-11T12:43:42.392+0000] {processor.py:830} INFO - Processing file /opt/airflow/dags/job_etl_dag.py for tasks to queue
[2026-05-11T12:43:42.394+0000] {logging_mixin.py:188} INFO - [2026-05-11T12:43:42.393+0000] {dagbag.py:538} INFO - Filling up the DagBag from /opt/airflow/dags/job_etl_dag.py
[2026-05-11T12:43:42.431+0000] {processor.py:840} INFO - DAG(s) 'job_market_etl' retrieved from /opt/airflow/dags/job_etl_dag.py
[2026-05-11T12:43:42.483+0000] {logging_mixin.py:188} INFO - [2026-05-11T12:43:42.483+0000] {dag.py:3036} INFO - Sync 1 DAGs
[2026-05-11T12:43:42.502+0000] {logging_mixin.py:188} INFO - [2026-05-11T12:43:42.502+0000] {dag.py:3823} INFO - Setting next_dagrun for job_market_etl to None, run_after=None
[2026-05-11T12:43:42.547+0000] {processor.py:183} INFO - Processing /opt/airflow/dags/job_etl_dag.py took 0.164 seconds
[2026-05-11T12:44:12.734+0000] {processor.py:161} INFO - Started process (PID=1848) to work on /opt/airflow/dags/job_etl_dag.py
[2026-05-11T12:44:12.736+0000] {processor.py:830} INFO - Processing file /opt/airflow/dags/job_etl_dag.py for tasks to queue
[2026-05-11T12:44:12.739+0000] {logging_mixin.py:188} INFO - [2026-05-11T12:44:12.738+0000] {dagbag.py:538} INFO - Filling up the DagBag from /opt/airflow/dags/job_etl_dag.py
[2026-05-11T12:44:12.790+0000] {processor.py:840} INFO - DAG(s) 'job_market_etl' retrieved from /opt/airflow/dags/job_etl_dag.py
[2026-05-11T12:44:12.841+0000] {logging_mixin.py:188} INFO - [2026-05-11T12:44:12.841+0000] {dag.py:3036} INFO - Sync 1 DAGs
[2026-05-11T12:44:12.860+0000] {logging_mixin.py:188} INFO - [2026-05-11T12:44:12.860+0000] {dag.py:3823} INFO - Setting next_dagrun for job_market_etl to None, run_after=None
[2026-05-11T12:44:12.897+0000] {processor.py:183} INFO - Processing /opt/airflow/dags/job_etl_dag.py took 0.170 seconds
[2026-05-11T12:44:43.041+0000] {processor.py:161} INFO - Started process (PID=1849) to work on /opt/airflow/dags/job_etl_dag.py
[2026-05-11T12:44:43.045+0000] {processor.py:830} INFO - Processing file /opt/airflow/dags/job_etl_dag.py for tasks to queue
[2026-05-11T12:44:43.047+0000] {logging_mixin.py:188} INFO - [2026-05-11T12:44:43.046+0000] {dagbag.py:538} INFO - Filling up the DagBag from /opt/airflow/dags/job_etl_dag.py
[2026-05-11T12:44:43.079+0000] {processor.py:840} INFO - DAG(s) 'job_market_etl' retrieved from /opt/airflow/dags/job_etl_dag.py
[2026-05-11T12:44:43.126+0000] {logging_mixin.py:188} INFO - [2026-05-11T12:44:43.126+0000] {dag.py:3036} INFO - Sync 1 DAGs
[2026-05-11T12:44:43.146+0000] {logging_mixin.py:188} INFO - [2026-05-11T12:44:43.146+0000] {dag.py:3823} INFO - Setting next_dagrun for job_market_etl to None, run_after=None
[2026-05-11T12:44:43.184+0000] {processor.py:183} INFO - Processing /opt/airflow/dags/job_etl_dag.py took 0.150 seconds
[2026-05-11T12:45:13.396+0000] {processor.py:161} INFO - Started process (PID=1850) to work on /opt/airflow/dags/job_etl_dag.py
[2026-05-11T12:45:13.400+0000] {processor.py:830} INFO - Processing file /opt/airflow/dags/job_etl_dag.py for tasks to queue
[2026-05-11T12:45:13.402+0000] {logging_mixin.py:188} INFO - [2026-05-11T12:45:13.401+0000] {dagbag.py:538} INFO - Filling up the DagBag from /opt/airflow/dags/job_etl_dag.py
[2026-05-11T12:45:13.431+0000] {processor.py:840} INFO - DAG(s) 'job_market_etl' retrieved from /opt/airflow/dags/job_etl_dag.py
[2026-05-11T12:45:13.474+0000] {logging_mixin.py:188} INFO - [2026-05-11T12:45:13.474+0000] {dag.py:3036} INFO - Sync 1 DAGs
[2026-05-11T12:45:13.491+0000] {logging_mixin.py:188} INFO - [2026-05-11T12:45:13.491+0000] {dag.py:3823} INFO - Setting next_dagrun for job_market_etl to None, run_after=None
[2026-05-11T12:45:13.527+0000] {processor.py:183} INFO - Processing /opt/airflow/dags/job_etl_dag.py took 0.137 seconds
[2026-05-11T12:45:43.691+0000] {processor.py:161} INFO - Started process (PID=1851) to work on /opt/airflow/dags/job_etl_dag.py
[2026-05-11T12:45:43.694+0000] {processor.py:830} INFO - Processing file /opt/airflow/dags/job_etl_dag.py for tasks to queue
[2026-05-11T12:45:43.696+0000] {logging_mixin.py:188} INFO - [2026-05-11T12:45:43.695+0000] {dagbag.py:538} INFO - Filling up the DagBag from /opt/airflow/dags/job_etl_dag.py
[2026-05-11T12:45:43.731+0000] {processor.py:840} INFO - DAG(s) 'job_market_etl' retrieved from /opt/airflow/dags/job_etl_dag.py
[2026-05-11T12:45:43.783+0000] {logging_mixin.py:188} INFO - [2026-05-11T12:45:43.783+0000] {dag.py:3036} INFO - Sync 1 DAGs
[2026-05-11T12:45:43.801+0000] {logging_mixin.py:188} INFO - [2026-05-11T12:45:43.800+0000] {dag.py:3823} INFO - Setting next_dagrun for job_market_etl to None, run_after=None
[2026-05-11T12:45:43.835+0000] {processor.py:183} INFO - Processing /opt/airflow/dags/job_etl_dag.py took 0.149 seconds
[2026-05-11T12:46:14.074+0000] {processor.py:161} INFO - Started process (PID=1852) to work on /opt/airflow/dags/job_etl_dag.py
[2026-05-11T12:46:14.076+0000] {processor.py:830} INFO - Processing file /opt/airflow/dags/job_etl_dag.py for tasks to queue
[2026-05-11T12:46:14.077+0000] {logging_mixin.py:188} INFO - [2026-05-11T12:46:14.077+0000] {dagbag.py:538} INFO - Filling up the DagBag from /opt/airflow/dags/job_etl_dag.py
[2026-05-11T12:46:14.107+0000] {processor.py:840} INFO - DAG(s) 'job_market_etl' retrieved from /opt/airflow/dags/job_etl_dag.py
[2026-05-11T12:46:14.149+0000] {logging_mixin.py:188} INFO - [2026-05-11T12:46:14.148+0000] {dag.py:3036} INFO - Sync 1 DAGs
[2026-05-11T12:46:14.165+0000] {logging_mixin.py:188} INFO - [2026-05-11T12:46:14.165+0000] {dag.py:3823} INFO - Setting next_dagrun for job_market_etl to None, run_after=None
[2026-05-11T12:46:14.203+0000] {processor.py:183} INFO - Processing /opt/airflow/dags/job_etl_dag.py took 0.133 seconds
[2026-05-11T12:46:44.343+0000] {processor.py:161} INFO - Started process (PID=1853) to work on /opt/airflow/dags/job_etl_dag.py
[2026-05-11T12:46:44.346+0000] {processor.py:830} INFO - Processing file /opt/airflow/dags/job_etl_dag.py for tasks to queue
[2026-05-11T12:46:44.348+0000] {logging_mixin.py:188} INFO - [2026-05-11T12:46:44.347+0000] {dagbag.py:538} INFO - Filling up the DagBag from /opt/airflow/dags/job_etl_dag.py
[2026-05-11T12:46:44.382+0000] {processor.py:840} INFO - DAG(s) 'job_market_etl' retrieved from /opt/airflow/dags/job_etl_dag.py
[2026-05-11T12:46:44.429+0000] {logging_mixin.py:188} INFO - [2026-05-11T12:46:44.429+0000] {dag.py:3036} INFO - Sync 1 DAGs
[2026-05-11T12:46:44.446+0000] {logging_mixin.py:188} INFO - [2026-05-11T12:46:44.446+0000] {dag.py:3823} INFO - Setting next_dagrun for job_market_etl to None, run_after=None
[2026-05-11T12:46:44.480+0000] {processor.py:183} INFO - Processing /opt/airflow/dags/job_etl_dag.py took 0.143 seconds
[2026-05-11T12:47:14.698+0000] {processor.py:161} INFO - Started process (PID=1854) to work on /opt/airflow/dags/job_etl_dag.py
[2026-05-11T12:47:14.700+0000] {processor.py:830} INFO - Processing file /opt/airflow/dags/job_etl_dag.py for tasks to queue
[2026-05-11T12:47:14.702+0000] {logging_mixin.py:188} INFO - [2026-05-11T12:47:14.701+0000] {dagbag.py:538} INFO - Filling up the DagBag from /opt/airflow/dags/job_etl_dag.py
[2026-05-11T12:47:14.732+0000] {processor.py:840} INFO - DAG(s) 'job_market_etl' retrieved from /opt/airflow/dags/job_etl_dag.py
[2026-05-11T12:47:14.776+0000] {logging_mixin.py:188} INFO - [2026-05-11T12:47:14.775+0000] {dag.py:3036} INFO - Sync 1 DAGs
[2026-05-11T12:47:14.797+0000] {logging_mixin.py:188} INFO - [2026-05-11T12:47:14.797+0000] {dag.py:3823} INFO - Setting next_dagrun for job_market_etl to None, run_after=None
[2026-05-11T12:47:14.833+0000] {processor.py:183} INFO - Processing /opt/airflow/dags/job_etl_dag.py took 0.140 seconds
[2026-05-11T12:47:44.978+0000] {processor.py:161} INFO - Started process (PID=1855) to work on /opt/airflow/dags/job_etl_dag.py
[2026-05-11T12:47:44.980+0000] {processor.py:830} INFO - Processing file /opt/airflow/dags/job_etl_dag.py for tasks to queue
[2026-05-11T12:47:44.981+0000] {logging_mixin.py:188} INFO - [2026-05-11T12:47:44.981+0000] {dagbag.py:538} INFO - Filling up the DagBag from /opt/airflow/dags/job_etl_dag.py
[2026-05-11T12:47:45.011+0000] {processor.py:840} INFO - DAG(s) 'job_market_etl' retrieved from /opt/airflow/dags/job_etl_dag.py
[2026-05-11T12:47:45.056+0000] {logging_mixin.py:188} INFO - [2026-05-11T12:47:45.056+0000] {dag.py:3036} INFO - Sync 1 DAGs
[2026-05-11T12:47:45.076+0000] {logging_mixin.py:188} INFO - [2026-05-11T12:47:45.075+0000] {dag.py:3823} INFO - Setting next_dagrun for job_market_etl to None, run_after=None
[2026-05-11T12:47:45.110+0000] {processor.py:183} INFO - Processing /opt/airflow/dags/job_etl_dag.py took 0.138 seconds
[2026-05-11T12:48:15.340+0000] {processor.py:161} INFO - Started process (PID=1856) to work on /opt/airflow/dags/job_etl_dag.py
[2026-05-11T12:48:15.343+0000] {processor.py:830} INFO - Processing file /opt/airflow/dags/job_etl_dag.py for tasks to queue
[2026-05-11T12:48:15.345+0000] {logging_mixin.py:188} INFO - [2026-05-11T12:48:15.344+0000] {dagbag.py:538} INFO - Filling up the DagBag from /opt/airflow/dags/job_etl_dag.py
[2026-05-11T12:48:15.376+0000] {processor.py:840} INFO - DAG(s) 'job_market_etl' retrieved from /opt/airflow/dags/job_etl_dag.py
[2026-05-11T12:48:15.427+0000] {logging_mixin.py:188} INFO - [2026-05-11T12:48:15.427+0000] {dag.py:3036} INFO - Sync 1 DAGs
[2026-05-11T12:48:15.443+0000] {logging_mixin.py:188} INFO - [2026-05-11T12:48:15.443+0000] {dag.py:3823} INFO - Setting next_dagrun for job_market_etl to None, run_after=None
[2026-05-11T12:48:15.479+0000] {processor.py:183} INFO - Processing /opt/airflow/dags/job_etl_dag.py took 0.144 seconds
[2026-05-11T12:48:45.644+0000] {processor.py:161} INFO - Started process (PID=1857) to work on /opt/airflow/dags/job_etl_dag.py
[2026-05-11T12:48:45.646+0000] {processor.py:830} INFO - Processing file /opt/airflow/dags/job_etl_dag.py for tasks to queue
[2026-05-11T12:48:45.649+0000] {logging_mixin.py:188} INFO - [2026-05-11T12:48:45.648+0000] {dagbag.py:538} INFO - Filling up the DagBag from /opt/airflow/dags/job_etl_dag.py
[2026-05-11T12:48:45.679+0000] {processor.py:840} INFO - DAG(s) 'job_market_etl' retrieved from /opt/airflow/dags/job_etl_dag.py
[2026-05-11T12:48:45.730+0000] {logging_mixin.py:188} INFO - [2026-05-11T12:48:45.730+0000] {dag.py:3036} INFO - Sync 1 DAGs
[2026-05-11T12:48:45.747+0000] {logging_mixin.py:188} INFO - [2026-05-11T12:48:45.747+0000] {dag.py:3823} INFO - Setting next_dagrun for job_market_etl to None, run_after=None
[2026-05-11T12:48:45.799+0000] {processor.py:183} INFO - Processing /opt/airflow/dags/job_etl_dag.py took 0.168 seconds
[2026-05-11T12:49:15.998+0000] {processor.py:161} INFO - Started process (PID=1858) to work on /opt/airflow/dags/job_etl_dag.py
[2026-05-11T12:49:16.002+0000] {processor.py:830} INFO - Processing file /opt/airflow/dags/job_etl_dag.py for tasks to queue
[2026-05-11T12:49:16.004+0000] {logging_mixin.py:188} INFO - [2026-05-11T12:49:16.004+0000] {dagbag.py:538} INFO - Filling up the DagBag from /opt/airflow/dags/job_etl_dag.py
[2026-05-11T12:49:16.035+0000] {processor.py:840} INFO - DAG(s) 'job_market_etl' retrieved from /opt/airflow/dags/job_etl_dag.py
[2026-05-11T12:49:16.074+0000] {logging_mixin.py:188} INFO - [2026-05-11T12:49:16.074+0000] {dag.py:3036} INFO - Sync 1 DAGs
[2026-05-11T12:49:16.091+0000] {logging_mixin.py:188} INFO - [2026-05-11T12:49:16.091+0000] {dag.py:3823} INFO - Setting next_dagrun for job_market_etl to None, run_after=None
[2026-05-11T12:49:16.138+0000] {processor.py:183} INFO - Processing /opt/airflow/dags/job_etl_dag.py took 0.149 seconds
[2026-05-11T12:49:46.322+0000] {processor.py:161} INFO - Started process (PID=1859) to work on /opt/airflow/dags/job_etl_dag.py
[2026-05-11T12:49:46.324+0000] {processor.py:830} INFO - Processing file /opt/airflow/dags/job_etl_dag.py for tasks to queue
[2026-05-11T12:49:46.326+0000] {logging_mixin.py:188} INFO - [2026-05-11T12:49:46.326+0000] {dagbag.py:538} INFO - Filling up the DagBag from /opt/airflow/dags/job_etl_dag.py
[2026-05-11T12:49:46.358+0000] {processor.py:840} INFO - DAG(s) 'job_market_etl' retrieved from /opt/airflow/dags/job_etl_dag.py
[2026-05-11T12:49:46.403+0000] {logging_mixin.py:188} INFO - [2026-05-11T12:49:46.403+0000] {dag.py:3036} INFO - Sync 1 DAGs
[2026-05-11T12:49:46.423+0000] {logging_mixin.py:188} INFO - [2026-05-11T12:49:46.422+0000] {dag.py:3823} INFO - Setting next_dagrun for job_market_etl to None, run_after=None
[2026-05-11T12:49:46.459+0000] {processor.py:183} INFO - Processing /opt/airflow/dags/job_etl_dag.py took 0.142 seconds
[2026-05-11T12:50:16.645+0000] {processor.py:161} INFO - Started process (PID=1860) to work on /opt/airflow/dags/job_etl_dag.py
[2026-05-11T12:50:16.648+0000] {processor.py:830} INFO - Processing file /opt/airflow/dags/job_etl_dag.py for tasks to queue
[2026-05-11T12:50:16.649+0000] {logging_mixin.py:188} INFO - [2026-05-11T12:50:16.649+0000] {dagbag.py:538} INFO - Filling up the DagBag from /opt/airflow/dags/job_etl_dag.py
[2026-05-11T12:50:16.679+0000] {processor.py:840} INFO - DAG(s) 'job_market_etl' retrieved from /opt/airflow/dags/job_etl_dag.py
[2026-05-11T12:50:16.724+0000] {logging_mixin.py:188} INFO - [2026-05-11T12:50:16.724+0000] {dag.py:3036} INFO - Sync 1 DAGs
[2026-05-11T12:50:16.743+0000] {logging_mixin.py:188} INFO - [2026-05-11T12:50:16.743+0000] {dag.py:3823} INFO - Setting next_dagrun for job_market_etl to None, run_after=None
[2026-05-11T12:50:16.781+0000] {processor.py:183} INFO - Processing /opt/airflow/dags/job_etl_dag.py took 0.141 seconds
[2026-05-11T12:50:46.963+0000] {processor.py:161} INFO - Started process (PID=1861) to work on /opt/airflow/dags/job_etl_dag.py
[2026-05-11T12:50:46.965+0000] {processor.py:830} INFO - Processing file /opt/airflow/dags/job_etl_dag.py for tasks to queue
[2026-05-11T12:50:46.968+0000] {logging_mixin.py:188} INFO - [2026-05-11T12:50:46.967+0000] {dagbag.py:538} INFO - Filling up the DagBag from /opt/airflow/dags/job_etl_dag.py
[2026-05-11T12:50:47.000+0000] {processor.py:840} INFO - DAG(s) 'job_market_etl' retrieved from /opt/airflow/dags/job_etl_dag.py
[2026-05-11T12:50:47.042+0000] {logging_mixin.py:188} INFO - [2026-05-11T12:50:47.042+0000] {dag.py:3036} INFO - Sync 1 DAGs
[2026-05-11T12:50:47.061+0000] {logging_mixin.py:188} INFO - [2026-05-11T12:50:47.060+0000] {dag.py:3823} INFO - Setting next_dagrun for job_market_etl to None, run_after=None
[2026-05-11T12:50:47.108+0000] {processor.py:183} INFO - Processing /opt/airflow/dags/job_etl_dag.py took 0.150 seconds
[2026-05-11T12:51:17.313+0000] {processor.py:161} INFO - Started process (PID=1862) to work on /opt/airflow/dags/job_etl_dag.py
[2026-05-11T12:51:17.316+0000] {processor.py:830} INFO - Processing file /opt/airflow/dags/job_etl_dag.py for tasks to queue
[2026-05-11T12:51:17.317+0000] {logging_mixin.py:188} INFO - [2026-05-11T12:51:17.317+0000] {dagbag.py:538} INFO - Filling up the DagBag from /opt/airflow/dags/job_etl_dag.py
[2026-05-11T12:51:17.347+0000] {processor.py:840} INFO - DAG(s) 'job_market_etl' retrieved from /opt/airflow/dags/job_etl_dag.py
[2026-05-11T12:51:17.392+0000] {logging_mixin.py:188} INFO - [2026-05-11T12:51:17.392+0000] {dag.py:3036} INFO - Sync 1 DAGs
[2026-05-11T12:51:17.409+0000] {logging_mixin.py:188} INFO - [2026-05-11T12:51:17.409+0000] {dag.py:3823} INFO - Setting next_dagrun for job_market_etl to None, run_after=None
[2026-05-11T12:51:17.454+0000] {processor.py:183} INFO - Processing /opt/airflow/dags/job_etl_dag.py took 0.147 seconds
[2026-05-11T12:51:47.622+0000] {processor.py:161} INFO - Started process (PID=1863) to work on /opt/airflow/dags/job_etl_dag.py
[2026-05-11T12:51:47.624+0000] {processor.py:830} INFO - Processing file /opt/airflow/dags/job_etl_dag.py for tasks to queue
[2026-05-11T12:51:47.626+0000] {logging_mixin.py:188} INFO - [2026-05-11T12:51:47.626+0000] {dagbag.py:538} INFO - Filling up the DagBag from /opt/airflow/dags/job_etl_dag.py
[2026-05-11T12:51:47.653+0000] {processor.py:840} INFO - DAG(s) 'job_market_etl' retrieved from /opt/airflow/dags/job_etl_dag.py
[2026-05-11T12:51:47.700+0000] {logging_mixin.py:188} INFO - [2026-05-11T12:51:47.699+0000] {dag.py:3036} INFO - Sync 1 DAGs
[2026-05-11T12:51:47.718+0000] {logging_mixin.py:188} INFO - [2026-05-11T12:51:47.717+0000] {dag.py:3823} INFO - Setting next_dagrun for job_market_etl to None, run_after=None
[2026-05-11T12:51:47.764+0000] {processor.py:183} INFO - Processing /opt/airflow/dags/job_etl_dag.py took 0.150 seconds
[2026-05-11T12:52:17.955+0000] {processor.py:161} INFO - Started process (PID=1864) to work on /opt/airflow/dags/job_etl_dag.py
[2026-05-11T12:52:17.957+0000] {processor.py:830} INFO - Processing file /opt/airflow/dags/job_etl_dag.py for tasks to queue
[2026-05-11T12:52:17.959+0000] {logging_mixin.py:188} INFO - [2026-05-11T12:52:17.958+0000] {dagbag.py:538} INFO - Filling up the DagBag from /opt/airflow/dags/job_etl_dag.py
[2026-05-11T12:52:17.987+0000] {processor.py:840} INFO - DAG(s) 'job_market_etl' retrieved from /opt/airflow/dags/job_etl_dag.py
[2026-05-11T12:52:18.033+0000] {logging_mixin.py:188} INFO - [2026-05-11T12:52:18.032+0000] {dag.py:3036} INFO - Sync 1 DAGs
[2026-05-11T12:52:18.051+0000] {logging_mixin.py:188} INFO - [2026-05-11T12:52:18.051+0000] {dag.py:3823} INFO - Setting next_dagrun for job_market_etl to None, run_after=None
[2026-05-11T12:52:18.092+0000] {processor.py:183} INFO - Processing /opt/airflow/dags/job_etl_dag.py took 0.143 seconds
[2026-05-11T12:52:48.272+0000] {processor.py:161} INFO - Started process (PID=1865) to work on /opt/airflow/dags/job_etl_dag.py
[2026-05-11T12:52:48.274+0000] {processor.py:830} INFO - Processing file /opt/airflow/dags/job_etl_dag.py for tasks to queue
[2026-05-11T12:52:48.276+0000] {logging_mixin.py:188} INFO - [2026-05-11T12:52:48.276+0000] {dagbag.py:538} INFO - Filling up the DagBag from /opt/airflow/dags/job_etl_dag.py
[2026-05-11T12:52:48.307+0000] {processor.py:840} INFO - DAG(s) 'job_market_etl' retrieved from /opt/airflow/dags/job_etl_dag.py
[2026-05-11T12:52:48.356+0000] {logging_mixin.py:188} INFO - [2026-05-11T12:52:48.356+0000] {dag.py:3036} INFO - Sync 1 DAGs
[2026-05-11T12:52:48.373+0000] {logging_mixin.py:188} INFO - [2026-05-11T12:52:48.372+0000] {dag.py:3823} INFO - Setting next_dagrun for job_market_etl to None, run_after=None
[2026-05-11T12:52:48.421+0000] {processor.py:183} INFO - Processing /opt/airflow/dags/job_etl_dag.py took 0.154 seconds
[2026-05-11T12:53:18.600+0000] {processor.py:161} INFO - Started process (PID=1866) to work on /opt/airflow/dags/job_etl_dag.py
[2026-05-11T12:53:18.602+0000] {processor.py:830} INFO - Processing file /opt/airflow/dags/job_etl_dag.py for tasks to queue
[2026-05-11T12:53:18.604+0000] {logging_mixin.py:188} INFO - [2026-05-11T12:53:18.604+0000] {dagbag.py:538} INFO - Filling up the DagBag from /opt/airflow/dags/job_etl_dag.py
[2026-05-11T12:53:18.638+0000] {processor.py:840} INFO - DAG(s) 'job_market_etl' retrieved from /opt/airflow/dags/job_etl_dag.py
[2026-05-11T12:53:18.679+0000] {logging_mixin.py:188} INFO - [2026-05-11T12:53:18.679+0000] {dag.py:3036} INFO - Sync 1 DAGs
[2026-05-11T12:53:18.695+0000] {logging_mixin.py:188} INFO - [2026-05-11T12:53:18.695+0000] {dag.py:3823} INFO - Setting next_dagrun for job_market_etl to None, run_after=None
[2026-05-11T12:53:18.730+0000] {processor.py:183} INFO - Processing /opt/airflow/dags/job_etl_dag.py took 0.137 seconds
[2026-05-11T12:53:48.920+0000] {processor.py:161} INFO - Started process (PID=1867) to work on /opt/airflow/dags/job_etl_dag.py
[2026-05-11T12:53:48.922+0000] {processor.py:830} INFO - Processing file /opt/airflow/dags/job_etl_dag.py for tasks to queue
[2026-05-11T12:53:48.924+0000] {logging_mixin.py:188} INFO - [2026-05-11T12:53:48.924+0000] {dagbag.py:538} INFO - Filling up the DagBag from /opt/airflow/dags/job_etl_dag.py
[2026-05-11T12:53:48.957+0000] {processor.py:840} INFO - DAG(s) 'job_market_etl' retrieved from /opt/airflow/dags/job_etl_dag.py
[2026-05-11T12:53:49.001+0000] {logging_mixin.py:188} INFO - [2026-05-11T12:53:49.001+0000] {dag.py:3036} INFO - Sync 1 DAGs
[2026-05-11T12:53:49.018+0000] {logging_mixin.py:188} INFO - [2026-05-11T12:53:49.017+0000] {dag.py:3823} INFO - Setting next_dagrun for job_market_etl to None, run_after=None
[2026-05-11T12:53:49.062+0000] {processor.py:183} INFO - Processing /opt/airflow/dags/job_etl_dag.py took 0.148 seconds
[2026-05-11T12:54:19.251+0000] {processor.py:161} INFO - Started process (PID=1868) to work on /opt/airflow/dags/job_etl_dag.py
[2026-05-11T12:54:19.253+0000] {processor.py:830} INFO - Processing file /opt/airflow/dags/job_etl_dag.py for tasks to queue
[2026-05-11T12:54:19.254+0000] {logging_mixin.py:188} INFO - [2026-05-11T12:54:19.254+0000] {dagbag.py:538} INFO - Filling up the DagBag from /opt/airflow/dags/job_etl_dag.py
[2026-05-11T12:54:19.285+0000] {processor.py:840} INFO - DAG(s) 'job_market_etl' retrieved from /opt/airflow/dags/job_etl_dag.py
[2026-05-11T12:54:19.330+0000] {logging_mixin.py:188} INFO - [2026-05-11T12:54:19.329+0000] {dag.py:3036} INFO - Sync 1 DAGs
[2026-05-11T12:54:19.349+0000] {logging_mixin.py:188} INFO - [2026-05-11T12:54:19.348+0000] {dag.py:3823} INFO - Setting next_dagrun for job_market_etl to None, run_after=None
[2026-05-11T12:54:19.397+0000] {processor.py:183} INFO - Processing /opt/airflow/dags/job_etl_dag.py took 0.156 seconds
[2026-05-11T12:54:49.572+0000] {processor.py:161} INFO - Started process (PID=1869) to work on /opt/airflow/dags/job_etl_dag.py
[2026-05-11T12:54:49.574+0000] {processor.py:830} INFO - Processing file /opt/airflow/dags/job_etl_dag.py for tasks to queue
[2026-05-11T12:54:49.576+0000] {logging_mixin.py:188} INFO - [2026-05-11T12:54:49.576+0000] {dagbag.py:538} INFO - Filling up the DagBag from /opt/airflow/dags/job_etl_dag.py
[2026-05-11T12:54:49.606+0000] {processor.py:840} INFO - DAG(s) 'job_market_etl' retrieved from /opt/airflow/dags/job_etl_dag.py
[2026-05-11T12:54:49.653+0000] {logging_mixin.py:188} INFO - [2026-05-11T12:54:49.652+0000] {dag.py:3036} INFO - Sync 1 DAGs
[2026-05-11T12:54:49.669+0000] {logging_mixin.py:188} INFO - [2026-05-11T12:54:49.669+0000] {dag.py:3823} INFO - Setting next_dagrun for job_market_etl to None, run_after=None
[2026-05-11T12:54:49.716+0000] {processor.py:183} INFO - Processing /opt/airflow/dags/job_etl_dag.py took 0.150 seconds
[2026-05-11T12:55:19.916+0000] {processor.py:161} INFO - Started process (PID=1870) to work on /opt/airflow/dags/job_etl_dag.py
[2026-05-11T12:55:19.918+0000] {processor.py:830} INFO - Processing file /opt/airflow/dags/job_etl_dag.py for tasks to queue
[2026-05-11T12:55:19.921+0000] {logging_mixin.py:188} INFO - [2026-05-11T12:55:19.920+0000] {dagbag.py:538} INFO - Filling up the DagBag from /opt/airflow/dags/job_etl_dag.py
[2026-05-11T12:55:19.956+0000] {processor.py:840} INFO - DAG(s) 'job_market_etl' retrieved from /opt/airflow/dags/job_etl_dag.py
[2026-05-11T12:55:20.004+0000] {logging_mixin.py:188} INFO - [2026-05-11T12:55:20.004+0000] {dag.py:3036} INFO - Sync 1 DAGs
[2026-05-11T12:55:20.024+0000] {logging_mixin.py:188} INFO - [2026-05-11T12:55:20.023+0000] {dag.py:3823} INFO - Setting next_dagrun for job_market_etl to None, run_after=None
[2026-05-11T12:55:20.075+0000] {processor.py:183} INFO - Processing /opt/airflow/dags/job_etl_dag.py took 0.166 seconds
[2026-05-11T12:55:50.262+0000] {processor.py:161} INFO - Started process (PID=1871) to work on /opt/airflow/dags/job_etl_dag.py
[2026-05-11T12:55:50.265+0000] {processor.py:830} INFO - Processing file /opt/airflow/dags/job_etl_dag.py for tasks to queue
[2026-05-11T12:55:50.266+0000] {logging_mixin.py:188} INFO - [2026-05-11T12:55:50.266+0000] {dagbag.py:538} INFO - Filling up the DagBag from /opt/airflow/dags/job_etl_dag.py
[2026-05-11T12:55:50.302+0000] {processor.py:840} INFO - DAG(s) 'job_market_etl' retrieved from /opt/airflow/dags/job_etl_dag.py
[2026-05-11T12:55:50.349+0000] {logging_mixin.py:188} INFO - [2026-05-11T12:55:50.349+0000] {dag.py:3036} INFO - Sync 1 DAGs
[2026-05-11T12:55:50.366+0000] {logging_mixin.py:188} INFO - [2026-05-11T12:55:50.366+0000] {dag.py:3823} INFO - Setting next_dagrun for job_market_etl to None, run_after=None
[2026-05-11T12:55:50.400+0000] {processor.py:183} INFO - Processing /opt/airflow/dags/job_etl_dag.py took 0.144 seconds
[2026-05-11T12:56:20.573+0000] {processor.py:161} INFO - Started process (PID=1872) to work on /opt/airflow/dags/job_etl_dag.py
[2026-05-11T12:56:20.576+0000] {processor.py:830} INFO - Processing file /opt/airflow/dags/job_etl_dag.py for tasks to queue
[2026-05-11T12:56:20.578+0000] {logging_mixin.py:188} INFO - [2026-05-11T12:56:20.577+0000] {dagbag.py:538} INFO - Filling up the DagBag from /opt/airflow/dags/job_etl_dag.py
[2026-05-11T12:56:20.613+0000] {processor.py:840} INFO - DAG(s) 'job_market_etl' retrieved from /opt/airflow/dags/job_etl_dag.py
[2026-05-11T12:56:20.658+0000] {logging_mixin.py:188} INFO - [2026-05-11T12:56:20.657+0000] {dag.py:3036} INFO - Sync 1 DAGs
[2026-05-11T12:56:20.678+0000] {logging_mixin.py:188} INFO - [2026-05-11T12:56:20.677+0000] {dag.py:3823} INFO - Setting next_dagrun for job_market_etl to None, run_after=None
[2026-05-11T12:56:20.711+0000] {processor.py:183} INFO - Processing /opt/airflow/dags/job_etl_dag.py took 0.144 seconds
[2026-05-11T12:56:50.905+0000] {processor.py:161} INFO - Started process (PID=1873) to work on /opt/airflow/dags/job_etl_dag.py
[2026-05-11T12:56:50.907+0000] {processor.py:830} INFO - Processing file /opt/airflow/dags/job_etl_dag.py for tasks to queue
[2026-05-11T12:56:50.909+0000] {logging_mixin.py:188} INFO - [2026-05-11T12:56:50.908+0000] {dagbag.py:538} INFO - Filling up the DagBag from /opt/airflow/dags/job_etl_dag.py
[2026-05-11T12:56:50.939+0000] {processor.py:840} INFO - DAG(s) 'job_market_etl' retrieved from /opt/airflow/dags/job_etl_dag.py
[2026-05-11T12:56:50.986+0000] {logging_mixin.py:188} INFO - [2026-05-11T12:56:50.986+0000] {dag.py:3036} INFO - Sync 1 DAGs
[2026-05-11T12:56:51.004+0000] {logging_mixin.py:188} INFO - [2026-05-11T12:56:51.004+0000] {dag.py:3823} INFO - Setting next_dagrun for job_market_etl to None, run_after=None
[2026-05-11T12:56:51.039+0000] {processor.py:183} INFO - Processing /opt/airflow/dags/job_etl_dag.py took 0.139 seconds
[2026-05-11T12:57:21.197+0000] {processor.py:161} INFO - Started process (PID=1874) to work on /opt/airflow/dags/job_etl_dag.py
[2026-05-11T12:57:21.199+0000] {processor.py:830} INFO - Processing file /opt/airflow/dags/job_etl_dag.py for tasks to queue
[2026-05-11T12:57:21.203+0000] {logging_mixin.py:188} INFO - [2026-05-11T12:57:21.202+0000] {dagbag.py:538} INFO - Filling up the DagBag from /opt/airflow/dags/job_etl_dag.py
[2026-05-11T12:57:21.234+0000] {processor.py:840} INFO - DAG(s) 'job_market_etl' retrieved from /opt/airflow/dags/job_etl_dag.py
[2026-05-11T12:57:21.277+0000] {logging_mixin.py:188} INFO - [2026-05-11T12:57:21.277+0000] {dag.py:3036} INFO - Sync 1 DAGs
[2026-05-11T12:57:21.295+0000] {logging_mixin.py:188} INFO - [2026-05-11T12:57:21.294+0000] {dag.py:3823} INFO - Setting next_dagrun for job_market_etl to None, run_after=None
[2026-05-11T12:57:21.327+0000] {processor.py:183} INFO - Processing /opt/airflow/dags/job_etl_dag.py took 0.136 seconds
[2026-05-11T12:57:51.534+0000] {processor.py:161} INFO - Started process (PID=1875) to work on /opt/airflow/dags/job_etl_dag.py
[2026-05-11T12:57:51.536+0000] {processor.py:830} INFO - Processing file /opt/airflow/dags/job_etl_dag.py for tasks to queue
[2026-05-11T12:57:51.538+0000] {logging_mixin.py:188} INFO - [2026-05-11T12:57:51.537+0000] {dagbag.py:538} INFO - Filling up the DagBag from /opt/airflow/dags/job_etl_dag.py
[2026-05-11T12:57:51.566+0000] {processor.py:840} INFO - DAG(s) 'job_market_etl' retrieved from /opt/airflow/dags/job_etl_dag.py
[2026-05-11T12:57:51.613+0000] {logging_mixin.py:188} INFO - [2026-05-11T12:57:51.612+0000] {dag.py:3036} INFO - Sync 1 DAGs
[2026-05-11T12:57:51.632+0000] {logging_mixin.py:188} INFO - [2026-05-11T12:57:51.631+0000] {dag.py:3823} INFO - Setting next_dagrun for job_market_etl to None, run_after=None
[2026-05-11T12:57:51.679+0000] {processor.py:183} INFO - Processing /opt/airflow/dags/job_etl_dag.py took 0.149 seconds
[2026-05-11T12:58:21.824+0000] {processor.py:161} INFO - Started process (PID=1876) to work on /opt/airflow/dags/job_etl_dag.py
[2026-05-11T12:58:21.826+0000] {processor.py:830} INFO - Processing file /opt/airflow/dags/job_etl_dag.py for tasks to queue
[2026-05-11T12:58:21.828+0000] {logging_mixin.py:188} INFO - [2026-05-11T12:58:21.828+0000] {dagbag.py:538} INFO - Filling up the DagBag from /opt/airflow/dags/job_etl_dag.py
[2026-05-11T12:58:21.860+0000] {processor.py:840} INFO - DAG(s) 'job_market_etl' retrieved from /opt/airflow/dags/job_etl_dag.py
[2026-05-11T12:58:21.910+0000] {logging_mixin.py:188} INFO - [2026-05-11T12:58:21.909+0000] {dag.py:3036} INFO - Sync 1 DAGs
[2026-05-11T12:58:21.926+0000] {logging_mixin.py:188} INFO - [2026-05-11T12:58:21.926+0000] {dag.py:3823} INFO - Setting next_dagrun for job_market_etl to None, run_after=None
[2026-05-11T12:58:21.973+0000] {processor.py:183} INFO - Processing /opt/airflow/dags/job_etl_dag.py took 0.155 seconds
[2026-05-11T12:58:52.194+0000] {processor.py:161} INFO - Started process (PID=1877) to work on /opt/airflow/dags/job_etl_dag.py
[2026-05-11T12:58:52.196+0000] {processor.py:830} INFO - Processing file /opt/airflow/dags/job_etl_dag.py for tasks to queue
[2026-05-11T12:58:52.198+0000] {logging_mixin.py:188} INFO - [2026-05-11T12:58:52.198+0000] {dagbag.py:538} INFO - Filling up the DagBag from /opt/airflow/dags/job_etl_dag.py
[2026-05-11T12:58:52.229+0000] {processor.py:840} INFO - DAG(s) 'job_market_etl' retrieved from /opt/airflow/dags/job_etl_dag.py
[2026-05-11T12:58:52.275+0000] {logging_mixin.py:188} INFO - [2026-05-11T12:58:52.275+0000] {dag.py:3036} INFO - Sync 1 DAGs
[2026-05-11T12:58:52.293+0000] {logging_mixin.py:188} INFO - [2026-05-11T12:58:52.293+0000] {dag.py:3823} INFO - Setting next_dagrun for job_market_etl to None, run_after=None
[2026-05-11T12:58:52.344+0000] {processor.py:183} INFO - Processing /opt/airflow/dags/job_etl_dag.py took 0.156 seconds
[2026-05-11T12:59:22.479+0000] {processor.py:161} INFO - Started process (PID=1878) to work on /opt/airflow/dags/job_etl_dag.py
[2026-05-11T12:59:22.481+0000] {processor.py:830} INFO - Processing file /opt/airflow/dags/job_etl_dag.py for tasks to queue
[2026-05-11T12:59:22.483+0000] {logging_mixin.py:188} INFO - [2026-05-11T12:59:22.482+0000] {dagbag.py:538} INFO - Filling up the DagBag from /opt/airflow/dags/job_etl_dag.py
[2026-05-11T12:59:22.514+0000] {processor.py:840} INFO - DAG(s) 'job_market_etl' retrieved from /opt/airflow/dags/job_etl_dag.py
[2026-05-11T12:59:22.561+0000] {logging_mixin.py:188} INFO - [2026-05-11T12:59:22.561+0000] {dag.py:3036} INFO - Sync 1 DAGs
[2026-05-11T12:59:22.579+0000] {logging_mixin.py:188} INFO - [2026-05-11T12:59:22.578+0000] {dag.py:3823} INFO - Setting next_dagrun for job_market_etl to None, run_after=None
[2026-05-11T12:59:22.627+0000] {processor.py:183} INFO - Processing /opt/airflow/dags/job_etl_dag.py took 0.153 seconds
[2026-05-11T12:59:52.854+0000] {processor.py:161} INFO - Started process (PID=1879) to work on /opt/airflow/dags/job_etl_dag.py
[2026-05-11T12:59:52.856+0000] {processor.py:830} INFO - Processing file /opt/airflow/dags/job_etl_dag.py for tasks to queue
[2026-05-11T12:59:52.859+0000] {logging_mixin.py:188} INFO - [2026-05-11T12:59:52.858+0000] {dagbag.py:538} INFO - Filling up the DagBag from /opt/airflow/dags/job_etl_dag.py
[2026-05-11T12:59:52.885+0000] {processor.py:840} INFO - DAG(s) 'job_market_etl' retrieved from /opt/airflow/dags/job_etl_dag.py
[2026-05-11T12:59:52.927+0000] {logging_mixin.py:188} INFO - [2026-05-11T12:59:52.927+0000] {dag.py:3036} INFO - Sync 1 DAGs
[2026-05-11T12:59:52.944+0000] {logging_mixin.py:188} INFO - [2026-05-11T12:59:52.944+0000] {dag.py:3823} INFO - Setting next_dagrun for job_market_etl to None, run_after=None
[2026-05-11T12:59:52.977+0000] {processor.py:183} INFO - Processing /opt/airflow/dags/job_etl_dag.py took 0.126 seconds
[2026-05-11T13:00:23.123+0000] {processor.py:161} INFO - Started process (PID=1880) to work on /opt/airflow/dags/job_etl_dag.py
[2026-05-11T13:00:23.125+0000] {processor.py:830} INFO - Processing file /opt/airflow/dags/job_etl_dag.py for tasks to queue
[2026-05-11T13:00:23.128+0000] {logging_mixin.py:188} INFO - [2026-05-11T13:00:23.128+0000] {dagbag.py:538} INFO - Filling up the DagBag from /opt/airflow/dags/job_etl_dag.py
[2026-05-11T13:00:23.158+0000] {processor.py:840} INFO - DAG(s) 'job_market_etl' retrieved from /opt/airflow/dags/job_etl_dag.py
[2026-05-11T13:00:23.207+0000] {logging_mixin.py:188} INFO - [2026-05-11T13:00:23.207+0000] {dag.py:3036} INFO - Sync 1 DAGs
[2026-05-11T13:00:23.225+0000] {logging_mixin.py:188} INFO - [2026-05-11T13:00:23.225+0000] {dag.py:3823} INFO - Setting next_dagrun for job_market_etl to None, run_after=None
[2026-05-11T13:00:23.272+0000] {processor.py:183} INFO - Processing /opt/airflow/dags/job_etl_dag.py took 0.153 seconds
[2026-05-11T13:00:53.504+0000] {processor.py:161} INFO - Started process (PID=1881) to work on /opt/airflow/dags/job_etl_dag.py
[2026-05-11T13:00:53.506+0000] {processor.py:830} INFO - Processing file /opt/airflow/dags/job_etl_dag.py for tasks to queue
[2026-05-11T13:00:53.508+0000] {logging_mixin.py:188} INFO - [2026-05-11T13:00:53.508+0000] {dagbag.py:538} INFO - Filling up the DagBag from /opt/airflow/dags/job_etl_dag.py
[2026-05-11T13:00:53.538+0000] {processor.py:840} INFO - DAG(s) 'job_market_etl' retrieved from /opt/airflow/dags/job_etl_dag.py
[2026-05-11T13:00:53.584+0000] {logging_mixin.py:188} INFO - [2026-05-11T13:00:53.583+0000] {dag.py:3036} INFO - Sync 1 DAGs
[2026-05-11T13:00:53.604+0000] {logging_mixin.py:188} INFO - [2026-05-11T13:00:53.603+0000] {dag.py:3823} INFO - Setting next_dagrun for job_market_etl to None, run_after=None
[2026-05-11T13:00:53.653+0000] {processor.py:183} INFO - Processing /opt/airflow/dags/job_etl_dag.py took 0.153 seconds
[2026-05-11T13:01:23.777+0000] {processor.py:161} INFO - Started process (PID=1882) to work on /opt/airflow/dags/job_etl_dag.py
[2026-05-11T13:01:23.779+0000] {processor.py:830} INFO - Processing file /opt/airflow/dags/job_etl_dag.py for tasks to queue
[2026-05-11T13:01:23.782+0000] {logging_mixin.py:188} INFO - [2026-05-11T13:01:23.782+0000] {dagbag.py:538} INFO - Filling up the DagBag from /opt/airflow/dags/job_etl_dag.py
[2026-05-11T13:01:23.815+0000] {processor.py:840} INFO - DAG(s) 'job_market_etl' retrieved from /opt/airflow/dags/job_etl_dag.py
[2026-05-11T13:01:23.862+0000] {logging_mixin.py:188} INFO - [2026-05-11T13:01:23.862+0000] {dag.py:3036} INFO - Sync 1 DAGs
[2026-05-11T13:01:23.879+0000] {logging_mixin.py:188} INFO - [2026-05-11T13:01:23.878+0000] {dag.py:3823} INFO - Setting next_dagrun for job_market_etl to None, run_after=None
[2026-05-11T13:01:23.931+0000] {processor.py:183} INFO - Processing /opt/airflow/dags/job_etl_dag.py took 0.162 seconds
[2026-05-11T13:01:54.139+0000] {processor.py:161} INFO - Started process (PID=1883) to work on /opt/airflow/dags/job_etl_dag.py
[2026-05-11T13:01:54.140+0000] {processor.py:830} INFO - Processing file /opt/airflow/dags/job_etl_dag.py for tasks to queue
[2026-05-11T13:01:54.142+0000] {logging_mixin.py:188} INFO - [2026-05-11T13:01:54.141+0000] {dagbag.py:538} INFO - Filling up the DagBag from /opt/airflow/dags/job_etl_dag.py
[2026-05-11T13:01:54.173+0000] {processor.py:840} INFO - DAG(s) 'job_market_etl' retrieved from /opt/airflow/dags/job_etl_dag.py
[2026-05-11T13:01:54.220+0000] {logging_mixin.py:188} INFO - [2026-05-11T13:01:54.220+0000] {dag.py:3036} INFO - Sync 1 DAGs
[2026-05-11T13:01:54.239+0000] {logging_mixin.py:188} INFO - [2026-05-11T13:01:54.239+0000] {dag.py:3823} INFO - Setting next_dagrun for job_market_etl to None, run_after=None
[2026-05-11T13:01:54.288+0000] {processor.py:183} INFO - Processing /opt/airflow/dags/job_etl_dag.py took 0.153 seconds
[2026-05-11T13:02:24.420+0000] {processor.py:161} INFO - Started process (PID=1884) to work on /opt/airflow/dags/job_etl_dag.py
[2026-05-11T13:02:24.422+0000] {processor.py:830} INFO - Processing file /opt/airflow/dags/job_etl_dag.py for tasks to queue
[2026-05-11T13:02:24.425+0000] {logging_mixin.py:188} INFO - [2026-05-11T13:02:24.424+0000] {dagbag.py:538} INFO - Filling up the DagBag from /opt/airflow/dags/job_etl_dag.py
[2026-05-11T13:02:24.458+0000] {processor.py:840} INFO - DAG(s) 'job_market_etl' retrieved from /opt/airflow/dags/job_etl_dag.py
[2026-05-11T13:02:24.506+0000] {logging_mixin.py:188} INFO - [2026-05-11T13:02:24.506+0000] {dag.py:3036} INFO - Sync 1 DAGs
[2026-05-11T13:02:24.525+0000] {logging_mixin.py:188} INFO - [2026-05-11T13:02:24.525+0000] {dag.py:3823} INFO - Setting next_dagrun for job_market_etl to None, run_after=None
[2026-05-11T13:02:24.572+0000] {processor.py:183} INFO - Processing /opt/airflow/dags/job_etl_dag.py took 0.157 seconds
[2026-05-11T13:02:54.803+0000] {processor.py:161} INFO - Started process (PID=1886) to work on /opt/airflow/dags/job_etl_dag.py
[2026-05-11T13:02:54.807+0000] {processor.py:830} INFO - Processing file /opt/airflow/dags/job_etl_dag.py for tasks to queue
[2026-05-11T13:02:54.811+0000] {logging_mixin.py:188} INFO - [2026-05-11T13:02:54.810+0000] {dagbag.py:538} INFO - Filling up the DagBag from /opt/airflow/dags/job_etl_dag.py
[2026-05-11T13:02:54.851+0000] {processor.py:840} INFO - DAG(s) 'job_market_etl' retrieved from /opt/airflow/dags/job_etl_dag.py
[2026-05-11T13:02:54.901+0000] {logging_mixin.py:188} INFO - [2026-05-11T13:02:54.901+0000] {dag.py:3036} INFO - Sync 1 DAGs
[2026-05-11T13:02:54.920+0000] {logging_mixin.py:188} INFO - [2026-05-11T13:02:54.920+0000] {dag.py:3823} INFO - Setting next_dagrun for job_market_etl to None, run_after=None
[2026-05-11T13:02:54.954+0000] {processor.py:183} INFO - Processing /opt/airflow/dags/job_etl_dag.py took 0.159 seconds
[2026-05-11T13:03:25.099+0000] {processor.py:161} INFO - Started process (PID=1887) to work on /opt/airflow/dags/job_etl_dag.py
[2026-05-11T13:03:25.101+0000] {processor.py:830} INFO - Processing file /opt/airflow/dags/job_etl_dag.py for tasks to queue
[2026-05-11T13:03:25.104+0000] {logging_mixin.py:188} INFO - [2026-05-11T13:03:25.103+0000] {dagbag.py:538} INFO - Filling up the DagBag from /opt/airflow/dags/job_etl_dag.py
[2026-05-11T13:03:25.140+0000] {processor.py:840} INFO - DAG(s) 'job_market_etl' retrieved from /opt/airflow/dags/job_etl_dag.py
[2026-05-11T13:03:25.190+0000] {logging_mixin.py:188} INFO - [2026-05-11T13:03:25.190+0000] {dag.py:3036} INFO - Sync 1 DAGs
[2026-05-11T13:03:25.210+0000] {logging_mixin.py:188} INFO - [2026-05-11T13:03:25.210+0000] {dag.py:3823} INFO - Setting next_dagrun for job_market_etl to None, run_after=None
[2026-05-11T13:03:25.258+0000] {processor.py:183} INFO - Processing /opt/airflow/dags/job_etl_dag.py took 0.169 seconds
[2026-05-11T13:03:55.447+0000] {processor.py:161} INFO - Started process (PID=1888) to work on /opt/airflow/dags/job_etl_dag.py
[2026-05-11T13:03:55.450+0000] {processor.py:830} INFO - Processing file /opt/airflow/dags/job_etl_dag.py for tasks to queue
[2026-05-11T13:03:55.452+0000] {logging_mixin.py:188} INFO - [2026-05-11T13:03:55.451+0000] {dagbag.py:538} INFO - Filling up the DagBag from /opt/airflow/dags/job_etl_dag.py
[2026-05-11T13:03:55.484+0000] {processor.py:840} INFO - DAG(s) 'job_market_etl' retrieved from /opt/airflow/dags/job_etl_dag.py
[2026-05-11T13:03:55.534+0000] {logging_mixin.py:188} INFO - [2026-05-11T13:03:55.533+0000] {dag.py:3036} INFO - Sync 1 DAGs
[2026-05-11T13:03:55.553+0000] {logging_mixin.py:188} INFO - [2026-05-11T13:03:55.552+0000] {dag.py:3823} INFO - Setting next_dagrun for job_market_etl to None, run_after=None
[2026-05-11T13:03:55.583+0000] {processor.py:183} INFO - Processing /opt/airflow/dags/job_etl_dag.py took 0.142 seconds
[2026-05-11T13:04:25.772+0000] {processor.py:161} INFO - Started process (PID=1889) to work on /opt/airflow/dags/job_etl_dag.py
[2026-05-11T13:04:25.774+0000] {processor.py:830} INFO - Processing file /opt/airflow/dags/job_etl_dag.py for tasks to queue
[2026-05-11T13:04:25.775+0000] {logging_mixin.py:188} INFO - [2026-05-11T13:04:25.775+0000] {dagbag.py:538} INFO - Filling up the DagBag from /opt/airflow/dags/job_etl_dag.py
[2026-05-11T13:04:25.809+0000] {processor.py:840} INFO - DAG(s) 'job_market_etl' retrieved from /opt/airflow/dags/job_etl_dag.py
[2026-05-11T13:04:25.858+0000] {logging_mixin.py:188} INFO - [2026-05-11T13:04:25.858+0000] {dag.py:3036} INFO - Sync 1 DAGs
[2026-05-11T13:04:25.877+0000] {logging_mixin.py:188} INFO - [2026-05-11T13:04:25.877+0000] {dag.py:3823} INFO - Setting next_dagrun for job_market_etl to None, run_after=None
[2026-05-11T13:04:25.919+0000] {processor.py:183} INFO - Processing /opt/airflow/dags/job_etl_dag.py took 0.156 seconds
[2026-05-11T13:04:56.083+0000] {processor.py:161} INFO - Started process (PID=1890) to work on /opt/airflow/dags/job_etl_dag.py
[2026-05-11T13:04:56.086+0000] {processor.py:830} INFO - Processing file /opt/airflow/dags/job_etl_dag.py for tasks to queue
[2026-05-11T13:04:56.088+0000] {logging_mixin.py:188} INFO - [2026-05-11T13:04:56.087+0000] {dagbag.py:538} INFO - Filling up the DagBag from /opt/airflow/dags/job_etl_dag.py
[2026-05-11T13:04:56.118+0000] {processor.py:840} INFO - DAG(s) 'job_market_etl' retrieved from /opt/airflow/dags/job_etl_dag.py
[2026-05-11T13:04:56.166+0000] {logging_mixin.py:188} INFO - [2026-05-11T13:04:56.166+0000] {dag.py:3036} INFO - Sync 1 DAGs
[2026-05-11T13:04:56.184+0000] {logging_mixin.py:188} INFO - [2026-05-11T13:04:56.184+0000] {dag.py:3823} INFO - Setting next_dagrun for job_market_etl to None, run_after=None
[2026-05-11T13:04:56.217+0000] {processor.py:183} INFO - Processing /opt/airflow/dags/job_etl_dag.py took 0.140 seconds
[2026-05-11T13:05:26.434+0000] {processor.py:161} INFO - Started process (PID=1891) to work on /opt/airflow/dags/job_etl_dag.py
[2026-05-11T13:05:26.437+0000] {processor.py:830} INFO - Processing file /opt/airflow/dags/job_etl_dag.py for tasks to queue
[2026-05-11T13:05:26.439+0000] {logging_mixin.py:188} INFO - [2026-05-11T13:05:26.438+0000] {dagbag.py:538} INFO - Filling up the DagBag from /opt/airflow/dags/job_etl_dag.py
[2026-05-11T13:05:26.470+0000] {processor.py:840} INFO - DAG(s) 'job_market_etl' retrieved from /opt/airflow/dags/job_etl_dag.py
[2026-05-11T13:05:26.514+0000] {logging_mixin.py:188} INFO - [2026-05-11T13:05:26.514+0000] {dag.py:3036} INFO - Sync 1 DAGs
[2026-05-11T13:05:26.545+0000] {logging_mixin.py:188} INFO - [2026-05-11T13:05:26.545+0000] {dag.py:3823} INFO - Setting next_dagrun for job_market_etl to None, run_after=None
[2026-05-11T13:05:26.587+0000] {processor.py:183} INFO - Processing /opt/airflow/dags/job_etl_dag.py took 0.159 seconds
[2026-05-11T13:05:56.756+0000] {processor.py:161} INFO - Started process (PID=1892) to work on /opt/airflow/dags/job_etl_dag.py
[2026-05-11T13:05:56.759+0000] {processor.py:830} INFO - Processing file /opt/airflow/dags/job_etl_dag.py for tasks to queue
[2026-05-11T13:05:56.761+0000] {logging_mixin.py:188} INFO - [2026-05-11T13:05:56.761+0000] {dagbag.py:538} INFO - Filling up the DagBag from /opt/airflow/dags/job_etl_dag.py
[2026-05-11T13:05:56.790+0000] {processor.py:840} INFO - DAG(s) 'job_market_etl' retrieved from /opt/airflow/dags/job_etl_dag.py
[2026-05-11T13:05:56.838+0000] {logging_mixin.py:188} INFO - [2026-05-11T13:05:56.838+0000] {dag.py:3036} INFO - Sync 1 DAGs
[2026-05-11T13:05:56.855+0000] {logging_mixin.py:188} INFO - [2026-05-11T13:05:56.855+0000] {dag.py:3823} INFO - Setting next_dagrun for job_market_etl to None, run_after=None
[2026-05-11T13:05:56.901+0000] {processor.py:183} INFO - Processing /opt/airflow/dags/job_etl_dag.py took 0.151 seconds
[2026-05-11T13:06:27.111+0000] {processor.py:161} INFO - Started process (PID=1893) to work on /opt/airflow/dags/job_etl_dag.py
[2026-05-11T13:06:27.114+0000] {processor.py:830} INFO - Processing file /opt/airflow/dags/job_etl_dag.py for tasks to queue
[2026-05-11T13:06:27.116+0000] {logging_mixin.py:188} INFO - [2026-05-11T13:06:27.115+0000] {dagbag.py:538} INFO - Filling up the DagBag from /opt/airflow/dags/job_etl_dag.py
[2026-05-11T13:06:27.150+0000] {processor.py:840} INFO - DAG(s) 'job_market_etl' retrieved from /opt/airflow/dags/job_etl_dag.py
[2026-05-11T13:06:27.196+0000] {logging_mixin.py:188} INFO - [2026-05-11T13:06:27.195+0000] {dag.py:3036} INFO - Sync 1 DAGs
[2026-05-11T13:06:27.214+0000] {logging_mixin.py:188} INFO - [2026-05-11T13:06:27.214+0000] {dag.py:3823} INFO - Setting next_dagrun for job_market_etl to None, run_after=None
[2026-05-11T13:06:27.248+0000] {processor.py:183} INFO - Processing /opt/airflow/dags/job_etl_dag.py took 0.148 seconds
[2026-05-11T13:06:57.401+0000] {processor.py:161} INFO - Started process (PID=1894) to work on /opt/airflow/dags/job_etl_dag.py
[2026-05-11T13:06:57.403+0000] {processor.py:830} INFO - Processing file /opt/airflow/dags/job_etl_dag.py for tasks to queue
[2026-05-11T13:06:57.405+0000] {logging_mixin.py:188} INFO - [2026-05-11T13:06:57.405+0000] {dagbag.py:538} INFO - Filling up the DagBag from /opt/airflow/dags/job_etl_dag.py
[2026-05-11T13:06:57.435+0000] {processor.py:840} INFO - DAG(s) 'job_market_etl' retrieved from /opt/airflow/dags/job_etl_dag.py
[2026-05-11T13:06:57.483+0000] {logging_mixin.py:188} INFO - [2026-05-11T13:06:57.483+0000] {dag.py:3036} INFO - Sync 1 DAGs
[2026-05-11T13:06:57.501+0000] {logging_mixin.py:188} INFO - [2026-05-11T13:06:57.501+0000] {dag.py:3823} INFO - Setting next_dagrun for job_market_etl to None, run_after=None
[2026-05-11T13:06:57.545+0000] {processor.py:183} INFO - Processing /opt/airflow/dags/job_etl_dag.py took 0.150 seconds
[2026-05-11T13:07:27.746+0000] {processor.py:161} INFO - Started process (PID=1895) to work on /opt/airflow/dags/job_etl_dag.py
[2026-05-11T13:07:27.748+0000] {processor.py:830} INFO - Processing file /opt/airflow/dags/job_etl_dag.py for tasks to queue
[2026-05-11T13:07:27.750+0000] {logging_mixin.py:188} INFO - [2026-05-11T13:07:27.749+0000] {dagbag.py:538} INFO - Filling up the DagBag from /opt/airflow/dags/job_etl_dag.py
[2026-05-11T13:07:27.785+0000] {processor.py:840} INFO - DAG(s) 'job_market_etl' retrieved from /opt/airflow/dags/job_etl_dag.py
[2026-05-11T13:07:27.833+0000] {logging_mixin.py:188} INFO - [2026-05-11T13:07:27.833+0000] {dag.py:3036} INFO - Sync 1 DAGs
[2026-05-11T13:07:27.851+0000] {logging_mixin.py:188} INFO - [2026-05-11T13:07:27.851+0000] {dag.py:3823} INFO - Setting next_dagrun for job_market_etl to None, run_after=None
[2026-05-11T13:07:27.901+0000] {processor.py:183} INFO - Processing /opt/airflow/dags/job_etl_dag.py took 0.161 seconds
[2026-05-11T13:07:58.047+0000] {processor.py:161} INFO - Started process (PID=1896) to work on /opt/airflow/dags/job_etl_dag.py
[2026-05-11T13:07:58.049+0000] {processor.py:830} INFO - Processing file /opt/airflow/dags/job_etl_dag.py for tasks to queue
[2026-05-11T13:07:58.051+0000] {logging_mixin.py:188} INFO - [2026-05-11T13:07:58.051+0000] {dagbag.py:538} INFO - Filling up the DagBag from /opt/airflow/dags/job_etl_dag.py
[2026-05-11T13:07:58.083+0000] {processor.py:840} INFO - DAG(s) 'job_market_etl' retrieved from /opt/airflow/dags/job_etl_dag.py
[2026-05-11T13:07:58.133+0000] {logging_mixin.py:188} INFO - [2026-05-11T13:07:58.132+0000] {dag.py:3036} INFO - Sync 1 DAGs
[2026-05-11T13:07:58.152+0000] {logging_mixin.py:188} INFO - [2026-05-11T13:07:58.151+0000] {dag.py:3823} INFO - Setting next_dagrun for job_market_etl to None, run_after=None
[2026-05-11T13:07:58.203+0000] {processor.py:183} INFO - Processing /opt/airflow/dags/job_etl_dag.py took 0.164 seconds
[2026-05-11T13:08:28.399+0000] {processor.py:161} INFO - Started process (PID=1897) to work on /opt/airflow/dags/job_etl_dag.py
[2026-05-11T13:08:28.402+0000] {processor.py:830} INFO - Processing file /opt/airflow/dags/job_etl_dag.py for tasks to queue
[2026-05-11T13:08:28.405+0000] {logging_mixin.py:188} INFO - [2026-05-11T13:08:28.404+0000] {dagbag.py:538} INFO - Filling up the DagBag from /opt/airflow/dags/job_etl_dag.py
[2026-05-11T13:08:28.442+0000] {processor.py:840} INFO - DAG(s) 'job_market_etl' retrieved from /opt/airflow/dags/job_etl_dag.py
[2026-05-11T13:08:28.487+0000] {logging_mixin.py:188} INFO - [2026-05-11T13:08:28.486+0000] {dag.py:3036} INFO - Sync 1 DAGs
[2026-05-11T13:08:28.506+0000] {logging_mixin.py:188} INFO - [2026-05-11T13:08:28.505+0000] {dag.py:3823} INFO - Setting next_dagrun for job_market_etl to None, run_after=None
[2026-05-11T13:08:28.539+0000] {processor.py:183} INFO - Processing /opt/airflow/dags/job_etl_dag.py took 0.146 seconds
[2026-05-11T13:08:58.711+0000] {processor.py:161} INFO - Started process (PID=1898) to work on /opt/airflow/dags/job_etl_dag.py
[2026-05-11T13:08:58.713+0000] {processor.py:830} INFO - Processing file /opt/airflow/dags/job_etl_dag.py for tasks to queue
[2026-05-11T13:08:58.716+0000] {logging_mixin.py:188} INFO - [2026-05-11T13:08:58.716+0000] {dagbag.py:538} INFO - Filling up the DagBag from /opt/airflow/dags/job_etl_dag.py
[2026-05-11T13:08:58.750+0000] {processor.py:840} INFO - DAG(s) 'job_market_etl' retrieved from /opt/airflow/dags/job_etl_dag.py
[2026-05-11T13:08:58.801+0000] {logging_mixin.py:188} INFO - [2026-05-11T13:08:58.800+0000] {dag.py:3036} INFO - Sync 1 DAGs
[2026-05-11T13:08:58.819+0000] {logging_mixin.py:188} INFO - [2026-05-11T13:08:58.819+0000] {dag.py:3823} INFO - Setting next_dagrun for job_market_etl to None, run_after=None
[2026-05-11T13:08:58.858+0000] {processor.py:183} INFO - Processing /opt/airflow/dags/job_etl_dag.py took 0.153 seconds
[2026-05-11T13:09:29.055+0000] {processor.py:161} INFO - Started process (PID=1899) to work on /opt/airflow/dags/job_etl_dag.py
[2026-05-11T13:09:29.058+0000] {processor.py:830} INFO - Processing file /opt/airflow/dags/job_etl_dag.py for tasks to queue
[2026-05-11T13:09:29.061+0000] {logging_mixin.py:188} INFO - [2026-05-11T13:09:29.061+0000] {dagbag.py:538} INFO - Filling up the DagBag from /opt/airflow/dags/job_etl_dag.py
[2026-05-11T13:09:29.103+0000] {processor.py:840} INFO - DAG(s) 'job_market_etl' retrieved from /opt/airflow/dags/job_etl_dag.py
[2026-05-11T13:09:29.160+0000] {logging_mixin.py:188} INFO - [2026-05-11T13:09:29.159+0000] {dag.py:3036} INFO - Sync 1 DAGs
[2026-05-11T13:09:29.181+0000] {logging_mixin.py:188} INFO - [2026-05-11T13:09:29.180+0000] {dag.py:3823} INFO - Setting next_dagrun for job_market_etl to None, run_after=None
[2026-05-11T13:09:29.219+0000] {processor.py:183} INFO - Processing /opt/airflow/dags/job_etl_dag.py took 0.169 seconds
[2026-05-11T13:09:59.378+0000] {processor.py:161} INFO - Started process (PID=1900) to work on /opt/airflow/dags/job_etl_dag.py
[2026-05-11T13:09:59.380+0000] {processor.py:830} INFO - Processing file /opt/airflow/dags/job_etl_dag.py for tasks to queue
[2026-05-11T13:09:59.382+0000] {logging_mixin.py:188} INFO - [2026-05-11T13:09:59.382+0000] {dagbag.py:538} INFO - Filling up the DagBag from /opt/airflow/dags/job_etl_dag.py
[2026-05-11T13:09:59.419+0000] {processor.py:840} INFO - DAG(s) 'job_market_etl' retrieved from /opt/airflow/dags/job_etl_dag.py
[2026-05-11T13:09:59.470+0000] {logging_mixin.py:188} INFO - [2026-05-11T13:09:59.470+0000] {dag.py:3036} INFO - Sync 1 DAGs
[2026-05-11T13:09:59.490+0000] {logging_mixin.py:188} INFO - [2026-05-11T13:09:59.490+0000] {dag.py:3823} INFO - Setting next_dagrun for job_market_etl to None, run_after=None
[2026-05-11T13:09:59.530+0000] {processor.py:183} INFO - Processing /opt/airflow/dags/job_etl_dag.py took 0.159 seconds
[2026-05-11T13:10:29.762+0000] {processor.py:161} INFO - Started process (PID=1901) to work on /opt/airflow/dags/job_etl_dag.py
[2026-05-11T13:10:29.764+0000] {processor.py:830} INFO - Processing file /opt/airflow/dags/job_etl_dag.py for tasks to queue
[2026-05-11T13:10:29.767+0000] {logging_mixin.py:188} INFO - [2026-05-11T13:10:29.766+0000] {dagbag.py:538} INFO - Filling up the DagBag from /opt/airflow/dags/job_etl_dag.py
[2026-05-11T13:10:29.805+0000] {processor.py:840} INFO - DAG(s) 'job_market_etl' retrieved from /opt/airflow/dags/job_etl_dag.py
[2026-05-11T13:10:29.848+0000] {logging_mixin.py:188} INFO - [2026-05-11T13:10:29.847+0000] {dag.py:3036} INFO - Sync 1 DAGs
[2026-05-11T13:10:29.866+0000] {logging_mixin.py:188} INFO - [2026-05-11T13:10:29.866+0000] {dag.py:3823} INFO - Setting next_dagrun for job_market_etl to None, run_after=None
[2026-05-11T13:10:29.905+0000] {processor.py:183} INFO - Processing /opt/airflow/dags/job_etl_dag.py took 0.148 seconds
[2026-05-11T13:11:00.116+0000] {processor.py:161} INFO - Started process (PID=1902) to work on /opt/airflow/dags/job_etl_dag.py
[2026-05-11T13:11:00.119+0000] {processor.py:830} INFO - Processing file /opt/airflow/dags/job_etl_dag.py for tasks to queue
[2026-05-11T13:11:00.121+0000] {logging_mixin.py:188} INFO - [2026-05-11T13:11:00.120+0000] {dagbag.py:538} INFO - Filling up the DagBag from /opt/airflow/dags/job_etl_dag.py
[2026-05-11T13:11:00.154+0000] {processor.py:840} INFO - DAG(s) 'job_market_etl' retrieved from /opt/airflow/dags/job_etl_dag.py
[2026-05-11T13:11:00.204+0000] {logging_mixin.py:188} INFO - [2026-05-11T13:11:00.203+0000] {dag.py:3036} INFO - Sync 1 DAGs
[2026-05-11T13:11:00.225+0000] {logging_mixin.py:188} INFO - [2026-05-11T13:11:00.224+0000] {dag.py:3823} INFO - Setting next_dagrun for job_market_etl to None, run_after=None
[2026-05-11T13:11:00.261+0000] {processor.py:183} INFO - Processing /opt/airflow/dags/job_etl_dag.py took 0.153 seconds
[2026-05-11T13:11:30.425+0000] {processor.py:161} INFO - Started process (PID=1903) to work on /opt/airflow/dags/job_etl_dag.py
[2026-05-11T13:11:30.427+0000] {processor.py:830} INFO - Processing file /opt/airflow/dags/job_etl_dag.py for tasks to queue
[2026-05-11T13:11:30.429+0000] {logging_mixin.py:188} INFO - [2026-05-11T13:11:30.428+0000] {dagbag.py:538} INFO - Filling up the DagBag from /opt/airflow/dags/job_etl_dag.py
[2026-05-11T13:11:30.462+0000] {processor.py:840} INFO - DAG(s) 'job_market_etl' retrieved from /opt/airflow/dags/job_etl_dag.py
[2026-05-11T13:11:30.518+0000] {logging_mixin.py:188} INFO - [2026-05-11T13:11:30.517+0000] {dag.py:3036} INFO - Sync 1 DAGs
[2026-05-11T13:11:30.542+0000] {logging_mixin.py:188} INFO - [2026-05-11T13:11:30.542+0000] {dag.py:3823} INFO - Setting next_dagrun for job_market_etl to None, run_after=None
[2026-05-11T13:11:30.591+0000] {processor.py:183} INFO - Processing /opt/airflow/dags/job_etl_dag.py took 0.173 seconds
[2026-05-11T13:12:00.778+0000] {processor.py:161} INFO - Started process (PID=1904) to work on /opt/airflow/dags/job_etl_dag.py
[2026-05-11T13:12:00.782+0000] {processor.py:830} INFO - Processing file /opt/airflow/dags/job_etl_dag.py for tasks to queue
[2026-05-11T13:12:00.784+0000] {logging_mixin.py:188} INFO - [2026-05-11T13:12:00.783+0000] {dagbag.py:538} INFO - Filling up the DagBag from /opt/airflow/dags/job_etl_dag.py
[2026-05-11T13:12:00.816+0000] {processor.py:840} INFO - DAG(s) 'job_market_etl' retrieved from /opt/airflow/dags/job_etl_dag.py
[2026-05-11T13:12:00.866+0000] {logging_mixin.py:188} INFO - [2026-05-11T13:12:00.866+0000] {dag.py:3036} INFO - Sync 1 DAGs
[2026-05-11T13:12:00.886+0000] {logging_mixin.py:188} INFO - [2026-05-11T13:12:00.885+0000] {dag.py:3823} INFO - Setting next_dagrun for job_market_etl to None, run_after=None
[2026-05-11T13:12:00.936+0000] {processor.py:183} INFO - Processing /opt/airflow/dags/job_etl_dag.py took 0.164 seconds
[2026-05-11T13:12:31.118+0000] {processor.py:161} INFO - Started process (PID=1905) to work on /opt/airflow/dags/job_etl_dag.py
[2026-05-11T13:12:31.120+0000] {processor.py:830} INFO - Processing file /opt/airflow/dags/job_etl_dag.py for tasks to queue
[2026-05-11T13:12:31.123+0000] {logging_mixin.py:188} INFO - [2026-05-11T13:12:31.122+0000] {dagbag.py:538} INFO - Filling up the DagBag from /opt/airflow/dags/job_etl_dag.py
[2026-05-11T13:12:31.157+0000] {processor.py:840} INFO - DAG(s) 'job_market_etl' retrieved from /opt/airflow/dags/job_etl_dag.py
[2026-05-11T13:12:31.200+0000] {logging_mixin.py:188} INFO - [2026-05-11T13:12:31.199+0000] {dag.py:3036} INFO - Sync 1 DAGs
[2026-05-11T13:12:31.216+0000] {logging_mixin.py:188} INFO - [2026-05-11T13:12:31.216+0000] {dag.py:3823} INFO - Setting next_dagrun for job_market_etl to None, run_after=None
[2026-05-11T13:12:31.265+0000] {processor.py:183} INFO - Processing /opt/airflow/dags/job_etl_dag.py took 0.154 seconds
[2026-05-11T13:13:01.463+0000] {processor.py:161} INFO - Started process (PID=1906) to work on /opt/airflow/dags/job_etl_dag.py
[2026-05-11T13:13:01.466+0000] {processor.py:830} INFO - Processing file /opt/airflow/dags/job_etl_dag.py for tasks to queue
[2026-05-11T13:13:01.470+0000] {logging_mixin.py:188} INFO - [2026-05-11T13:13:01.469+0000] {dagbag.py:538} INFO - Filling up the DagBag from /opt/airflow/dags/job_etl_dag.py
[2026-05-11T13:13:01.506+0000] {processor.py:840} INFO - DAG(s) 'job_market_etl' retrieved from /opt/airflow/dags/job_etl_dag.py
[2026-05-11T13:13:01.555+0000] {logging_mixin.py:188} INFO - [2026-05-11T13:13:01.554+0000] {dag.py:3036} INFO - Sync 1 DAGs
[2026-05-11T13:13:01.578+0000] {logging_mixin.py:188} INFO - [2026-05-11T13:13:01.578+0000] {dag.py:3823} INFO - Setting next_dagrun for job_market_etl to None, run_after=None
[2026-05-11T13:13:01.618+0000] {processor.py:183} INFO - Processing /opt/airflow/dags/job_etl_dag.py took 0.162 seconds
[2026-05-11T13:13:31.809+0000] {processor.py:161} INFO - Started process (PID=1907) to work on /opt/airflow/dags/job_etl_dag.py
[2026-05-11T13:13:31.812+0000] {processor.py:830} INFO - Processing file /opt/airflow/dags/job_etl_dag.py for tasks to queue
[2026-05-11T13:13:31.814+0000] {logging_mixin.py:188} INFO - [2026-05-11T13:13:31.814+0000] {dagbag.py:538} INFO - Filling up the DagBag from /opt/airflow/dags/job_etl_dag.py
[2026-05-11T13:13:31.850+0000] {processor.py:840} INFO - DAG(s) 'job_market_etl' retrieved from /opt/airflow/dags/job_etl_dag.py
[2026-05-11T13:13:31.897+0000] {logging_mixin.py:188} INFO - [2026-05-11T13:13:31.897+0000] {dag.py:3036} INFO - Sync 1 DAGs
[2026-05-11T13:13:31.925+0000] {logging_mixin.py:188} INFO - [2026-05-11T13:13:31.925+0000] {dag.py:3823} INFO - Setting next_dagrun for job_market_etl to None, run_after=None
[2026-05-11T13:13:31.973+0000] {processor.py:183} INFO - Processing /opt/airflow/dags/job_etl_dag.py took 0.171 seconds
[2026-05-11T13:14:02.163+0000] {processor.py:161} INFO - Started process (PID=1908) to work on /opt/airflow/dags/job_etl_dag.py
[2026-05-11T13:14:02.166+0000] {processor.py:830} INFO - Processing file /opt/airflow/dags/job_etl_dag.py for tasks to queue
[2026-05-11T13:14:02.169+0000] {logging_mixin.py:188} INFO - [2026-05-11T13:14:02.168+0000] {dagbag.py:538} INFO - Filling up the DagBag from /opt/airflow/dags/job_etl_dag.py
[2026-05-11T13:14:02.209+0000] {processor.py:840} INFO - DAG(s) 'job_market_etl' retrieved from /opt/airflow/dags/job_etl_dag.py
[2026-05-11T13:14:02.260+0000] {logging_mixin.py:188} INFO - [2026-05-11T13:14:02.259+0000] {dag.py:3036} INFO - Sync 1 DAGs
[2026-05-11T13:14:02.279+0000] {logging_mixin.py:188} INFO - [2026-05-11T13:14:02.279+0000] {dag.py:3823} INFO - Setting next_dagrun for job_market_etl to None, run_after=None
[2026-05-11T13:14:02.314+0000] {processor.py:183} INFO - Processing /opt/airflow/dags/job_etl_dag.py took 0.157 seconds
[2026-05-11T13:14:32.480+0000] {processor.py:161} INFO - Started process (PID=1909) to work on /opt/airflow/dags/job_etl_dag.py
[2026-05-11T13:14:32.482+0000] {processor.py:830} INFO - Processing file /opt/airflow/dags/job_etl_dag.py for tasks to queue
[2026-05-11T13:14:32.485+0000] {logging_mixin.py:188} INFO - [2026-05-11T13:14:32.484+0000] {dagbag.py:538} INFO - Filling up the DagBag from /opt/airflow/dags/job_etl_dag.py
[2026-05-11T13:14:32.518+0000] {processor.py:840} INFO - DAG(s) 'job_market_etl' retrieved from /opt/airflow/dags/job_etl_dag.py
[2026-05-11T13:14:32.566+0000] {logging_mixin.py:188} INFO - [2026-05-11T13:14:32.565+0000] {dag.py:3036} INFO - Sync 1 DAGs
[2026-05-11T13:14:32.587+0000] {logging_mixin.py:188} INFO - [2026-05-11T13:14:32.586+0000] {dag.py:3823} INFO - Setting next_dagrun for job_market_etl to None, run_after=None
[2026-05-11T13:14:32.626+0000] {processor.py:183} INFO - Processing /opt/airflow/dags/job_etl_dag.py took 0.153 seconds
[2026-05-11T13:15:02.847+0000] {processor.py:161} INFO - Started process (PID=1910) to work on /opt/airflow/dags/job_etl_dag.py
[2026-05-11T13:15:02.850+0000] {processor.py:830} INFO - Processing file /opt/airflow/dags/job_etl_dag.py for tasks to queue
[2026-05-11T13:15:02.852+0000] {logging_mixin.py:188} INFO - [2026-05-11T13:15:02.851+0000] {dagbag.py:538} INFO - Filling up the DagBag from /opt/airflow/dags/job_etl_dag.py
[2026-05-11T13:15:02.884+0000] {processor.py:840} INFO - DAG(s) 'job_market_etl' retrieved from /opt/airflow/dags/job_etl_dag.py
[2026-05-11T13:15:02.932+0000] {logging_mixin.py:188} INFO - [2026-05-11T13:15:02.932+0000] {dag.py:3036} INFO - Sync 1 DAGs
[2026-05-11T13:15:02.951+0000] {logging_mixin.py:188} INFO - [2026-05-11T13:15:02.950+0000] {dag.py:3823} INFO - Setting next_dagrun for job_market_etl to None, run_after=None
[2026-05-11T13:15:02.988+0000] {processor.py:183} INFO - Processing /opt/airflow/dags/job_etl_dag.py took 0.149 seconds
[2026-05-11T13:15:33.178+0000] {processor.py:161} INFO - Started process (PID=1911) to work on /opt/airflow/dags/job_etl_dag.py
[2026-05-11T13:15:33.180+0000] {processor.py:830} INFO - Processing file /opt/airflow/dags/job_etl_dag.py for tasks to queue
[2026-05-11T13:15:33.183+0000] {logging_mixin.py:188} INFO - [2026-05-11T13:15:33.183+0000] {dagbag.py:538} INFO - Filling up the DagBag from /opt/airflow/dags/job_etl_dag.py
[2026-05-11T13:15:33.217+0000] {processor.py:840} INFO - DAG(s) 'job_market_etl' retrieved from /opt/airflow/dags/job_etl_dag.py
[2026-05-11T13:15:33.264+0000] {logging_mixin.py:188} INFO - [2026-05-11T13:15:33.263+0000] {dag.py:3036} INFO - Sync 1 DAGs
[2026-05-11T13:15:33.285+0000] {logging_mixin.py:188} INFO - [2026-05-11T13:15:33.284+0000] {dag.py:3823} INFO - Setting next_dagrun for job_market_etl to None, run_after=None
[2026-05-11T13:15:33.338+0000] {processor.py:183} INFO - Processing /opt/airflow/dags/job_etl_dag.py took 0.171 seconds
[2026-05-11T13:16:03.541+0000] {processor.py:161} INFO - Started process (PID=1912) to work on /opt/airflow/dags/job_etl_dag.py
[2026-05-11T13:16:03.544+0000] {processor.py:830} INFO - Processing file /opt/airflow/dags/job_etl_dag.py for tasks to queue
[2026-05-11T13:16:03.546+0000] {logging_mixin.py:188} INFO - [2026-05-11T13:16:03.546+0000] {dagbag.py:538} INFO - Filling up the DagBag from /opt/airflow/dags/job_etl_dag.py
[2026-05-11T13:16:03.582+0000] {processor.py:840} INFO - DAG(s) 'job_market_etl' retrieved from /opt/airflow/dags/job_etl_dag.py
[2026-05-11T13:16:03.639+0000] {logging_mixin.py:188} INFO - [2026-05-11T13:16:03.638+0000] {dag.py:3036} INFO - Sync 1 DAGs
[2026-05-11T13:16:03.661+0000] {logging_mixin.py:188} INFO - [2026-05-11T13:16:03.661+0000] {dag.py:3823} INFO - Setting next_dagrun for job_market_etl to None, run_after=None
[2026-05-11T13:16:03.716+0000] {processor.py:183} INFO - Processing /opt/airflow/dags/job_etl_dag.py took 0.183 seconds
[2026-05-11T13:16:33.831+0000] {processor.py:161} INFO - Started process (PID=1913) to work on /opt/airflow/dags/job_etl_dag.py
[2026-05-11T13:16:33.833+0000] {processor.py:830} INFO - Processing file /opt/airflow/dags/job_etl_dag.py for tasks to queue
[2026-05-11T13:16:33.834+0000] {logging_mixin.py:188} INFO - [2026-05-11T13:16:33.834+0000] {dagbag.py:538} INFO - Filling up the DagBag from /opt/airflow/dags/job_etl_dag.py
[2026-05-11T13:16:33.867+0000] {processor.py:840} INFO - DAG(s) 'job_market_etl' retrieved from /opt/airflow/dags/job_etl_dag.py
[2026-05-11T13:16:33.914+0000] {logging_mixin.py:188} INFO - [2026-05-11T13:16:33.914+0000] {dag.py:3036} INFO - Sync 1 DAGs
[2026-05-11T13:16:33.937+0000] {logging_mixin.py:188} INFO - [2026-05-11T13:16:33.937+0000] {dag.py:3823} INFO - Setting next_dagrun for job_market_etl to None, run_after=None
[2026-05-11T13:16:33.968+0000] {processor.py:183} INFO - Processing /opt/airflow/dags/job_etl_dag.py took 0.143 seconds
[2026-05-11T13:17:04.226+0000] {processor.py:161} INFO - Started process (PID=1914) to work on /opt/airflow/dags/job_etl_dag.py
[2026-05-11T13:17:04.228+0000] {processor.py:830} INFO - Processing file /opt/airflow/dags/job_etl_dag.py for tasks to queue
[2026-05-11T13:17:04.230+0000] {logging_mixin.py:188} INFO - [2026-05-11T13:17:04.230+0000] {dagbag.py:538} INFO - Filling up the DagBag from /opt/airflow/dags/job_etl_dag.py
[2026-05-11T13:17:04.260+0000] {processor.py:840} INFO - DAG(s) 'job_market_etl' retrieved from /opt/airflow/dags/job_etl_dag.py
[2026-05-11T13:17:04.306+0000] {logging_mixin.py:188} INFO - [2026-05-11T13:17:04.305+0000] {dag.py:3036} INFO - Sync 1 DAGs
[2026-05-11T13:17:04.323+0000] {logging_mixin.py:188} INFO - [2026-05-11T13:17:04.323+0000] {dag.py:3823} INFO - Setting next_dagrun for job_market_etl to None, run_after=None
[2026-05-11T13:17:04.356+0000] {processor.py:183} INFO - Processing /opt/airflow/dags/job_etl_dag.py took 0.134 seconds
[2026-05-11T13:17:34.489+0000] {processor.py:161} INFO - Started process (PID=1915) to work on /opt/airflow/dags/job_etl_dag.py
[2026-05-11T13:17:34.491+0000] {processor.py:830} INFO - Processing file /opt/airflow/dags/job_etl_dag.py for tasks to queue
[2026-05-11T13:17:34.493+0000] {logging_mixin.py:188} INFO - [2026-05-11T13:17:34.493+0000] {dagbag.py:538} INFO - Filling up the DagBag from /opt/airflow/dags/job_etl_dag.py
[2026-05-11T13:17:34.522+0000] {processor.py:840} INFO - DAG(s) 'job_market_etl' retrieved from /opt/airflow/dags/job_etl_dag.py
[2026-05-11T13:17:34.566+0000] {logging_mixin.py:188} INFO - [2026-05-11T13:17:34.565+0000] {dag.py:3036} INFO - Sync 1 DAGs
[2026-05-11T13:17:34.584+0000] {logging_mixin.py:188} INFO - [2026-05-11T13:17:34.584+0000] {dag.py:3823} INFO - Setting next_dagrun for job_market_etl to None, run_after=None
[2026-05-11T13:17:34.631+0000] {processor.py:183} INFO - Processing /opt/airflow/dags/job_etl_dag.py took 0.146 seconds
[2026-05-11T13:18:04.842+0000] {processor.py:161} INFO - Started process (PID=1916) to work on /opt/airflow/dags/job_etl_dag.py
[2026-05-11T13:18:04.844+0000] {processor.py:830} INFO - Processing file /opt/airflow/dags/job_etl_dag.py for tasks to queue
[2026-05-11T13:18:04.846+0000] {logging_mixin.py:188} INFO - [2026-05-11T13:18:04.846+0000] {dagbag.py:538} INFO - Filling up the DagBag from /opt/airflow/dags/job_etl_dag.py
[2026-05-11T13:18:04.876+0000] {processor.py:840} INFO - DAG(s) 'job_market_etl' retrieved from /opt/airflow/dags/job_etl_dag.py
[2026-05-11T13:18:04.913+0000] {logging_mixin.py:188} INFO - [2026-05-11T13:18:04.913+0000] {dag.py:3036} INFO - Sync 1 DAGs
[2026-05-11T13:18:04.930+0000] {logging_mixin.py:188} INFO - [2026-05-11T13:18:04.930+0000] {dag.py:3823} INFO - Setting next_dagrun for job_market_etl to None, run_after=None
[2026-05-11T13:18:04.975+0000] {processor.py:183} INFO - Processing /opt/airflow/dags/job_etl_dag.py took 0.138 seconds
[2026-05-11T13:18:35.131+0000] {processor.py:161} INFO - Started process (PID=1917) to work on /opt/airflow/dags/job_etl_dag.py
[2026-05-11T13:18:35.134+0000] {processor.py:830} INFO - Processing file /opt/airflow/dags/job_etl_dag.py for tasks to queue
[2026-05-11T13:18:35.135+0000] {logging_mixin.py:188} INFO - [2026-05-11T13:18:35.135+0000] {dagbag.py:538} INFO - Filling up the DagBag from /opt/airflow/dags/job_etl_dag.py
[2026-05-11T13:18:35.163+0000] {processor.py:840} INFO - DAG(s) 'job_market_etl' retrieved from /opt/airflow/dags/job_etl_dag.py
[2026-05-11T13:18:35.207+0000] {logging_mixin.py:188} INFO - [2026-05-11T13:18:35.207+0000] {dag.py:3036} INFO - Sync 1 DAGs
[2026-05-11T13:18:35.225+0000] {logging_mixin.py:188} INFO - [2026-05-11T13:18:35.224+0000] {dag.py:3823} INFO - Setting next_dagrun for job_market_etl to None, run_after=None
[2026-05-11T13:18:35.270+0000] {processor.py:183} INFO - Processing /opt/airflow/dags/job_etl_dag.py took 0.144 seconds
[2026-05-11T13:19:05.464+0000] {processor.py:161} INFO - Started process (PID=1918) to work on /opt/airflow/dags/job_etl_dag.py
[2026-05-11T13:19:05.466+0000] {processor.py:830} INFO - Processing file /opt/airflow/dags/job_etl_dag.py for tasks to queue
[2026-05-11T13:19:05.469+0000] {logging_mixin.py:188} INFO - [2026-05-11T13:19:05.468+0000] {dagbag.py:538} INFO - Filling up the DagBag from /opt/airflow/dags/job_etl_dag.py
[2026-05-11T13:19:05.501+0000] {processor.py:840} INFO - DAG(s) 'job_market_etl' retrieved from /opt/airflow/dags/job_etl_dag.py
[2026-05-11T13:19:05.542+0000] {logging_mixin.py:188} INFO - [2026-05-11T13:19:05.542+0000] {dag.py:3036} INFO - Sync 1 DAGs
[2026-05-11T13:19:05.559+0000] {logging_mixin.py:188} INFO - [2026-05-11T13:19:05.559+0000] {dag.py:3823} INFO - Setting next_dagrun for job_market_etl to None, run_after=None
[2026-05-11T13:19:05.605+0000] {processor.py:183} INFO - Processing /opt/airflow/dags/job_etl_dag.py took 0.148 seconds
[2026-05-11T13:19:35.758+0000] {processor.py:161} INFO - Started process (PID=1919) to work on /opt/airflow/dags/job_etl_dag.py
[2026-05-11T13:19:35.760+0000] {processor.py:830} INFO - Processing file /opt/airflow/dags/job_etl_dag.py for tasks to queue
[2026-05-11T13:19:35.762+0000] {logging_mixin.py:188} INFO - [2026-05-11T13:19:35.762+0000] {dagbag.py:538} INFO - Filling up the DagBag from /opt/airflow/dags/job_etl_dag.py
[2026-05-11T13:19:35.791+0000] {processor.py:840} INFO - DAG(s) 'job_market_etl' retrieved from /opt/airflow/dags/job_etl_dag.py
[2026-05-11T13:19:35.837+0000] {logging_mixin.py:188} INFO - [2026-05-11T13:19:35.837+0000] {dag.py:3036} INFO - Sync 1 DAGs
[2026-05-11T13:19:35.855+0000] {logging_mixin.py:188} INFO - [2026-05-11T13:19:35.854+0000] {dag.py:3823} INFO - Setting next_dagrun for job_market_etl to None, run_after=None
[2026-05-11T13:19:35.888+0000] {processor.py:183} INFO - Processing /opt/airflow/dags/job_etl_dag.py took 0.136 seconds
[2026-05-11T13:20:06.108+0000] {processor.py:161} INFO - Started process (PID=1920) to work on /opt/airflow/dags/job_etl_dag.py
[2026-05-11T13:20:06.110+0000] {processor.py:830} INFO - Processing file /opt/airflow/dags/job_etl_dag.py for tasks to queue
[2026-05-11T13:20:06.112+0000] {logging_mixin.py:188} INFO - [2026-05-11T13:20:06.111+0000] {dagbag.py:538} INFO - Filling up the DagBag from /opt/airflow/dags/job_etl_dag.py
[2026-05-11T13:20:06.138+0000] {processor.py:840} INFO - DAG(s) 'job_market_etl' retrieved from /opt/airflow/dags/job_etl_dag.py
[2026-05-11T13:20:06.180+0000] {logging_mixin.py:188} INFO - [2026-05-11T13:20:06.180+0000] {dag.py:3036} INFO - Sync 1 DAGs
[2026-05-11T13:20:06.196+0000] {logging_mixin.py:188} INFO - [2026-05-11T13:20:06.196+0000] {dag.py:3823} INFO - Setting next_dagrun for job_market_etl to None, run_after=None
[2026-05-11T13:20:06.241+0000] {processor.py:183} INFO - Processing /opt/airflow/dags/job_etl_dag.py took 0.138 seconds
[2026-05-11T13:20:36.392+0000] {processor.py:161} INFO - Started process (PID=1921) to work on /opt/airflow/dags/job_etl_dag.py
[2026-05-11T13:20:36.395+0000] {processor.py:830} INFO - Processing file /opt/airflow/dags/job_etl_dag.py for tasks to queue
[2026-05-11T13:20:36.397+0000] {logging_mixin.py:188} INFO - [2026-05-11T13:20:36.396+0000] {dagbag.py:538} INFO - Filling up the DagBag from /opt/airflow/dags/job_etl_dag.py
[2026-05-11T13:20:36.428+0000] {processor.py:840} INFO - DAG(s) 'job_market_etl' retrieved from /opt/airflow/dags/job_etl_dag.py
[2026-05-11T13:20:36.473+0000] {logging_mixin.py:188} INFO - [2026-05-11T13:20:36.473+0000] {dag.py:3036} INFO - Sync 1 DAGs
[2026-05-11T13:20:36.490+0000] {logging_mixin.py:188} INFO - [2026-05-11T13:20:36.490+0000] {dag.py:3823} INFO - Setting next_dagrun for job_market_etl to None, run_after=None
[2026-05-11T13:20:36.537+0000] {processor.py:183} INFO - Processing /opt/airflow/dags/job_etl_dag.py took 0.151 seconds
[2026-05-11T13:21:06.783+0000] {processor.py:161} INFO - Started process (PID=1922) to work on /opt/airflow/dags/job_etl_dag.py
[2026-05-11T13:21:06.785+0000] {processor.py:830} INFO - Processing file /opt/airflow/dags/job_etl_dag.py for tasks to queue
[2026-05-11T13:21:06.786+0000] {logging_mixin.py:188} INFO - [2026-05-11T13:21:06.786+0000] {dagbag.py:538} INFO - Filling up the DagBag from /opt/airflow/dags/job_etl_dag.py
[2026-05-11T13:21:06.816+0000] {processor.py:840} INFO - DAG(s) 'job_market_etl' retrieved from /opt/airflow/dags/job_etl_dag.py
[2026-05-11T13:21:06.863+0000] {logging_mixin.py:188} INFO - [2026-05-11T13:21:06.863+0000] {dag.py:3036} INFO - Sync 1 DAGs
[2026-05-11T13:21:06.878+0000] {logging_mixin.py:188} INFO - [2026-05-11T13:21:06.878+0000] {dag.py:3823} INFO - Setting next_dagrun for job_market_etl to None, run_after=None
[2026-05-11T13:21:06.916+0000] {processor.py:183} INFO - Processing /opt/airflow/dags/job_etl_dag.py took 0.139 seconds
[2026-05-11T13:21:37.047+0000] {processor.py:161} INFO - Started process (PID=1923) to work on /opt/airflow/dags/job_etl_dag.py
[2026-05-11T13:21:37.049+0000] {processor.py:830} INFO - Processing file /opt/airflow/dags/job_etl_dag.py for tasks to queue
[2026-05-11T13:21:37.051+0000] {logging_mixin.py:188} INFO - [2026-05-11T13:21:37.050+0000] {dagbag.py:538} INFO - Filling up the DagBag from /opt/airflow/dags/job_etl_dag.py
[2026-05-11T13:21:37.086+0000] {processor.py:840} INFO - DAG(s) 'job_market_etl' retrieved from /opt/airflow/dags/job_etl_dag.py
[2026-05-11T13:21:37.130+0000] {logging_mixin.py:188} INFO - [2026-05-11T13:21:37.130+0000] {dag.py:3036} INFO - Sync 1 DAGs
[2026-05-11T13:21:37.147+0000] {logging_mixin.py:188} INFO - [2026-05-11T13:21:37.147+0000] {dag.py:3823} INFO - Setting next_dagrun for job_market_etl to None, run_after=None
[2026-05-11T13:21:37.191+0000] {processor.py:183} INFO - Processing /opt/airflow/dags/job_etl_dag.py took 0.149 seconds
[2026-05-11T13:22:07.410+0000] {processor.py:161} INFO - Started process (PID=1924) to work on /opt/airflow/dags/job_etl_dag.py
[2026-05-11T13:22:07.412+0000] {processor.py:830} INFO - Processing file /opt/airflow/dags/job_etl_dag.py for tasks to queue
[2026-05-11T13:22:07.415+0000] {logging_mixin.py:188} INFO - [2026-05-11T13:22:07.415+0000] {dagbag.py:538} INFO - Filling up the DagBag from /opt/airflow/dags/job_etl_dag.py
[2026-05-11T13:22:07.457+0000] {processor.py:840} INFO - DAG(s) 'job_market_etl' retrieved from /opt/airflow/dags/job_etl_dag.py
[2026-05-11T13:22:07.495+0000] {logging_mixin.py:188} INFO - [2026-05-11T13:22:07.495+0000] {dag.py:3036} INFO - Sync 1 DAGs
[2026-05-11T13:22:07.512+0000] {logging_mixin.py:188} INFO - [2026-05-11T13:22:07.511+0000] {dag.py:3823} INFO - Setting next_dagrun for job_market_etl to None, run_after=None
[2026-05-11T13:22:07.555+0000] {processor.py:183} INFO - Processing /opt/airflow/dags/job_etl_dag.py took 0.152 seconds
[2026-05-11T13:22:37.679+0000] {processor.py:161} INFO - Started process (PID=1925) to work on /opt/airflow/dags/job_etl_dag.py
[2026-05-11T13:22:37.681+0000] {processor.py:830} INFO - Processing file /opt/airflow/dags/job_etl_dag.py for tasks to queue
[2026-05-11T13:22:37.683+0000] {logging_mixin.py:188} INFO - [2026-05-11T13:22:37.683+0000] {dagbag.py:538} INFO - Filling up the DagBag from /opt/airflow/dags/job_etl_dag.py
[2026-05-11T13:22:37.711+0000] {processor.py:840} INFO - DAG(s) 'job_market_etl' retrieved from /opt/airflow/dags/job_etl_dag.py
[2026-05-11T13:22:37.752+0000] {logging_mixin.py:188} INFO - [2026-05-11T13:22:37.752+0000] {dag.py:3036} INFO - Sync 1 DAGs
[2026-05-11T13:22:37.769+0000] {logging_mixin.py:188} INFO - [2026-05-11T13:22:37.769+0000] {dag.py:3823} INFO - Setting next_dagrun for job_market_etl to None, run_after=None
[2026-05-11T13:22:37.802+0000] {processor.py:183} INFO - Processing /opt/airflow/dags/job_etl_dag.py took 0.128 seconds
[2026-05-11T13:23:08.035+0000] {processor.py:161} INFO - Started process (PID=1926) to work on /opt/airflow/dags/job_etl_dag.py
[2026-05-11T13:23:08.038+0000] {processor.py:830} INFO - Processing file /opt/airflow/dags/job_etl_dag.py for tasks to queue
[2026-05-11T13:23:08.039+0000] {logging_mixin.py:188} INFO - [2026-05-11T13:23:08.039+0000] {dagbag.py:538} INFO - Filling up the DagBag from /opt/airflow/dags/job_etl_dag.py
[2026-05-11T13:23:08.065+0000] {processor.py:840} INFO - DAG(s) 'job_market_etl' retrieved from /opt/airflow/dags/job_etl_dag.py
[2026-05-11T13:23:08.108+0000] {logging_mixin.py:188} INFO - [2026-05-11T13:23:08.107+0000] {dag.py:3036} INFO - Sync 1 DAGs
[2026-05-11T13:23:08.126+0000] {logging_mixin.py:188} INFO - [2026-05-11T13:23:08.126+0000] {dag.py:3823} INFO - Setting next_dagrun for job_market_etl to None, run_after=None
[2026-05-11T13:23:08.159+0000] {processor.py:183} INFO - Processing /opt/airflow/dags/job_etl_dag.py took 0.128 seconds
[2026-05-11T13:23:38.297+0000] {processor.py:161} INFO - Started process (PID=1927) to work on /opt/airflow/dags/job_etl_dag.py
[2026-05-11T13:23:38.300+0000] {processor.py:830} INFO - Processing file /opt/airflow/dags/job_etl_dag.py for tasks to queue
[2026-05-11T13:23:38.301+0000] {logging_mixin.py:188} INFO - [2026-05-11T13:23:38.301+0000] {dagbag.py:538} INFO - Filling up the DagBag from /opt/airflow/dags/job_etl_dag.py
[2026-05-11T13:23:38.328+0000] {processor.py:840} INFO - DAG(s) 'job_market_etl' retrieved from /opt/airflow/dags/job_etl_dag.py
[2026-05-11T13:23:38.373+0000] {logging_mixin.py:188} INFO - [2026-05-11T13:23:38.373+0000] {dag.py:3036} INFO - Sync 1 DAGs
[2026-05-11T13:23:38.391+0000] {logging_mixin.py:188} INFO - [2026-05-11T13:23:38.390+0000] {dag.py:3823} INFO - Setting next_dagrun for job_market_etl to None, run_after=None
[2026-05-11T13:23:38.422+0000] {processor.py:183} INFO - Processing /opt/airflow/dags/job_etl_dag.py took 0.131 seconds
[2026-05-11T13:24:08.656+0000] {processor.py:161} INFO - Started process (PID=1928) to work on /opt/airflow/dags/job_etl_dag.py
[2026-05-11T13:24:08.658+0000] {processor.py:830} INFO - Processing file /opt/airflow/dags/job_etl_dag.py for tasks to queue
[2026-05-11T13:24:08.659+0000] {logging_mixin.py:188} INFO - [2026-05-11T13:24:08.659+0000] {dagbag.py:538} INFO - Filling up the DagBag from /opt/airflow/dags/job_etl_dag.py
[2026-05-11T13:24:08.688+0000] {processor.py:840} INFO - DAG(s) 'job_market_etl' retrieved from /opt/airflow/dags/job_etl_dag.py
[2026-05-11T13:24:08.730+0000] {logging_mixin.py:188} INFO - [2026-05-11T13:24:08.730+0000] {dag.py:3036} INFO - Sync 1 DAGs
[2026-05-11T13:24:08.746+0000] {logging_mixin.py:188} INFO - [2026-05-11T13:24:08.746+0000] {dag.py:3823} INFO - Setting next_dagrun for job_market_etl to None, run_after=None
[2026-05-11T13:24:08.778+0000] {processor.py:183} INFO - Processing /opt/airflow/dags/job_etl_dag.py took 0.127 seconds
[2026-05-11T13:24:38.917+0000] {processor.py:161} INFO - Started process (PID=1929) to work on /opt/airflow/dags/job_etl_dag.py
[2026-05-11T13:24:38.920+0000] {processor.py:830} INFO - Processing file /opt/airflow/dags/job_etl_dag.py for tasks to queue
[2026-05-11T13:24:38.922+0000] {logging_mixin.py:188} INFO - [2026-05-11T13:24:38.922+0000] {dagbag.py:538} INFO - Filling up the DagBag from /opt/airflow/dags/job_etl_dag.py
[2026-05-11T13:24:38.950+0000] {processor.py:840} INFO - DAG(s) 'job_market_etl' retrieved from /opt/airflow/dags/job_etl_dag.py
[2026-05-11T13:24:38.991+0000] {logging_mixin.py:188} INFO - [2026-05-11T13:24:38.990+0000] {dag.py:3036} INFO - Sync 1 DAGs
[2026-05-11T13:24:39.007+0000] {logging_mixin.py:188} INFO - [2026-05-11T13:24:39.007+0000] {dag.py:3823} INFO - Setting next_dagrun for job_market_etl to None, run_after=None
[2026-05-11T13:24:39.044+0000] {processor.py:183} INFO - Processing /opt/airflow/dags/job_etl_dag.py took 0.132 seconds
[2026-05-11T13:25:09.289+0000] {processor.py:161} INFO - Started process (PID=1930) to work on /opt/airflow/dags/job_etl_dag.py
[2026-05-11T13:25:09.291+0000] {processor.py:830} INFO - Processing file /opt/airflow/dags/job_etl_dag.py for tasks to queue
[2026-05-11T13:25:09.293+0000] {logging_mixin.py:188} INFO - [2026-05-11T13:25:09.293+0000] {dagbag.py:538} INFO - Filling up the DagBag from /opt/airflow/dags/job_etl_dag.py
[2026-05-11T13:25:09.324+0000] {processor.py:840} INFO - DAG(s) 'job_market_etl' retrieved from /opt/airflow/dags/job_etl_dag.py
[2026-05-11T13:25:09.370+0000] {logging_mixin.py:188} INFO - [2026-05-11T13:25:09.370+0000] {dag.py:3036} INFO - Sync 1 DAGs
[2026-05-11T13:25:09.387+0000] {logging_mixin.py:188} INFO - [2026-05-11T13:25:09.387+0000] {dag.py:3823} INFO - Setting next_dagrun for job_market_etl to None, run_after=None
[2026-05-11T13:25:09.419+0000] {processor.py:183} INFO - Processing /opt/airflow/dags/job_etl_dag.py took 0.136 seconds
[2026-05-11T13:25:39.537+0000] {processor.py:161} INFO - Started process (PID=1931) to work on /opt/airflow/dags/job_etl_dag.py
[2026-05-11T13:25:39.539+0000] {processor.py:830} INFO - Processing file /opt/airflow/dags/job_etl_dag.py for tasks to queue
[2026-05-11T13:25:39.542+0000] {logging_mixin.py:188} INFO - [2026-05-11T13:25:39.541+0000] {dagbag.py:538} INFO - Filling up the DagBag from /opt/airflow/dags/job_etl_dag.py
[2026-05-11T13:25:39.569+0000] {processor.py:840} INFO - DAG(s) 'job_market_etl' retrieved from /opt/airflow/dags/job_etl_dag.py
[2026-05-11T13:25:39.623+0000] {logging_mixin.py:188} INFO - [2026-05-11T13:25:39.623+0000] {dag.py:3036} INFO - Sync 1 DAGs
[2026-05-11T13:25:39.646+0000] {logging_mixin.py:188} INFO - [2026-05-11T13:25:39.646+0000] {dag.py:3823} INFO - Setting next_dagrun for job_market_etl to None, run_after=None
[2026-05-11T13:25:39.678+0000] {processor.py:183} INFO - Processing /opt/airflow/dags/job_etl_dag.py took 0.145 seconds
[2026-05-11T13:26:09.956+0000] {processor.py:161} INFO - Started process (PID=1932) to work on /opt/airflow/dags/job_etl_dag.py
[2026-05-11T13:26:09.958+0000] {processor.py:830} INFO - Processing file /opt/airflow/dags/job_etl_dag.py for tasks to queue
[2026-05-11T13:26:09.959+0000] {logging_mixin.py:188} INFO - [2026-05-11T13:26:09.959+0000] {dagbag.py:538} INFO - Filling up the DagBag from /opt/airflow/dags/job_etl_dag.py
[2026-05-11T13:26:09.986+0000] {processor.py:840} INFO - DAG(s) 'job_market_etl' retrieved from /opt/airflow/dags/job_etl_dag.py
[2026-05-11T13:26:10.030+0000] {logging_mixin.py:188} INFO - [2026-05-11T13:26:10.029+0000] {dag.py:3036} INFO - Sync 1 DAGs
[2026-05-11T13:26:10.047+0000] {logging_mixin.py:188} INFO - [2026-05-11T13:26:10.047+0000] {dag.py:3823} INFO - Setting next_dagrun for job_market_etl to None, run_after=None
[2026-05-11T13:26:10.090+0000] {processor.py:183} INFO - Processing /opt/airflow/dags/job_etl_dag.py took 0.138 seconds
[2026-05-11T13:26:40.214+0000] {processor.py:161} INFO - Started process (PID=1933) to work on /opt/airflow/dags/job_etl_dag.py
[2026-05-11T13:26:40.216+0000] {processor.py:830} INFO - Processing file /opt/airflow/dags/job_etl_dag.py for tasks to queue
[2026-05-11T13:26:40.218+0000] {logging_mixin.py:188} INFO - [2026-05-11T13:26:40.218+0000] {dagbag.py:538} INFO - Filling up the DagBag from /opt/airflow/dags/job_etl_dag.py
[2026-05-11T13:26:40.250+0000] {processor.py:840} INFO - DAG(s) 'job_market_etl' retrieved from /opt/airflow/dags/job_etl_dag.py
[2026-05-11T13:26:40.295+0000] {logging_mixin.py:188} INFO - [2026-05-11T13:26:40.294+0000] {dag.py:3036} INFO - Sync 1 DAGs
[2026-05-11T13:26:40.311+0000] {logging_mixin.py:188} INFO - [2026-05-11T13:26:40.311+0000] {dag.py:3823} INFO - Setting next_dagrun for job_market_etl to None, run_after=None
[2026-05-11T13:26:40.352+0000] {processor.py:183} INFO - Processing /opt/airflow/dags/job_etl_dag.py took 0.143 seconds
[2026-05-11T13:27:10.597+0000] {processor.py:161} INFO - Started process (PID=1934) to work on /opt/airflow/dags/job_etl_dag.py
[2026-05-11T13:27:10.600+0000] {processor.py:830} INFO - Processing file /opt/airflow/dags/job_etl_dag.py for tasks to queue
[2026-05-11T13:27:10.601+0000] {logging_mixin.py:188} INFO - [2026-05-11T13:27:10.601+0000] {dagbag.py:538} INFO - Filling up the DagBag from /opt/airflow/dags/job_etl_dag.py
[2026-05-11T13:27:10.632+0000] {processor.py:840} INFO - DAG(s) 'job_market_etl' retrieved from /opt/airflow/dags/job_etl_dag.py
[2026-05-11T13:27:10.679+0000] {logging_mixin.py:188} INFO - [2026-05-11T13:27:10.679+0000] {dag.py:3036} INFO - Sync 1 DAGs
[2026-05-11T13:27:10.697+0000] {logging_mixin.py:188} INFO - [2026-05-11T13:27:10.696+0000] {dag.py:3823} INFO - Setting next_dagrun for job_market_etl to None, run_after=None
[2026-05-11T13:27:10.730+0000] {processor.py:183} INFO - Processing /opt/airflow/dags/job_etl_dag.py took 0.137 seconds
[2026-05-11T13:27:40.860+0000] {processor.py:161} INFO - Started process (PID=1935) to work on /opt/airflow/dags/job_etl_dag.py
[2026-05-11T13:27:40.862+0000] {processor.py:830} INFO - Processing file /opt/airflow/dags/job_etl_dag.py for tasks to queue
[2026-05-11T13:27:40.863+0000] {logging_mixin.py:188} INFO - [2026-05-11T13:27:40.863+0000] {dagbag.py:538} INFO - Filling up the DagBag from /opt/airflow/dags/job_etl_dag.py
[2026-05-11T13:27:40.899+0000] {processor.py:840} INFO - DAG(s) 'job_market_etl' retrieved from /opt/airflow/dags/job_etl_dag.py
[2026-05-11T13:27:40.944+0000] {logging_mixin.py:188} INFO - [2026-05-11T13:27:40.944+0000] {dag.py:3036} INFO - Sync 1 DAGs
[2026-05-11T13:27:40.961+0000] {logging_mixin.py:188} INFO - [2026-05-11T13:27:40.960+0000] {dag.py:3823} INFO - Setting next_dagrun for job_market_etl to None, run_after=None
[2026-05-11T13:27:40.992+0000] {processor.py:183} INFO - Processing /opt/airflow/dags/job_etl_dag.py took 0.137 seconds
[2026-05-11T13:28:11.239+0000] {processor.py:161} INFO - Started process (PID=1936) to work on /opt/airflow/dags/job_etl_dag.py
[2026-05-11T13:28:11.241+0000] {processor.py:830} INFO - Processing file /opt/airflow/dags/job_etl_dag.py for tasks to queue
[2026-05-11T13:28:11.243+0000] {logging_mixin.py:188} INFO - [2026-05-11T13:28:11.242+0000] {dagbag.py:538} INFO - Filling up the DagBag from /opt/airflow/dags/job_etl_dag.py
[2026-05-11T13:28:11.268+0000] {processor.py:840} INFO - DAG(s) 'job_market_etl' retrieved from /opt/airflow/dags/job_etl_dag.py
[2026-05-11T13:28:11.310+0000] {logging_mixin.py:188} INFO - [2026-05-11T13:28:11.309+0000] {dag.py:3036} INFO - Sync 1 DAGs
[2026-05-11T13:28:11.328+0000] {logging_mixin.py:188} INFO - [2026-05-11T13:28:11.328+0000] {dag.py:3823} INFO - Setting next_dagrun for job_market_etl to None, run_after=None
[2026-05-11T13:28:11.383+0000] {processor.py:183} INFO - Processing /opt/airflow/dags/job_etl_dag.py took 0.149 seconds
[2026-05-11T13:28:41.500+0000] {processor.py:161} INFO - Started process (PID=1937) to work on /opt/airflow/dags/job_etl_dag.py
[2026-05-11T13:28:41.502+0000] {processor.py:830} INFO - Processing file /opt/airflow/dags/job_etl_dag.py for tasks to queue
[2026-05-11T13:28:41.503+0000] {logging_mixin.py:188} INFO - [2026-05-11T13:28:41.503+0000] {dagbag.py:538} INFO - Filling up the DagBag from /opt/airflow/dags/job_etl_dag.py
[2026-05-11T13:28:41.536+0000] {processor.py:840} INFO - DAG(s) 'job_market_etl' retrieved from /opt/airflow/dags/job_etl_dag.py
[2026-05-11T13:28:41.583+0000] {logging_mixin.py:188} INFO - [2026-05-11T13:28:41.582+0000] {dag.py:3036} INFO - Sync 1 DAGs
[2026-05-11T13:28:41.600+0000] {logging_mixin.py:188} INFO - [2026-05-11T13:28:41.600+0000] {dag.py:3823} INFO - Setting next_dagrun for job_market_etl to None, run_after=None
[2026-05-11T13:28:41.636+0000] {processor.py:183} INFO - Processing /opt/airflow/dags/job_etl_dag.py took 0.143 seconds
[2026-05-11T13:29:11.882+0000] {processor.py:161} INFO - Started process (PID=1938) to work on /opt/airflow/dags/job_etl_dag.py
[2026-05-11T13:29:11.884+0000] {processor.py:830} INFO - Processing file /opt/airflow/dags/job_etl_dag.py for tasks to queue
[2026-05-11T13:29:11.886+0000] {logging_mixin.py:188} INFO - [2026-05-11T13:29:11.885+0000] {dagbag.py:538} INFO - Filling up the DagBag from /opt/airflow/dags/job_etl_dag.py
[2026-05-11T13:29:11.914+0000] {processor.py:840} INFO - DAG(s) 'job_market_etl' retrieved from /opt/airflow/dags/job_etl_dag.py
[2026-05-11T13:29:11.957+0000] {logging_mixin.py:188} INFO - [2026-05-11T13:29:11.957+0000] {dag.py:3036} INFO - Sync 1 DAGs
[2026-05-11T13:29:11.973+0000] {logging_mixin.py:188} INFO - [2026-05-11T13:29:11.973+0000] {dag.py:3823} INFO - Setting next_dagrun for job_market_etl to None, run_after=None
[2026-05-11T13:29:12.008+0000] {processor.py:183} INFO - Processing /opt/airflow/dags/job_etl_dag.py took 0.130 seconds
[2026-05-11T13:29:42.156+0000] {processor.py:161} INFO - Started process (PID=1939) to work on /opt/airflow/dags/job_etl_dag.py
[2026-05-11T13:29:42.158+0000] {processor.py:830} INFO - Processing file /opt/airflow/dags/job_etl_dag.py for tasks to queue
[2026-05-11T13:29:42.159+0000] {logging_mixin.py:188} INFO - [2026-05-11T13:29:42.159+0000] {dagbag.py:538} INFO - Filling up the DagBag from /opt/airflow/dags/job_etl_dag.py
[2026-05-11T13:29:42.193+0000] {processor.py:840} INFO - DAG(s) 'job_market_etl' retrieved from /opt/airflow/dags/job_etl_dag.py
[2026-05-11T13:29:42.240+0000] {logging_mixin.py:188} INFO - [2026-05-11T13:29:42.240+0000] {dag.py:3036} INFO - Sync 1 DAGs
[2026-05-11T13:29:42.257+0000] {logging_mixin.py:188} INFO - [2026-05-11T13:29:42.256+0000] {dag.py:3823} INFO - Setting next_dagrun for job_market_etl to None, run_after=None
[2026-05-11T13:29:42.289+0000] {processor.py:183} INFO - Processing /opt/airflow/dags/job_etl_dag.py took 0.139 seconds
[2026-05-11T13:30:12.509+0000] {processor.py:161} INFO - Started process (PID=1940) to work on /opt/airflow/dags/job_etl_dag.py
[2026-05-11T13:30:12.511+0000] {processor.py:830} INFO - Processing file /opt/airflow/dags/job_etl_dag.py for tasks to queue
[2026-05-11T13:30:12.513+0000] {logging_mixin.py:188} INFO - [2026-05-11T13:30:12.512+0000] {dagbag.py:538} INFO - Filling up the DagBag from /opt/airflow/dags/job_etl_dag.py
[2026-05-11T13:30:12.539+0000] {processor.py:840} INFO - DAG(s) 'job_market_etl' retrieved from /opt/airflow/dags/job_etl_dag.py
[2026-05-11T13:30:12.582+0000] {logging_mixin.py:188} INFO - [2026-05-11T13:30:12.582+0000] {dag.py:3036} INFO - Sync 1 DAGs
[2026-05-11T13:30:12.598+0000] {logging_mixin.py:188} INFO - [2026-05-11T13:30:12.598+0000] {dag.py:3823} INFO - Setting next_dagrun for job_market_etl to None, run_after=None
[2026-05-11T13:30:12.641+0000] {processor.py:183} INFO - Processing /opt/airflow/dags/job_etl_dag.py took 0.135 seconds
[2026-05-11T13:30:42.784+0000] {processor.py:161} INFO - Started process (PID=1941) to work on /opt/airflow/dags/job_etl_dag.py
[2026-05-11T13:30:42.786+0000] {processor.py:830} INFO - Processing file /opt/airflow/dags/job_etl_dag.py for tasks to queue
[2026-05-11T13:30:42.787+0000] {logging_mixin.py:188} INFO - [2026-05-11T13:30:42.787+0000] {dagbag.py:538} INFO - Filling up the DagBag from /opt/airflow/dags/job_etl_dag.py
[2026-05-11T13:30:42.815+0000] {processor.py:840} INFO - DAG(s) 'job_market_etl' retrieved from /opt/airflow/dags/job_etl_dag.py
[2026-05-11T13:30:42.859+0000] {logging_mixin.py:188} INFO - [2026-05-11T13:30:42.859+0000] {dag.py:3036} INFO - Sync 1 DAGs
[2026-05-11T13:30:42.877+0000] {logging_mixin.py:188} INFO - [2026-05-11T13:30:42.876+0000] {dag.py:3823} INFO - Setting next_dagrun for job_market_etl to None, run_after=None
[2026-05-11T13:30:42.924+0000] {processor.py:183} INFO - Processing /opt/airflow/dags/job_etl_dag.py took 0.146 seconds
[2026-05-11T13:31:13.195+0000] {processor.py:161} INFO - Started process (PID=1942) to work on /opt/airflow/dags/job_etl_dag.py
[2026-05-11T13:31:13.197+0000] {processor.py:830} INFO - Processing file /opt/airflow/dags/job_etl_dag.py for tasks to queue
[2026-05-11T13:31:13.198+0000] {logging_mixin.py:188} INFO - [2026-05-11T13:31:13.198+0000] {dagbag.py:538} INFO - Filling up the DagBag from /opt/airflow/dags/job_etl_dag.py
[2026-05-11T13:31:13.225+0000] {processor.py:840} INFO - DAG(s) 'job_market_etl' retrieved from /opt/airflow/dags/job_etl_dag.py
[2026-05-11T13:31:13.269+0000] {logging_mixin.py:188} INFO - [2026-05-11T13:31:13.269+0000] {dag.py:3036} INFO - Sync 1 DAGs
[2026-05-11T13:31:13.287+0000] {logging_mixin.py:188} INFO - [2026-05-11T13:31:13.286+0000] {dag.py:3823} INFO - Setting next_dagrun for job_market_etl to None, run_after=None
[2026-05-11T13:31:13.337+0000] {processor.py:183} INFO - Processing /opt/airflow/dags/job_etl_dag.py took 0.146 seconds
[2026-05-11T13:31:43.460+0000] {processor.py:161} INFO - Started process (PID=1943) to work on /opt/airflow/dags/job_etl_dag.py
[2026-05-11T13:31:43.461+0000] {processor.py:830} INFO - Processing file /opt/airflow/dags/job_etl_dag.py for tasks to queue
[2026-05-11T13:31:43.463+0000] {logging_mixin.py:188} INFO - [2026-05-11T13:31:43.462+0000] {dagbag.py:538} INFO - Filling up the DagBag from /opt/airflow/dags/job_etl_dag.py
[2026-05-11T13:31:43.488+0000] {processor.py:840} INFO - DAG(s) 'job_market_etl' retrieved from /opt/airflow/dags/job_etl_dag.py
[2026-05-11T13:31:43.532+0000] {logging_mixin.py:188} INFO - [2026-05-11T13:31:43.532+0000] {dag.py:3036} INFO - Sync 1 DAGs
[2026-05-11T13:31:43.549+0000] {logging_mixin.py:188} INFO - [2026-05-11T13:31:43.549+0000] {dag.py:3823} INFO - Setting next_dagrun for job_market_etl to None, run_after=None
[2026-05-11T13:31:43.583+0000] {processor.py:183} INFO - Processing /opt/airflow/dags/job_etl_dag.py took 0.128 seconds
[2026-05-11T13:32:13.833+0000] {processor.py:161} INFO - Started process (PID=1944) to work on /opt/airflow/dags/job_etl_dag.py
[2026-05-11T13:32:13.835+0000] {processor.py:830} INFO - Processing file /opt/airflow/dags/job_etl_dag.py for tasks to queue
[2026-05-11T13:32:13.837+0000] {logging_mixin.py:188} INFO - [2026-05-11T13:32:13.836+0000] {dagbag.py:538} INFO - Filling up the DagBag from /opt/airflow/dags/job_etl_dag.py
[2026-05-11T13:32:13.863+0000] {processor.py:840} INFO - DAG(s) 'job_market_etl' retrieved from /opt/airflow/dags/job_etl_dag.py
[2026-05-11T13:32:13.904+0000] {logging_mixin.py:188} INFO - [2026-05-11T13:32:13.903+0000] {dag.py:3036} INFO - Sync 1 DAGs
[2026-05-11T13:32:13.920+0000] {logging_mixin.py:188} INFO - [2026-05-11T13:32:13.920+0000] {dag.py:3823} INFO - Setting next_dagrun for job_market_etl to None, run_after=None
[2026-05-11T13:32:13.966+0000] {processor.py:183} INFO - Processing /opt/airflow/dags/job_etl_dag.py took 0.137 seconds
[2026-05-11T13:32:44.104+0000] {processor.py:161} INFO - Started process (PID=1945) to work on /opt/airflow/dags/job_etl_dag.py
[2026-05-11T13:32:44.107+0000] {processor.py:830} INFO - Processing file /opt/airflow/dags/job_etl_dag.py for tasks to queue
[2026-05-11T13:32:44.109+0000] {logging_mixin.py:188} INFO - [2026-05-11T13:32:44.108+0000] {dagbag.py:538} INFO - Filling up the DagBag from /opt/airflow/dags/job_etl_dag.py
[2026-05-11T13:32:44.140+0000] {processor.py:840} INFO - DAG(s) 'job_market_etl' retrieved from /opt/airflow/dags/job_etl_dag.py
[2026-05-11T13:32:44.189+0000] {logging_mixin.py:188} INFO - [2026-05-11T13:32:44.189+0000] {dag.py:3036} INFO - Sync 1 DAGs
[2026-05-11T13:32:44.206+0000] {logging_mixin.py:188} INFO - [2026-05-11T13:32:44.206+0000] {dag.py:3823} INFO - Setting next_dagrun for job_market_etl to None, run_after=None
[2026-05-11T13:32:44.252+0000] {processor.py:183} INFO - Processing /opt/airflow/dags/job_etl_dag.py took 0.154 seconds
[2026-05-11T13:33:14.462+0000] {processor.py:161} INFO - Started process (PID=1946) to work on /opt/airflow/dags/job_etl_dag.py
[2026-05-11T13:33:14.464+0000] {processor.py:830} INFO - Processing file /opt/airflow/dags/job_etl_dag.py for tasks to queue
[2026-05-11T13:33:14.466+0000] {logging_mixin.py:188} INFO - [2026-05-11T13:33:14.465+0000] {dagbag.py:538} INFO - Filling up the DagBag from /opt/airflow/dags/job_etl_dag.py
[2026-05-11T13:33:14.490+0000] {processor.py:840} INFO - DAG(s) 'job_market_etl' retrieved from /opt/airflow/dags/job_etl_dag.py
[2026-05-11T13:33:14.530+0000] {logging_mixin.py:188} INFO - [2026-05-11T13:33:14.530+0000] {dag.py:3036} INFO - Sync 1 DAGs
[2026-05-11T13:33:14.547+0000] {logging_mixin.py:188} INFO - [2026-05-11T13:33:14.547+0000] {dag.py:3823} INFO - Setting next_dagrun for job_market_etl to None, run_after=None
[2026-05-11T13:33:14.592+0000] {processor.py:183} INFO - Processing /opt/airflow/dags/job_etl_dag.py took 0.134 seconds
[2026-05-11T13:33:44.762+0000] {processor.py:161} INFO - Started process (PID=1947) to work on /opt/airflow/dags/job_etl_dag.py
[2026-05-11T13:33:44.764+0000] {processor.py:830} INFO - Processing file /opt/airflow/dags/job_etl_dag.py for tasks to queue
[2026-05-11T13:33:44.767+0000] {logging_mixin.py:188} INFO - [2026-05-11T13:33:44.766+0000] {dagbag.py:538} INFO - Filling up the DagBag from /opt/airflow/dags/job_etl_dag.py
[2026-05-11T13:33:44.801+0000] {processor.py:840} INFO - DAG(s) 'job_market_etl' retrieved from /opt/airflow/dags/job_etl_dag.py
[2026-05-11T13:33:44.847+0000] {logging_mixin.py:188} INFO - [2026-05-11T13:33:44.847+0000] {dag.py:3036} INFO - Sync 1 DAGs
[2026-05-11T13:33:44.864+0000] {logging_mixin.py:188} INFO - [2026-05-11T13:33:44.864+0000] {dag.py:3823} INFO - Setting next_dagrun for job_market_etl to None, run_after=None
[2026-05-11T13:33:44.898+0000] {processor.py:183} INFO - Processing /opt/airflow/dags/job_etl_dag.py took 0.141 seconds
[2026-05-11T13:34:15.109+0000] {processor.py:161} INFO - Started process (PID=1948) to work on /opt/airflow/dags/job_etl_dag.py
[2026-05-11T13:34:15.111+0000] {processor.py:830} INFO - Processing file /opt/airflow/dags/job_etl_dag.py for tasks to queue
[2026-05-11T13:34:15.113+0000] {logging_mixin.py:188} INFO - [2026-05-11T13:34:15.113+0000] {dagbag.py:538} INFO - Filling up the DagBag from /opt/airflow/dags/job_etl_dag.py
[2026-05-11T13:34:15.152+0000] {processor.py:840} INFO - DAG(s) 'job_market_etl' retrieved from /opt/airflow/dags/job_etl_dag.py
[2026-05-11T13:34:15.196+0000] {logging_mixin.py:188} INFO - [2026-05-11T13:34:15.196+0000] {dag.py:3036} INFO - Sync 1 DAGs
[2026-05-11T13:34:15.213+0000] {logging_mixin.py:188} INFO - [2026-05-11T13:34:15.213+0000] {dag.py:3823} INFO - Setting next_dagrun for job_market_etl to None, run_after=None
[2026-05-11T13:34:15.257+0000] {processor.py:183} INFO - Processing /opt/airflow/dags/job_etl_dag.py took 0.155 seconds
[2026-05-11T13:34:45.398+0000] {processor.py:161} INFO - Started process (PID=1949) to work on /opt/airflow/dags/job_etl_dag.py
[2026-05-11T13:34:45.400+0000] {processor.py:830} INFO - Processing file /opt/airflow/dags/job_etl_dag.py for tasks to queue
[2026-05-11T13:34:45.402+0000] {logging_mixin.py:188} INFO - [2026-05-11T13:34:45.402+0000] {dagbag.py:538} INFO - Filling up the DagBag from /opt/airflow/dags/job_etl_dag.py
[2026-05-11T13:34:45.430+0000] {processor.py:840} INFO - DAG(s) 'job_market_etl' retrieved from /opt/airflow/dags/job_etl_dag.py
[2026-05-11T13:34:45.475+0000] {logging_mixin.py:188} INFO - [2026-05-11T13:34:45.474+0000] {dag.py:3036} INFO - Sync 1 DAGs
[2026-05-11T13:34:45.492+0000] {logging_mixin.py:188} INFO - [2026-05-11T13:34:45.492+0000] {dag.py:3823} INFO - Setting next_dagrun for job_market_etl to None, run_after=None
[2026-05-11T13:34:45.539+0000] {processor.py:183} INFO - Processing /opt/airflow/dags/job_etl_dag.py took 0.146 seconds
[2026-05-11T13:35:15.766+0000] {processor.py:161} INFO - Started process (PID=1950) to work on /opt/airflow/dags/job_etl_dag.py
[2026-05-11T13:35:15.768+0000] {processor.py:830} INFO - Processing file /opt/airflow/dags/job_etl_dag.py for tasks to queue
[2026-05-11T13:35:15.769+0000] {logging_mixin.py:188} INFO - [2026-05-11T13:35:15.769+0000] {dagbag.py:538} INFO - Filling up the DagBag from /opt/airflow/dags/job_etl_dag.py
[2026-05-11T13:35:15.796+0000] {processor.py:840} INFO - DAG(s) 'job_market_etl' retrieved from /opt/airflow/dags/job_etl_dag.py
[2026-05-11T13:35:15.833+0000] {logging_mixin.py:188} INFO - [2026-05-11T13:35:15.833+0000] {dag.py:3036} INFO - Sync 1 DAGs
[2026-05-11T13:35:15.851+0000] {logging_mixin.py:188} INFO - [2026-05-11T13:35:15.850+0000] {dag.py:3823} INFO - Setting next_dagrun for job_market_etl to None, run_after=None
[2026-05-11T13:35:15.897+0000] {processor.py:183} INFO - Processing /opt/airflow/dags/job_etl_dag.py took 0.135 seconds
[2026-05-11T13:35:46.058+0000] {processor.py:161} INFO - Started process (PID=1951) to work on /opt/airflow/dags/job_etl_dag.py
[2026-05-11T13:35:46.061+0000] {processor.py:830} INFO - Processing file /opt/airflow/dags/job_etl_dag.py for tasks to queue
[2026-05-11T13:35:46.063+0000] {logging_mixin.py:188} INFO - [2026-05-11T13:35:46.063+0000] {dagbag.py:538} INFO - Filling up the DagBag from /opt/airflow/dags/job_etl_dag.py
[2026-05-11T13:35:46.097+0000] {processor.py:840} INFO - DAG(s) 'job_market_etl' retrieved from /opt/airflow/dags/job_etl_dag.py
[2026-05-11T13:35:46.148+0000] {logging_mixin.py:188} INFO - [2026-05-11T13:35:46.148+0000] {dag.py:3036} INFO - Sync 1 DAGs
[2026-05-11T13:35:46.164+0000] {logging_mixin.py:188} INFO - [2026-05-11T13:35:46.164+0000] {dag.py:3823} INFO - Setting next_dagrun for job_market_etl to None, run_after=None
[2026-05-11T13:35:46.197+0000] {processor.py:183} INFO - Processing /opt/airflow/dags/job_etl_dag.py took 0.144 seconds
[2026-05-11T13:36:16.446+0000] {processor.py:161} INFO - Started process (PID=1952) to work on /opt/airflow/dags/job_etl_dag.py
[2026-05-11T13:36:16.447+0000] {processor.py:830} INFO - Processing file /opt/airflow/dags/job_etl_dag.py for tasks to queue
[2026-05-11T13:36:16.449+0000] {logging_mixin.py:188} INFO - [2026-05-11T13:36:16.448+0000] {dagbag.py:538} INFO - Filling up the DagBag from /opt/airflow/dags/job_etl_dag.py
[2026-05-11T13:36:16.476+0000] {processor.py:840} INFO - DAG(s) 'job_market_etl' retrieved from /opt/airflow/dags/job_etl_dag.py
[2026-05-11T13:36:16.518+0000] {logging_mixin.py:188} INFO - [2026-05-11T13:36:16.517+0000] {dag.py:3036} INFO - Sync 1 DAGs
[2026-05-11T13:36:16.537+0000] {logging_mixin.py:188} INFO - [2026-05-11T13:36:16.536+0000] {dag.py:3823} INFO - Setting next_dagrun for job_market_etl to None, run_after=None
[2026-05-11T13:36:16.584+0000] {processor.py:183} INFO - Processing /opt/airflow/dags/job_etl_dag.py took 0.142 seconds
[2026-05-11T13:36:46.721+0000] {processor.py:161} INFO - Started process (PID=1953) to work on /opt/airflow/dags/job_etl_dag.py
[2026-05-11T13:36:46.723+0000] {processor.py:830} INFO - Processing file /opt/airflow/dags/job_etl_dag.py for tasks to queue
[2026-05-11T13:36:46.725+0000] {logging_mixin.py:188} INFO - [2026-05-11T13:36:46.725+0000] {dagbag.py:538} INFO - Filling up the DagBag from /opt/airflow/dags/job_etl_dag.py
[2026-05-11T13:36:46.757+0000] {processor.py:840} INFO - DAG(s) 'job_market_etl' retrieved from /opt/airflow/dags/job_etl_dag.py
[2026-05-11T13:36:46.808+0000] {logging_mixin.py:188} INFO - [2026-05-11T13:36:46.808+0000] {dag.py:3036} INFO - Sync 1 DAGs
[2026-05-11T13:36:46.826+0000] {logging_mixin.py:188} INFO - [2026-05-11T13:36:46.825+0000] {dag.py:3823} INFO - Setting next_dagrun for job_market_etl to None, run_after=None
[2026-05-11T13:36:46.872+0000] {processor.py:183} INFO - Processing /opt/airflow/dags/job_etl_dag.py took 0.158 seconds
[2026-05-11T13:37:17.094+0000] {processor.py:161} INFO - Started process (PID=1954) to work on /opt/airflow/dags/job_etl_dag.py
[2026-05-11T13:37:17.096+0000] {processor.py:830} INFO - Processing file /opt/airflow/dags/job_etl_dag.py for tasks to queue
[2026-05-11T13:37:17.098+0000] {logging_mixin.py:188} INFO - [2026-05-11T13:37:17.098+0000] {dagbag.py:538} INFO - Filling up the DagBag from /opt/airflow/dags/job_etl_dag.py
[2026-05-11T13:37:17.128+0000] {processor.py:840} INFO - DAG(s) 'job_market_etl' retrieved from /opt/airflow/dags/job_etl_dag.py
[2026-05-11T13:37:17.167+0000] {logging_mixin.py:188} INFO - [2026-05-11T13:37:17.167+0000] {dag.py:3036} INFO - Sync 1 DAGs
[2026-05-11T13:37:17.186+0000] {logging_mixin.py:188} INFO - [2026-05-11T13:37:17.186+0000] {dag.py:3823} INFO - Setting next_dagrun for job_market_etl to None, run_after=None
[2026-05-11T13:37:17.232+0000] {processor.py:183} INFO - Processing /opt/airflow/dags/job_etl_dag.py took 0.143 seconds
[2026-05-11T13:37:47.378+0000] {processor.py:161} INFO - Started process (PID=1955) to work on /opt/airflow/dags/job_etl_dag.py
[2026-05-11T13:37:47.381+0000] {processor.py:830} INFO - Processing file /opt/airflow/dags/job_etl_dag.py for tasks to queue
[2026-05-11T13:37:47.383+0000] {logging_mixin.py:188} INFO - [2026-05-11T13:37:47.382+0000] {dagbag.py:538} INFO - Filling up the DagBag from /opt/airflow/dags/job_etl_dag.py
[2026-05-11T13:37:47.411+0000] {processor.py:840} INFO - DAG(s) 'job_market_etl' retrieved from /opt/airflow/dags/job_etl_dag.py
[2026-05-11T13:37:47.458+0000] {logging_mixin.py:188} INFO - [2026-05-11T13:37:47.457+0000] {dag.py:3036} INFO - Sync 1 DAGs
[2026-05-11T13:37:47.474+0000] {logging_mixin.py:188} INFO - [2026-05-11T13:37:47.474+0000] {dag.py:3823} INFO - Setting next_dagrun for job_market_etl to None, run_after=None
[2026-05-11T13:37:47.505+0000] {processor.py:183} INFO - Processing /opt/airflow/dags/job_etl_dag.py took 0.134 seconds
[2026-05-11T13:38:17.743+0000] {processor.py:161} INFO - Started process (PID=1956) to work on /opt/airflow/dags/job_etl_dag.py
[2026-05-11T13:38:17.744+0000] {processor.py:830} INFO - Processing file /opt/airflow/dags/job_etl_dag.py for tasks to queue
[2026-05-11T13:38:17.746+0000] {logging_mixin.py:188} INFO - [2026-05-11T13:38:17.746+0000] {dagbag.py:538} INFO - Filling up the DagBag from /opt/airflow/dags/job_etl_dag.py
[2026-05-11T13:38:17.777+0000] {processor.py:840} INFO - DAG(s) 'job_market_etl' retrieved from /opt/airflow/dags/job_etl_dag.py
[2026-05-11T13:38:17.825+0000] {logging_mixin.py:188} INFO - [2026-05-11T13:38:17.825+0000] {dag.py:3036} INFO - Sync 1 DAGs
[2026-05-11T13:38:17.842+0000] {logging_mixin.py:188} INFO - [2026-05-11T13:38:17.842+0000] {dag.py:3823} INFO - Setting next_dagrun for job_market_etl to None, run_after=None
[2026-05-11T13:38:17.889+0000] {processor.py:183} INFO - Processing /opt/airflow/dags/job_etl_dag.py took 0.151 seconds
[2026-05-11T13:38:48.027+0000] {processor.py:161} INFO - Started process (PID=1957) to work on /opt/airflow/dags/job_etl_dag.py
[2026-05-11T13:38:48.030+0000] {processor.py:830} INFO - Processing file /opt/airflow/dags/job_etl_dag.py for tasks to queue
[2026-05-11T13:38:48.032+0000] {logging_mixin.py:188} INFO - [2026-05-11T13:38:48.031+0000] {dagbag.py:538} INFO - Filling up the DagBag from /opt/airflow/dags/job_etl_dag.py
[2026-05-11T13:38:48.062+0000] {processor.py:840} INFO - DAG(s) 'job_market_etl' retrieved from /opt/airflow/dags/job_etl_dag.py
[2026-05-11T13:38:48.103+0000] {logging_mixin.py:188} INFO - [2026-05-11T13:38:48.103+0000] {dag.py:3036} INFO - Sync 1 DAGs
[2026-05-11T13:38:48.118+0000] {logging_mixin.py:188} INFO - [2026-05-11T13:38:48.118+0000] {dag.py:3823} INFO - Setting next_dagrun for job_market_etl to None, run_after=None
[2026-05-11T13:38:48.152+0000] {processor.py:183} INFO - Processing /opt/airflow/dags/job_etl_dag.py took 0.130 seconds
[2026-05-11T13:39:18.404+0000] {processor.py:161} INFO - Started process (PID=1958) to work on /opt/airflow/dags/job_etl_dag.py
[2026-05-11T13:39:18.407+0000] {processor.py:830} INFO - Processing file /opt/airflow/dags/job_etl_dag.py for tasks to queue
[2026-05-11T13:39:18.408+0000] {logging_mixin.py:188} INFO - [2026-05-11T13:39:18.408+0000] {dagbag.py:538} INFO - Filling up the DagBag from /opt/airflow/dags/job_etl_dag.py
[2026-05-11T13:39:18.441+0000] {processor.py:840} INFO - DAG(s) 'job_market_etl' retrieved from /opt/airflow/dags/job_etl_dag.py
[2026-05-11T13:39:18.490+0000] {logging_mixin.py:188} INFO - [2026-05-11T13:39:18.490+0000] {dag.py:3036} INFO - Sync 1 DAGs
[2026-05-11T13:39:18.508+0000] {logging_mixin.py:188} INFO - [2026-05-11T13:39:18.508+0000] {dag.py:3823} INFO - Setting next_dagrun for job_market_etl to None, run_after=None
[2026-05-11T13:39:18.540+0000] {processor.py:183} INFO - Processing /opt/airflow/dags/job_etl_dag.py took 0.141 seconds
[2026-05-11T13:39:48.670+0000] {processor.py:161} INFO - Started process (PID=1959) to work on /opt/airflow/dags/job_etl_dag.py
[2026-05-11T13:39:48.674+0000] {processor.py:830} INFO - Processing file /opt/airflow/dags/job_etl_dag.py for tasks to queue
[2026-05-11T13:39:48.677+0000] {logging_mixin.py:188} INFO - [2026-05-11T13:39:48.676+0000] {dagbag.py:538} INFO - Filling up the DagBag from /opt/airflow/dags/job_etl_dag.py
[2026-05-11T13:39:48.707+0000] {processor.py:840} INFO - DAG(s) 'job_market_etl' retrieved from /opt/airflow/dags/job_etl_dag.py
[2026-05-11T13:39:48.748+0000] {logging_mixin.py:188} INFO - [2026-05-11T13:39:48.748+0000] {dag.py:3036} INFO - Sync 1 DAGs
[2026-05-11T13:39:48.764+0000] {logging_mixin.py:188} INFO - [2026-05-11T13:39:48.764+0000] {dag.py:3823} INFO - Setting next_dagrun for job_market_etl to None, run_after=None
[2026-05-11T13:39:48.799+0000] {processor.py:183} INFO - Processing /opt/airflow/dags/job_etl_dag.py took 0.135 seconds
[2026-05-11T13:40:19.037+0000] {processor.py:161} INFO - Started process (PID=1960) to work on /opt/airflow/dags/job_etl_dag.py
[2026-05-11T13:40:19.039+0000] {processor.py:830} INFO - Processing file /opt/airflow/dags/job_etl_dag.py for tasks to queue
[2026-05-11T13:40:19.041+0000] {logging_mixin.py:188} INFO - [2026-05-11T13:40:19.041+0000] {dagbag.py:538} INFO - Filling up the DagBag from /opt/airflow/dags/job_etl_dag.py
[2026-05-11T13:40:19.068+0000] {processor.py:840} INFO - DAG(s) 'job_market_etl' retrieved from /opt/airflow/dags/job_etl_dag.py
[2026-05-11T13:40:19.109+0000] {logging_mixin.py:188} INFO - [2026-05-11T13:40:19.109+0000] {dag.py:3036} INFO - Sync 1 DAGs
[2026-05-11T13:40:19.127+0000] {logging_mixin.py:188} INFO - [2026-05-11T13:40:19.126+0000] {dag.py:3823} INFO - Setting next_dagrun for job_market_etl to None, run_after=None
[2026-05-11T13:40:19.156+0000] {processor.py:183} INFO - Processing /opt/airflow/dags/job_etl_dag.py took 0.123 seconds
[2026-05-11T13:40:49.310+0000] {processor.py:161} INFO - Started process (PID=1961) to work on /opt/airflow/dags/job_etl_dag.py
[2026-05-11T13:40:49.313+0000] {processor.py:830} INFO - Processing file /opt/airflow/dags/job_etl_dag.py for tasks to queue
[2026-05-11T13:40:49.315+0000] {logging_mixin.py:188} INFO - [2026-05-11T13:40:49.314+0000] {dagbag.py:538} INFO - Filling up the DagBag from /opt/airflow/dags/job_etl_dag.py
[2026-05-11T13:40:49.344+0000] {processor.py:840} INFO - DAG(s) 'job_market_etl' retrieved from /opt/airflow/dags/job_etl_dag.py
[2026-05-11T13:40:49.382+0000] {logging_mixin.py:188} INFO - [2026-05-11T13:40:49.381+0000] {dag.py:3036} INFO - Sync 1 DAGs
[2026-05-11T13:40:49.398+0000] {logging_mixin.py:188} INFO - [2026-05-11T13:40:49.397+0000] {dag.py:3823} INFO - Setting next_dagrun for job_market_etl to None, run_after=None
[2026-05-11T13:40:49.430+0000] {processor.py:183} INFO - Processing /opt/airflow/dags/job_etl_dag.py took 0.126 seconds
[2026-05-11T13:41:19.728+0000] {processor.py:161} INFO - Started process (PID=1962) to work on /opt/airflow/dags/job_etl_dag.py
[2026-05-11T13:41:19.730+0000] {processor.py:830} INFO - Processing file /opt/airflow/dags/job_etl_dag.py for tasks to queue
[2026-05-11T13:41:19.732+0000] {logging_mixin.py:188} INFO - [2026-05-11T13:41:19.732+0000] {dagbag.py:538} INFO - Filling up the DagBag from /opt/airflow/dags/job_etl_dag.py
[2026-05-11T13:41:19.759+0000] {processor.py:840} INFO - DAG(s) 'job_market_etl' retrieved from /opt/airflow/dags/job_etl_dag.py
[2026-05-11T13:41:19.802+0000] {logging_mixin.py:188} INFO - [2026-05-11T13:41:19.802+0000] {dag.py:3036} INFO - Sync 1 DAGs
[2026-05-11T13:41:19.818+0000] {logging_mixin.py:188} INFO - [2026-05-11T13:41:19.818+0000] {dag.py:3823} INFO - Setting next_dagrun for job_market_etl to None, run_after=None
[2026-05-11T13:41:19.862+0000] {processor.py:183} INFO - Processing /opt/airflow/dags/job_etl_dag.py took 0.138 seconds
[2026-05-11T13:41:49.999+0000] {processor.py:161} INFO - Started process (PID=1963) to work on /opt/airflow/dags/job_etl_dag.py
[2026-05-11T13:41:50.001+0000] {processor.py:830} INFO - Processing file /opt/airflow/dags/job_etl_dag.py for tasks to queue
[2026-05-11T13:41:50.003+0000] {logging_mixin.py:188} INFO - [2026-05-11T13:41:50.002+0000] {dagbag.py:538} INFO - Filling up the DagBag from /opt/airflow/dags/job_etl_dag.py
[2026-05-11T13:41:50.035+0000] {processor.py:840} INFO - DAG(s) 'job_market_etl' retrieved from /opt/airflow/dags/job_etl_dag.py
[2026-05-11T13:41:50.085+0000] {logging_mixin.py:188} INFO - [2026-05-11T13:41:50.085+0000] {dag.py:3036} INFO - Sync 1 DAGs
[2026-05-11T13:41:50.102+0000] {logging_mixin.py:188} INFO - [2026-05-11T13:41:50.102+0000] {dag.py:3823} INFO - Setting next_dagrun for job_market_etl to None, run_after=None
[2026-05-11T13:41:50.137+0000] {processor.py:183} INFO - Processing /opt/airflow/dags/job_etl_dag.py took 0.143 seconds
[2026-05-11T13:42:20.375+0000] {processor.py:161} INFO - Started process (PID=1964) to work on /opt/airflow/dags/job_etl_dag.py
[2026-05-11T13:42:20.376+0000] {processor.py:830} INFO - Processing file /opt/airflow/dags/job_etl_dag.py for tasks to queue
[2026-05-11T13:42:20.378+0000] {logging_mixin.py:188} INFO - [2026-05-11T13:42:20.377+0000] {dagbag.py:538} INFO - Filling up the DagBag from /opt/airflow/dags/job_etl_dag.py
[2026-05-11T13:42:20.408+0000] {processor.py:840} INFO - DAG(s) 'job_market_etl' retrieved from /opt/airflow/dags/job_etl_dag.py
[2026-05-11T13:42:20.450+0000] {logging_mixin.py:188} INFO - [2026-05-11T13:42:20.450+0000] {dag.py:3036} INFO - Sync 1 DAGs
[2026-05-11T13:42:20.466+0000] {logging_mixin.py:188} INFO - [2026-05-11T13:42:20.465+0000] {dag.py:3823} INFO - Setting next_dagrun for job_market_etl to None, run_after=None
[2026-05-11T13:42:20.518+0000] {processor.py:183} INFO - Processing /opt/airflow/dags/job_etl_dag.py took 0.147 seconds
[2026-05-11T13:42:50.655+0000] {processor.py:161} INFO - Started process (PID=1965) to work on /opt/airflow/dags/job_etl_dag.py
[2026-05-11T13:42:50.657+0000] {processor.py:830} INFO - Processing file /opt/airflow/dags/job_etl_dag.py for tasks to queue
[2026-05-11T13:42:50.659+0000] {logging_mixin.py:188} INFO - [2026-05-11T13:42:50.659+0000] {dagbag.py:538} INFO - Filling up the DagBag from /opt/airflow/dags/job_etl_dag.py
[2026-05-11T13:42:50.689+0000] {processor.py:840} INFO - DAG(s) 'job_market_etl' retrieved from /opt/airflow/dags/job_etl_dag.py
[2026-05-11T13:42:50.741+0000] {logging_mixin.py:188} INFO - [2026-05-11T13:42:50.741+0000] {dag.py:3036} INFO - Sync 1 DAGs
[2026-05-11T13:42:50.759+0000] {logging_mixin.py:188} INFO - [2026-05-11T13:42:50.759+0000] {dag.py:3823} INFO - Setting next_dagrun for job_market_etl to None, run_after=None
[2026-05-11T13:42:50.800+0000] {processor.py:183} INFO - Processing /opt/airflow/dags/job_etl_dag.py took 0.150 seconds
[2026-05-11T13:43:21.033+0000] {processor.py:161} INFO - Started process (PID=1966) to work on /opt/airflow/dags/job_etl_dag.py
[2026-05-11T13:43:21.036+0000] {processor.py:830} INFO - Processing file /opt/airflow/dags/job_etl_dag.py for tasks to queue
[2026-05-11T13:43:21.038+0000] {logging_mixin.py:188} INFO - [2026-05-11T13:43:21.037+0000] {dagbag.py:538} INFO - Filling up the DagBag from /opt/airflow/dags/job_etl_dag.py
[2026-05-11T13:43:21.063+0000] {processor.py:840} INFO - DAG(s) 'job_market_etl' retrieved from /opt/airflow/dags/job_etl_dag.py
[2026-05-11T13:43:21.109+0000] {logging_mixin.py:188} INFO - [2026-05-11T13:43:21.109+0000] {dag.py:3036} INFO - Sync 1 DAGs
[2026-05-11T13:43:21.129+0000] {logging_mixin.py:188} INFO - [2026-05-11T13:43:21.129+0000] {dag.py:3823} INFO - Setting next_dagrun for job_market_etl to None, run_after=None
[2026-05-11T13:43:21.174+0000] {processor.py:183} INFO - Processing /opt/airflow/dags/job_etl_dag.py took 0.148 seconds
[2026-05-11T13:43:51.324+0000] {processor.py:161} INFO - Started process (PID=1967) to work on /opt/airflow/dags/job_etl_dag.py
[2026-05-11T13:43:51.327+0000] {processor.py:830} INFO - Processing file /opt/airflow/dags/job_etl_dag.py for tasks to queue
[2026-05-11T13:43:51.329+0000] {logging_mixin.py:188} INFO - [2026-05-11T13:43:51.328+0000] {dagbag.py:538} INFO - Filling up the DagBag from /opt/airflow/dags/job_etl_dag.py
[2026-05-11T13:43:51.360+0000] {processor.py:840} INFO - DAG(s) 'job_market_etl' retrieved from /opt/airflow/dags/job_etl_dag.py
[2026-05-11T13:43:51.405+0000] {logging_mixin.py:188} INFO - [2026-05-11T13:43:51.404+0000] {dag.py:3036} INFO - Sync 1 DAGs
[2026-05-11T13:43:51.422+0000] {logging_mixin.py:188} INFO - [2026-05-11T13:43:51.422+0000] {dag.py:3823} INFO - Setting next_dagrun for job_market_etl to None, run_after=None
[2026-05-11T13:43:51.459+0000] {processor.py:183} INFO - Processing /opt/airflow/dags/job_etl_dag.py took 0.140 seconds
[2026-05-11T13:44:21.693+0000] {processor.py:161} INFO - Started process (PID=1968) to work on /opt/airflow/dags/job_etl_dag.py
[2026-05-11T13:44:21.695+0000] {processor.py:830} INFO - Processing file /opt/airflow/dags/job_etl_dag.py for tasks to queue
[2026-05-11T13:44:21.698+0000] {logging_mixin.py:188} INFO - [2026-05-11T13:44:21.697+0000] {dagbag.py:538} INFO - Filling up the DagBag from /opt/airflow/dags/job_etl_dag.py
[2026-05-11T13:44:21.732+0000] {processor.py:840} INFO - DAG(s) 'job_market_etl' retrieved from /opt/airflow/dags/job_etl_dag.py
[2026-05-11T13:44:21.778+0000] {logging_mixin.py:188} INFO - [2026-05-11T13:44:21.778+0000] {dag.py:3036} INFO - Sync 1 DAGs
[2026-05-11T13:44:21.795+0000] {logging_mixin.py:188} INFO - [2026-05-11T13:44:21.795+0000] {dag.py:3823} INFO - Setting next_dagrun for job_market_etl to None, run_after=None
[2026-05-11T13:44:21.836+0000] {processor.py:183} INFO - Processing /opt/airflow/dags/job_etl_dag.py took 0.147 seconds
[2026-05-11T13:44:51.958+0000] {processor.py:161} INFO - Started process (PID=1969) to work on /opt/airflow/dags/job_etl_dag.py
[2026-05-11T13:44:51.961+0000] {processor.py:830} INFO - Processing file /opt/airflow/dags/job_etl_dag.py for tasks to queue
[2026-05-11T13:44:51.963+0000] {logging_mixin.py:188} INFO - [2026-05-11T13:44:51.962+0000] {dagbag.py:538} INFO - Filling up the DagBag from /opt/airflow/dags/job_etl_dag.py
[2026-05-11T13:44:51.992+0000] {processor.py:840} INFO - DAG(s) 'job_market_etl' retrieved from /opt/airflow/dags/job_etl_dag.py
[2026-05-11T13:44:52.034+0000] {logging_mixin.py:188} INFO - [2026-05-11T13:44:52.034+0000] {dag.py:3036} INFO - Sync 1 DAGs
[2026-05-11T13:44:52.050+0000] {logging_mixin.py:188} INFO - [2026-05-11T13:44:52.050+0000] {dag.py:3823} INFO - Setting next_dagrun for job_market_etl to None, run_after=None
[2026-05-11T13:44:52.093+0000] {processor.py:183} INFO - Processing /opt/airflow/dags/job_etl_dag.py took 0.141 seconds
[2026-05-11T13:45:22.347+0000] {processor.py:161} INFO - Started process (PID=1970) to work on /opt/airflow/dags/job_etl_dag.py
[2026-05-11T13:45:22.349+0000] {processor.py:830} INFO - Processing file /opt/airflow/dags/job_etl_dag.py for tasks to queue
[2026-05-11T13:45:22.351+0000] {logging_mixin.py:188} INFO - [2026-05-11T13:45:22.350+0000] {dagbag.py:538} INFO - Filling up the DagBag from /opt/airflow/dags/job_etl_dag.py
[2026-05-11T13:45:22.380+0000] {processor.py:840} INFO - DAG(s) 'job_market_etl' retrieved from /opt/airflow/dags/job_etl_dag.py
[2026-05-11T13:45:22.428+0000] {logging_mixin.py:188} INFO - [2026-05-11T13:45:22.428+0000] {dag.py:3036} INFO - Sync 1 DAGs
[2026-05-11T13:45:22.444+0000] {logging_mixin.py:188} INFO - [2026-05-11T13:45:22.444+0000] {dag.py:3823} INFO - Setting next_dagrun for job_market_etl to None, run_after=None
[2026-05-11T13:45:22.493+0000] {processor.py:183} INFO - Processing /opt/airflow/dags/job_etl_dag.py took 0.149 seconds
[2026-05-11T13:45:52.643+0000] {processor.py:161} INFO - Started process (PID=1971) to work on /opt/airflow/dags/job_etl_dag.py
[2026-05-11T13:45:52.645+0000] {processor.py:830} INFO - Processing file /opt/airflow/dags/job_etl_dag.py for tasks to queue
[2026-05-11T13:45:52.648+0000] {logging_mixin.py:188} INFO - [2026-05-11T13:45:52.647+0000] {dagbag.py:538} INFO - Filling up the DagBag from /opt/airflow/dags/job_etl_dag.py
[2026-05-11T13:45:52.676+0000] {processor.py:840} INFO - DAG(s) 'job_market_etl' retrieved from /opt/airflow/dags/job_etl_dag.py
[2026-05-11T13:45:52.722+0000] {logging_mixin.py:188} INFO - [2026-05-11T13:45:52.721+0000] {dag.py:3036} INFO - Sync 1 DAGs
[2026-05-11T13:45:52.740+0000] {logging_mixin.py:188} INFO - [2026-05-11T13:45:52.739+0000] {dag.py:3823} INFO - Setting next_dagrun for job_market_etl to None, run_after=None
[2026-05-11T13:45:52.784+0000] {processor.py:183} INFO - Processing /opt/airflow/dags/job_etl_dag.py took 0.146 seconds
[2026-05-11T13:46:23.011+0000] {processor.py:161} INFO - Started process (PID=1972) to work on /opt/airflow/dags/job_etl_dag.py
[2026-05-11T13:46:23.013+0000] {processor.py:830} INFO - Processing file /opt/airflow/dags/job_etl_dag.py for tasks to queue
[2026-05-11T13:46:23.015+0000] {logging_mixin.py:188} INFO - [2026-05-11T13:46:23.015+0000] {dagbag.py:538} INFO - Filling up the DagBag from /opt/airflow/dags/job_etl_dag.py
[2026-05-11T13:46:23.048+0000] {processor.py:840} INFO - DAG(s) 'job_market_etl' retrieved from /opt/airflow/dags/job_etl_dag.py
[2026-05-11T13:46:23.094+0000] {logging_mixin.py:188} INFO - [2026-05-11T13:46:23.093+0000] {dag.py:3036} INFO - Sync 1 DAGs
[2026-05-11T13:46:23.111+0000] {logging_mixin.py:188} INFO - [2026-05-11T13:46:23.110+0000] {dag.py:3823} INFO - Setting next_dagrun for job_market_etl to None, run_after=None
[2026-05-11T13:46:23.156+0000] {processor.py:183} INFO - Processing /opt/airflow/dags/job_etl_dag.py took 0.149 seconds
[2026-05-11T13:46:53.279+0000] {processor.py:161} INFO - Started process (PID=1973) to work on /opt/airflow/dags/job_etl_dag.py
[2026-05-11T13:46:53.282+0000] {processor.py:830} INFO - Processing file /opt/airflow/dags/job_etl_dag.py for tasks to queue
[2026-05-11T13:46:53.283+0000] {logging_mixin.py:188} INFO - [2026-05-11T13:46:53.283+0000] {dagbag.py:538} INFO - Filling up the DagBag from /opt/airflow/dags/job_etl_dag.py
[2026-05-11T13:46:53.312+0000] {processor.py:840} INFO - DAG(s) 'job_market_etl' retrieved from /opt/airflow/dags/job_etl_dag.py
[2026-05-11T13:46:53.359+0000] {logging_mixin.py:188} INFO - [2026-05-11T13:46:53.358+0000] {dag.py:3036} INFO - Sync 1 DAGs
[2026-05-11T13:46:53.376+0000] {logging_mixin.py:188} INFO - [2026-05-11T13:46:53.375+0000] {dag.py:3823} INFO - Setting next_dagrun for job_market_etl to None, run_after=None
[2026-05-11T13:46:53.420+0000] {processor.py:183} INFO - Processing /opt/airflow/dags/job_etl_dag.py took 0.146 seconds
[2026-05-11T13:47:23.664+0000] {processor.py:161} INFO - Started process (PID=1974) to work on /opt/airflow/dags/job_etl_dag.py
[2026-05-11T13:47:23.666+0000] {processor.py:830} INFO - Processing file /opt/airflow/dags/job_etl_dag.py for tasks to queue
[2026-05-11T13:47:23.668+0000] {logging_mixin.py:188} INFO - [2026-05-11T13:47:23.667+0000] {dagbag.py:538} INFO - Filling up the DagBag from /opt/airflow/dags/job_etl_dag.py
[2026-05-11T13:47:23.697+0000] {processor.py:840} INFO - DAG(s) 'job_market_etl' retrieved from /opt/airflow/dags/job_etl_dag.py
[2026-05-11T13:47:23.738+0000] {logging_mixin.py:188} INFO - [2026-05-11T13:47:23.738+0000] {dag.py:3036} INFO - Sync 1 DAGs
[2026-05-11T13:47:23.754+0000] {logging_mixin.py:188} INFO - [2026-05-11T13:47:23.754+0000] {dag.py:3823} INFO - Setting next_dagrun for job_market_etl to None, run_after=None
[2026-05-11T13:47:23.799+0000] {processor.py:183} INFO - Processing /opt/airflow/dags/job_etl_dag.py took 0.139 seconds
[2026-05-11T13:47:53.930+0000] {processor.py:161} INFO - Started process (PID=1975) to work on /opt/airflow/dags/job_etl_dag.py
[2026-05-11T13:47:53.932+0000] {processor.py:830} INFO - Processing file /opt/airflow/dags/job_etl_dag.py for tasks to queue
[2026-05-11T13:47:53.933+0000] {logging_mixin.py:188} INFO - [2026-05-11T13:47:53.933+0000] {dagbag.py:538} INFO - Filling up the DagBag from /opt/airflow/dags/job_etl_dag.py
[2026-05-11T13:47:53.961+0000] {processor.py:840} INFO - DAG(s) 'job_market_etl' retrieved from /opt/airflow/dags/job_etl_dag.py
[2026-05-11T13:47:54.004+0000] {logging_mixin.py:188} INFO - [2026-05-11T13:47:54.004+0000] {dag.py:3036} INFO - Sync 1 DAGs
[2026-05-11T13:47:54.021+0000] {logging_mixin.py:188} INFO - [2026-05-11T13:47:54.021+0000] {dag.py:3823} INFO - Setting next_dagrun for job_market_etl to None, run_after=None
[2026-05-11T13:47:54.063+0000] {processor.py:183} INFO - Processing /opt/airflow/dags/job_etl_dag.py took 0.138 seconds
[2026-05-11T13:48:24.313+0000] {processor.py:161} INFO - Started process (PID=1976) to work on /opt/airflow/dags/job_etl_dag.py
[2026-05-11T13:48:24.315+0000] {processor.py:830} INFO - Processing file /opt/airflow/dags/job_etl_dag.py for tasks to queue
[2026-05-11T13:48:24.317+0000] {logging_mixin.py:188} INFO - [2026-05-11T13:48:24.316+0000] {dagbag.py:538} INFO - Filling up the DagBag from /opt/airflow/dags/job_etl_dag.py
[2026-05-11T13:48:24.348+0000] {processor.py:840} INFO - DAG(s) 'job_market_etl' retrieved from /opt/airflow/dags/job_etl_dag.py
[2026-05-11T13:48:24.390+0000] {logging_mixin.py:188} INFO - [2026-05-11T13:48:24.390+0000] {dag.py:3036} INFO - Sync 1 DAGs
[2026-05-11T13:48:24.407+0000] {logging_mixin.py:188} INFO - [2026-05-11T13:48:24.406+0000] {dag.py:3823} INFO - Setting next_dagrun for job_market_etl to None, run_after=None
[2026-05-11T13:48:24.451+0000] {processor.py:183} INFO - Processing /opt/airflow/dags/job_etl_dag.py took 0.142 seconds
[2026-05-11T13:48:54.586+0000] {processor.py:161} INFO - Started process (PID=1977) to work on /opt/airflow/dags/job_etl_dag.py
[2026-05-11T13:48:54.589+0000] {processor.py:830} INFO - Processing file /opt/airflow/dags/job_etl_dag.py for tasks to queue
[2026-05-11T13:48:54.591+0000] {logging_mixin.py:188} INFO - [2026-05-11T13:48:54.590+0000] {dagbag.py:538} INFO - Filling up the DagBag from /opt/airflow/dags/job_etl_dag.py
[2026-05-11T13:48:54.619+0000] {processor.py:840} INFO - DAG(s) 'job_market_etl' retrieved from /opt/airflow/dags/job_etl_dag.py
[2026-05-11T13:48:54.667+0000] {logging_mixin.py:188} INFO - [2026-05-11T13:48:54.666+0000] {dag.py:3036} INFO - Sync 1 DAGs
[2026-05-11T13:48:54.684+0000] {logging_mixin.py:188} INFO - [2026-05-11T13:48:54.684+0000] {dag.py:3823} INFO - Setting next_dagrun for job_market_etl to None, run_after=None
[2026-05-11T13:48:54.714+0000] {processor.py:183} INFO - Processing /opt/airflow/dags/job_etl_dag.py took 0.136 seconds
[2026-05-11T13:49:24.965+0000] {processor.py:161} INFO - Started process (PID=1978) to work on /opt/airflow/dags/job_etl_dag.py
[2026-05-11T13:49:24.967+0000] {processor.py:830} INFO - Processing file /opt/airflow/dags/job_etl_dag.py for tasks to queue
[2026-05-11T13:49:24.969+0000] {logging_mixin.py:188} INFO - [2026-05-11T13:49:24.969+0000] {dagbag.py:538} INFO - Filling up the DagBag from /opt/airflow/dags/job_etl_dag.py
[2026-05-11T13:49:24.998+0000] {processor.py:840} INFO - DAG(s) 'job_market_etl' retrieved from /opt/airflow/dags/job_etl_dag.py
[2026-05-11T13:49:25.043+0000] {logging_mixin.py:188} INFO - [2026-05-11T13:49:25.042+0000] {dag.py:3036} INFO - Sync 1 DAGs
[2026-05-11T13:49:25.060+0000] {logging_mixin.py:188} INFO - [2026-05-11T13:49:25.060+0000] {dag.py:3823} INFO - Setting next_dagrun for job_market_etl to None, run_after=None
[2026-05-11T13:49:25.104+0000] {processor.py:183} INFO - Processing /opt/airflow/dags/job_etl_dag.py took 0.143 seconds
[2026-05-11T13:49:55.224+0000] {processor.py:161} INFO - Started process (PID=1979) to work on /opt/airflow/dags/job_etl_dag.py
[2026-05-11T13:49:55.226+0000] {processor.py:830} INFO - Processing file /opt/airflow/dags/job_etl_dag.py for tasks to queue
[2026-05-11T13:49:55.230+0000] {logging_mixin.py:188} INFO - [2026-05-11T13:49:55.229+0000] {dagbag.py:538} INFO - Filling up the DagBag from /opt/airflow/dags/job_etl_dag.py
[2026-05-11T13:49:55.258+0000] {processor.py:840} INFO - DAG(s) 'job_market_etl' retrieved from /opt/airflow/dags/job_etl_dag.py
[2026-05-11T13:49:55.304+0000] {logging_mixin.py:188} INFO - [2026-05-11T13:49:55.304+0000] {dag.py:3036} INFO - Sync 1 DAGs
[2026-05-11T13:49:55.320+0000] {logging_mixin.py:188} INFO - [2026-05-11T13:49:55.320+0000] {dag.py:3823} INFO - Setting next_dagrun for job_market_etl to None, run_after=None
[2026-05-11T13:49:55.358+0000] {processor.py:183} INFO - Processing /opt/airflow/dags/job_etl_dag.py took 0.140 seconds
[2026-05-11T13:50:25.628+0000] {processor.py:161} INFO - Started process (PID=1980) to work on /opt/airflow/dags/job_etl_dag.py
[2026-05-11T13:50:25.631+0000] {processor.py:830} INFO - Processing file /opt/airflow/dags/job_etl_dag.py for tasks to queue
[2026-05-11T13:50:25.633+0000] {logging_mixin.py:188} INFO - [2026-05-11T13:50:25.633+0000] {dagbag.py:538} INFO - Filling up the DagBag from /opt/airflow/dags/job_etl_dag.py
[2026-05-11T13:50:25.664+0000] {processor.py:840} INFO - DAG(s) 'job_market_etl' retrieved from /opt/airflow/dags/job_etl_dag.py
[2026-05-11T13:50:25.708+0000] {logging_mixin.py:188} INFO - [2026-05-11T13:50:25.707+0000] {dag.py:3036} INFO - Sync 1 DAGs
[2026-05-11T13:50:25.725+0000] {logging_mixin.py:188} INFO - [2026-05-11T13:50:25.724+0000] {dag.py:3823} INFO - Setting next_dagrun for job_market_etl to None, run_after=None
[2026-05-11T13:50:25.769+0000] {processor.py:183} INFO - Processing /opt/airflow/dags/job_etl_dag.py took 0.144 seconds
[2026-05-11T13:50:55.928+0000] {processor.py:161} INFO - Started process (PID=1981) to work on /opt/airflow/dags/job_etl_dag.py
[2026-05-11T13:50:55.929+0000] {processor.py:830} INFO - Processing file /opt/airflow/dags/job_etl_dag.py for tasks to queue
[2026-05-11T13:50:55.931+0000] {logging_mixin.py:188} INFO - [2026-05-11T13:50:55.931+0000] {dagbag.py:538} INFO - Filling up the DagBag from /opt/airflow/dags/job_etl_dag.py
[2026-05-11T13:50:55.961+0000] {processor.py:840} INFO - DAG(s) 'job_market_etl' retrieved from /opt/airflow/dags/job_etl_dag.py
[2026-05-11T13:50:56.008+0000] {logging_mixin.py:188} INFO - [2026-05-11T13:50:56.007+0000] {dag.py:3036} INFO - Sync 1 DAGs
[2026-05-11T13:50:56.025+0000] {logging_mixin.py:188} INFO - [2026-05-11T13:50:56.024+0000] {dag.py:3823} INFO - Setting next_dagrun for job_market_etl to None, run_after=None
[2026-05-11T13:50:56.055+0000] {processor.py:183} INFO - Processing /opt/airflow/dags/job_etl_dag.py took 0.134 seconds
[2026-05-11T13:51:26.253+0000] {processor.py:161} INFO - Started process (PID=1982) to work on /opt/airflow/dags/job_etl_dag.py
[2026-05-11T13:51:26.255+0000] {processor.py:830} INFO - Processing file /opt/airflow/dags/job_etl_dag.py for tasks to queue
[2026-05-11T13:51:26.258+0000] {logging_mixin.py:188} INFO - [2026-05-11T13:51:26.257+0000] {dagbag.py:538} INFO - Filling up the DagBag from /opt/airflow/dags/job_etl_dag.py
[2026-05-11T13:51:26.288+0000] {processor.py:840} INFO - DAG(s) 'job_market_etl' retrieved from /opt/airflow/dags/job_etl_dag.py
[2026-05-11T13:51:26.329+0000] {logging_mixin.py:188} INFO - [2026-05-11T13:51:26.329+0000] {dag.py:3036} INFO - Sync 1 DAGs
[2026-05-11T13:51:26.347+0000] {logging_mixin.py:188} INFO - [2026-05-11T13:51:26.346+0000] {dag.py:3823} INFO - Setting next_dagrun for job_market_etl to None, run_after=None
[2026-05-11T13:51:26.381+0000] {processor.py:183} INFO - Processing /opt/airflow/dags/job_etl_dag.py took 0.135 seconds
[2026-05-11T13:51:56.546+0000] {processor.py:161} INFO - Started process (PID=1983) to work on /opt/airflow/dags/job_etl_dag.py
[2026-05-11T13:51:56.548+0000] {processor.py:830} INFO - Processing file /opt/airflow/dags/job_etl_dag.py for tasks to queue
[2026-05-11T13:51:56.550+0000] {logging_mixin.py:188} INFO - [2026-05-11T13:51:56.549+0000] {dagbag.py:538} INFO - Filling up the DagBag from /opt/airflow/dags/job_etl_dag.py
[2026-05-11T13:51:56.582+0000] {processor.py:840} INFO - DAG(s) 'job_market_etl' retrieved from /opt/airflow/dags/job_etl_dag.py
[2026-05-11T13:51:56.628+0000] {logging_mixin.py:188} INFO - [2026-05-11T13:51:56.628+0000] {dag.py:3036} INFO - Sync 1 DAGs
[2026-05-11T13:51:56.644+0000] {logging_mixin.py:188} INFO - [2026-05-11T13:51:56.644+0000] {dag.py:3823} INFO - Setting next_dagrun for job_market_etl to None, run_after=None
[2026-05-11T13:51:56.678+0000] {processor.py:183} INFO - Processing /opt/airflow/dags/job_etl_dag.py took 0.138 seconds
[2026-05-11T13:52:26.887+0000] {processor.py:161} INFO - Started process (PID=1984) to work on /opt/airflow/dags/job_etl_dag.py
[2026-05-11T13:52:26.889+0000] {processor.py:830} INFO - Processing file /opt/airflow/dags/job_etl_dag.py for tasks to queue
[2026-05-11T13:52:26.891+0000] {logging_mixin.py:188} INFO - [2026-05-11T13:52:26.890+0000] {dagbag.py:538} INFO - Filling up the DagBag from /opt/airflow/dags/job_etl_dag.py
[2026-05-11T13:52:26.921+0000] {processor.py:840} INFO - DAG(s) 'job_market_etl' retrieved from /opt/airflow/dags/job_etl_dag.py
[2026-05-11T13:52:26.965+0000] {logging_mixin.py:188} INFO - [2026-05-11T13:52:26.965+0000] {dag.py:3036} INFO - Sync 1 DAGs
[2026-05-11T13:52:26.981+0000] {logging_mixin.py:188} INFO - [2026-05-11T13:52:26.981+0000] {dag.py:3823} INFO - Setting next_dagrun for job_market_etl to None, run_after=None
[2026-05-11T13:52:27.011+0000] {processor.py:183} INFO - Processing /opt/airflow/dags/job_etl_dag.py took 0.130 seconds
[2026-05-11T13:52:57.173+0000] {processor.py:161} INFO - Started process (PID=1985) to work on /opt/airflow/dags/job_etl_dag.py
[2026-05-11T13:52:57.175+0000] {processor.py:830} INFO - Processing file /opt/airflow/dags/job_etl_dag.py for tasks to queue
[2026-05-11T13:52:57.177+0000] {logging_mixin.py:188} INFO - [2026-05-11T13:52:57.176+0000] {dagbag.py:538} INFO - Filling up the DagBag from /opt/airflow/dags/job_etl_dag.py
[2026-05-11T13:52:57.207+0000] {processor.py:840} INFO - DAG(s) 'job_market_etl' retrieved from /opt/airflow/dags/job_etl_dag.py
[2026-05-11T13:52:57.254+0000] {logging_mixin.py:188} INFO - [2026-05-11T13:52:57.254+0000] {dag.py:3036} INFO - Sync 1 DAGs
[2026-05-11T13:52:57.272+0000] {logging_mixin.py:188} INFO - [2026-05-11T13:52:57.272+0000] {dag.py:3823} INFO - Setting next_dagrun for job_market_etl to None, run_after=None
[2026-05-11T13:52:57.305+0000] {processor.py:183} INFO - Processing /opt/airflow/dags/job_etl_dag.py took 0.137 seconds
[2026-05-11T13:53:27.511+0000] {processor.py:161} INFO - Started process (PID=1986) to work on /opt/airflow/dags/job_etl_dag.py
[2026-05-11T13:53:27.514+0000] {processor.py:830} INFO - Processing file /opt/airflow/dags/job_etl_dag.py for tasks to queue
[2026-05-11T13:53:27.516+0000] {logging_mixin.py:188} INFO - [2026-05-11T13:53:27.516+0000] {dagbag.py:538} INFO - Filling up the DagBag from /opt/airflow/dags/job_etl_dag.py
[2026-05-11T13:53:27.547+0000] {processor.py:840} INFO - DAG(s) 'job_market_etl' retrieved from /opt/airflow/dags/job_etl_dag.py
[2026-05-11T13:53:27.591+0000] {logging_mixin.py:188} INFO - [2026-05-11T13:53:27.591+0000] {dag.py:3036} INFO - Sync 1 DAGs
[2026-05-11T13:53:27.608+0000] {logging_mixin.py:188} INFO - [2026-05-11T13:53:27.608+0000] {dag.py:3823} INFO - Setting next_dagrun for job_market_etl to None, run_after=None
[2026-05-11T13:53:27.650+0000] {processor.py:183} INFO - Processing /opt/airflow/dags/job_etl_dag.py took 0.145 seconds
[2026-05-11T13:53:57.794+0000] {processor.py:161} INFO - Started process (PID=1987) to work on /opt/airflow/dags/job_etl_dag.py
[2026-05-11T13:53:57.797+0000] {processor.py:830} INFO - Processing file /opt/airflow/dags/job_etl_dag.py for tasks to queue
[2026-05-11T13:53:57.799+0000] {logging_mixin.py:188} INFO - [2026-05-11T13:53:57.798+0000] {dagbag.py:538} INFO - Filling up the DagBag from /opt/airflow/dags/job_etl_dag.py
[2026-05-11T13:53:57.828+0000] {processor.py:840} INFO - DAG(s) 'job_market_etl' retrieved from /opt/airflow/dags/job_etl_dag.py
[2026-05-11T13:53:57.874+0000] {logging_mixin.py:188} INFO - [2026-05-11T13:53:57.874+0000] {dag.py:3036} INFO - Sync 1 DAGs
[2026-05-11T13:53:57.891+0000] {logging_mixin.py:188} INFO - [2026-05-11T13:53:57.890+0000] {dag.py:3823} INFO - Setting next_dagrun for job_market_etl to None, run_after=None
[2026-05-11T13:53:57.940+0000] {processor.py:183} INFO - Processing /opt/airflow/dags/job_etl_dag.py took 0.150 seconds
[2026-05-11T13:54:28.159+0000] {processor.py:161} INFO - Started process (PID=1988) to work on /opt/airflow/dags/job_etl_dag.py
[2026-05-11T13:54:28.161+0000] {processor.py:830} INFO - Processing file /opt/airflow/dags/job_etl_dag.py for tasks to queue
[2026-05-11T13:54:28.162+0000] {logging_mixin.py:188} INFO - [2026-05-11T13:54:28.162+0000] {dagbag.py:538} INFO - Filling up the DagBag from /opt/airflow/dags/job_etl_dag.py
[2026-05-11T13:54:28.193+0000] {processor.py:840} INFO - DAG(s) 'job_market_etl' retrieved from /opt/airflow/dags/job_etl_dag.py
[2026-05-11T13:54:28.236+0000] {logging_mixin.py:188} INFO - [2026-05-11T13:54:28.236+0000] {dag.py:3036} INFO - Sync 1 DAGs
[2026-05-11T13:54:28.254+0000] {logging_mixin.py:188} INFO - [2026-05-11T13:54:28.254+0000] {dag.py:3823} INFO - Setting next_dagrun for job_market_etl to None, run_after=None
[2026-05-11T13:54:28.287+0000] {processor.py:183} INFO - Processing /opt/airflow/dags/job_etl_dag.py took 0.133 seconds
[2026-05-11T13:54:58.440+0000] {processor.py:161} INFO - Started process (PID=1989) to work on /opt/airflow/dags/job_etl_dag.py
[2026-05-11T13:54:58.442+0000] {processor.py:830} INFO - Processing file /opt/airflow/dags/job_etl_dag.py for tasks to queue
[2026-05-11T13:54:58.444+0000] {logging_mixin.py:188} INFO - [2026-05-11T13:54:58.443+0000] {dagbag.py:538} INFO - Filling up the DagBag from /opt/airflow/dags/job_etl_dag.py
[2026-05-11T13:54:58.477+0000] {processor.py:840} INFO - DAG(s) 'job_market_etl' retrieved from /opt/airflow/dags/job_etl_dag.py
[2026-05-11T13:54:58.523+0000] {logging_mixin.py:188} INFO - [2026-05-11T13:54:58.523+0000] {dag.py:3036} INFO - Sync 1 DAGs
[2026-05-11T13:54:58.540+0000] {logging_mixin.py:188} INFO - [2026-05-11T13:54:58.540+0000] {dag.py:3823} INFO - Setting next_dagrun for job_market_etl to None, run_after=None
[2026-05-11T13:54:58.572+0000] {processor.py:183} INFO - Processing /opt/airflow/dags/job_etl_dag.py took 0.137 seconds
[2026-05-11T13:55:28.786+0000] {processor.py:161} INFO - Started process (PID=1990) to work on /opt/airflow/dags/job_etl_dag.py
[2026-05-11T13:55:28.788+0000] {processor.py:830} INFO - Processing file /opt/airflow/dags/job_etl_dag.py for tasks to queue
[2026-05-11T13:55:28.790+0000] {logging_mixin.py:188} INFO - [2026-05-11T13:55:28.789+0000] {dagbag.py:538} INFO - Filling up the DagBag from /opt/airflow/dags/job_etl_dag.py
[2026-05-11T13:55:28.821+0000] {processor.py:840} INFO - DAG(s) 'job_market_etl' retrieved from /opt/airflow/dags/job_etl_dag.py
[2026-05-11T13:55:28.863+0000] {logging_mixin.py:188} INFO - [2026-05-11T13:55:28.862+0000] {dag.py:3036} INFO - Sync 1 DAGs
[2026-05-11T13:55:28.879+0000] {logging_mixin.py:188} INFO - [2026-05-11T13:55:28.879+0000] {dag.py:3823} INFO - Setting next_dagrun for job_market_etl to None, run_after=None
[2026-05-11T13:55:28.910+0000] {processor.py:183} INFO - Processing /opt/airflow/dags/job_etl_dag.py took 0.130 seconds
[2026-05-11T13:55:59.129+0000] {processor.py:161} INFO - Started process (PID=1991) to work on /opt/airflow/dags/job_etl_dag.py
[2026-05-11T13:55:59.131+0000] {processor.py:830} INFO - Processing file /opt/airflow/dags/job_etl_dag.py for tasks to queue
[2026-05-11T13:55:59.132+0000] {logging_mixin.py:188} INFO - [2026-05-11T13:55:59.132+0000] {dagbag.py:538} INFO - Filling up the DagBag from /opt/airflow/dags/job_etl_dag.py
[2026-05-11T13:55:59.158+0000] {processor.py:840} INFO - DAG(s) 'job_market_etl' retrieved from /opt/airflow/dags/job_etl_dag.py
[2026-05-11T13:55:59.204+0000] {logging_mixin.py:188} INFO - [2026-05-11T13:55:59.204+0000] {dag.py:3036} INFO - Sync 1 DAGs
[2026-05-11T13:55:59.220+0000] {logging_mixin.py:188} INFO - [2026-05-11T13:55:59.220+0000] {dag.py:3823} INFO - Setting next_dagrun for job_market_etl to None, run_after=None
[2026-05-11T13:55:59.251+0000] {processor.py:183} INFO - Processing /opt/airflow/dags/job_etl_dag.py took 0.128 seconds
[2026-05-11T13:56:29.407+0000] {processor.py:161} INFO - Started process (PID=1992) to work on /opt/airflow/dags/job_etl_dag.py
[2026-05-11T13:56:29.410+0000] {processor.py:830} INFO - Processing file /opt/airflow/dags/job_etl_dag.py for tasks to queue
[2026-05-11T13:56:29.412+0000] {logging_mixin.py:188} INFO - [2026-05-11T13:56:29.411+0000] {dagbag.py:538} INFO - Filling up the DagBag from /opt/airflow/dags/job_etl_dag.py
[2026-05-11T13:56:29.440+0000] {processor.py:840} INFO - DAG(s) 'job_market_etl' retrieved from /opt/airflow/dags/job_etl_dag.py
[2026-05-11T13:56:29.487+0000] {logging_mixin.py:188} INFO - [2026-05-11T13:56:29.487+0000] {dag.py:3036} INFO - Sync 1 DAGs
[2026-05-11T13:56:29.505+0000] {logging_mixin.py:188} INFO - [2026-05-11T13:56:29.504+0000] {dag.py:3823} INFO - Setting next_dagrun for job_market_etl to None, run_after=None
[2026-05-11T13:56:29.552+0000] {processor.py:183} INFO - Processing /opt/airflow/dags/job_etl_dag.py took 0.150 seconds
[2026-05-11T13:56:59.741+0000] {processor.py:161} INFO - Started process (PID=1993) to work on /opt/airflow/dags/job_etl_dag.py
[2026-05-11T13:56:59.743+0000] {processor.py:830} INFO - Processing file /opt/airflow/dags/job_etl_dag.py for tasks to queue
[2026-05-11T13:56:59.744+0000] {logging_mixin.py:188} INFO - [2026-05-11T13:56:59.744+0000] {dagbag.py:538} INFO - Filling up the DagBag from /opt/airflow/dags/job_etl_dag.py
[2026-05-11T13:56:59.775+0000] {processor.py:840} INFO - DAG(s) 'job_market_etl' retrieved from /opt/airflow/dags/job_etl_dag.py
[2026-05-11T13:56:59.820+0000] {logging_mixin.py:188} INFO - [2026-05-11T13:56:59.820+0000] {dag.py:3036} INFO - Sync 1 DAGs
[2026-05-11T13:56:59.839+0000] {logging_mixin.py:188} INFO - [2026-05-11T13:56:59.838+0000] {dag.py:3823} INFO - Setting next_dagrun for job_market_etl to None, run_after=None
[2026-05-11T13:56:59.883+0000] {processor.py:183} INFO - Processing /opt/airflow/dags/job_etl_dag.py took 0.147 seconds
[2026-05-11T13:57:30.058+0000] {processor.py:161} INFO - Started process (PID=1994) to work on /opt/airflow/dags/job_etl_dag.py
[2026-05-11T13:57:30.061+0000] {processor.py:830} INFO - Processing file /opt/airflow/dags/job_etl_dag.py for tasks to queue
[2026-05-11T13:57:30.064+0000] {logging_mixin.py:188} INFO - [2026-05-11T13:57:30.063+0000] {dagbag.py:538} INFO - Filling up the DagBag from /opt/airflow/dags/job_etl_dag.py
[2026-05-11T13:57:30.101+0000] {processor.py:840} INFO - DAG(s) 'job_market_etl' retrieved from /opt/airflow/dags/job_etl_dag.py
[2026-05-11T13:57:30.149+0000] {logging_mixin.py:188} INFO - [2026-05-11T13:57:30.149+0000] {dag.py:3036} INFO - Sync 1 DAGs
[2026-05-11T13:57:30.167+0000] {logging_mixin.py:188} INFO - [2026-05-11T13:57:30.167+0000] {dag.py:3823} INFO - Setting next_dagrun for job_market_etl to None, run_after=None
[2026-05-11T13:57:30.203+0000] {processor.py:183} INFO - Processing /opt/airflow/dags/job_etl_dag.py took 0.150 seconds
[2026-05-11T13:58:00.393+0000] {processor.py:161} INFO - Started process (PID=1995) to work on /opt/airflow/dags/job_etl_dag.py
[2026-05-11T13:58:00.395+0000] {processor.py:830} INFO - Processing file /opt/airflow/dags/job_etl_dag.py for tasks to queue
[2026-05-11T13:58:00.397+0000] {logging_mixin.py:188} INFO - [2026-05-11T13:58:00.396+0000] {dagbag.py:538} INFO - Filling up the DagBag from /opt/airflow/dags/job_etl_dag.py
[2026-05-11T13:58:00.427+0000] {processor.py:840} INFO - DAG(s) 'job_market_etl' retrieved from /opt/airflow/dags/job_etl_dag.py
[2026-05-11T13:58:00.470+0000] {logging_mixin.py:188} INFO - [2026-05-11T13:58:00.470+0000] {dag.py:3036} INFO - Sync 1 DAGs
[2026-05-11T13:58:00.489+0000] {logging_mixin.py:188} INFO - [2026-05-11T13:58:00.488+0000] {dag.py:3823} INFO - Setting next_dagrun for job_market_etl to None, run_after=None
[2026-05-11T13:58:00.533+0000] {processor.py:183} INFO - Processing /opt/airflow/dags/job_etl_dag.py took 0.147 seconds
[2026-05-11T13:58:30.701+0000] {processor.py:161} INFO - Started process (PID=1996) to work on /opt/airflow/dags/job_etl_dag.py
[2026-05-11T13:58:30.703+0000] {processor.py:830} INFO - Processing file /opt/airflow/dags/job_etl_dag.py for tasks to queue
[2026-05-11T13:58:30.705+0000] {logging_mixin.py:188} INFO - [2026-05-11T13:58:30.704+0000] {dagbag.py:538} INFO - Filling up the DagBag from /opt/airflow/dags/job_etl_dag.py
[2026-05-11T13:58:30.741+0000] {processor.py:840} INFO - DAG(s) 'job_market_etl' retrieved from /opt/airflow/dags/job_etl_dag.py
[2026-05-11T13:58:30.786+0000] {logging_mixin.py:188} INFO - [2026-05-11T13:58:30.786+0000] {dag.py:3036} INFO - Sync 1 DAGs
[2026-05-11T13:58:30.804+0000] {logging_mixin.py:188} INFO - [2026-05-11T13:58:30.804+0000] {dag.py:3823} INFO - Setting next_dagrun for job_market_etl to None, run_after=None
[2026-05-11T13:58:30.836+0000] {processor.py:183} INFO - Processing /opt/airflow/dags/job_etl_dag.py took 0.141 seconds
[2026-05-11T13:59:01.041+0000] {processor.py:161} INFO - Started process (PID=1997) to work on /opt/airflow/dags/job_etl_dag.py
[2026-05-11T13:59:01.044+0000] {processor.py:830} INFO - Processing file /opt/airflow/dags/job_etl_dag.py for tasks to queue
[2026-05-11T13:59:01.046+0000] {logging_mixin.py:188} INFO - [2026-05-11T13:59:01.045+0000] {dagbag.py:538} INFO - Filling up the DagBag from /opt/airflow/dags/job_etl_dag.py
[2026-05-11T13:59:01.077+0000] {processor.py:840} INFO - DAG(s) 'job_market_etl' retrieved from /opt/airflow/dags/job_etl_dag.py
[2026-05-11T13:59:01.123+0000] {logging_mixin.py:188} INFO - [2026-05-11T13:59:01.122+0000] {dag.py:3036} INFO - Sync 1 DAGs
[2026-05-11T13:59:01.139+0000] {logging_mixin.py:188} INFO - [2026-05-11T13:59:01.139+0000] {dag.py:3823} INFO - Setting next_dagrun for job_market_etl to None, run_after=None
[2026-05-11T13:59:01.183+0000] {processor.py:183} INFO - Processing /opt/airflow/dags/job_etl_dag.py took 0.146 seconds
[2026-05-11T13:59:31.332+0000] {processor.py:161} INFO - Started process (PID=1998) to work on /opt/airflow/dags/job_etl_dag.py
[2026-05-11T13:59:31.334+0000] {processor.py:830} INFO - Processing file /opt/airflow/dags/job_etl_dag.py for tasks to queue
[2026-05-11T13:59:31.336+0000] {logging_mixin.py:188} INFO - [2026-05-11T13:59:31.336+0000] {dagbag.py:538} INFO - Filling up the DagBag from /opt/airflow/dags/job_etl_dag.py
[2026-05-11T13:59:31.379+0000] {processor.py:840} INFO - DAG(s) 'job_market_etl' retrieved from /opt/airflow/dags/job_etl_dag.py
[2026-05-11T13:59:31.427+0000] {logging_mixin.py:188} INFO - [2026-05-11T13:59:31.426+0000] {dag.py:3036} INFO - Sync 1 DAGs
[2026-05-11T13:59:31.444+0000] {logging_mixin.py:188} INFO - [2026-05-11T13:59:31.444+0000] {dag.py:3823} INFO - Setting next_dagrun for job_market_etl to None, run_after=None
[2026-05-11T13:59:31.490+0000] {processor.py:183} INFO - Processing /opt/airflow/dags/job_etl_dag.py took 0.163 seconds
[2026-05-11T14:00:01.653+0000] {processor.py:161} INFO - Started process (PID=1999) to work on /opt/airflow/dags/job_etl_dag.py
[2026-05-11T14:00:01.655+0000] {processor.py:830} INFO - Processing file /opt/airflow/dags/job_etl_dag.py for tasks to queue
[2026-05-11T14:00:01.657+0000] {logging_mixin.py:188} INFO - [2026-05-11T14:00:01.656+0000] {dagbag.py:538} INFO - Filling up the DagBag from /opt/airflow/dags/job_etl_dag.py
[2026-05-11T14:00:01.688+0000] {processor.py:840} INFO - DAG(s) 'job_market_etl' retrieved from /opt/airflow/dags/job_etl_dag.py
[2026-05-11T14:00:01.733+0000] {logging_mixin.py:188} INFO - [2026-05-11T14:00:01.732+0000] {dag.py:3036} INFO - Sync 1 DAGs
[2026-05-11T14:00:01.751+0000] {logging_mixin.py:188} INFO - [2026-05-11T14:00:01.751+0000] {dag.py:3823} INFO - Setting next_dagrun for job_market_etl to None, run_after=None
[2026-05-11T14:00:01.798+0000] {processor.py:183} INFO - Processing /opt/airflow/dags/job_etl_dag.py took 0.150 seconds
[2026-05-11T14:00:31.968+0000] {processor.py:161} INFO - Started process (PID=2000) to work on /opt/airflow/dags/job_etl_dag.py
[2026-05-11T14:00:31.970+0000] {processor.py:830} INFO - Processing file /opt/airflow/dags/job_etl_dag.py for tasks to queue
[2026-05-11T14:00:31.972+0000] {logging_mixin.py:188} INFO - [2026-05-11T14:00:31.971+0000] {dagbag.py:538} INFO - Filling up the DagBag from /opt/airflow/dags/job_etl_dag.py
[2026-05-11T14:00:32.002+0000] {processor.py:840} INFO - DAG(s) 'job_market_etl' retrieved from /opt/airflow/dags/job_etl_dag.py
[2026-05-11T14:00:32.047+0000] {logging_mixin.py:188} INFO - [2026-05-11T14:00:32.047+0000] {dag.py:3036} INFO - Sync 1 DAGs
[2026-05-11T14:00:32.065+0000] {logging_mixin.py:188} INFO - [2026-05-11T14:00:32.065+0000] {dag.py:3823} INFO - Setting next_dagrun for job_market_etl to None, run_after=None
[2026-05-11T14:00:32.103+0000] {processor.py:183} INFO - Processing /opt/airflow/dags/job_etl_dag.py took 0.139 seconds
[2026-05-11T14:01:02.336+0000] {processor.py:161} INFO - Started process (PID=2001) to work on /opt/airflow/dags/job_etl_dag.py
[2026-05-11T14:01:02.338+0000] {processor.py:830} INFO - Processing file /opt/airflow/dags/job_etl_dag.py for tasks to queue
[2026-05-11T14:01:02.340+0000] {logging_mixin.py:188} INFO - [2026-05-11T14:01:02.339+0000] {dagbag.py:538} INFO - Filling up the DagBag from /opt/airflow/dags/job_etl_dag.py
[2026-05-11T14:01:02.370+0000] {processor.py:840} INFO - DAG(s) 'job_market_etl' retrieved from /opt/airflow/dags/job_etl_dag.py
[2026-05-11T14:01:02.412+0000] {logging_mixin.py:188} INFO - [2026-05-11T14:01:02.412+0000] {dag.py:3036} INFO - Sync 1 DAGs
[2026-05-11T14:01:02.429+0000] {logging_mixin.py:188} INFO - [2026-05-11T14:01:02.428+0000] {dag.py:3823} INFO - Setting next_dagrun for job_market_etl to None, run_after=None
[2026-05-11T14:01:02.457+0000] {processor.py:183} INFO - Processing /opt/airflow/dags/job_etl_dag.py took 0.125 seconds
[2026-05-11T14:01:32.600+0000] {processor.py:161} INFO - Started process (PID=2002) to work on /opt/airflow/dags/job_etl_dag.py
[2026-05-11T14:01:32.602+0000] {processor.py:830} INFO - Processing file /opt/airflow/dags/job_etl_dag.py for tasks to queue
[2026-05-11T14:01:32.604+0000] {logging_mixin.py:188} INFO - [2026-05-11T14:01:32.604+0000] {dagbag.py:538} INFO - Filling up the DagBag from /opt/airflow/dags/job_etl_dag.py
[2026-05-11T14:01:32.635+0000] {processor.py:840} INFO - DAG(s) 'job_market_etl' retrieved from /opt/airflow/dags/job_etl_dag.py
[2026-05-11T14:01:32.682+0000] {logging_mixin.py:188} INFO - [2026-05-11T14:01:32.682+0000] {dag.py:3036} INFO - Sync 1 DAGs
[2026-05-11T14:01:32.700+0000] {logging_mixin.py:188} INFO - [2026-05-11T14:01:32.700+0000] {dag.py:3823} INFO - Setting next_dagrun for job_market_etl to None, run_after=None
[2026-05-11T14:01:32.731+0000] {processor.py:183} INFO - Processing /opt/airflow/dags/job_etl_dag.py took 0.137 seconds
[2026-05-11T14:02:02.967+0000] {processor.py:161} INFO - Started process (PID=2003) to work on /opt/airflow/dags/job_etl_dag.py
[2026-05-11T14:02:02.969+0000] {processor.py:830} INFO - Processing file /opt/airflow/dags/job_etl_dag.py for tasks to queue
[2026-05-11T14:02:02.971+0000] {logging_mixin.py:188} INFO - [2026-05-11T14:02:02.971+0000] {dagbag.py:538} INFO - Filling up the DagBag from /opt/airflow/dags/job_etl_dag.py
[2026-05-11T14:02:03.004+0000] {processor.py:840} INFO - DAG(s) 'job_market_etl' retrieved from /opt/airflow/dags/job_etl_dag.py
[2026-05-11T14:02:03.046+0000] {logging_mixin.py:188} INFO - [2026-05-11T14:02:03.046+0000] {dag.py:3036} INFO - Sync 1 DAGs
[2026-05-11T14:02:03.064+0000] {logging_mixin.py:188} INFO - [2026-05-11T14:02:03.064+0000] {dag.py:3823} INFO - Setting next_dagrun for job_market_etl to None, run_after=None
[2026-05-11T14:02:03.096+0000] {processor.py:183} INFO - Processing /opt/airflow/dags/job_etl_dag.py took 0.132 seconds
[2026-05-11T14:02:33.234+0000] {processor.py:161} INFO - Started process (PID=2004) to work on /opt/airflow/dags/job_etl_dag.py
[2026-05-11T14:02:33.236+0000] {processor.py:830} INFO - Processing file /opt/airflow/dags/job_etl_dag.py for tasks to queue
[2026-05-11T14:02:33.237+0000] {logging_mixin.py:188} INFO - [2026-05-11T14:02:33.237+0000] {dagbag.py:538} INFO - Filling up the DagBag from /opt/airflow/dags/job_etl_dag.py
[2026-05-11T14:02:33.264+0000] {processor.py:840} INFO - DAG(s) 'job_market_etl' retrieved from /opt/airflow/dags/job_etl_dag.py
[2026-05-11T14:02:33.303+0000] {logging_mixin.py:188} INFO - [2026-05-11T14:02:33.303+0000] {dag.py:3036} INFO - Sync 1 DAGs
[2026-05-11T14:02:33.321+0000] {logging_mixin.py:188} INFO - [2026-05-11T14:02:33.321+0000] {dag.py:3823} INFO - Setting next_dagrun for job_market_etl to None, run_after=None
[2026-05-11T14:02:33.365+0000] {processor.py:183} INFO - Processing /opt/airflow/dags/job_etl_dag.py took 0.136 seconds
[2026-05-11T14:03:03.591+0000] {processor.py:161} INFO - Started process (PID=2005) to work on /opt/airflow/dags/job_etl_dag.py
[2026-05-11T14:03:03.593+0000] {processor.py:830} INFO - Processing file /opt/airflow/dags/job_etl_dag.py for tasks to queue
[2026-05-11T14:03:03.595+0000] {logging_mixin.py:188} INFO - [2026-05-11T14:03:03.594+0000] {dagbag.py:538} INFO - Filling up the DagBag from /opt/airflow/dags/job_etl_dag.py
[2026-05-11T14:03:03.624+0000] {processor.py:840} INFO - DAG(s) 'job_market_etl' retrieved from /opt/airflow/dags/job_etl_dag.py
[2026-05-11T14:03:03.666+0000] {logging_mixin.py:188} INFO - [2026-05-11T14:03:03.666+0000] {dag.py:3036} INFO - Sync 1 DAGs
[2026-05-11T14:03:03.682+0000] {logging_mixin.py:188} INFO - [2026-05-11T14:03:03.682+0000] {dag.py:3823} INFO - Setting next_dagrun for job_market_etl to None, run_after=None
[2026-05-11T14:03:03.712+0000] {processor.py:183} INFO - Processing /opt/airflow/dags/job_etl_dag.py took 0.126 seconds
[2026-05-11T14:03:33.860+0000] {processor.py:161} INFO - Started process (PID=2006) to work on /opt/airflow/dags/job_etl_dag.py
[2026-05-11T14:03:33.862+0000] {processor.py:830} INFO - Processing file /opt/airflow/dags/job_etl_dag.py for tasks to queue
[2026-05-11T14:03:33.864+0000] {logging_mixin.py:188} INFO - [2026-05-11T14:03:33.864+0000] {dagbag.py:538} INFO - Filling up the DagBag from /opt/airflow/dags/job_etl_dag.py
[2026-05-11T14:03:33.892+0000] {processor.py:840} INFO - DAG(s) 'job_market_etl' retrieved from /opt/airflow/dags/job_etl_dag.py
[2026-05-11T14:03:33.937+0000] {logging_mixin.py:188} INFO - [2026-05-11T14:03:33.936+0000] {dag.py:3036} INFO - Sync 1 DAGs
[2026-05-11T14:03:33.953+0000] {logging_mixin.py:188} INFO - [2026-05-11T14:03:33.952+0000] {dag.py:3823} INFO - Setting next_dagrun for job_market_etl to None, run_after=None
[2026-05-11T14:03:33.999+0000] {processor.py:183} INFO - Processing /opt/airflow/dags/job_etl_dag.py took 0.145 seconds
[2026-05-11T14:04:04.212+0000] {processor.py:161} INFO - Started process (PID=2007) to work on /opt/airflow/dags/job_etl_dag.py
[2026-05-11T14:04:04.215+0000] {processor.py:830} INFO - Processing file /opt/airflow/dags/job_etl_dag.py for tasks to queue
[2026-05-11T14:04:04.217+0000] {logging_mixin.py:188} INFO - [2026-05-11T14:04:04.216+0000] {dagbag.py:538} INFO - Filling up the DagBag from /opt/airflow/dags/job_etl_dag.py
[2026-05-11T14:04:04.249+0000] {processor.py:840} INFO - DAG(s) 'job_market_etl' retrieved from /opt/airflow/dags/job_etl_dag.py
[2026-05-11T14:04:04.291+0000] {logging_mixin.py:188} INFO - [2026-05-11T14:04:04.291+0000] {dag.py:3036} INFO - Sync 1 DAGs
[2026-05-11T14:04:04.308+0000] {logging_mixin.py:188} INFO - [2026-05-11T14:04:04.308+0000] {dag.py:3823} INFO - Setting next_dagrun for job_market_etl to None, run_after=None
[2026-05-11T14:04:04.350+0000] {processor.py:183} INFO - Processing /opt/airflow/dags/job_etl_dag.py took 0.143 seconds
[2026-05-11T14:04:34.503+0000] {processor.py:161} INFO - Started process (PID=2008) to work on /opt/airflow/dags/job_etl_dag.py
[2026-05-11T14:04:34.505+0000] {processor.py:830} INFO - Processing file /opt/airflow/dags/job_etl_dag.py for tasks to queue
[2026-05-11T14:04:34.507+0000] {logging_mixin.py:188} INFO - [2026-05-11T14:04:34.507+0000] {dagbag.py:538} INFO - Filling up the DagBag from /opt/airflow/dags/job_etl_dag.py
[2026-05-11T14:04:34.535+0000] {processor.py:840} INFO - DAG(s) 'job_market_etl' retrieved from /opt/airflow/dags/job_etl_dag.py
[2026-05-11T14:04:34.580+0000] {logging_mixin.py:188} INFO - [2026-05-11T14:04:34.579+0000] {dag.py:3036} INFO - Sync 1 DAGs
[2026-05-11T14:04:34.595+0000] {logging_mixin.py:188} INFO - [2026-05-11T14:04:34.595+0000] {dag.py:3823} INFO - Setting next_dagrun for job_market_etl to None, run_after=None
[2026-05-11T14:04:34.638+0000] {processor.py:183} INFO - Processing /opt/airflow/dags/job_etl_dag.py took 0.140 seconds
[2026-05-11T14:05:04.841+0000] {processor.py:161} INFO - Started process (PID=2009) to work on /opt/airflow/dags/job_etl_dag.py
[2026-05-11T14:05:04.843+0000] {processor.py:830} INFO - Processing file /opt/airflow/dags/job_etl_dag.py for tasks to queue
[2026-05-11T14:05:04.846+0000] {logging_mixin.py:188} INFO - [2026-05-11T14:05:04.846+0000] {dagbag.py:538} INFO - Filling up the DagBag from /opt/airflow/dags/job_etl_dag.py
[2026-05-11T14:05:04.878+0000] {processor.py:840} INFO - DAG(s) 'job_market_etl' retrieved from /opt/airflow/dags/job_etl_dag.py
[2026-05-11T14:05:04.921+0000] {logging_mixin.py:188} INFO - [2026-05-11T14:05:04.921+0000] {dag.py:3036} INFO - Sync 1 DAGs
[2026-05-11T14:05:04.938+0000] {logging_mixin.py:188} INFO - [2026-05-11T14:05:04.938+0000] {dag.py:3823} INFO - Setting next_dagrun for job_market_etl to None, run_after=None
[2026-05-11T14:05:04.969+0000] {processor.py:183} INFO - Processing /opt/airflow/dags/job_etl_dag.py took 0.132 seconds
[2026-05-11T14:05:35.141+0000] {processor.py:161} INFO - Started process (PID=2010) to work on /opt/airflow/dags/job_etl_dag.py
[2026-05-11T14:05:35.144+0000] {processor.py:830} INFO - Processing file /opt/airflow/dags/job_etl_dag.py for tasks to queue
[2026-05-11T14:05:35.146+0000] {logging_mixin.py:188} INFO - [2026-05-11T14:05:35.145+0000] {dagbag.py:538} INFO - Filling up the DagBag from /opt/airflow/dags/job_etl_dag.py
[2026-05-11T14:05:35.176+0000] {processor.py:840} INFO - DAG(s) 'job_market_etl' retrieved from /opt/airflow/dags/job_etl_dag.py
[2026-05-11T14:05:35.222+0000] {logging_mixin.py:188} INFO - [2026-05-11T14:05:35.222+0000] {dag.py:3036} INFO - Sync 1 DAGs
[2026-05-11T14:05:35.238+0000] {logging_mixin.py:188} INFO - [2026-05-11T14:05:35.238+0000] {dag.py:3823} INFO - Setting next_dagrun for job_market_etl to None, run_after=None
[2026-05-11T14:05:35.267+0000] {processor.py:183} INFO - Processing /opt/airflow/dags/job_etl_dag.py took 0.130 seconds
[2026-05-11T14:06:05.522+0000] {processor.py:161} INFO - Started process (PID=2011) to work on /opt/airflow/dags/job_etl_dag.py
[2026-05-11T14:06:05.524+0000] {processor.py:830} INFO - Processing file /opt/airflow/dags/job_etl_dag.py for tasks to queue
[2026-05-11T14:06:05.527+0000] {logging_mixin.py:188} INFO - [2026-05-11T14:06:05.526+0000] {dagbag.py:538} INFO - Filling up the DagBag from /opt/airflow/dags/job_etl_dag.py
[2026-05-11T14:06:05.562+0000] {processor.py:840} INFO - DAG(s) 'job_market_etl' retrieved from /opt/airflow/dags/job_etl_dag.py
[2026-05-11T14:06:05.608+0000] {logging_mixin.py:188} INFO - [2026-05-11T14:06:05.608+0000] {dag.py:3036} INFO - Sync 1 DAGs
[2026-05-11T14:06:05.626+0000] {logging_mixin.py:188} INFO - [2026-05-11T14:06:05.626+0000] {dag.py:3823} INFO - Setting next_dagrun for job_market_etl to None, run_after=None
[2026-05-11T14:06:05.669+0000] {processor.py:183} INFO - Processing /opt/airflow/dags/job_etl_dag.py took 0.156 seconds
[2026-05-11T14:06:35.781+0000] {processor.py:161} INFO - Started process (PID=2012) to work on /opt/airflow/dags/job_etl_dag.py
[2026-05-11T14:06:35.783+0000] {processor.py:830} INFO - Processing file /opt/airflow/dags/job_etl_dag.py for tasks to queue
[2026-05-11T14:06:35.784+0000] {logging_mixin.py:188} INFO - [2026-05-11T14:06:35.784+0000] {dagbag.py:538} INFO - Filling up the DagBag from /opt/airflow/dags/job_etl_dag.py
[2026-05-11T14:06:35.816+0000] {processor.py:840} INFO - DAG(s) 'job_market_etl' retrieved from /opt/airflow/dags/job_etl_dag.py
[2026-05-11T14:06:35.861+0000] {logging_mixin.py:188} INFO - [2026-05-11T14:06:35.861+0000] {dag.py:3036} INFO - Sync 1 DAGs
[2026-05-11T14:06:35.878+0000] {logging_mixin.py:188} INFO - [2026-05-11T14:06:35.878+0000] {dag.py:3823} INFO - Setting next_dagrun for job_market_etl to None, run_after=None
[2026-05-11T14:06:35.927+0000] {processor.py:183} INFO - Processing /opt/airflow/dags/job_etl_dag.py took 0.150 seconds
[2026-05-11T14:51:50.926+0000] {processor.py:161} INFO - Started process (PID=2019) to work on /opt/airflow/dags/job_etl_dag.py
[2026-05-11T14:51:50.949+0000] {processor.py:830} INFO - Processing file /opt/airflow/dags/job_etl_dag.py for tasks to queue
[2026-05-11T14:51:50.995+0000] {logging_mixin.py:188} INFO - [2026-05-11T14:51:50.994+0000] {dagbag.py:538} INFO - Filling up the DagBag from /opt/airflow/dags/job_etl_dag.py
[2026-05-11T14:51:51.249+0000] {processor.py:840} INFO - DAG(s) 'job_market_etl' retrieved from /opt/airflow/dags/job_etl_dag.py
[2026-05-11T14:51:51.381+0000] {logging_mixin.py:188} INFO - [2026-05-11T14:51:51.380+0000] {dag.py:3036} INFO - Sync 1 DAGs
[2026-05-11T14:51:51.427+0000] {logging_mixin.py:188} INFO - [2026-05-11T14:51:51.426+0000] {dag.py:3823} INFO - Setting next_dagrun for job_market_etl to None, run_after=None
[2026-05-11T14:51:51.530+0000] {processor.py:183} INFO - Processing /opt/airflow/dags/job_etl_dag.py took 0.613 seconds
[2026-05-11T22:05:52.394+0000] {processor.py:161} INFO - Started process (PID=2022) to work on /opt/airflow/dags/job_etl_dag.py
[2026-05-11T22:05:52.413+0000] {processor.py:830} INFO - Processing file /opt/airflow/dags/job_etl_dag.py for tasks to queue
[2026-05-11T22:05:52.419+0000] {logging_mixin.py:188} INFO - [2026-05-11T22:05:52.417+0000] {dagbag.py:538} INFO - Filling up the DagBag from /opt/airflow/dags/job_etl_dag.py
[2026-05-11T22:05:52.736+0000] {processor.py:840} INFO - DAG(s) 'job_market_etl' retrieved from /opt/airflow/dags/job_etl_dag.py
[2026-05-11T22:05:53.001+0000] {logging_mixin.py:188} INFO - [2026-05-11T22:05:53.001+0000] {dag.py:3036} INFO - Sync 1 DAGs
[2026-05-11T22:05:53.128+0000] {logging_mixin.py:188} INFO - [2026-05-11T22:05:53.127+0000] {dag.py:3823} INFO - Setting next_dagrun for job_market_etl to None, run_after=None
[2026-05-11T22:05:53.263+0000] {processor.py:183} INFO - Processing /opt/airflow/dags/job_etl_dag.py took 0.905 seconds
[2026-05-11T22:06:24.371+0000] {processor.py:161} INFO - Started process (PID=2027) to work on /opt/airflow/dags/job_etl_dag.py
[2026-05-11T22:06:24.374+0000] {processor.py:830} INFO - Processing file /opt/airflow/dags/job_etl_dag.py for tasks to queue
[2026-05-11T22:06:24.377+0000] {logging_mixin.py:188} INFO - [2026-05-11T22:06:24.376+0000] {dagbag.py:538} INFO - Filling up the DagBag from /opt/airflow/dags/job_etl_dag.py
[2026-05-11T22:06:24.434+0000] {processor.py:840} INFO - DAG(s) 'job_market_etl' retrieved from /opt/airflow/dags/job_etl_dag.py
[2026-05-11T22:06:24.499+0000] {logging_mixin.py:188} INFO - [2026-05-11T22:06:24.499+0000] {dag.py:3036} INFO - Sync 1 DAGs
[2026-05-11T22:06:24.529+0000] {logging_mixin.py:188} INFO - [2026-05-11T22:06:24.528+0000] {dag.py:3823} INFO - Setting next_dagrun for job_market_etl to None, run_after=None
[2026-05-11T22:06:24.587+0000] {processor.py:183} INFO - Processing /opt/airflow/dags/job_etl_dag.py took 0.224 seconds
[2026-05-11T22:06:54.932+0000] {processor.py:161} INFO - Started process (PID=2028) to work on /opt/airflow/dags/job_etl_dag.py
[2026-05-11T22:06:54.935+0000] {processor.py:830} INFO - Processing file /opt/airflow/dags/job_etl_dag.py for tasks to queue
[2026-05-11T22:06:54.937+0000] {logging_mixin.py:188} INFO - [2026-05-11T22:06:54.936+0000] {dagbag.py:538} INFO - Filling up the DagBag from /opt/airflow/dags/job_etl_dag.py
[2026-05-11T22:06:54.990+0000] {processor.py:840} INFO - DAG(s) 'job_market_etl' retrieved from /opt/airflow/dags/job_etl_dag.py
[2026-05-11T22:06:55.074+0000] {logging_mixin.py:188} INFO - [2026-05-11T22:06:55.073+0000] {dag.py:3036} INFO - Sync 1 DAGs
[2026-05-11T22:06:55.112+0000] {logging_mixin.py:188} INFO - [2026-05-11T22:06:55.111+0000] {dag.py:3823} INFO - Setting next_dagrun for job_market_etl to None, run_after=None
[2026-05-11T22:06:55.172+0000] {processor.py:183} INFO - Processing /opt/airflow/dags/job_etl_dag.py took 0.249 seconds
[2026-05-11T22:07:25.561+0000] {processor.py:161} INFO - Started process (PID=2029) to work on /opt/airflow/dags/job_etl_dag.py
[2026-05-11T22:07:25.564+0000] {processor.py:830} INFO - Processing file /opt/airflow/dags/job_etl_dag.py for tasks to queue
[2026-05-11T22:07:25.567+0000] {logging_mixin.py:188} INFO - [2026-05-11T22:07:25.566+0000] {dagbag.py:538} INFO - Filling up the DagBag from /opt/airflow/dags/job_etl_dag.py
[2026-05-11T22:07:25.629+0000] {processor.py:840} INFO - DAG(s) 'job_market_etl' retrieved from /opt/airflow/dags/job_etl_dag.py
[2026-05-11T22:07:25.717+0000] {logging_mixin.py:188} INFO - [2026-05-11T22:07:25.716+0000] {dag.py:3036} INFO - Sync 1 DAGs
[2026-05-11T22:07:25.749+0000] {logging_mixin.py:188} INFO - [2026-05-11T22:07:25.748+0000] {dag.py:3823} INFO - Setting next_dagrun for job_market_etl to None, run_after=None
[2026-05-11T22:07:25.819+0000] {processor.py:183} INFO - Processing /opt/airflow/dags/job_etl_dag.py took 0.268 seconds
[2026-05-11T22:07:56.353+0000] {processor.py:161} INFO - Started process (PID=2030) to work on /opt/airflow/dags/job_etl_dag.py
[2026-05-11T22:07:56.359+0000] {processor.py:830} INFO - Processing file /opt/airflow/dags/job_etl_dag.py for tasks to queue
[2026-05-11T22:07:56.363+0000] {logging_mixin.py:188} INFO - [2026-05-11T22:07:56.362+0000] {dagbag.py:538} INFO - Filling up the DagBag from /opt/airflow/dags/job_etl_dag.py
[2026-05-11T22:07:56.446+0000] {processor.py:840} INFO - DAG(s) 'job_market_etl' retrieved from /opt/airflow/dags/job_etl_dag.py
[2026-05-11T22:07:56.560+0000] {logging_mixin.py:188} INFO - [2026-05-11T22:07:56.559+0000] {dag.py:3036} INFO - Sync 1 DAGs
[2026-05-11T22:07:56.605+0000] {logging_mixin.py:188} INFO - [2026-05-11T22:07:56.605+0000] {dag.py:3823} INFO - Setting next_dagrun for job_market_etl to None, run_after=None
[2026-05-11T22:07:56.669+0000] {processor.py:183} INFO - Processing /opt/airflow/dags/job_etl_dag.py took 0.331 seconds
[2026-05-11T22:08:27.150+0000] {processor.py:161} INFO - Started process (PID=2031) to work on /opt/airflow/dags/job_etl_dag.py
[2026-05-11T22:08:27.153+0000] {processor.py:830} INFO - Processing file /opt/airflow/dags/job_etl_dag.py for tasks to queue
[2026-05-11T22:08:27.156+0000] {logging_mixin.py:188} INFO - [2026-05-11T22:08:27.155+0000] {dagbag.py:538} INFO - Filling up the DagBag from /opt/airflow/dags/job_etl_dag.py
[2026-05-11T22:08:27.231+0000] {processor.py:840} INFO - DAG(s) 'job_market_etl' retrieved from /opt/airflow/dags/job_etl_dag.py
[2026-05-11T22:08:27.342+0000] {logging_mixin.py:188} INFO - [2026-05-11T22:08:27.341+0000] {dag.py:3036} INFO - Sync 1 DAGs
[2026-05-11T22:08:27.379+0000] {logging_mixin.py:188} INFO - [2026-05-11T22:08:27.379+0000] {dag.py:3823} INFO - Setting next_dagrun for job_market_etl to None, run_after=None
[2026-05-11T22:08:27.432+0000] {processor.py:183} INFO - Processing /opt/airflow/dags/job_etl_dag.py took 0.292 seconds
[2026-05-11T22:08:57.600+0000] {processor.py:161} INFO - Started process (PID=2032) to work on /opt/airflow/dags/job_etl_dag.py
[2026-05-11T22:08:57.610+0000] {processor.py:830} INFO - Processing file /opt/airflow/dags/job_etl_dag.py for tasks to queue
[2026-05-11T22:08:57.618+0000] {logging_mixin.py:188} INFO - [2026-05-11T22:08:57.616+0000] {dagbag.py:538} INFO - Filling up the DagBag from /opt/airflow/dags/job_etl_dag.py
[2026-05-11T22:08:57.746+0000] {processor.py:840} INFO - DAG(s) 'job_market_etl' retrieved from /opt/airflow/dags/job_etl_dag.py
[2026-05-11T22:08:57.894+0000] {logging_mixin.py:188} INFO - [2026-05-11T22:08:57.894+0000] {dag.py:3036} INFO - Sync 1 DAGs
[2026-05-11T22:08:57.949+0000] {logging_mixin.py:188} INFO - [2026-05-11T22:08:57.948+0000] {dag.py:3823} INFO - Setting next_dagrun for job_market_etl to None, run_after=None
[2026-05-11T22:08:58.041+0000] {processor.py:183} INFO - Processing /opt/airflow/dags/job_etl_dag.py took 0.467 seconds
[2026-05-11T22:09:28.202+0000] {processor.py:161} INFO - Started process (PID=2033) to work on /opt/airflow/dags/job_etl_dag.py
[2026-05-11T22:09:28.207+0000] {processor.py:830} INFO - Processing file /opt/airflow/dags/job_etl_dag.py for tasks to queue
[2026-05-11T22:09:28.210+0000] {logging_mixin.py:188} INFO - [2026-05-11T22:09:28.209+0000] {dagbag.py:538} INFO - Filling up the DagBag from /opt/airflow/dags/job_etl_dag.py
[2026-05-11T22:09:28.292+0000] {processor.py:840} INFO - DAG(s) 'job_market_etl' retrieved from /opt/airflow/dags/job_etl_dag.py
[2026-05-11T22:09:28.397+0000] {logging_mixin.py:188} INFO - [2026-05-11T22:09:28.397+0000] {dag.py:3036} INFO - Sync 1 DAGs
[2026-05-11T22:09:28.430+0000] {logging_mixin.py:188} INFO - [2026-05-11T22:09:28.429+0000] {dag.py:3823} INFO - Setting next_dagrun for job_market_etl to None, run_after=None
[2026-05-11T22:09:28.488+0000] {processor.py:183} INFO - Processing /opt/airflow/dags/job_etl_dag.py took 0.297 seconds
[2026-05-11T22:09:58.889+0000] {processor.py:161} INFO - Started process (PID=2034) to work on /opt/airflow/dags/job_etl_dag.py
[2026-05-11T22:09:58.894+0000] {processor.py:830} INFO - Processing file /opt/airflow/dags/job_etl_dag.py for tasks to queue
[2026-05-11T22:09:58.898+0000] {logging_mixin.py:188} INFO - [2026-05-11T22:09:58.897+0000] {dagbag.py:538} INFO - Filling up the DagBag from /opt/airflow/dags/job_etl_dag.py
[2026-05-11T22:09:58.972+0000] {processor.py:840} INFO - DAG(s) 'job_market_etl' retrieved from /opt/airflow/dags/job_etl_dag.py
[2026-05-11T22:09:59.062+0000] {logging_mixin.py:188} INFO - [2026-05-11T22:09:59.062+0000] {dag.py:3036} INFO - Sync 1 DAGs
[2026-05-11T22:09:59.099+0000] {logging_mixin.py:188} INFO - [2026-05-11T22:09:59.098+0000] {dag.py:3823} INFO - Setting next_dagrun for job_market_etl to None, run_after=None
[2026-05-11T22:09:59.167+0000] {processor.py:183} INFO - Processing /opt/airflow/dags/job_etl_dag.py took 0.288 seconds
[2026-05-11T22:10:29.283+0000] {processor.py:161} INFO - Started process (PID=2035) to work on /opt/airflow/dags/job_etl_dag.py
[2026-05-11T22:10:29.288+0000] {processor.py:830} INFO - Processing file /opt/airflow/dags/job_etl_dag.py for tasks to queue
[2026-05-11T22:10:29.291+0000] {logging_mixin.py:188} INFO - [2026-05-11T22:10:29.290+0000] {dagbag.py:538} INFO - Filling up the DagBag from /opt/airflow/dags/job_etl_dag.py
[2026-05-11T22:10:29.357+0000] {processor.py:840} INFO - DAG(s) 'job_market_etl' retrieved from /opt/airflow/dags/job_etl_dag.py
[2026-05-11T22:10:29.439+0000] {logging_mixin.py:188} INFO - [2026-05-11T22:10:29.439+0000] {dag.py:3036} INFO - Sync 1 DAGs
[2026-05-11T22:10:29.470+0000] {logging_mixin.py:188} INFO - [2026-05-11T22:10:29.470+0000] {dag.py:3823} INFO - Setting next_dagrun for job_market_etl to None, run_after=None
[2026-05-11T22:10:29.535+0000] {processor.py:183} INFO - Processing /opt/airflow/dags/job_etl_dag.py took 0.266 seconds
[2026-05-11T22:10:59.997+0000] {processor.py:161} INFO - Started process (PID=2036) to work on /opt/airflow/dags/job_etl_dag.py
[2026-05-11T22:11:00.000+0000] {processor.py:830} INFO - Processing file /opt/airflow/dags/job_etl_dag.py for tasks to queue
[2026-05-11T22:11:00.010+0000] {logging_mixin.py:188} INFO - [2026-05-11T22:11:00.009+0000] {dagbag.py:538} INFO - Filling up the DagBag from /opt/airflow/dags/job_etl_dag.py
[2026-05-11T22:11:00.104+0000] {processor.py:840} INFO - DAG(s) 'job_market_etl' retrieved from /opt/airflow/dags/job_etl_dag.py
[2026-05-11T22:11:00.210+0000] {logging_mixin.py:188} INFO - [2026-05-11T22:11:00.210+0000] {dag.py:3036} INFO - Sync 1 DAGs
[2026-05-11T22:11:00.253+0000] {logging_mixin.py:188} INFO - [2026-05-11T22:11:00.251+0000] {dag.py:3823} INFO - Setting next_dagrun for job_market_etl to None, run_after=None
[2026-05-11T22:11:00.317+0000] {processor.py:183} INFO - Processing /opt/airflow/dags/job_etl_dag.py took 0.337 seconds
[2026-05-11T22:11:30.453+0000] {processor.py:161} INFO - Started process (PID=2037) to work on /opt/airflow/dags/job_etl_dag.py
[2026-05-11T22:11:30.457+0000] {processor.py:830} INFO - Processing file /opt/airflow/dags/job_etl_dag.py for tasks to queue
[2026-05-11T22:11:30.460+0000] {logging_mixin.py:188} INFO - [2026-05-11T22:11:30.459+0000] {dagbag.py:538} INFO - Filling up the DagBag from /opt/airflow/dags/job_etl_dag.py
[2026-05-11T22:11:30.530+0000] {processor.py:840} INFO - DAG(s) 'job_market_etl' retrieved from /opt/airflow/dags/job_etl_dag.py
[2026-05-11T22:11:30.640+0000] {logging_mixin.py:188} INFO - [2026-05-11T22:11:30.639+0000] {dag.py:3036} INFO - Sync 1 DAGs
[2026-05-11T22:11:30.682+0000] {logging_mixin.py:188} INFO - [2026-05-11T22:11:30.681+0000] {dag.py:3823} INFO - Setting next_dagrun for job_market_etl to None, run_after=None
[2026-05-11T22:11:30.759+0000] {processor.py:183} INFO - Processing /opt/airflow/dags/job_etl_dag.py took 0.318 seconds
[2026-05-11T22:12:01.111+0000] {processor.py:161} INFO - Started process (PID=2038) to work on /opt/airflow/dags/job_etl_dag.py
[2026-05-11T22:12:01.122+0000] {processor.py:830} INFO - Processing file /opt/airflow/dags/job_etl_dag.py for tasks to queue
[2026-05-11T22:12:01.126+0000] {logging_mixin.py:188} INFO - [2026-05-11T22:12:01.125+0000] {dagbag.py:538} INFO - Filling up the DagBag from /opt/airflow/dags/job_etl_dag.py
[2026-05-11T22:12:01.193+0000] {processor.py:840} INFO - DAG(s) 'job_market_etl' retrieved from /opt/airflow/dags/job_etl_dag.py
[2026-05-11T22:12:01.277+0000] {logging_mixin.py:188} INFO - [2026-05-11T22:12:01.276+0000] {dag.py:3036} INFO - Sync 1 DAGs
[2026-05-11T22:12:01.313+0000] {logging_mixin.py:188} INFO - [2026-05-11T22:12:01.312+0000] {dag.py:3823} INFO - Setting next_dagrun for job_market_etl to None, run_after=None
[2026-05-11T22:12:01.377+0000] {processor.py:183} INFO - Processing /opt/airflow/dags/job_etl_dag.py took 0.276 seconds
[2026-05-11T22:12:31.557+0000] {processor.py:161} INFO - Started process (PID=2039) to work on /opt/airflow/dags/job_etl_dag.py
[2026-05-11T22:12:31.562+0000] {processor.py:830} INFO - Processing file /opt/airflow/dags/job_etl_dag.py for tasks to queue
[2026-05-11T22:12:31.566+0000] {logging_mixin.py:188} INFO - [2026-05-11T22:12:31.565+0000] {dagbag.py:538} INFO - Filling up the DagBag from /opt/airflow/dags/job_etl_dag.py
[2026-05-11T22:12:31.643+0000] {processor.py:840} INFO - DAG(s) 'job_market_etl' retrieved from /opt/airflow/dags/job_etl_dag.py
[2026-05-11T22:12:31.740+0000] {logging_mixin.py:188} INFO - [2026-05-11T22:12:31.739+0000] {dag.py:3036} INFO - Sync 1 DAGs
[2026-05-11T22:12:31.782+0000] {logging_mixin.py:188} INFO - [2026-05-11T22:12:31.781+0000] {dag.py:3823} INFO - Setting next_dagrun for job_market_etl to None, run_after=None
[2026-05-11T22:12:31.861+0000] {processor.py:183} INFO - Processing /opt/airflow/dags/job_etl_dag.py took 0.318 seconds
[2026-05-11T22:13:02.204+0000] {processor.py:161} INFO - Started process (PID=2040) to work on /opt/airflow/dags/job_etl_dag.py
[2026-05-11T22:13:02.209+0000] {processor.py:830} INFO - Processing file /opt/airflow/dags/job_etl_dag.py for tasks to queue
[2026-05-11T22:13:02.215+0000] {logging_mixin.py:188} INFO - [2026-05-11T22:13:02.213+0000] {dagbag.py:538} INFO - Filling up the DagBag from /opt/airflow/dags/job_etl_dag.py
[2026-05-11T22:13:02.292+0000] {processor.py:840} INFO - DAG(s) 'job_market_etl' retrieved from /opt/airflow/dags/job_etl_dag.py
[2026-05-11T22:13:02.392+0000] {logging_mixin.py:188} INFO - [2026-05-11T22:13:02.391+0000] {dag.py:3036} INFO - Sync 1 DAGs
[2026-05-11T22:13:02.438+0000] {logging_mixin.py:188} INFO - [2026-05-11T22:13:02.437+0000] {dag.py:3823} INFO - Setting next_dagrun for job_market_etl to None, run_after=None
[2026-05-11T22:13:02.522+0000] {processor.py:183} INFO - Processing /opt/airflow/dags/job_etl_dag.py took 0.334 seconds
[2026-05-11T22:13:32.680+0000] {processor.py:161} INFO - Started process (PID=2041) to work on /opt/airflow/dags/job_etl_dag.py
[2026-05-11T22:13:32.684+0000] {processor.py:830} INFO - Processing file /opt/airflow/dags/job_etl_dag.py for tasks to queue
[2026-05-11T22:13:32.688+0000] {logging_mixin.py:188} INFO - [2026-05-11T22:13:32.687+0000] {dagbag.py:538} INFO - Filling up the DagBag from /opt/airflow/dags/job_etl_dag.py
[2026-05-11T22:13:32.765+0000] {processor.py:840} INFO - DAG(s) 'job_market_etl' retrieved from /opt/airflow/dags/job_etl_dag.py
[2026-05-11T22:13:32.865+0000] {logging_mixin.py:188} INFO - [2026-05-11T22:13:32.865+0000] {dag.py:3036} INFO - Sync 1 DAGs
[2026-05-11T22:13:32.906+0000] {logging_mixin.py:188} INFO - [2026-05-11T22:13:32.905+0000] {dag.py:3823} INFO - Setting next_dagrun for job_market_etl to None, run_after=None
[2026-05-11T22:13:32.990+0000] {processor.py:183} INFO - Processing /opt/airflow/dags/job_etl_dag.py took 0.322 seconds
[2026-05-11T22:14:03.356+0000] {processor.py:161} INFO - Started process (PID=2042) to work on /opt/airflow/dags/job_etl_dag.py
[2026-05-11T22:14:03.361+0000] {processor.py:830} INFO - Processing file /opt/airflow/dags/job_etl_dag.py for tasks to queue
[2026-05-11T22:14:03.365+0000] {logging_mixin.py:188} INFO - [2026-05-11T22:14:03.364+0000] {dagbag.py:538} INFO - Filling up the DagBag from /opt/airflow/dags/job_etl_dag.py
[2026-05-11T22:14:03.442+0000] {processor.py:840} INFO - DAG(s) 'job_market_etl' retrieved from /opt/airflow/dags/job_etl_dag.py
[2026-05-11T22:14:03.526+0000] {logging_mixin.py:188} INFO - [2026-05-11T22:14:03.526+0000] {dag.py:3036} INFO - Sync 1 DAGs
[2026-05-11T22:14:03.561+0000] {logging_mixin.py:188} INFO - [2026-05-11T22:14:03.560+0000] {dag.py:3823} INFO - Setting next_dagrun for job_market_etl to None, run_after=None
[2026-05-11T22:14:03.634+0000] {processor.py:183} INFO - Processing /opt/airflow/dags/job_etl_dag.py took 0.291 seconds
[2026-05-11T22:14:33.794+0000] {processor.py:161} INFO - Started process (PID=2043) to work on /opt/airflow/dags/job_etl_dag.py
[2026-05-11T22:14:33.798+0000] {processor.py:830} INFO - Processing file /opt/airflow/dags/job_etl_dag.py for tasks to queue
[2026-05-11T22:14:33.801+0000] {logging_mixin.py:188} INFO - [2026-05-11T22:14:33.800+0000] {dagbag.py:538} INFO - Filling up the DagBag from /opt/airflow/dags/job_etl_dag.py
[2026-05-11T22:14:33.869+0000] {processor.py:840} INFO - DAG(s) 'job_market_etl' retrieved from /opt/airflow/dags/job_etl_dag.py
[2026-05-11T22:14:33.952+0000] {logging_mixin.py:188} INFO - [2026-05-11T22:14:33.952+0000] {dag.py:3036} INFO - Sync 1 DAGs
[2026-05-11T22:14:33.984+0000] {logging_mixin.py:188} INFO - [2026-05-11T22:14:33.983+0000] {dag.py:3823} INFO - Setting next_dagrun for job_market_etl to None, run_after=None
[2026-05-11T22:14:34.057+0000] {processor.py:183} INFO - Processing /opt/airflow/dags/job_etl_dag.py took 0.275 seconds
[2026-05-11T22:15:04.462+0000] {processor.py:161} INFO - Started process (PID=2044) to work on /opt/airflow/dags/job_etl_dag.py
[2026-05-11T22:15:04.466+0000] {processor.py:830} INFO - Processing file /opt/airflow/dags/job_etl_dag.py for tasks to queue
[2026-05-11T22:15:04.470+0000] {logging_mixin.py:188} INFO - [2026-05-11T22:15:04.469+0000] {dagbag.py:538} INFO - Filling up the DagBag from /opt/airflow/dags/job_etl_dag.py
[2026-05-11T22:15:04.544+0000] {processor.py:840} INFO - DAG(s) 'job_market_etl' retrieved from /opt/airflow/dags/job_etl_dag.py
[2026-05-11T22:15:04.650+0000] {logging_mixin.py:188} INFO - [2026-05-11T22:15:04.649+0000] {dag.py:3036} INFO - Sync 1 DAGs
[2026-05-11T22:15:04.685+0000] {logging_mixin.py:188} INFO - [2026-05-11T22:15:04.685+0000] {dag.py:3823} INFO - Setting next_dagrun for job_market_etl to None, run_after=None
[2026-05-11T22:15:04.761+0000] {processor.py:183} INFO - Processing /opt/airflow/dags/job_etl_dag.py took 0.310 seconds
[2026-05-11T22:15:35.209+0000] {processor.py:161} INFO - Started process (PID=2045) to work on /opt/airflow/dags/job_etl_dag.py
[2026-05-11T22:15:35.214+0000] {processor.py:830} INFO - Processing file /opt/airflow/dags/job_etl_dag.py for tasks to queue
[2026-05-11T22:15:35.218+0000] {logging_mixin.py:188} INFO - [2026-05-11T22:15:35.217+0000] {dagbag.py:538} INFO - Filling up the DagBag from /opt/airflow/dags/job_etl_dag.py
[2026-05-11T22:15:35.297+0000] {processor.py:840} INFO - DAG(s) 'job_market_etl' retrieved from /opt/airflow/dags/job_etl_dag.py
[2026-05-11T22:15:35.401+0000] {logging_mixin.py:188} INFO - [2026-05-11T22:15:35.401+0000] {dag.py:3036} INFO - Sync 1 DAGs
[2026-05-11T22:15:35.440+0000] {logging_mixin.py:188} INFO - [2026-05-11T22:15:35.440+0000] {dag.py:3823} INFO - Setting next_dagrun for job_market_etl to None, run_after=None
[2026-05-11T22:15:35.519+0000] {processor.py:183} INFO - Processing /opt/airflow/dags/job_etl_dag.py took 0.323 seconds
[2026-05-11T22:16:05.673+0000] {processor.py:161} INFO - Started process (PID=2046) to work on /opt/airflow/dags/job_etl_dag.py
[2026-05-11T22:16:05.677+0000] {processor.py:830} INFO - Processing file /opt/airflow/dags/job_etl_dag.py for tasks to queue
[2026-05-11T22:16:05.682+0000] {logging_mixin.py:188} INFO - [2026-05-11T22:16:05.680+0000] {dagbag.py:538} INFO - Filling up the DagBag from /opt/airflow/dags/job_etl_dag.py
[2026-05-11T22:16:05.761+0000] {processor.py:840} INFO - DAG(s) 'job_market_etl' retrieved from /opt/airflow/dags/job_etl_dag.py
[2026-05-11T22:16:05.857+0000] {logging_mixin.py:188} INFO - [2026-05-11T22:16:05.857+0000] {dag.py:3036} INFO - Sync 1 DAGs
[2026-05-11T22:16:05.890+0000] {logging_mixin.py:188} INFO - [2026-05-11T22:16:05.890+0000] {dag.py:3823} INFO - Setting next_dagrun for job_market_etl to None, run_after=None
[2026-05-11T22:16:05.964+0000] {processor.py:183} INFO - Processing /opt/airflow/dags/job_etl_dag.py took 0.306 seconds
[2026-05-11T22:16:36.324+0000] {processor.py:161} INFO - Started process (PID=2047) to work on /opt/airflow/dags/job_etl_dag.py
[2026-05-11T22:16:36.329+0000] {processor.py:830} INFO - Processing file /opt/airflow/dags/job_etl_dag.py for tasks to queue
[2026-05-11T22:16:36.334+0000] {logging_mixin.py:188} INFO - [2026-05-11T22:16:36.332+0000] {dagbag.py:538} INFO - Filling up the DagBag from /opt/airflow/dags/job_etl_dag.py
[2026-05-11T22:16:36.405+0000] {processor.py:840} INFO - DAG(s) 'job_market_etl' retrieved from /opt/airflow/dags/job_etl_dag.py
[2026-05-11T22:16:36.494+0000] {logging_mixin.py:188} INFO - [2026-05-11T22:16:36.493+0000] {dag.py:3036} INFO - Sync 1 DAGs
[2026-05-11T22:16:36.532+0000] {logging_mixin.py:188} INFO - [2026-05-11T22:16:36.531+0000] {dag.py:3823} INFO - Setting next_dagrun for job_market_etl to None, run_after=None
[2026-05-11T22:16:36.603+0000] {processor.py:183} INFO - Processing /opt/airflow/dags/job_etl_dag.py took 0.294 seconds
[2026-05-11T22:17:06.784+0000] {processor.py:161} INFO - Started process (PID=2048) to work on /opt/airflow/dags/job_etl_dag.py
[2026-05-11T22:17:06.788+0000] {processor.py:830} INFO - Processing file /opt/airflow/dags/job_etl_dag.py for tasks to queue
[2026-05-11T22:17:06.792+0000] {logging_mixin.py:188} INFO - [2026-05-11T22:17:06.791+0000] {dagbag.py:538} INFO - Filling up the DagBag from /opt/airflow/dags/job_etl_dag.py
[2026-05-11T22:17:06.874+0000] {processor.py:840} INFO - DAG(s) 'job_market_etl' retrieved from /opt/airflow/dags/job_etl_dag.py
[2026-05-11T22:17:06.987+0000] {logging_mixin.py:188} INFO - [2026-05-11T22:17:06.987+0000] {dag.py:3036} INFO - Sync 1 DAGs
[2026-05-11T22:17:07.029+0000] {logging_mixin.py:188} INFO - [2026-05-11T22:17:07.028+0000] {dag.py:3823} INFO - Setting next_dagrun for job_market_etl to None, run_after=None
[2026-05-11T22:17:07.110+0000] {processor.py:183} INFO - Processing /opt/airflow/dags/job_etl_dag.py took 0.348 seconds
[2026-05-11T22:17:37.395+0000] {processor.py:161} INFO - Started process (PID=2049) to work on /opt/airflow/dags/job_etl_dag.py
[2026-05-11T22:17:37.400+0000] {processor.py:830} INFO - Processing file /opt/airflow/dags/job_etl_dag.py for tasks to queue
[2026-05-11T22:17:37.406+0000] {logging_mixin.py:188} INFO - [2026-05-11T22:17:37.404+0000] {dagbag.py:538} INFO - Filling up the DagBag from /opt/airflow/dags/job_etl_dag.py
[2026-05-11T22:17:37.517+0000] {processor.py:840} INFO - DAG(s) 'job_market_etl' retrieved from /opt/airflow/dags/job_etl_dag.py
[2026-05-11T22:17:37.618+0000] {logging_mixin.py:188} INFO - [2026-05-11T22:17:37.617+0000] {dag.py:3036} INFO - Sync 1 DAGs
[2026-05-11T22:17:37.656+0000] {logging_mixin.py:188} INFO - [2026-05-11T22:17:37.655+0000] {dag.py:3823} INFO - Setting next_dagrun for job_market_etl to None, run_after=None
[2026-05-11T22:17:37.735+0000] {processor.py:183} INFO - Processing /opt/airflow/dags/job_etl_dag.py took 0.354 seconds
[2026-05-11T22:18:07.931+0000] {processor.py:161} INFO - Started process (PID=2050) to work on /opt/airflow/dags/job_etl_dag.py
[2026-05-11T22:18:07.935+0000] {processor.py:830} INFO - Processing file /opt/airflow/dags/job_etl_dag.py for tasks to queue
[2026-05-11T22:18:07.939+0000] {logging_mixin.py:188} INFO - [2026-05-11T22:18:07.938+0000] {dagbag.py:538} INFO - Filling up the DagBag from /opt/airflow/dags/job_etl_dag.py
[2026-05-11T22:18:08.047+0000] {processor.py:840} INFO - DAG(s) 'job_market_etl' retrieved from /opt/airflow/dags/job_etl_dag.py
[2026-05-11T22:18:08.171+0000] {logging_mixin.py:188} INFO - [2026-05-11T22:18:08.170+0000] {dag.py:3036} INFO - Sync 1 DAGs
[2026-05-11T22:18:08.219+0000] {logging_mixin.py:188} INFO - [2026-05-11T22:18:08.218+0000] {dag.py:3823} INFO - Setting next_dagrun for job_market_etl to None, run_after=None
[2026-05-11T22:18:08.282+0000] {processor.py:183} INFO - Processing /opt/airflow/dags/job_etl_dag.py took 0.361 seconds
[2026-05-11T22:18:38.609+0000] {processor.py:161} INFO - Started process (PID=2051) to work on /opt/airflow/dags/job_etl_dag.py
[2026-05-11T22:18:38.613+0000] {processor.py:830} INFO - Processing file /opt/airflow/dags/job_etl_dag.py for tasks to queue
[2026-05-11T22:18:38.616+0000] {logging_mixin.py:188} INFO - [2026-05-11T22:18:38.615+0000] {dagbag.py:538} INFO - Filling up the DagBag from /opt/airflow/dags/job_etl_dag.py
[2026-05-11T22:18:38.693+0000] {processor.py:840} INFO - DAG(s) 'job_market_etl' retrieved from /opt/airflow/dags/job_etl_dag.py
[2026-05-11T22:18:38.806+0000] {logging_mixin.py:188} INFO - [2026-05-11T22:18:38.804+0000] {dag.py:3036} INFO - Sync 1 DAGs
[2026-05-11T22:18:38.849+0000] {logging_mixin.py:188} INFO - [2026-05-11T22:18:38.848+0000] {dag.py:3823} INFO - Setting next_dagrun for job_market_etl to None, run_after=None
[2026-05-11T22:18:38.924+0000] {processor.py:183} INFO - Processing /opt/airflow/dags/job_etl_dag.py took 0.326 seconds
[2026-05-11T22:19:09.078+0000] {processor.py:161} INFO - Started process (PID=2052) to work on /opt/airflow/dags/job_etl_dag.py
[2026-05-11T22:19:09.083+0000] {processor.py:830} INFO - Processing file /opt/airflow/dags/job_etl_dag.py for tasks to queue
[2026-05-11T22:19:09.085+0000] {logging_mixin.py:188} INFO - [2026-05-11T22:19:09.084+0000] {dagbag.py:538} INFO - Filling up the DagBag from /opt/airflow/dags/job_etl_dag.py
[2026-05-11T22:19:09.148+0000] {processor.py:840} INFO - DAG(s) 'job_market_etl' retrieved from /opt/airflow/dags/job_etl_dag.py
[2026-05-11T22:19:09.241+0000] {logging_mixin.py:188} INFO - [2026-05-11T22:19:09.240+0000] {dag.py:3036} INFO - Sync 1 DAGs
[2026-05-11T22:19:09.275+0000] {logging_mixin.py:188} INFO - [2026-05-11T22:19:09.275+0000] {dag.py:3823} INFO - Setting next_dagrun for job_market_etl to None, run_after=None
[2026-05-11T22:19:09.329+0000] {processor.py:183} INFO - Processing /opt/airflow/dags/job_etl_dag.py took 0.262 seconds
[2026-05-11T22:19:39.714+0000] {processor.py:161} INFO - Started process (PID=2053) to work on /opt/airflow/dags/job_etl_dag.py
[2026-05-11T22:19:39.719+0000] {processor.py:830} INFO - Processing file /opt/airflow/dags/job_etl_dag.py for tasks to queue
[2026-05-11T22:19:39.724+0000] {logging_mixin.py:188} INFO - [2026-05-11T22:19:39.722+0000] {dagbag.py:538} INFO - Filling up the DagBag from /opt/airflow/dags/job_etl_dag.py
[2026-05-11T22:19:39.800+0000] {processor.py:840} INFO - DAG(s) 'job_market_etl' retrieved from /opt/airflow/dags/job_etl_dag.py
[2026-05-11T22:19:39.892+0000] {logging_mixin.py:188} INFO - [2026-05-11T22:19:39.891+0000] {dag.py:3036} INFO - Sync 1 DAGs
[2026-05-11T22:19:39.934+0000] {logging_mixin.py:188} INFO - [2026-05-11T22:19:39.933+0000] {dag.py:3823} INFO - Setting next_dagrun for job_market_etl to None, run_after=None
[2026-05-11T22:19:40.015+0000] {processor.py:183} INFO - Processing /opt/airflow/dags/job_etl_dag.py took 0.315 seconds
[2026-05-11T22:20:10.499+0000] {processor.py:161} INFO - Started process (PID=2054) to work on /opt/airflow/dags/job_etl_dag.py
[2026-05-11T22:20:10.503+0000] {processor.py:830} INFO - Processing file /opt/airflow/dags/job_etl_dag.py for tasks to queue
[2026-05-11T22:20:10.506+0000] {logging_mixin.py:188} INFO - [2026-05-11T22:20:10.505+0000] {dagbag.py:538} INFO - Filling up the DagBag from /opt/airflow/dags/job_etl_dag.py
[2026-05-11T22:20:10.578+0000] {processor.py:840} INFO - DAG(s) 'job_market_etl' retrieved from /opt/airflow/dags/job_etl_dag.py
[2026-05-11T22:20:10.669+0000] {logging_mixin.py:188} INFO - [2026-05-11T22:20:10.668+0000] {dag.py:3036} INFO - Sync 1 DAGs
[2026-05-11T22:20:10.700+0000] {logging_mixin.py:188} INFO - [2026-05-11T22:20:10.699+0000] {dag.py:3823} INFO - Setting next_dagrun for job_market_etl to None, run_after=None
[2026-05-11T22:20:10.749+0000] {processor.py:183} INFO - Processing /opt/airflow/dags/job_etl_dag.py took 0.261 seconds
[2026-05-11T22:20:40.859+0000] {processor.py:161} INFO - Started process (PID=2055) to work on /opt/airflow/dags/job_etl_dag.py
[2026-05-11T22:20:40.863+0000] {processor.py:830} INFO - Processing file /opt/airflow/dags/job_etl_dag.py for tasks to queue
[2026-05-11T22:20:40.866+0000] {logging_mixin.py:188} INFO - [2026-05-11T22:20:40.866+0000] {dagbag.py:538} INFO - Filling up the DagBag from /opt/airflow/dags/job_etl_dag.py
[2026-05-11T22:20:40.928+0000] {processor.py:840} INFO - DAG(s) 'job_market_etl' retrieved from /opt/airflow/dags/job_etl_dag.py
[2026-05-11T22:20:41.005+0000] {logging_mixin.py:188} INFO - [2026-05-11T22:20:41.005+0000] {dag.py:3036} INFO - Sync 1 DAGs
[2026-05-11T22:20:41.034+0000] {logging_mixin.py:188} INFO - [2026-05-11T22:20:41.033+0000] {dag.py:3823} INFO - Setting next_dagrun for job_market_etl to None, run_after=None
[2026-05-11T22:20:41.095+0000] {processor.py:183} INFO - Processing /opt/airflow/dags/job_etl_dag.py took 0.248 seconds
[2026-05-11T22:21:11.659+0000] {processor.py:161} INFO - Started process (PID=2056) to work on /opt/airflow/dags/job_etl_dag.py
[2026-05-11T22:21:11.664+0000] {processor.py:830} INFO - Processing file /opt/airflow/dags/job_etl_dag.py for tasks to queue
[2026-05-11T22:21:11.669+0000] {logging_mixin.py:188} INFO - [2026-05-11T22:21:11.668+0000] {dagbag.py:538} INFO - Filling up the DagBag from /opt/airflow/dags/job_etl_dag.py
[2026-05-11T22:21:11.751+0000] {processor.py:840} INFO - DAG(s) 'job_market_etl' retrieved from /opt/airflow/dags/job_etl_dag.py
[2026-05-11T22:21:11.848+0000] {logging_mixin.py:188} INFO - [2026-05-11T22:21:11.847+0000] {dag.py:3036} INFO - Sync 1 DAGs
[2026-05-11T22:21:11.892+0000] {logging_mixin.py:188} INFO - [2026-05-11T22:21:11.891+0000] {dag.py:3823} INFO - Setting next_dagrun for job_market_etl to None, run_after=None
[2026-05-11T22:21:11.966+0000] {processor.py:183} INFO - Processing /opt/airflow/dags/job_etl_dag.py took 0.317 seconds
[2026-05-11T22:21:42.388+0000] {processor.py:161} INFO - Started process (PID=2057) to work on /opt/airflow/dags/job_etl_dag.py
[2026-05-11T22:21:42.393+0000] {processor.py:830} INFO - Processing file /opt/airflow/dags/job_etl_dag.py for tasks to queue
[2026-05-11T22:21:42.398+0000] {logging_mixin.py:188} INFO - [2026-05-11T22:21:42.396+0000] {dagbag.py:538} INFO - Filling up the DagBag from /opt/airflow/dags/job_etl_dag.py
[2026-05-11T22:21:42.498+0000] {processor.py:840} INFO - DAG(s) 'job_market_etl' retrieved from /opt/airflow/dags/job_etl_dag.py
[2026-05-11T22:21:42.597+0000] {logging_mixin.py:188} INFO - [2026-05-11T22:21:42.596+0000] {dag.py:3036} INFO - Sync 1 DAGs
[2026-05-11T22:21:42.627+0000] {logging_mixin.py:188} INFO - [2026-05-11T22:21:42.627+0000] {dag.py:3823} INFO - Setting next_dagrun for job_market_etl to None, run_after=None
[2026-05-11T22:21:42.695+0000] {processor.py:183} INFO - Processing /opt/airflow/dags/job_etl_dag.py took 0.319 seconds
[2026-05-11T22:22:13.141+0000] {processor.py:161} INFO - Started process (PID=2058) to work on /opt/airflow/dags/job_etl_dag.py
[2026-05-11T22:22:13.145+0000] {processor.py:830} INFO - Processing file /opt/airflow/dags/job_etl_dag.py for tasks to queue
[2026-05-11T22:22:13.149+0000] {logging_mixin.py:188} INFO - [2026-05-11T22:22:13.148+0000] {dagbag.py:538} INFO - Filling up the DagBag from /opt/airflow/dags/job_etl_dag.py
[2026-05-11T22:22:13.218+0000] {processor.py:840} INFO - DAG(s) 'job_market_etl' retrieved from /opt/airflow/dags/job_etl_dag.py
[2026-05-11T22:22:13.317+0000] {logging_mixin.py:188} INFO - [2026-05-11T22:22:13.317+0000] {dag.py:3036} INFO - Sync 1 DAGs
[2026-05-11T22:22:13.358+0000] {logging_mixin.py:188} INFO - [2026-05-11T22:22:13.357+0000] {dag.py:3823} INFO - Setting next_dagrun for job_market_etl to None, run_after=None
[2026-05-11T22:22:13.421+0000] {processor.py:183} INFO - Processing /opt/airflow/dags/job_etl_dag.py took 0.293 seconds
[2026-05-11T22:22:43.886+0000] {processor.py:161} INFO - Started process (PID=2059) to work on /opt/airflow/dags/job_etl_dag.py
[2026-05-11T22:22:43.890+0000] {processor.py:830} INFO - Processing file /opt/airflow/dags/job_etl_dag.py for tasks to queue
[2026-05-11T22:22:43.895+0000] {logging_mixin.py:188} INFO - [2026-05-11T22:22:43.893+0000] {dagbag.py:538} INFO - Filling up the DagBag from /opt/airflow/dags/job_etl_dag.py
[2026-05-11T22:22:43.976+0000] {processor.py:840} INFO - DAG(s) 'job_market_etl' retrieved from /opt/airflow/dags/job_etl_dag.py
[2026-05-11T22:22:44.068+0000] {logging_mixin.py:188} INFO - [2026-05-11T22:22:44.068+0000] {dag.py:3036} INFO - Sync 1 DAGs
[2026-05-11T22:22:44.112+0000] {logging_mixin.py:188} INFO - [2026-05-11T22:22:44.111+0000] {dag.py:3823} INFO - Setting next_dagrun for job_market_etl to None, run_after=None
[2026-05-11T22:22:44.172+0000] {processor.py:183} INFO - Processing /opt/airflow/dags/job_etl_dag.py took 0.303 seconds
[2026-05-11T22:23:14.616+0000] {processor.py:161} INFO - Started process (PID=2060) to work on /opt/airflow/dags/job_etl_dag.py
[2026-05-11T22:23:14.620+0000] {processor.py:830} INFO - Processing file /opt/airflow/dags/job_etl_dag.py for tasks to queue
[2026-05-11T22:23:14.624+0000] {logging_mixin.py:188} INFO - [2026-05-11T22:23:14.623+0000] {dagbag.py:538} INFO - Filling up the DagBag from /opt/airflow/dags/job_etl_dag.py
[2026-05-11T22:23:14.700+0000] {processor.py:840} INFO - DAG(s) 'job_market_etl' retrieved from /opt/airflow/dags/job_etl_dag.py
[2026-05-11T22:23:14.799+0000] {logging_mixin.py:188} INFO - [2026-05-11T22:23:14.799+0000] {dag.py:3036} INFO - Sync 1 DAGs
[2026-05-11T22:23:14.831+0000] {logging_mixin.py:188} INFO - [2026-05-11T22:23:14.831+0000] {dag.py:3823} INFO - Setting next_dagrun for job_market_etl to None, run_after=None
[2026-05-11T22:23:14.900+0000] {processor.py:183} INFO - Processing /opt/airflow/dags/job_etl_dag.py took 0.300 seconds
[2026-05-11T22:23:45.294+0000] {processor.py:161} INFO - Started process (PID=2061) to work on /opt/airflow/dags/job_etl_dag.py
[2026-05-11T22:23:45.298+0000] {processor.py:830} INFO - Processing file /opt/airflow/dags/job_etl_dag.py for tasks to queue
[2026-05-11T22:23:45.301+0000] {logging_mixin.py:188} INFO - [2026-05-11T22:23:45.300+0000] {dagbag.py:538} INFO - Filling up the DagBag from /opt/airflow/dags/job_etl_dag.py
[2026-05-11T22:23:45.367+0000] {processor.py:840} INFO - DAG(s) 'job_market_etl' retrieved from /opt/airflow/dags/job_etl_dag.py
[2026-05-11T22:23:45.470+0000] {logging_mixin.py:188} INFO - [2026-05-11T22:23:45.470+0000] {dag.py:3036} INFO - Sync 1 DAGs
[2026-05-11T22:23:45.502+0000] {logging_mixin.py:188} INFO - [2026-05-11T22:23:45.502+0000] {dag.py:3823} INFO - Setting next_dagrun for job_market_etl to None, run_after=None
[2026-05-11T22:23:45.571+0000] {processor.py:183} INFO - Processing /opt/airflow/dags/job_etl_dag.py took 0.290 seconds
[2026-05-11T22:24:16.006+0000] {processor.py:161} INFO - Started process (PID=2062) to work on /opt/airflow/dags/job_etl_dag.py
[2026-05-11T22:24:16.010+0000] {processor.py:830} INFO - Processing file /opt/airflow/dags/job_etl_dag.py for tasks to queue
[2026-05-11T22:24:16.013+0000] {logging_mixin.py:188} INFO - [2026-05-11T22:24:16.012+0000] {dagbag.py:538} INFO - Filling up the DagBag from /opt/airflow/dags/job_etl_dag.py
[2026-05-11T22:24:16.106+0000] {processor.py:840} INFO - DAG(s) 'job_market_etl' retrieved from /opt/airflow/dags/job_etl_dag.py
[2026-05-11T22:24:16.196+0000] {logging_mixin.py:188} INFO - [2026-05-11T22:24:16.196+0000] {dag.py:3036} INFO - Sync 1 DAGs
[2026-05-11T22:24:16.229+0000] {logging_mixin.py:188} INFO - [2026-05-11T22:24:16.228+0000] {dag.py:3823} INFO - Setting next_dagrun for job_market_etl to None, run_after=None
[2026-05-11T22:24:16.295+0000] {processor.py:183} INFO - Processing /opt/airflow/dags/job_etl_dag.py took 0.301 seconds
[2026-05-11T22:24:46.793+0000] {processor.py:161} INFO - Started process (PID=2063) to work on /opt/airflow/dags/job_etl_dag.py
[2026-05-11T22:24:46.799+0000] {processor.py:830} INFO - Processing file /opt/airflow/dags/job_etl_dag.py for tasks to queue
[2026-05-11T22:24:46.803+0000] {logging_mixin.py:188} INFO - [2026-05-11T22:24:46.802+0000] {dagbag.py:538} INFO - Filling up the DagBag from /opt/airflow/dags/job_etl_dag.py
[2026-05-11T22:24:46.887+0000] {processor.py:840} INFO - DAG(s) 'job_market_etl' retrieved from /opt/airflow/dags/job_etl_dag.py
[2026-05-11T22:24:46.995+0000] {logging_mixin.py:188} INFO - [2026-05-11T22:24:46.994+0000] {dag.py:3036} INFO - Sync 1 DAGs
[2026-05-11T22:24:47.032+0000] {logging_mixin.py:188} INFO - [2026-05-11T22:24:47.031+0000] {dag.py:3823} INFO - Setting next_dagrun for job_market_etl to None, run_after=None
[2026-05-11T22:24:47.098+0000] {processor.py:183} INFO - Processing /opt/airflow/dags/job_etl_dag.py took 0.323 seconds
[2026-05-11T22:25:17.574+0000] {processor.py:161} INFO - Started process (PID=2064) to work on /opt/airflow/dags/job_etl_dag.py
[2026-05-11T22:25:17.579+0000] {processor.py:830} INFO - Processing file /opt/airflow/dags/job_etl_dag.py for tasks to queue
[2026-05-11T22:25:17.585+0000] {logging_mixin.py:188} INFO - [2026-05-11T22:25:17.583+0000] {dagbag.py:538} INFO - Filling up the DagBag from /opt/airflow/dags/job_etl_dag.py
[2026-05-11T22:25:17.672+0000] {processor.py:840} INFO - DAG(s) 'job_market_etl' retrieved from /opt/airflow/dags/job_etl_dag.py
[2026-05-11T22:25:17.780+0000] {logging_mixin.py:188} INFO - [2026-05-11T22:25:17.779+0000] {dag.py:3036} INFO - Sync 1 DAGs
[2026-05-11T22:25:17.814+0000] {logging_mixin.py:188} INFO - [2026-05-11T22:25:17.813+0000] {dag.py:3823} INFO - Setting next_dagrun for job_market_etl to None, run_after=None
[2026-05-11T22:25:17.891+0000] {processor.py:183} INFO - Processing /opt/airflow/dags/job_etl_dag.py took 0.333 seconds
[2026-05-11T22:25:48.368+0000] {processor.py:161} INFO - Started process (PID=2065) to work on /opt/airflow/dags/job_etl_dag.py
[2026-05-11T22:25:48.373+0000] {processor.py:830} INFO - Processing file /opt/airflow/dags/job_etl_dag.py for tasks to queue
[2026-05-11T22:25:48.378+0000] {logging_mixin.py:188} INFO - [2026-05-11T22:25:48.376+0000] {dagbag.py:538} INFO - Filling up the DagBag from /opt/airflow/dags/job_etl_dag.py
[2026-05-11T22:25:48.465+0000] {processor.py:840} INFO - DAG(s) 'job_market_etl' retrieved from /opt/airflow/dags/job_etl_dag.py
[2026-05-11T22:25:48.569+0000] {logging_mixin.py:188} INFO - [2026-05-11T22:25:48.568+0000] {dag.py:3036} INFO - Sync 1 DAGs
[2026-05-11T22:25:48.605+0000] {logging_mixin.py:188} INFO - [2026-05-11T22:25:48.604+0000] {dag.py:3823} INFO - Setting next_dagrun for job_market_etl to None, run_after=None
[2026-05-11T22:25:48.672+0000] {processor.py:183} INFO - Processing /opt/airflow/dags/job_etl_dag.py took 0.328 seconds
[2026-05-11T22:26:18.841+0000] {processor.py:161} INFO - Started process (PID=2066) to work on /opt/airflow/dags/job_etl_dag.py
[2026-05-11T22:26:18.846+0000] {processor.py:830} INFO - Processing file /opt/airflow/dags/job_etl_dag.py for tasks to queue
[2026-05-11T22:26:18.850+0000] {logging_mixin.py:188} INFO - [2026-05-11T22:26:18.849+0000] {dagbag.py:538} INFO - Filling up the DagBag from /opt/airflow/dags/job_etl_dag.py
[2026-05-11T22:26:18.943+0000] {processor.py:840} INFO - DAG(s) 'job_market_etl' retrieved from /opt/airflow/dags/job_etl_dag.py
[2026-05-11T22:26:19.048+0000] {logging_mixin.py:188} INFO - [2026-05-11T22:26:19.047+0000] {dag.py:3036} INFO - Sync 1 DAGs
[2026-05-11T22:26:19.096+0000] {logging_mixin.py:188} INFO - [2026-05-11T22:26:19.096+0000] {dag.py:3823} INFO - Setting next_dagrun for job_market_etl to None, run_after=None
[2026-05-11T22:26:19.178+0000] {processor.py:183} INFO - Processing /opt/airflow/dags/job_etl_dag.py took 0.356 seconds
[2026-05-11T22:26:49.450+0000] {processor.py:161} INFO - Started process (PID=2067) to work on /opt/airflow/dags/job_etl_dag.py
[2026-05-11T22:26:49.454+0000] {processor.py:830} INFO - Processing file /opt/airflow/dags/job_etl_dag.py for tasks to queue
[2026-05-11T22:26:49.458+0000] {logging_mixin.py:188} INFO - [2026-05-11T22:26:49.457+0000] {dagbag.py:538} INFO - Filling up the DagBag from /opt/airflow/dags/job_etl_dag.py
[2026-05-11T22:26:49.519+0000] {processor.py:840} INFO - DAG(s) 'job_market_etl' retrieved from /opt/airflow/dags/job_etl_dag.py
[2026-05-11T22:26:49.602+0000] {logging_mixin.py:188} INFO - [2026-05-11T22:26:49.602+0000] {dag.py:3036} INFO - Sync 1 DAGs
[2026-05-11T22:26:49.630+0000] {logging_mixin.py:188} INFO - [2026-05-11T22:26:49.630+0000] {dag.py:3823} INFO - Setting next_dagrun for job_market_etl to None, run_after=None
[2026-05-11T22:26:49.694+0000] {processor.py:183} INFO - Processing /opt/airflow/dags/job_etl_dag.py took 0.258 seconds
[2026-05-11T22:27:20.002+0000] {processor.py:161} INFO - Started process (PID=2068) to work on /opt/airflow/dags/job_etl_dag.py
[2026-05-11T22:27:20.007+0000] {processor.py:830} INFO - Processing file /opt/airflow/dags/job_etl_dag.py for tasks to queue
[2026-05-11T22:27:20.011+0000] {logging_mixin.py:188} INFO - [2026-05-11T22:27:20.010+0000] {dagbag.py:538} INFO - Filling up the DagBag from /opt/airflow/dags/job_etl_dag.py
[2026-05-11T22:27:20.076+0000] {processor.py:840} INFO - DAG(s) 'job_market_etl' retrieved from /opt/airflow/dags/job_etl_dag.py
[2026-05-11T22:27:20.155+0000] {logging_mixin.py:188} INFO - [2026-05-11T22:27:20.154+0000] {dag.py:3036} INFO - Sync 1 DAGs
[2026-05-11T22:27:20.182+0000] {logging_mixin.py:188} INFO - [2026-05-11T22:27:20.182+0000] {dag.py:3823} INFO - Setting next_dagrun for job_market_etl to None, run_after=None
[2026-05-11T22:27:20.250+0000] {processor.py:183} INFO - Processing /opt/airflow/dags/job_etl_dag.py took 0.261 seconds
[2026-05-11T22:27:50.496+0000] {processor.py:161} INFO - Started process (PID=2069) to work on /opt/airflow/dags/job_etl_dag.py
[2026-05-11T22:27:50.501+0000] {processor.py:830} INFO - Processing file /opt/airflow/dags/job_etl_dag.py for tasks to queue
[2026-05-11T22:27:50.504+0000] {logging_mixin.py:188} INFO - [2026-05-11T22:27:50.503+0000] {dagbag.py:538} INFO - Filling up the DagBag from /opt/airflow/dags/job_etl_dag.py
[2026-05-11T22:27:50.574+0000] {processor.py:840} INFO - DAG(s) 'job_market_etl' retrieved from /opt/airflow/dags/job_etl_dag.py
[2026-05-11T22:27:50.669+0000] {logging_mixin.py:188} INFO - [2026-05-11T22:27:50.669+0000] {dag.py:3036} INFO - Sync 1 DAGs
[2026-05-11T22:27:50.709+0000] {logging_mixin.py:188} INFO - [2026-05-11T22:27:50.708+0000] {dag.py:3823} INFO - Setting next_dagrun for job_market_etl to None, run_after=None
[2026-05-11T22:27:50.782+0000] {processor.py:183} INFO - Processing /opt/airflow/dags/job_etl_dag.py took 0.301 seconds
[2026-05-11T22:28:21.100+0000] {processor.py:161} INFO - Started process (PID=2070) to work on /opt/airflow/dags/job_etl_dag.py
[2026-05-11T22:28:21.105+0000] {processor.py:830} INFO - Processing file /opt/airflow/dags/job_etl_dag.py for tasks to queue
[2026-05-11T22:28:21.112+0000] {logging_mixin.py:188} INFO - [2026-05-11T22:28:21.110+0000] {dagbag.py:538} INFO - Filling up the DagBag from /opt/airflow/dags/job_etl_dag.py
[2026-05-11T22:28:21.207+0000] {processor.py:840} INFO - DAG(s) 'job_market_etl' retrieved from /opt/airflow/dags/job_etl_dag.py
[2026-05-11T22:28:21.287+0000] {logging_mixin.py:188} INFO - [2026-05-11T22:28:21.287+0000] {dag.py:3036} INFO - Sync 1 DAGs
[2026-05-11T22:28:21.320+0000] {logging_mixin.py:188} INFO - [2026-05-11T22:28:21.320+0000] {dag.py:3823} INFO - Setting next_dagrun for job_market_etl to None, run_after=None
[2026-05-11T22:28:21.378+0000] {processor.py:183} INFO - Processing /opt/airflow/dags/job_etl_dag.py took 0.294 seconds
[2026-05-11T22:28:51.592+0000] {processor.py:161} INFO - Started process (PID=2071) to work on /opt/airflow/dags/job_etl_dag.py
[2026-05-11T22:28:51.598+0000] {processor.py:830} INFO - Processing file /opt/airflow/dags/job_etl_dag.py for tasks to queue
[2026-05-11T22:28:51.603+0000] {logging_mixin.py:188} INFO - [2026-05-11T22:28:51.602+0000] {dagbag.py:538} INFO - Filling up the DagBag from /opt/airflow/dags/job_etl_dag.py
[2026-05-11T22:28:51.679+0000] {processor.py:840} INFO - DAG(s) 'job_market_etl' retrieved from /opt/airflow/dags/job_etl_dag.py
[2026-05-11T22:28:51.782+0000] {logging_mixin.py:188} INFO - [2026-05-11T22:28:51.782+0000] {dag.py:3036} INFO - Sync 1 DAGs
[2026-05-11T22:28:51.823+0000] {logging_mixin.py:188} INFO - [2026-05-11T22:28:51.822+0000] {dag.py:3823} INFO - Setting next_dagrun for job_market_etl to None, run_after=None
[2026-05-11T22:28:51.897+0000] {processor.py:183} INFO - Processing /opt/airflow/dags/job_etl_dag.py took 0.323 seconds
[2026-05-11T22:29:22.197+0000] {processor.py:161} INFO - Started process (PID=2072) to work on /opt/airflow/dags/job_etl_dag.py
[2026-05-11T22:29:22.202+0000] {processor.py:830} INFO - Processing file /opt/airflow/dags/job_etl_dag.py for tasks to queue
[2026-05-11T22:29:22.207+0000] {logging_mixin.py:188} INFO - [2026-05-11T22:29:22.206+0000] {dagbag.py:538} INFO - Filling up the DagBag from /opt/airflow/dags/job_etl_dag.py
[2026-05-11T22:29:22.281+0000] {processor.py:840} INFO - DAG(s) 'job_market_etl' retrieved from /opt/airflow/dags/job_etl_dag.py
[2026-05-11T22:29:22.383+0000] {logging_mixin.py:188} INFO - [2026-05-11T22:29:22.383+0000] {dag.py:3036} INFO - Sync 1 DAGs
[2026-05-11T22:29:22.424+0000] {logging_mixin.py:188} INFO - [2026-05-11T22:29:22.423+0000] {dag.py:3823} INFO - Setting next_dagrun for job_market_etl to None, run_after=None
[2026-05-11T22:29:22.488+0000] {processor.py:183} INFO - Processing /opt/airflow/dags/job_etl_dag.py took 0.306 seconds
[2026-05-11T22:29:52.689+0000] {processor.py:161} INFO - Started process (PID=2073) to work on /opt/airflow/dags/job_etl_dag.py
[2026-05-11T22:29:52.694+0000] {processor.py:830} INFO - Processing file /opt/airflow/dags/job_etl_dag.py for tasks to queue
[2026-05-11T22:29:52.698+0000] {logging_mixin.py:188} INFO - [2026-05-11T22:29:52.697+0000] {dagbag.py:538} INFO - Filling up the DagBag from /opt/airflow/dags/job_etl_dag.py
[2026-05-11T22:29:52.771+0000] {processor.py:840} INFO - DAG(s) 'job_market_etl' retrieved from /opt/airflow/dags/job_etl_dag.py
[2026-05-11T22:29:52.861+0000] {logging_mixin.py:188} INFO - [2026-05-11T22:29:52.861+0000] {dag.py:3036} INFO - Sync 1 DAGs
[2026-05-11T22:29:52.896+0000] {logging_mixin.py:188} INFO - [2026-05-11T22:29:52.896+0000] {dag.py:3823} INFO - Setting next_dagrun for job_market_etl to None, run_after=None
[2026-05-11T22:29:52.969+0000] {processor.py:183} INFO - Processing /opt/airflow/dags/job_etl_dag.py took 0.298 seconds
[2026-05-11T22:30:23.338+0000] {processor.py:161} INFO - Started process (PID=2074) to work on /opt/airflow/dags/job_etl_dag.py
[2026-05-11T22:30:23.343+0000] {processor.py:830} INFO - Processing file /opt/airflow/dags/job_etl_dag.py for tasks to queue
[2026-05-11T22:30:23.346+0000] {logging_mixin.py:188} INFO - [2026-05-11T22:30:23.346+0000] {dagbag.py:538} INFO - Filling up the DagBag from /opt/airflow/dags/job_etl_dag.py
[2026-05-11T22:30:23.425+0000] {processor.py:840} INFO - DAG(s) 'job_market_etl' retrieved from /opt/airflow/dags/job_etl_dag.py
[2026-05-11T22:30:23.516+0000] {logging_mixin.py:188} INFO - [2026-05-11T22:30:23.515+0000] {dag.py:3036} INFO - Sync 1 DAGs
[2026-05-11T22:30:23.557+0000] {logging_mixin.py:188} INFO - [2026-05-11T22:30:23.556+0000] {dag.py:3823} INFO - Setting next_dagrun for job_market_etl to None, run_after=None
[2026-05-11T22:30:23.635+0000] {processor.py:183} INFO - Processing /opt/airflow/dags/job_etl_dag.py took 0.310 seconds
[2026-05-11T22:30:53.913+0000] {processor.py:161} INFO - Started process (PID=2075) to work on /opt/airflow/dags/job_etl_dag.py
[2026-05-11T22:30:53.917+0000] {processor.py:830} INFO - Processing file /opt/airflow/dags/job_etl_dag.py for tasks to queue
[2026-05-11T22:30:53.922+0000] {logging_mixin.py:188} INFO - [2026-05-11T22:30:53.920+0000] {dagbag.py:538} INFO - Filling up the DagBag from /opt/airflow/dags/job_etl_dag.py
[2026-05-11T22:30:53.997+0000] {processor.py:840} INFO - DAG(s) 'job_market_etl' retrieved from /opt/airflow/dags/job_etl_dag.py
[2026-05-11T22:30:54.101+0000] {logging_mixin.py:188} INFO - [2026-05-11T22:30:54.100+0000] {dag.py:3036} INFO - Sync 1 DAGs
[2026-05-11T22:30:54.147+0000] {logging_mixin.py:188} INFO - [2026-05-11T22:30:54.146+0000] {dag.py:3823} INFO - Setting next_dagrun for job_market_etl to None, run_after=None
[2026-05-11T22:30:54.215+0000] {processor.py:183} INFO - Processing /opt/airflow/dags/job_etl_dag.py took 0.327 seconds
[2026-05-11T22:31:24.453+0000] {processor.py:161} INFO - Started process (PID=2076) to work on /opt/airflow/dags/job_etl_dag.py
[2026-05-11T22:31:24.458+0000] {processor.py:830} INFO - Processing file /opt/airflow/dags/job_etl_dag.py for tasks to queue
[2026-05-11T22:31:24.465+0000] {logging_mixin.py:188} INFO - [2026-05-11T22:31:24.461+0000] {dagbag.py:538} INFO - Filling up the DagBag from /opt/airflow/dags/job_etl_dag.py
[2026-05-11T22:31:24.537+0000] {processor.py:840} INFO - DAG(s) 'job_market_etl' retrieved from /opt/airflow/dags/job_etl_dag.py
[2026-05-11T22:31:24.639+0000] {logging_mixin.py:188} INFO - [2026-05-11T22:31:24.638+0000] {dag.py:3036} INFO - Sync 1 DAGs
[2026-05-11T22:31:24.675+0000] {logging_mixin.py:188} INFO - [2026-05-11T22:31:24.675+0000] {dag.py:3823} INFO - Setting next_dagrun for job_market_etl to None, run_after=None
[2026-05-11T22:31:24.754+0000] {processor.py:183} INFO - Processing /opt/airflow/dags/job_etl_dag.py took 0.315 seconds
[2026-05-11T22:31:55.030+0000] {processor.py:161} INFO - Started process (PID=2077) to work on /opt/airflow/dags/job_etl_dag.py
[2026-05-11T22:31:55.034+0000] {processor.py:830} INFO - Processing file /opt/airflow/dags/job_etl_dag.py for tasks to queue
[2026-05-11T22:31:55.040+0000] {logging_mixin.py:188} INFO - [2026-05-11T22:31:55.038+0000] {dagbag.py:538} INFO - Filling up the DagBag from /opt/airflow/dags/job_etl_dag.py
[2026-05-11T22:31:55.114+0000] {processor.py:840} INFO - DAG(s) 'job_market_etl' retrieved from /opt/airflow/dags/job_etl_dag.py
[2026-05-11T22:31:55.213+0000] {logging_mixin.py:188} INFO - [2026-05-11T22:31:55.212+0000] {dag.py:3036} INFO - Sync 1 DAGs
[2026-05-11T22:31:55.253+0000] {logging_mixin.py:188} INFO - [2026-05-11T22:31:55.252+0000] {dag.py:3823} INFO - Setting next_dagrun for job_market_etl to None, run_after=None
[2026-05-11T22:31:55.327+0000] {processor.py:183} INFO - Processing /opt/airflow/dags/job_etl_dag.py took 0.311 seconds
[2026-05-11T22:32:25.609+0000] {processor.py:161} INFO - Started process (PID=2078) to work on /opt/airflow/dags/job_etl_dag.py
[2026-05-11T22:32:25.615+0000] {processor.py:830} INFO - Processing file /opt/airflow/dags/job_etl_dag.py for tasks to queue
[2026-05-11T22:32:25.619+0000] {logging_mixin.py:188} INFO - [2026-05-11T22:32:25.618+0000] {dagbag.py:538} INFO - Filling up the DagBag from /opt/airflow/dags/job_etl_dag.py
[2026-05-11T22:32:25.697+0000] {processor.py:840} INFO - DAG(s) 'job_market_etl' retrieved from /opt/airflow/dags/job_etl_dag.py
[2026-05-11T22:32:25.785+0000] {logging_mixin.py:188} INFO - [2026-05-11T22:32:25.785+0000] {dag.py:3036} INFO - Sync 1 DAGs
[2026-05-11T22:32:25.820+0000] {logging_mixin.py:188} INFO - [2026-05-11T22:32:25.819+0000] {dag.py:3823} INFO - Setting next_dagrun for job_market_etl to None, run_after=None
[2026-05-11T22:32:25.896+0000] {processor.py:183} INFO - Processing /opt/airflow/dags/job_etl_dag.py took 0.298 seconds
[2026-05-11T22:32:56.145+0000] {processor.py:161} INFO - Started process (PID=2079) to work on /opt/airflow/dags/job_etl_dag.py
[2026-05-11T22:32:56.149+0000] {processor.py:830} INFO - Processing file /opt/airflow/dags/job_etl_dag.py for tasks to queue
[2026-05-11T22:32:56.153+0000] {logging_mixin.py:188} INFO - [2026-05-11T22:32:56.152+0000] {dagbag.py:538} INFO - Filling up the DagBag from /opt/airflow/dags/job_etl_dag.py
[2026-05-11T22:32:56.218+0000] {processor.py:840} INFO - DAG(s) 'job_market_etl' retrieved from /opt/airflow/dags/job_etl_dag.py
[2026-05-11T22:32:56.303+0000] {logging_mixin.py:188} INFO - [2026-05-11T22:32:56.302+0000] {dag.py:3036} INFO - Sync 1 DAGs
[2026-05-11T22:32:56.335+0000] {logging_mixin.py:188} INFO - [2026-05-11T22:32:56.334+0000] {dag.py:3823} INFO - Setting next_dagrun for job_market_etl to None, run_after=None
[2026-05-11T22:32:56.411+0000] {processor.py:183} INFO - Processing /opt/airflow/dags/job_etl_dag.py took 0.282 seconds
[2026-05-11T22:33:26.714+0000] {processor.py:161} INFO - Started process (PID=2080) to work on /opt/airflow/dags/job_etl_dag.py
[2026-05-11T22:33:26.718+0000] {processor.py:830} INFO - Processing file /opt/airflow/dags/job_etl_dag.py for tasks to queue
[2026-05-11T22:33:26.723+0000] {logging_mixin.py:188} INFO - [2026-05-11T22:33:26.721+0000] {dagbag.py:538} INFO - Filling up the DagBag from /opt/airflow/dags/job_etl_dag.py
[2026-05-11T22:33:26.796+0000] {processor.py:840} INFO - DAG(s) 'job_market_etl' retrieved from /opt/airflow/dags/job_etl_dag.py
[2026-05-11T22:33:26.899+0000] {logging_mixin.py:188} INFO - [2026-05-11T22:33:26.899+0000] {dag.py:3036} INFO - Sync 1 DAGs
[2026-05-11T22:33:26.931+0000] {logging_mixin.py:188} INFO - [2026-05-11T22:33:26.931+0000] {dag.py:3823} INFO - Setting next_dagrun for job_market_etl to None, run_after=None
[2026-05-11T22:33:26.993+0000] {processor.py:183} INFO - Processing /opt/airflow/dags/job_etl_dag.py took 0.295 seconds
[2026-05-11T22:33:57.207+0000] {processor.py:161} INFO - Started process (PID=2081) to work on /opt/airflow/dags/job_etl_dag.py
[2026-05-11T22:33:57.213+0000] {processor.py:830} INFO - Processing file /opt/airflow/dags/job_etl_dag.py for tasks to queue
[2026-05-11T22:33:57.217+0000] {logging_mixin.py:188} INFO - [2026-05-11T22:33:57.215+0000] {dagbag.py:538} INFO - Filling up the DagBag from /opt/airflow/dags/job_etl_dag.py
[2026-05-11T22:33:57.288+0000] {processor.py:840} INFO - DAG(s) 'job_market_etl' retrieved from /opt/airflow/dags/job_etl_dag.py
[2026-05-11T22:33:57.387+0000] {logging_mixin.py:188} INFO - [2026-05-11T22:33:57.386+0000] {dag.py:3036} INFO - Sync 1 DAGs
[2026-05-11T22:33:57.426+0000] {logging_mixin.py:188} INFO - [2026-05-11T22:33:57.426+0000] {dag.py:3823} INFO - Setting next_dagrun for job_market_etl to None, run_after=None
[2026-05-11T22:33:57.498+0000] {processor.py:183} INFO - Processing /opt/airflow/dags/job_etl_dag.py took 0.307 seconds
[2026-05-11T22:34:27.902+0000] {processor.py:161} INFO - Started process (PID=2082) to work on /opt/airflow/dags/job_etl_dag.py
[2026-05-11T22:34:27.906+0000] {processor.py:830} INFO - Processing file /opt/airflow/dags/job_etl_dag.py for tasks to queue
[2026-05-11T22:34:27.909+0000] {logging_mixin.py:188} INFO - [2026-05-11T22:34:27.908+0000] {dagbag.py:538} INFO - Filling up the DagBag from /opt/airflow/dags/job_etl_dag.py
[2026-05-11T22:34:27.976+0000] {processor.py:840} INFO - DAG(s) 'job_market_etl' retrieved from /opt/airflow/dags/job_etl_dag.py
[2026-05-11T22:34:28.068+0000] {logging_mixin.py:188} INFO - [2026-05-11T22:34:28.068+0000] {dag.py:3036} INFO - Sync 1 DAGs
[2026-05-11T22:34:28.105+0000] {logging_mixin.py:188} INFO - [2026-05-11T22:34:28.104+0000] {dag.py:3823} INFO - Setting next_dagrun for job_market_etl to None, run_after=None
[2026-05-11T22:34:28.186+0000] {processor.py:183} INFO - Processing /opt/airflow/dags/job_etl_dag.py took 0.294 seconds
[2026-05-11T22:34:58.655+0000] {processor.py:161} INFO - Started process (PID=2083) to work on /opt/airflow/dags/job_etl_dag.py
[2026-05-11T22:34:58.660+0000] {processor.py:830} INFO - Processing file /opt/airflow/dags/job_etl_dag.py for tasks to queue
[2026-05-11T22:34:58.664+0000] {logging_mixin.py:188} INFO - [2026-05-11T22:34:58.663+0000] {dagbag.py:538} INFO - Filling up the DagBag from /opt/airflow/dags/job_etl_dag.py
[2026-05-11T22:34:58.734+0000] {processor.py:840} INFO - DAG(s) 'job_market_etl' retrieved from /opt/airflow/dags/job_etl_dag.py
[2026-05-11T22:34:58.859+0000] {logging_mixin.py:188} INFO - [2026-05-11T22:34:58.858+0000] {dag.py:3036} INFO - Sync 1 DAGs
[2026-05-11T22:34:58.914+0000] {logging_mixin.py:188} INFO - [2026-05-11T22:34:58.913+0000] {dag.py:3823} INFO - Setting next_dagrun for job_market_etl to None, run_after=None
[2026-05-11T22:34:59.021+0000] {processor.py:183} INFO - Processing /opt/airflow/dags/job_etl_dag.py took 0.383 seconds
[2026-05-11T22:35:29.489+0000] {processor.py:161} INFO - Started process (PID=2084) to work on /opt/airflow/dags/job_etl_dag.py
[2026-05-11T22:35:29.492+0000] {processor.py:830} INFO - Processing file /opt/airflow/dags/job_etl_dag.py for tasks to queue
[2026-05-11T22:35:29.495+0000] {logging_mixin.py:188} INFO - [2026-05-11T22:35:29.494+0000] {dagbag.py:538} INFO - Filling up the DagBag from /opt/airflow/dags/job_etl_dag.py
[2026-05-11T22:35:29.574+0000] {processor.py:840} INFO - DAG(s) 'job_market_etl' retrieved from /opt/airflow/dags/job_etl_dag.py
[2026-05-11T22:35:29.668+0000] {logging_mixin.py:188} INFO - [2026-05-11T22:35:29.668+0000] {dag.py:3036} INFO - Sync 1 DAGs
[2026-05-11T22:35:29.706+0000] {logging_mixin.py:188} INFO - [2026-05-11T22:35:29.705+0000] {dag.py:3823} INFO - Setting next_dagrun for job_market_etl to None, run_after=None
[2026-05-11T22:35:29.759+0000] {processor.py:183} INFO - Processing /opt/airflow/dags/job_etl_dag.py took 0.281 seconds
[2026-05-11T22:35:59.952+0000] {processor.py:161} INFO - Started process (PID=2085) to work on /opt/airflow/dags/job_etl_dag.py
[2026-05-11T22:35:59.958+0000] {processor.py:830} INFO - Processing file /opt/airflow/dags/job_etl_dag.py for tasks to queue
[2026-05-11T22:35:59.962+0000] {logging_mixin.py:188} INFO - [2026-05-11T22:35:59.961+0000] {dagbag.py:538} INFO - Filling up the DagBag from /opt/airflow/dags/job_etl_dag.py
[2026-05-11T22:36:00.020+0000] {processor.py:840} INFO - DAG(s) 'job_market_etl' retrieved from /opt/airflow/dags/job_etl_dag.py
[2026-05-11T22:36:00.103+0000] {logging_mixin.py:188} INFO - [2026-05-11T22:36:00.103+0000] {dag.py:3036} INFO - Sync 1 DAGs
[2026-05-11T22:36:00.131+0000] {logging_mixin.py:188} INFO - [2026-05-11T22:36:00.130+0000] {dag.py:3823} INFO - Setting next_dagrun for job_market_etl to None, run_after=None
[2026-05-11T22:36:00.191+0000] {processor.py:183} INFO - Processing /opt/airflow/dags/job_etl_dag.py took 0.253 seconds
[2026-05-11T22:36:30.618+0000] {processor.py:161} INFO - Started process (PID=2086) to work on /opt/airflow/dags/job_etl_dag.py
[2026-05-11T22:36:30.621+0000] {processor.py:830} INFO - Processing file /opt/airflow/dags/job_etl_dag.py for tasks to queue
[2026-05-11T22:36:30.624+0000] {logging_mixin.py:188} INFO - [2026-05-11T22:36:30.623+0000] {dagbag.py:538} INFO - Filling up the DagBag from /opt/airflow/dags/job_etl_dag.py
[2026-05-11T22:36:30.682+0000] {processor.py:840} INFO - DAG(s) 'job_market_etl' retrieved from /opt/airflow/dags/job_etl_dag.py
[2026-05-11T22:36:30.763+0000] {logging_mixin.py:188} INFO - [2026-05-11T22:36:30.762+0000] {dag.py:3036} INFO - Sync 1 DAGs
[2026-05-11T22:36:30.792+0000] {logging_mixin.py:188} INFO - [2026-05-11T22:36:30.792+0000] {dag.py:3823} INFO - Setting next_dagrun for job_market_etl to None, run_after=None
[2026-05-11T22:36:30.853+0000] {processor.py:183} INFO - Processing /opt/airflow/dags/job_etl_dag.py took 0.244 seconds
[2026-05-11T22:37:01.003+0000] {processor.py:161} INFO - Started process (PID=2087) to work on /opt/airflow/dags/job_etl_dag.py
[2026-05-11T22:37:01.008+0000] {processor.py:830} INFO - Processing file /opt/airflow/dags/job_etl_dag.py for tasks to queue
[2026-05-11T22:37:01.011+0000] {logging_mixin.py:188} INFO - [2026-05-11T22:37:01.010+0000] {dagbag.py:538} INFO - Filling up the DagBag from /opt/airflow/dags/job_etl_dag.py
[2026-05-11T22:37:01.076+0000] {processor.py:840} INFO - DAG(s) 'job_market_etl' retrieved from /opt/airflow/dags/job_etl_dag.py
[2026-05-11T22:37:01.164+0000] {logging_mixin.py:188} INFO - [2026-05-11T22:37:01.164+0000] {dag.py:3036} INFO - Sync 1 DAGs
[2026-05-11T22:37:01.197+0000] {logging_mixin.py:188} INFO - [2026-05-11T22:37:01.196+0000] {dag.py:3823} INFO - Setting next_dagrun for job_market_etl to None, run_after=None
[2026-05-11T22:37:01.268+0000] {processor.py:183} INFO - Processing /opt/airflow/dags/job_etl_dag.py took 0.275 seconds
[2026-05-11T22:37:31.654+0000] {processor.py:161} INFO - Started process (PID=2088) to work on /opt/airflow/dags/job_etl_dag.py
[2026-05-11T22:37:31.658+0000] {processor.py:830} INFO - Processing file /opt/airflow/dags/job_etl_dag.py for tasks to queue
[2026-05-11T22:37:31.662+0000] {logging_mixin.py:188} INFO - [2026-05-11T22:37:31.661+0000] {dagbag.py:538} INFO - Filling up the DagBag from /opt/airflow/dags/job_etl_dag.py
[2026-05-11T22:37:31.726+0000] {processor.py:840} INFO - DAG(s) 'job_market_etl' retrieved from /opt/airflow/dags/job_etl_dag.py
[2026-05-11T22:37:31.804+0000] {logging_mixin.py:188} INFO - [2026-05-11T22:37:31.803+0000] {dag.py:3036} INFO - Sync 1 DAGs
[2026-05-11T22:37:31.833+0000] {logging_mixin.py:188} INFO - [2026-05-11T22:37:31.833+0000] {dag.py:3823} INFO - Setting next_dagrun for job_market_etl to None, run_after=None
[2026-05-11T22:37:31.898+0000] {processor.py:183} INFO - Processing /opt/airflow/dags/job_etl_dag.py took 0.258 seconds
[2026-05-11T22:38:02.057+0000] {processor.py:161} INFO - Started process (PID=2089) to work on /opt/airflow/dags/job_etl_dag.py
[2026-05-11T22:38:02.061+0000] {processor.py:830} INFO - Processing file /opt/airflow/dags/job_etl_dag.py for tasks to queue
[2026-05-11T22:38:02.064+0000] {logging_mixin.py:188} INFO - [2026-05-11T22:38:02.063+0000] {dagbag.py:538} INFO - Filling up the DagBag from /opt/airflow/dags/job_etl_dag.py
[2026-05-11T22:38:02.122+0000] {processor.py:840} INFO - DAG(s) 'job_market_etl' retrieved from /opt/airflow/dags/job_etl_dag.py
[2026-05-11T22:38:02.195+0000] {logging_mixin.py:188} INFO - [2026-05-11T22:38:02.195+0000] {dag.py:3036} INFO - Sync 1 DAGs
[2026-05-11T22:38:02.228+0000] {logging_mixin.py:188} INFO - [2026-05-11T22:38:02.227+0000] {dag.py:3823} INFO - Setting next_dagrun for job_market_etl to None, run_after=None
[2026-05-11T22:38:02.286+0000] {processor.py:183} INFO - Processing /opt/airflow/dags/job_etl_dag.py took 0.241 seconds
[2026-05-11T22:38:32.701+0000] {processor.py:161} INFO - Started process (PID=2090) to work on /opt/airflow/dags/job_etl_dag.py
[2026-05-11T22:38:32.705+0000] {processor.py:830} INFO - Processing file /opt/airflow/dags/job_etl_dag.py for tasks to queue
[2026-05-11T22:38:32.709+0000] {logging_mixin.py:188} INFO - [2026-05-11T22:38:32.708+0000] {dagbag.py:538} INFO - Filling up the DagBag from /opt/airflow/dags/job_etl_dag.py
[2026-05-11T22:38:32.777+0000] {processor.py:840} INFO - DAG(s) 'job_market_etl' retrieved from /opt/airflow/dags/job_etl_dag.py
[2026-05-11T22:38:32.871+0000] {logging_mixin.py:188} INFO - [2026-05-11T22:38:32.870+0000] {dag.py:3036} INFO - Sync 1 DAGs
[2026-05-11T22:38:32.911+0000] {logging_mixin.py:188} INFO - [2026-05-11T22:38:32.910+0000] {dag.py:3823} INFO - Setting next_dagrun for job_market_etl to None, run_after=None
[2026-05-11T22:38:32.998+0000] {processor.py:183} INFO - Processing /opt/airflow/dags/job_etl_dag.py took 0.310 seconds
[2026-05-11T22:39:03.456+0000] {processor.py:161} INFO - Started process (PID=2091) to work on /opt/airflow/dags/job_etl_dag.py
[2026-05-11T22:39:03.460+0000] {processor.py:830} INFO - Processing file /opt/airflow/dags/job_etl_dag.py for tasks to queue
[2026-05-11T22:39:03.465+0000] {logging_mixin.py:188} INFO - [2026-05-11T22:39:03.464+0000] {dagbag.py:538} INFO - Filling up the DagBag from /opt/airflow/dags/job_etl_dag.py
[2026-05-11T22:39:03.544+0000] {processor.py:840} INFO - DAG(s) 'job_market_etl' retrieved from /opt/airflow/dags/job_etl_dag.py
[2026-05-11T22:39:03.639+0000] {logging_mixin.py:188} INFO - [2026-05-11T22:39:03.638+0000] {dag.py:3036} INFO - Sync 1 DAGs
[2026-05-11T22:39:03.676+0000] {logging_mixin.py:188} INFO - [2026-05-11T22:39:03.675+0000] {dag.py:3823} INFO - Setting next_dagrun for job_market_etl to None, run_after=None
[2026-05-11T22:39:03.748+0000] {processor.py:183} INFO - Processing /opt/airflow/dags/job_etl_dag.py took 0.307 seconds
[2026-05-11T22:39:34.216+0000] {processor.py:161} INFO - Started process (PID=2092) to work on /opt/airflow/dags/job_etl_dag.py
[2026-05-11T22:39:34.221+0000] {processor.py:830} INFO - Processing file /opt/airflow/dags/job_etl_dag.py for tasks to queue
[2026-05-11T22:39:34.225+0000] {logging_mixin.py:188} INFO - [2026-05-11T22:39:34.224+0000] {dagbag.py:538} INFO - Filling up the DagBag from /opt/airflow/dags/job_etl_dag.py
[2026-05-11T22:39:34.295+0000] {processor.py:840} INFO - DAG(s) 'job_market_etl' retrieved from /opt/airflow/dags/job_etl_dag.py
[2026-05-11T22:39:34.386+0000] {logging_mixin.py:188} INFO - [2026-05-11T22:39:34.385+0000] {dag.py:3036} INFO - Sync 1 DAGs
[2026-05-11T22:39:34.424+0000] {logging_mixin.py:188} INFO - [2026-05-11T22:39:34.423+0000] {dag.py:3823} INFO - Setting next_dagrun for job_market_etl to None, run_after=None
[2026-05-11T22:39:34.501+0000] {processor.py:183} INFO - Processing /opt/airflow/dags/job_etl_dag.py took 0.298 seconds
[2026-05-11T22:40:04.988+0000] {processor.py:161} INFO - Started process (PID=2093) to work on /opt/airflow/dags/job_etl_dag.py
[2026-05-11T22:40:04.992+0000] {processor.py:830} INFO - Processing file /opt/airflow/dags/job_etl_dag.py for tasks to queue
[2026-05-11T22:40:04.996+0000] {logging_mixin.py:188} INFO - [2026-05-11T22:40:04.995+0000] {dagbag.py:538} INFO - Filling up the DagBag from /opt/airflow/dags/job_etl_dag.py
[2026-05-11T22:40:05.072+0000] {processor.py:840} INFO - DAG(s) 'job_market_etl' retrieved from /opt/airflow/dags/job_etl_dag.py
[2026-05-11T22:40:05.176+0000] {logging_mixin.py:188} INFO - [2026-05-11T22:40:05.175+0000] {dag.py:3036} INFO - Sync 1 DAGs
[2026-05-11T22:40:05.219+0000] {logging_mixin.py:188} INFO - [2026-05-11T22:40:05.219+0000] {dag.py:3823} INFO - Setting next_dagrun for job_market_etl to None, run_after=None
[2026-05-11T22:40:05.314+0000] {processor.py:183} INFO - Processing /opt/airflow/dags/job_etl_dag.py took 0.342 seconds
[2026-05-11T22:40:35.840+0000] {processor.py:161} INFO - Started process (PID=2094) to work on /opt/airflow/dags/job_etl_dag.py
[2026-05-11T22:40:35.845+0000] {processor.py:830} INFO - Processing file /opt/airflow/dags/job_etl_dag.py for tasks to queue
[2026-05-11T22:40:35.849+0000] {logging_mixin.py:188} INFO - [2026-05-11T22:40:35.848+0000] {dagbag.py:538} INFO - Filling up the DagBag from /opt/airflow/dags/job_etl_dag.py
[2026-05-11T22:40:35.920+0000] {processor.py:840} INFO - DAG(s) 'job_market_etl' retrieved from /opt/airflow/dags/job_etl_dag.py
[2026-05-11T22:40:36.018+0000] {logging_mixin.py:188} INFO - [2026-05-11T22:40:36.017+0000] {dag.py:3036} INFO - Sync 1 DAGs
[2026-05-11T22:40:36.056+0000] {logging_mixin.py:188} INFO - [2026-05-11T22:40:36.056+0000] {dag.py:3823} INFO - Setting next_dagrun for job_market_etl to None, run_after=None
[2026-05-11T22:40:36.134+0000] {processor.py:183} INFO - Processing /opt/airflow/dags/job_etl_dag.py took 0.311 seconds
[2026-05-11T22:41:06.295+0000] {processor.py:161} INFO - Started process (PID=2095) to work on /opt/airflow/dags/job_etl_dag.py
[2026-05-11T22:41:06.299+0000] {processor.py:830} INFO - Processing file /opt/airflow/dags/job_etl_dag.py for tasks to queue
[2026-05-11T22:41:06.303+0000] {logging_mixin.py:188} INFO - [2026-05-11T22:41:06.302+0000] {dagbag.py:538} INFO - Filling up the DagBag from /opt/airflow/dags/job_etl_dag.py
[2026-05-11T22:41:06.377+0000] {processor.py:840} INFO - DAG(s) 'job_market_etl' retrieved from /opt/airflow/dags/job_etl_dag.py
[2026-05-11T22:41:06.473+0000] {logging_mixin.py:188} INFO - [2026-05-11T22:41:06.472+0000] {dag.py:3036} INFO - Sync 1 DAGs
[2026-05-11T22:41:06.518+0000] {logging_mixin.py:188} INFO - [2026-05-11T22:41:06.518+0000] {dag.py:3823} INFO - Setting next_dagrun for job_market_etl to None, run_after=None
[2026-05-11T22:41:06.588+0000] {processor.py:183} INFO - Processing /opt/airflow/dags/job_etl_dag.py took 0.305 seconds
[2026-05-11T22:41:36.965+0000] {processor.py:161} INFO - Started process (PID=2096) to work on /opt/airflow/dags/job_etl_dag.py
[2026-05-11T22:41:36.970+0000] {processor.py:830} INFO - Processing file /opt/airflow/dags/job_etl_dag.py for tasks to queue
[2026-05-11T22:41:36.974+0000] {logging_mixin.py:188} INFO - [2026-05-11T22:41:36.973+0000] {dagbag.py:538} INFO - Filling up the DagBag from /opt/airflow/dags/job_etl_dag.py
[2026-05-11T22:41:37.043+0000] {processor.py:840} INFO - DAG(s) 'job_market_etl' retrieved from /opt/airflow/dags/job_etl_dag.py
[2026-05-11T22:41:37.150+0000] {logging_mixin.py:188} INFO - [2026-05-11T22:41:37.149+0000] {dag.py:3036} INFO - Sync 1 DAGs
[2026-05-11T22:41:37.189+0000] {logging_mixin.py:188} INFO - [2026-05-11T22:41:37.188+0000] {dag.py:3823} INFO - Setting next_dagrun for job_market_etl to None, run_after=None
[2026-05-11T22:41:37.273+0000] {processor.py:183} INFO - Processing /opt/airflow/dags/job_etl_dag.py took 0.324 seconds
[2026-05-11T22:42:07.751+0000] {processor.py:161} INFO - Started process (PID=2098) to work on /opt/airflow/dags/job_etl_dag.py
[2026-05-11T22:42:07.757+0000] {processor.py:830} INFO - Processing file /opt/airflow/dags/job_etl_dag.py for tasks to queue
[2026-05-11T22:42:07.762+0000] {logging_mixin.py:188} INFO - [2026-05-11T22:42:07.760+0000] {dagbag.py:538} INFO - Filling up the DagBag from /opt/airflow/dags/job_etl_dag.py
[2026-05-11T22:42:07.837+0000] {processor.py:840} INFO - DAG(s) 'job_market_etl' retrieved from /opt/airflow/dags/job_etl_dag.py
[2026-05-11T22:42:07.942+0000] {logging_mixin.py:188} INFO - [2026-05-11T22:42:07.941+0000] {dag.py:3036} INFO - Sync 1 DAGs
[2026-05-11T22:42:07.988+0000] {logging_mixin.py:188} INFO - [2026-05-11T22:42:07.987+0000] {dag.py:3823} INFO - Setting next_dagrun for job_market_etl to None, run_after=None
[2026-05-11T22:42:08.056+0000] {processor.py:183} INFO - Processing /opt/airflow/dags/job_etl_dag.py took 0.320 seconds
[2026-05-11T22:42:38.548+0000] {processor.py:161} INFO - Started process (PID=2099) to work on /opt/airflow/dags/job_etl_dag.py
[2026-05-11T22:42:38.553+0000] {processor.py:830} INFO - Processing file /opt/airflow/dags/job_etl_dag.py for tasks to queue
[2026-05-11T22:42:38.559+0000] {logging_mixin.py:188} INFO - [2026-05-11T22:42:38.557+0000] {dagbag.py:538} INFO - Filling up the DagBag from /opt/airflow/dags/job_etl_dag.py
[2026-05-11T22:42:38.633+0000] {processor.py:840} INFO - DAG(s) 'job_market_etl' retrieved from /opt/airflow/dags/job_etl_dag.py
[2026-05-11T22:42:38.726+0000] {logging_mixin.py:188} INFO - [2026-05-11T22:42:38.725+0000] {dag.py:3036} INFO - Sync 1 DAGs
[2026-05-11T22:42:38.773+0000] {logging_mixin.py:188} INFO - [2026-05-11T22:42:38.773+0000] {dag.py:3823} INFO - Setting next_dagrun for job_market_etl to None, run_after=None
[2026-05-11T22:42:38.836+0000] {processor.py:183} INFO - Processing /opt/airflow/dags/job_etl_dag.py took 0.302 seconds
[2026-05-11T22:43:09.310+0000] {processor.py:161} INFO - Started process (PID=2100) to work on /opt/airflow/dags/job_etl_dag.py
[2026-05-11T22:43:09.315+0000] {processor.py:830} INFO - Processing file /opt/airflow/dags/job_etl_dag.py for tasks to queue
[2026-05-11T22:43:09.320+0000] {logging_mixin.py:188} INFO - [2026-05-11T22:43:09.319+0000] {dagbag.py:538} INFO - Filling up the DagBag from /opt/airflow/dags/job_etl_dag.py
[2026-05-11T22:43:09.391+0000] {processor.py:840} INFO - DAG(s) 'job_market_etl' retrieved from /opt/airflow/dags/job_etl_dag.py
[2026-05-11T22:43:09.507+0000] {logging_mixin.py:188} INFO - [2026-05-11T22:43:09.506+0000] {dag.py:3036} INFO - Sync 1 DAGs
[2026-05-11T22:43:09.548+0000] {logging_mixin.py:188} INFO - [2026-05-11T22:43:09.547+0000] {dag.py:3823} INFO - Setting next_dagrun for job_market_etl to None, run_after=None
[2026-05-11T22:43:09.629+0000] {processor.py:183} INFO - Processing /opt/airflow/dags/job_etl_dag.py took 0.336 seconds
[2026-05-11T22:43:40.115+0000] {processor.py:161} INFO - Started process (PID=2101) to work on /opt/airflow/dags/job_etl_dag.py
[2026-05-11T22:43:40.121+0000] {processor.py:830} INFO - Processing file /opt/airflow/dags/job_etl_dag.py for tasks to queue
[2026-05-11T22:43:40.125+0000] {logging_mixin.py:188} INFO - [2026-05-11T22:43:40.124+0000] {dagbag.py:538} INFO - Filling up the DagBag from /opt/airflow/dags/job_etl_dag.py
[2026-05-11T22:43:40.200+0000] {processor.py:840} INFO - DAG(s) 'job_market_etl' retrieved from /opt/airflow/dags/job_etl_dag.py
[2026-05-11T22:43:40.290+0000] {logging_mixin.py:188} INFO - [2026-05-11T22:43:40.289+0000] {dag.py:3036} INFO - Sync 1 DAGs
[2026-05-11T22:43:40.325+0000] {logging_mixin.py:188} INFO - [2026-05-11T22:43:40.325+0000] {dag.py:3823} INFO - Setting next_dagrun for job_market_etl to None, run_after=None
[2026-05-11T22:43:40.377+0000] {processor.py:183} INFO - Processing /opt/airflow/dags/job_etl_dag.py took 0.280 seconds
[2026-05-11T22:44:10.499+0000] {processor.py:161} INFO - Started process (PID=2102) to work on /opt/airflow/dags/job_etl_dag.py
[2026-05-11T22:44:10.504+0000] {processor.py:830} INFO - Processing file /opt/airflow/dags/job_etl_dag.py for tasks to queue
[2026-05-11T22:44:10.508+0000] {logging_mixin.py:188} INFO - [2026-05-11T22:44:10.507+0000] {dagbag.py:538} INFO - Filling up the DagBag from /opt/airflow/dags/job_etl_dag.py
[2026-05-11T22:44:10.580+0000] {processor.py:840} INFO - DAG(s) 'job_market_etl' retrieved from /opt/airflow/dags/job_etl_dag.py
[2026-05-11T22:44:10.680+0000] {logging_mixin.py:188} INFO - [2026-05-11T22:44:10.679+0000] {dag.py:3036} INFO - Sync 1 DAGs
[2026-05-11T22:44:10.710+0000] {logging_mixin.py:188} INFO - [2026-05-11T22:44:10.709+0000] {dag.py:3823} INFO - Setting next_dagrun for job_market_etl to None, run_after=None
[2026-05-11T22:44:10.757+0000] {processor.py:183} INFO - Processing /opt/airflow/dags/job_etl_dag.py took 0.273 seconds
[2026-05-11T22:44:41.223+0000] {processor.py:161} INFO - Started process (PID=2103) to work on /opt/airflow/dags/job_etl_dag.py
[2026-05-11T22:44:41.227+0000] {processor.py:830} INFO - Processing file /opt/airflow/dags/job_etl_dag.py for tasks to queue
[2026-05-11T22:44:41.231+0000] {logging_mixin.py:188} INFO - [2026-05-11T22:44:41.230+0000] {dagbag.py:538} INFO - Filling up the DagBag from /opt/airflow/dags/job_etl_dag.py
[2026-05-11T22:44:41.299+0000] {processor.py:840} INFO - DAG(s) 'job_market_etl' retrieved from /opt/airflow/dags/job_etl_dag.py
[2026-05-11T22:44:41.394+0000] {logging_mixin.py:188} INFO - [2026-05-11T22:44:41.393+0000] {dag.py:3036} INFO - Sync 1 DAGs
[2026-05-11T22:44:41.433+0000] {logging_mixin.py:188} INFO - [2026-05-11T22:44:41.432+0000] {dag.py:3823} INFO - Setting next_dagrun for job_market_etl to None, run_after=None
[2026-05-11T22:44:41.510+0000] {processor.py:183} INFO - Processing /opt/airflow/dags/job_etl_dag.py took 0.302 seconds
[2026-05-11T22:45:11.636+0000] {processor.py:161} INFO - Started process (PID=2104) to work on /opt/airflow/dags/job_etl_dag.py
[2026-05-11T22:45:11.640+0000] {processor.py:830} INFO - Processing file /opt/airflow/dags/job_etl_dag.py for tasks to queue
[2026-05-11T22:45:11.644+0000] {logging_mixin.py:188} INFO - [2026-05-11T22:45:11.643+0000] {dagbag.py:538} INFO - Filling up the DagBag from /opt/airflow/dags/job_etl_dag.py
[2026-05-11T22:45:11.713+0000] {processor.py:840} INFO - DAG(s) 'job_market_etl' retrieved from /opt/airflow/dags/job_etl_dag.py
[2026-05-11T22:45:11.839+0000] {logging_mixin.py:188} INFO - [2026-05-11T22:45:11.839+0000] {dag.py:3036} INFO - Sync 1 DAGs
[2026-05-11T22:45:11.874+0000] {logging_mixin.py:188} INFO - [2026-05-11T22:45:11.873+0000] {dag.py:3823} INFO - Setting next_dagrun for job_market_etl to None, run_after=None
[2026-05-11T22:45:11.937+0000] {processor.py:183} INFO - Processing /opt/airflow/dags/job_etl_dag.py took 0.314 seconds
[2026-05-11T22:45:42.363+0000] {processor.py:161} INFO - Started process (PID=2105) to work on /opt/airflow/dags/job_etl_dag.py
[2026-05-11T22:45:42.366+0000] {processor.py:830} INFO - Processing file /opt/airflow/dags/job_etl_dag.py for tasks to queue
[2026-05-11T22:45:42.371+0000] {logging_mixin.py:188} INFO - [2026-05-11T22:45:42.370+0000] {dagbag.py:538} INFO - Filling up the DagBag from /opt/airflow/dags/job_etl_dag.py
[2026-05-11T22:45:42.440+0000] {processor.py:840} INFO - DAG(s) 'job_market_etl' retrieved from /opt/airflow/dags/job_etl_dag.py
[2026-05-11T22:45:42.522+0000] {logging_mixin.py:188} INFO - [2026-05-11T22:45:42.521+0000] {dag.py:3036} INFO - Sync 1 DAGs
[2026-05-11T22:45:42.559+0000] {logging_mixin.py:188} INFO - [2026-05-11T22:45:42.558+0000] {dag.py:3823} INFO - Setting next_dagrun for job_market_etl to None, run_after=None
[2026-05-11T22:45:42.622+0000] {processor.py:183} INFO - Processing /opt/airflow/dags/job_etl_dag.py took 0.268 seconds
[2026-05-11T22:46:12.851+0000] {processor.py:161} INFO - Started process (PID=2106) to work on /opt/airflow/dags/job_etl_dag.py
[2026-05-11T22:46:12.855+0000] {processor.py:830} INFO - Processing file /opt/airflow/dags/job_etl_dag.py for tasks to queue
[2026-05-11T22:46:12.859+0000] {logging_mixin.py:188} INFO - [2026-05-11T22:46:12.858+0000] {dagbag.py:538} INFO - Filling up the DagBag from /opt/airflow/dags/job_etl_dag.py
[2026-05-11T22:46:13.017+0000] {processor.py:840} INFO - DAG(s) 'job_market_etl' retrieved from /opt/airflow/dags/job_etl_dag.py
[2026-05-11T22:46:13.096+0000] {logging_mixin.py:188} INFO - [2026-05-11T22:46:13.095+0000] {dag.py:3036} INFO - Sync 1 DAGs
[2026-05-11T22:46:13.127+0000] {logging_mixin.py:188} INFO - [2026-05-11T22:46:13.126+0000] {dag.py:3823} INFO - Setting next_dagrun for job_market_etl to None, run_after=None
[2026-05-11T22:46:13.193+0000] {processor.py:183} INFO - Processing /opt/airflow/dags/job_etl_dag.py took 0.358 seconds
[2026-05-11T22:46:43.433+0000] {processor.py:161} INFO - Started process (PID=2107) to work on /opt/airflow/dags/job_etl_dag.py
[2026-05-11T22:46:43.438+0000] {processor.py:830} INFO - Processing file /opt/airflow/dags/job_etl_dag.py for tasks to queue
[2026-05-11T22:46:43.443+0000] {logging_mixin.py:188} INFO - [2026-05-11T22:46:43.442+0000] {dagbag.py:538} INFO - Filling up the DagBag from /opt/airflow/dags/job_etl_dag.py
[2026-05-11T22:46:43.508+0000] {processor.py:840} INFO - DAG(s) 'job_market_etl' retrieved from /opt/airflow/dags/job_etl_dag.py
[2026-05-11T22:46:43.589+0000] {logging_mixin.py:188} INFO - [2026-05-11T22:46:43.588+0000] {dag.py:3036} INFO - Sync 1 DAGs
[2026-05-11T22:46:43.625+0000] {logging_mixin.py:188} INFO - [2026-05-11T22:46:43.624+0000] {dag.py:3823} INFO - Setting next_dagrun for job_market_etl to None, run_after=None
[2026-05-11T22:46:43.687+0000] {processor.py:183} INFO - Processing /opt/airflow/dags/job_etl_dag.py took 0.268 seconds
[2026-05-11T22:47:14.009+0000] {processor.py:161} INFO - Started process (PID=2108) to work on /opt/airflow/dags/job_etl_dag.py
[2026-05-11T22:47:14.013+0000] {processor.py:830} INFO - Processing file /opt/airflow/dags/job_etl_dag.py for tasks to queue
[2026-05-11T22:47:14.016+0000] {logging_mixin.py:188} INFO - [2026-05-11T22:47:14.015+0000] {dagbag.py:538} INFO - Filling up the DagBag from /opt/airflow/dags/job_etl_dag.py
[2026-05-11T22:47:14.094+0000] {processor.py:840} INFO - DAG(s) 'job_market_etl' retrieved from /opt/airflow/dags/job_etl_dag.py
[2026-05-11T22:47:14.195+0000] {logging_mixin.py:188} INFO - [2026-05-11T22:47:14.195+0000] {dag.py:3036} INFO - Sync 1 DAGs
[2026-05-11T22:47:14.231+0000] {logging_mixin.py:188} INFO - [2026-05-11T22:47:14.230+0000] {dag.py:3823} INFO - Setting next_dagrun for job_market_etl to None, run_after=None
[2026-05-11T22:47:14.305+0000] {processor.py:183} INFO - Processing /opt/airflow/dags/job_etl_dag.py took 0.314 seconds
[2026-05-11T22:47:44.531+0000] {processor.py:161} INFO - Started process (PID=2109) to work on /opt/airflow/dags/job_etl_dag.py
[2026-05-11T22:47:44.536+0000] {processor.py:830} INFO - Processing file /opt/airflow/dags/job_etl_dag.py for tasks to queue
[2026-05-11T22:47:44.539+0000] {logging_mixin.py:188} INFO - [2026-05-11T22:47:44.538+0000] {dagbag.py:538} INFO - Filling up the DagBag from /opt/airflow/dags/job_etl_dag.py
[2026-05-11T22:47:44.625+0000] {processor.py:840} INFO - DAG(s) 'job_market_etl' retrieved from /opt/airflow/dags/job_etl_dag.py
[2026-05-11T22:47:44.725+0000] {logging_mixin.py:188} INFO - [2026-05-11T22:47:44.724+0000] {dag.py:3036} INFO - Sync 1 DAGs
[2026-05-11T22:47:44.758+0000] {logging_mixin.py:188} INFO - [2026-05-11T22:47:44.758+0000] {dag.py:3823} INFO - Setting next_dagrun for job_market_etl to None, run_after=None
[2026-05-11T22:47:44.833+0000] {processor.py:183} INFO - Processing /opt/airflow/dags/job_etl_dag.py took 0.318 seconds
[2026-05-11T22:48:15.138+0000] {processor.py:161} INFO - Started process (PID=2110) to work on /opt/airflow/dags/job_etl_dag.py
[2026-05-11T22:48:15.143+0000] {processor.py:830} INFO - Processing file /opt/airflow/dags/job_etl_dag.py for tasks to queue
[2026-05-11T22:48:15.147+0000] {logging_mixin.py:188} INFO - [2026-05-11T22:48:15.145+0000] {dagbag.py:538} INFO - Filling up the DagBag from /opt/airflow/dags/job_etl_dag.py
[2026-05-11T22:48:15.227+0000] {processor.py:840} INFO - DAG(s) 'job_market_etl' retrieved from /opt/airflow/dags/job_etl_dag.py
[2026-05-11T22:48:15.315+0000] {logging_mixin.py:188} INFO - [2026-05-11T22:48:15.314+0000] {dag.py:3036} INFO - Sync 1 DAGs
[2026-05-11T22:48:15.348+0000] {logging_mixin.py:188} INFO - [2026-05-11T22:48:15.347+0000] {dag.py:3823} INFO - Setting next_dagrun for job_market_etl to None, run_after=None
[2026-05-11T22:48:15.422+0000] {processor.py:183} INFO - Processing /opt/airflow/dags/job_etl_dag.py took 0.302 seconds
[2026-05-11T22:48:45.656+0000] {processor.py:161} INFO - Started process (PID=2111) to work on /opt/airflow/dags/job_etl_dag.py
[2026-05-11T22:48:45.661+0000] {processor.py:830} INFO - Processing file /opt/airflow/dags/job_etl_dag.py for tasks to queue
[2026-05-11T22:48:45.666+0000] {logging_mixin.py:188} INFO - [2026-05-11T22:48:45.664+0000] {dagbag.py:538} INFO - Filling up the DagBag from /opt/airflow/dags/job_etl_dag.py
[2026-05-11T22:48:45.755+0000] {processor.py:840} INFO - DAG(s) 'job_market_etl' retrieved from /opt/airflow/dags/job_etl_dag.py
[2026-05-11T22:48:45.843+0000] {logging_mixin.py:188} INFO - [2026-05-11T22:48:45.842+0000] {dag.py:3036} INFO - Sync 1 DAGs
[2026-05-11T22:48:45.870+0000] {logging_mixin.py:188} INFO - [2026-05-11T22:48:45.870+0000] {dag.py:3823} INFO - Setting next_dagrun for job_market_etl to None, run_after=None
[2026-05-11T22:48:45.933+0000] {processor.py:183} INFO - Processing /opt/airflow/dags/job_etl_dag.py took 0.291 seconds
[2026-05-11T22:49:16.256+0000] {processor.py:161} INFO - Started process (PID=2112) to work on /opt/airflow/dags/job_etl_dag.py
[2026-05-11T22:49:16.261+0000] {processor.py:830} INFO - Processing file /opt/airflow/dags/job_etl_dag.py for tasks to queue
[2026-05-11T22:49:16.265+0000] {logging_mixin.py:188} INFO - [2026-05-11T22:49:16.264+0000] {dagbag.py:538} INFO - Filling up the DagBag from /opt/airflow/dags/job_etl_dag.py
[2026-05-11T22:49:16.362+0000] {processor.py:840} INFO - DAG(s) 'job_market_etl' retrieved from /opt/airflow/dags/job_etl_dag.py
[2026-05-11T22:49:16.450+0000] {logging_mixin.py:188} INFO - [2026-05-11T22:49:16.449+0000] {dag.py:3036} INFO - Sync 1 DAGs
[2026-05-11T22:49:16.484+0000] {logging_mixin.py:188} INFO - [2026-05-11T22:49:16.484+0000] {dag.py:3823} INFO - Setting next_dagrun for job_market_etl to None, run_after=None
[2026-05-11T22:49:16.565+0000] {processor.py:183} INFO - Processing /opt/airflow/dags/job_etl_dag.py took 0.327 seconds
[2026-05-11T22:49:46.751+0000] {processor.py:161} INFO - Started process (PID=2113) to work on /opt/airflow/dags/job_etl_dag.py
[2026-05-11T22:49:46.756+0000] {processor.py:830} INFO - Processing file /opt/airflow/dags/job_etl_dag.py for tasks to queue
[2026-05-11T22:49:46.761+0000] {logging_mixin.py:188} INFO - [2026-05-11T22:49:46.759+0000] {dagbag.py:538} INFO - Filling up the DagBag from /opt/airflow/dags/job_etl_dag.py
[2026-05-11T22:49:46.834+0000] {processor.py:840} INFO - DAG(s) 'job_market_etl' retrieved from /opt/airflow/dags/job_etl_dag.py
[2026-05-11T22:49:46.935+0000] {logging_mixin.py:188} INFO - [2026-05-11T22:49:46.934+0000] {dag.py:3036} INFO - Sync 1 DAGs
[2026-05-11T22:49:46.978+0000] {logging_mixin.py:188} INFO - [2026-05-11T22:49:46.978+0000] {dag.py:3823} INFO - Setting next_dagrun for job_market_etl to None, run_after=None
[2026-05-11T22:49:47.054+0000] {processor.py:183} INFO - Processing /opt/airflow/dags/job_etl_dag.py took 0.320 seconds
[2026-05-11T22:50:17.402+0000] {processor.py:161} INFO - Started process (PID=2114) to work on /opt/airflow/dags/job_etl_dag.py
[2026-05-11T22:50:17.406+0000] {processor.py:830} INFO - Processing file /opt/airflow/dags/job_etl_dag.py for tasks to queue
[2026-05-11T22:50:17.411+0000] {logging_mixin.py:188} INFO - [2026-05-11T22:50:17.409+0000] {dagbag.py:538} INFO - Filling up the DagBag from /opt/airflow/dags/job_etl_dag.py
[2026-05-11T22:50:17.483+0000] {processor.py:840} INFO - DAG(s) 'job_market_etl' retrieved from /opt/airflow/dags/job_etl_dag.py
[2026-05-11T22:50:17.575+0000] {logging_mixin.py:188} INFO - [2026-05-11T22:50:17.574+0000] {dag.py:3036} INFO - Sync 1 DAGs
[2026-05-11T22:50:17.616+0000] {logging_mixin.py:188} INFO - [2026-05-11T22:50:17.615+0000] {dag.py:3823} INFO - Setting next_dagrun for job_market_etl to None, run_after=None
[2026-05-11T22:50:17.699+0000] {processor.py:183} INFO - Processing /opt/airflow/dags/job_etl_dag.py took 0.311 seconds
[2026-05-11T22:50:47.913+0000] {processor.py:161} INFO - Started process (PID=2115) to work on /opt/airflow/dags/job_etl_dag.py
[2026-05-11T22:50:47.917+0000] {processor.py:830} INFO - Processing file /opt/airflow/dags/job_etl_dag.py for tasks to queue
[2026-05-11T22:50:47.923+0000] {logging_mixin.py:188} INFO - [2026-05-11T22:50:47.922+0000] {dagbag.py:538} INFO - Filling up the DagBag from /opt/airflow/dags/job_etl_dag.py
[2026-05-11T22:50:48.005+0000] {processor.py:840} INFO - DAG(s) 'job_market_etl' retrieved from /opt/airflow/dags/job_etl_dag.py
[2026-05-11T22:50:48.080+0000] {logging_mixin.py:188} INFO - [2026-05-11T22:50:48.079+0000] {dag.py:3036} INFO - Sync 1 DAGs
[2026-05-11T22:50:48.110+0000] {logging_mixin.py:188} INFO - [2026-05-11T22:50:48.110+0000] {dag.py:3823} INFO - Setting next_dagrun for job_market_etl to None, run_after=None
[2026-05-11T22:50:48.158+0000] {processor.py:183} INFO - Processing /opt/airflow/dags/job_etl_dag.py took 0.264 seconds
[2026-05-11T22:51:18.615+0000] {processor.py:161} INFO - Started process (PID=2116) to work on /opt/airflow/dags/job_etl_dag.py
[2026-05-11T22:51:18.619+0000] {processor.py:830} INFO - Processing file /opt/airflow/dags/job_etl_dag.py for tasks to queue
[2026-05-11T22:51:18.623+0000] {logging_mixin.py:188} INFO - [2026-05-11T22:51:18.622+0000] {dagbag.py:538} INFO - Filling up the DagBag from /opt/airflow/dags/job_etl_dag.py
[2026-05-11T22:51:18.693+0000] {processor.py:840} INFO - DAG(s) 'job_market_etl' retrieved from /opt/airflow/dags/job_etl_dag.py
[2026-05-11T22:51:18.783+0000] {logging_mixin.py:188} INFO - [2026-05-11T22:51:18.783+0000] {dag.py:3036} INFO - Sync 1 DAGs
[2026-05-11T22:51:18.818+0000] {logging_mixin.py:188} INFO - [2026-05-11T22:51:18.818+0000] {dag.py:3823} INFO - Setting next_dagrun for job_market_etl to None, run_after=None
[2026-05-11T22:51:18.896+0000] {processor.py:183} INFO - Processing /opt/airflow/dags/job_etl_dag.py took 0.292 seconds
[2026-05-11T22:51:49.369+0000] {processor.py:161} INFO - Started process (PID=2117) to work on /opt/airflow/dags/job_etl_dag.py
[2026-05-11T22:51:49.374+0000] {processor.py:830} INFO - Processing file /opt/airflow/dags/job_etl_dag.py for tasks to queue
[2026-05-11T22:51:49.377+0000] {logging_mixin.py:188} INFO - [2026-05-11T22:51:49.376+0000] {dagbag.py:538} INFO - Filling up the DagBag from /opt/airflow/dags/job_etl_dag.py
[2026-05-11T22:51:49.451+0000] {processor.py:840} INFO - DAG(s) 'job_market_etl' retrieved from /opt/airflow/dags/job_etl_dag.py
[2026-05-11T22:51:49.549+0000] {logging_mixin.py:188} INFO - [2026-05-11T22:51:49.548+0000] {dag.py:3036} INFO - Sync 1 DAGs
[2026-05-11T22:51:49.584+0000] {logging_mixin.py:188} INFO - [2026-05-11T22:51:49.584+0000] {dag.py:3823} INFO - Setting next_dagrun for job_market_etl to None, run_after=None
[2026-05-11T22:51:49.664+0000] {processor.py:183} INFO - Processing /opt/airflow/dags/job_etl_dag.py took 0.312 seconds
[2026-05-11T22:52:20.149+0000] {processor.py:161} INFO - Started process (PID=2118) to work on /opt/airflow/dags/job_etl_dag.py
[2026-05-11T22:52:20.154+0000] {processor.py:830} INFO - Processing file /opt/airflow/dags/job_etl_dag.py for tasks to queue
[2026-05-11T22:52:20.158+0000] {logging_mixin.py:188} INFO - [2026-05-11T22:52:20.157+0000] {dagbag.py:538} INFO - Filling up the DagBag from /opt/airflow/dags/job_etl_dag.py
[2026-05-11T22:52:20.242+0000] {processor.py:840} INFO - DAG(s) 'job_market_etl' retrieved from /opt/airflow/dags/job_etl_dag.py
[2026-05-11T22:52:20.335+0000] {logging_mixin.py:188} INFO - [2026-05-11T22:52:20.334+0000] {dag.py:3036} INFO - Sync 1 DAGs
[2026-05-11T22:52:20.373+0000] {logging_mixin.py:188} INFO - [2026-05-11T22:52:20.372+0000] {dag.py:3823} INFO - Setting next_dagrun for job_market_etl to None, run_after=None
[2026-05-11T22:52:20.470+0000] {processor.py:183} INFO - Processing /opt/airflow/dags/job_etl_dag.py took 0.337 seconds
[2026-05-11T22:52:50.939+0000] {processor.py:161} INFO - Started process (PID=2119) to work on /opt/airflow/dags/job_etl_dag.py
[2026-05-11T22:52:50.942+0000] {processor.py:830} INFO - Processing file /opt/airflow/dags/job_etl_dag.py for tasks to queue
[2026-05-11T22:52:50.945+0000] {logging_mixin.py:188} INFO - [2026-05-11T22:52:50.944+0000] {dagbag.py:538} INFO - Filling up the DagBag from /opt/airflow/dags/job_etl_dag.py
[2026-05-11T22:52:51.003+0000] {processor.py:840} INFO - DAG(s) 'job_market_etl' retrieved from /opt/airflow/dags/job_etl_dag.py
[2026-05-11T22:52:51.083+0000] {logging_mixin.py:188} INFO - [2026-05-11T22:52:51.083+0000] {dag.py:3036} INFO - Sync 1 DAGs
[2026-05-11T22:52:51.119+0000] {logging_mixin.py:188} INFO - [2026-05-11T22:52:51.119+0000] {dag.py:3823} INFO - Setting next_dagrun for job_market_etl to None, run_after=None
[2026-05-11T22:52:51.176+0000] {processor.py:183} INFO - Processing /opt/airflow/dags/job_etl_dag.py took 0.247 seconds
[2026-05-11T22:53:21.328+0000] {processor.py:161} INFO - Started process (PID=2120) to work on /opt/airflow/dags/job_etl_dag.py
[2026-05-11T22:53:21.332+0000] {processor.py:830} INFO - Processing file /opt/airflow/dags/job_etl_dag.py for tasks to queue
[2026-05-11T22:53:21.335+0000] {logging_mixin.py:188} INFO - [2026-05-11T22:53:21.334+0000] {dagbag.py:538} INFO - Filling up the DagBag from /opt/airflow/dags/job_etl_dag.py
[2026-05-11T22:53:21.394+0000] {processor.py:840} INFO - DAG(s) 'job_market_etl' retrieved from /opt/airflow/dags/job_etl_dag.py
[2026-05-11T22:53:21.482+0000] {logging_mixin.py:188} INFO - [2026-05-11T22:53:21.482+0000] {dag.py:3036} INFO - Sync 1 DAGs
[2026-05-11T22:53:21.512+0000] {logging_mixin.py:188} INFO - [2026-05-11T22:53:21.512+0000] {dag.py:3823} INFO - Setting next_dagrun for job_market_etl to None, run_after=None
[2026-05-11T22:53:21.579+0000] {processor.py:183} INFO - Processing /opt/airflow/dags/job_etl_dag.py took 0.262 seconds
[2026-05-11T22:53:51.991+0000] {processor.py:161} INFO - Started process (PID=2121) to work on /opt/airflow/dags/job_etl_dag.py
[2026-05-11T22:53:51.995+0000] {processor.py:830} INFO - Processing file /opt/airflow/dags/job_etl_dag.py for tasks to queue
[2026-05-11T22:53:51.998+0000] {logging_mixin.py:188} INFO - [2026-05-11T22:53:51.997+0000] {dagbag.py:538} INFO - Filling up the DagBag from /opt/airflow/dags/job_etl_dag.py
[2026-05-11T22:53:52.061+0000] {processor.py:840} INFO - DAG(s) 'job_market_etl' retrieved from /opt/airflow/dags/job_etl_dag.py
[2026-05-11T22:53:52.139+0000] {logging_mixin.py:188} INFO - [2026-05-11T22:53:52.138+0000] {dag.py:3036} INFO - Sync 1 DAGs
[2026-05-11T22:53:52.168+0000] {logging_mixin.py:188} INFO - [2026-05-11T22:53:52.167+0000] {dag.py:3823} INFO - Setting next_dagrun for job_market_etl to None, run_after=None
[2026-05-11T22:53:52.230+0000] {processor.py:183} INFO - Processing /opt/airflow/dags/job_etl_dag.py took 0.248 seconds
[2026-05-11T22:54:22.473+0000] {processor.py:161} INFO - Started process (PID=2122) to work on /opt/airflow/dags/job_etl_dag.py
[2026-05-11T22:54:22.478+0000] {processor.py:830} INFO - Processing file /opt/airflow/dags/job_etl_dag.py for tasks to queue
[2026-05-11T22:54:22.483+0000] {logging_mixin.py:188} INFO - [2026-05-11T22:54:22.481+0000] {dagbag.py:538} INFO - Filling up the DagBag from /opt/airflow/dags/job_etl_dag.py
[2026-05-11T22:54:22.556+0000] {processor.py:840} INFO - DAG(s) 'job_market_etl' retrieved from /opt/airflow/dags/job_etl_dag.py
[2026-05-11T22:54:22.654+0000] {logging_mixin.py:188} INFO - [2026-05-11T22:54:22.653+0000] {dag.py:3036} INFO - Sync 1 DAGs
[2026-05-11T22:54:22.694+0000] {logging_mixin.py:188} INFO - [2026-05-11T22:54:22.694+0000] {dag.py:3823} INFO - Setting next_dagrun for job_market_etl to None, run_after=None
[2026-05-11T22:54:22.760+0000] {processor.py:183} INFO - Processing /opt/airflow/dags/job_etl_dag.py took 0.303 seconds
[2026-05-11T22:54:53.052+0000] {processor.py:161} INFO - Started process (PID=2123) to work on /opt/airflow/dags/job_etl_dag.py
[2026-05-11T22:54:53.056+0000] {processor.py:830} INFO - Processing file /opt/airflow/dags/job_etl_dag.py for tasks to queue
[2026-05-11T22:54:53.061+0000] {logging_mixin.py:188} INFO - [2026-05-11T22:54:53.060+0000] {dagbag.py:538} INFO - Filling up the DagBag from /opt/airflow/dags/job_etl_dag.py
[2026-05-11T22:54:53.129+0000] {processor.py:840} INFO - DAG(s) 'job_market_etl' retrieved from /opt/airflow/dags/job_etl_dag.py
[2026-05-11T22:54:53.217+0000] {logging_mixin.py:188} INFO - [2026-05-11T22:54:53.216+0000] {dag.py:3036} INFO - Sync 1 DAGs
[2026-05-11T22:54:53.252+0000] {logging_mixin.py:188} INFO - [2026-05-11T22:54:53.251+0000] {dag.py:3823} INFO - Setting next_dagrun for job_market_etl to None, run_after=None
[2026-05-11T22:54:53.311+0000] {processor.py:183} INFO - Processing /opt/airflow/dags/job_etl_dag.py took 0.274 seconds
[2026-05-11T22:55:23.629+0000] {processor.py:161} INFO - Started process (PID=2124) to work on /opt/airflow/dags/job_etl_dag.py
[2026-05-11T22:55:23.633+0000] {processor.py:830} INFO - Processing file /opt/airflow/dags/job_etl_dag.py for tasks to queue
[2026-05-11T22:55:23.637+0000] {logging_mixin.py:188} INFO - [2026-05-11T22:55:23.636+0000] {dagbag.py:538} INFO - Filling up the DagBag from /opt/airflow/dags/job_etl_dag.py
[2026-05-11T22:55:23.713+0000] {processor.py:840} INFO - DAG(s) 'job_market_etl' retrieved from /opt/airflow/dags/job_etl_dag.py
[2026-05-11T22:55:23.807+0000] {logging_mixin.py:188} INFO - [2026-05-11T22:55:23.807+0000] {dag.py:3036} INFO - Sync 1 DAGs
[2026-05-11T22:55:23.844+0000] {logging_mixin.py:188} INFO - [2026-05-11T22:55:23.844+0000] {dag.py:3823} INFO - Setting next_dagrun for job_market_etl to None, run_after=None
[2026-05-11T22:55:23.912+0000] {processor.py:183} INFO - Processing /opt/airflow/dags/job_etl_dag.py took 0.293 seconds
[2026-05-11T22:55:54.172+0000] {processor.py:161} INFO - Started process (PID=2125) to work on /opt/airflow/dags/job_etl_dag.py
[2026-05-11T22:55:54.177+0000] {processor.py:830} INFO - Processing file /opt/airflow/dags/job_etl_dag.py for tasks to queue
[2026-05-11T22:55:54.180+0000] {logging_mixin.py:188} INFO - [2026-05-11T22:55:54.179+0000] {dagbag.py:538} INFO - Filling up the DagBag from /opt/airflow/dags/job_etl_dag.py
[2026-05-11T22:55:54.251+0000] {processor.py:840} INFO - DAG(s) 'job_market_etl' retrieved from /opt/airflow/dags/job_etl_dag.py
[2026-05-11T22:55:54.346+0000] {logging_mixin.py:188} INFO - [2026-05-11T22:55:54.345+0000] {dag.py:3036} INFO - Sync 1 DAGs
[2026-05-11T22:55:54.388+0000] {logging_mixin.py:188} INFO - [2026-05-11T22:55:54.387+0000] {dag.py:3823} INFO - Setting next_dagrun for job_market_etl to None, run_after=None
[2026-05-11T22:55:54.437+0000] {processor.py:183} INFO - Processing /opt/airflow/dags/job_etl_dag.py took 0.283 seconds
[2026-05-11T22:56:24.824+0000] {processor.py:161} INFO - Started process (PID=2126) to work on /opt/airflow/dags/job_etl_dag.py
[2026-05-11T22:56:24.828+0000] {processor.py:830} INFO - Processing file /opt/airflow/dags/job_etl_dag.py for tasks to queue
[2026-05-11T22:56:24.832+0000] {logging_mixin.py:188} INFO - [2026-05-11T22:56:24.831+0000] {dagbag.py:538} INFO - Filling up the DagBag from /opt/airflow/dags/job_etl_dag.py
[2026-05-11T22:56:24.904+0000] {processor.py:840} INFO - DAG(s) 'job_market_etl' retrieved from /opt/airflow/dags/job_etl_dag.py
[2026-05-11T22:56:24.997+0000] {logging_mixin.py:188} INFO - [2026-05-11T22:56:24.996+0000] {dag.py:3036} INFO - Sync 1 DAGs
[2026-05-11T22:56:25.036+0000] {logging_mixin.py:188} INFO - [2026-05-11T22:56:25.035+0000] {dag.py:3823} INFO - Setting next_dagrun for job_market_etl to None, run_after=None
[2026-05-11T22:56:25.124+0000] {processor.py:183} INFO - Processing /opt/airflow/dags/job_etl_dag.py took 0.313 seconds
[2026-05-11T22:56:55.587+0000] {processor.py:161} INFO - Started process (PID=2127) to work on /opt/airflow/dags/job_etl_dag.py
[2026-05-11T22:56:55.591+0000] {processor.py:830} INFO - Processing file /opt/airflow/dags/job_etl_dag.py for tasks to queue
[2026-05-11T22:56:55.595+0000] {logging_mixin.py:188} INFO - [2026-05-11T22:56:55.594+0000] {dagbag.py:538} INFO - Filling up the DagBag from /opt/airflow/dags/job_etl_dag.py
[2026-05-11T22:56:55.684+0000] {processor.py:840} INFO - DAG(s) 'job_market_etl' retrieved from /opt/airflow/dags/job_etl_dag.py
[2026-05-11T22:56:55.804+0000] {logging_mixin.py:188} INFO - [2026-05-11T22:56:55.803+0000] {dag.py:3036} INFO - Sync 1 DAGs
[2026-05-11T22:56:55.840+0000] {logging_mixin.py:188} INFO - [2026-05-11T22:56:55.839+0000] {dag.py:3823} INFO - Setting next_dagrun for job_market_etl to None, run_after=None
[2026-05-11T22:56:55.906+0000] {processor.py:183} INFO - Processing /opt/airflow/dags/job_etl_dag.py took 0.332 seconds
[2026-05-11T22:57:26.391+0000] {processor.py:161} INFO - Started process (PID=2128) to work on /opt/airflow/dags/job_etl_dag.py
[2026-05-11T22:57:26.395+0000] {processor.py:830} INFO - Processing file /opt/airflow/dags/job_etl_dag.py for tasks to queue
[2026-05-11T22:57:26.399+0000] {logging_mixin.py:188} INFO - [2026-05-11T22:57:26.398+0000] {dagbag.py:538} INFO - Filling up the DagBag from /opt/airflow/dags/job_etl_dag.py
[2026-05-11T22:57:26.475+0000] {processor.py:840} INFO - DAG(s) 'job_market_etl' retrieved from /opt/airflow/dags/job_etl_dag.py
[2026-05-11T22:57:26.566+0000] {logging_mixin.py:188} INFO - [2026-05-11T22:57:26.565+0000] {dag.py:3036} INFO - Sync 1 DAGs
[2026-05-11T22:57:26.603+0000] {logging_mixin.py:188} INFO - [2026-05-11T22:57:26.602+0000] {dag.py:3823} INFO - Setting next_dagrun for job_market_etl to None, run_after=None
[2026-05-11T22:57:26.669+0000] {processor.py:183} INFO - Processing /opt/airflow/dags/job_etl_dag.py took 0.294 seconds
[2026-05-11T22:57:57.154+0000] {processor.py:161} INFO - Started process (PID=2129) to work on /opt/airflow/dags/job_etl_dag.py
[2026-05-11T22:57:57.157+0000] {processor.py:830} INFO - Processing file /opt/airflow/dags/job_etl_dag.py for tasks to queue
[2026-05-11T22:57:57.161+0000] {logging_mixin.py:188} INFO - [2026-05-11T22:57:57.160+0000] {dagbag.py:538} INFO - Filling up the DagBag from /opt/airflow/dags/job_etl_dag.py
[2026-05-11T22:57:57.224+0000] {processor.py:840} INFO - DAG(s) 'job_market_etl' retrieved from /opt/airflow/dags/job_etl_dag.py
[2026-05-11T22:57:57.313+0000] {logging_mixin.py:188} INFO - [2026-05-11T22:57:57.312+0000] {dag.py:3036} INFO - Sync 1 DAGs
[2026-05-11T22:57:57.343+0000] {logging_mixin.py:188} INFO - [2026-05-11T22:57:57.342+0000] {dag.py:3823} INFO - Setting next_dagrun for job_market_etl to None, run_after=None
[2026-05-11T22:57:57.410+0000] {processor.py:183} INFO - Processing /opt/airflow/dags/job_etl_dag.py took 0.271 seconds
[2026-05-11T22:58:27.871+0000] {processor.py:161} INFO - Started process (PID=2130) to work on /opt/airflow/dags/job_etl_dag.py
[2026-05-11T22:58:27.876+0000] {processor.py:830} INFO - Processing file /opt/airflow/dags/job_etl_dag.py for tasks to queue
[2026-05-11T22:58:27.880+0000] {logging_mixin.py:188} INFO - [2026-05-11T22:58:27.879+0000] {dagbag.py:538} INFO - Filling up the DagBag from /opt/airflow/dags/job_etl_dag.py
[2026-05-11T22:58:27.953+0000] {processor.py:840} INFO - DAG(s) 'job_market_etl' retrieved from /opt/airflow/dags/job_etl_dag.py
[2026-05-11T22:58:28.041+0000] {logging_mixin.py:188} INFO - [2026-05-11T22:58:28.041+0000] {dag.py:3036} INFO - Sync 1 DAGs
[2026-05-11T22:58:28.076+0000] {logging_mixin.py:188} INFO - [2026-05-11T22:58:28.075+0000] {dag.py:3823} INFO - Setting next_dagrun for job_market_etl to None, run_after=None
[2026-05-11T22:58:28.140+0000] {processor.py:183} INFO - Processing /opt/airflow/dags/job_etl_dag.py took 0.284 seconds
[2026-05-11T22:58:58.602+0000] {processor.py:161} INFO - Started process (PID=2131) to work on /opt/airflow/dags/job_etl_dag.py
[2026-05-11T22:58:58.606+0000] {processor.py:830} INFO - Processing file /opt/airflow/dags/job_etl_dag.py for tasks to queue
[2026-05-11T22:58:58.609+0000] {logging_mixin.py:188} INFO - [2026-05-11T22:58:58.608+0000] {dagbag.py:538} INFO - Filling up the DagBag from /opt/airflow/dags/job_etl_dag.py
[2026-05-11T22:58:58.678+0000] {processor.py:840} INFO - DAG(s) 'job_market_etl' retrieved from /opt/airflow/dags/job_etl_dag.py
[2026-05-11T22:58:58.779+0000] {logging_mixin.py:188} INFO - [2026-05-11T22:58:58.778+0000] {dag.py:3036} INFO - Sync 1 DAGs
[2026-05-11T22:58:58.818+0000] {logging_mixin.py:188} INFO - [2026-05-11T22:58:58.818+0000] {dag.py:3823} INFO - Setting next_dagrun for job_market_etl to None, run_after=None
[2026-05-11T22:58:58.900+0000] {processor.py:183} INFO - Processing /opt/airflow/dags/job_etl_dag.py took 0.310 seconds
[2026-05-11T22:59:29.353+0000] {processor.py:161} INFO - Started process (PID=2132) to work on /opt/airflow/dags/job_etl_dag.py
[2026-05-11T22:59:29.357+0000] {processor.py:830} INFO - Processing file /opt/airflow/dags/job_etl_dag.py for tasks to queue
[2026-05-11T22:59:29.361+0000] {logging_mixin.py:188} INFO - [2026-05-11T22:59:29.360+0000] {dagbag.py:538} INFO - Filling up the DagBag from /opt/airflow/dags/job_etl_dag.py
[2026-05-11T22:59:29.427+0000] {processor.py:840} INFO - DAG(s) 'job_market_etl' retrieved from /opt/airflow/dags/job_etl_dag.py
[2026-05-11T22:59:29.524+0000] {logging_mixin.py:188} INFO - [2026-05-11T22:59:29.523+0000] {dag.py:3036} INFO - Sync 1 DAGs
[2026-05-11T22:59:29.592+0000] {logging_mixin.py:188} INFO - [2026-05-11T22:59:29.591+0000] {dag.py:3823} INFO - Setting next_dagrun for job_market_etl to None, run_after=None
[2026-05-11T22:59:29.652+0000] {processor.py:183} INFO - Processing /opt/airflow/dags/job_etl_dag.py took 0.310 seconds
[2026-05-11T23:00:00.134+0000] {processor.py:161} INFO - Started process (PID=2133) to work on /opt/airflow/dags/job_etl_dag.py
[2026-05-11T23:00:00.138+0000] {processor.py:830} INFO - Processing file /opt/airflow/dags/job_etl_dag.py for tasks to queue
[2026-05-11T23:00:00.142+0000] {logging_mixin.py:188} INFO - [2026-05-11T23:00:00.141+0000] {dagbag.py:538} INFO - Filling up the DagBag from /opt/airflow/dags/job_etl_dag.py
[2026-05-11T23:00:00.234+0000] {processor.py:840} INFO - DAG(s) 'job_market_etl' retrieved from /opt/airflow/dags/job_etl_dag.py
[2026-05-11T23:00:00.327+0000] {logging_mixin.py:188} INFO - [2026-05-11T23:00:00.326+0000] {dag.py:3036} INFO - Sync 1 DAGs
[2026-05-11T23:00:00.366+0000] {logging_mixin.py:188} INFO - [2026-05-11T23:00:00.365+0000] {dag.py:3823} INFO - Setting next_dagrun for job_market_etl to None, run_after=None
[2026-05-11T23:00:00.453+0000] {processor.py:183} INFO - Processing /opt/airflow/dags/job_etl_dag.py took 0.334 seconds
[2026-05-11T23:00:30.933+0000] {processor.py:161} INFO - Started process (PID=2134) to work on /opt/airflow/dags/job_etl_dag.py
[2026-05-11T23:00:30.940+0000] {processor.py:830} INFO - Processing file /opt/airflow/dags/job_etl_dag.py for tasks to queue
[2026-05-11T23:00:30.944+0000] {logging_mixin.py:188} INFO - [2026-05-11T23:00:30.943+0000] {dagbag.py:538} INFO - Filling up the DagBag from /opt/airflow/dags/job_etl_dag.py
[2026-05-11T23:00:31.022+0000] {processor.py:840} INFO - DAG(s) 'job_market_etl' retrieved from /opt/airflow/dags/job_etl_dag.py
[2026-05-11T23:00:31.107+0000] {logging_mixin.py:188} INFO - [2026-05-11T23:00:31.106+0000] {dag.py:3036} INFO - Sync 1 DAGs
[2026-05-11T23:00:31.141+0000] {logging_mixin.py:188} INFO - [2026-05-11T23:00:31.141+0000] {dag.py:3823} INFO - Setting next_dagrun for job_market_etl to None, run_after=None
[2026-05-11T23:00:31.213+0000] {processor.py:183} INFO - Processing /opt/airflow/dags/job_etl_dag.py took 0.296 seconds
[2026-05-11T23:01:01.734+0000] {processor.py:161} INFO - Started process (PID=2135) to work on /opt/airflow/dags/job_etl_dag.py
[2026-05-11T23:01:01.738+0000] {processor.py:830} INFO - Processing file /opt/airflow/dags/job_etl_dag.py for tasks to queue
[2026-05-11T23:01:01.742+0000] {logging_mixin.py:188} INFO - [2026-05-11T23:01:01.741+0000] {dagbag.py:538} INFO - Filling up the DagBag from /opt/airflow/dags/job_etl_dag.py
[2026-05-11T23:01:01.801+0000] {processor.py:840} INFO - DAG(s) 'job_market_etl' retrieved from /opt/airflow/dags/job_etl_dag.py
[2026-05-11T23:01:01.878+0000] {logging_mixin.py:188} INFO - [2026-05-11T23:01:01.877+0000] {dag.py:3036} INFO - Sync 1 DAGs
[2026-05-11T23:01:01.909+0000] {logging_mixin.py:188} INFO - [2026-05-11T23:01:01.908+0000] {dag.py:3823} INFO - Setting next_dagrun for job_market_etl to None, run_after=None
[2026-05-11T23:01:01.985+0000] {processor.py:183} INFO - Processing /opt/airflow/dags/job_etl_dag.py took 0.263 seconds
[2026-05-11T23:01:32.133+0000] {processor.py:161} INFO - Started process (PID=2136) to work on /opt/airflow/dags/job_etl_dag.py
[2026-05-11T23:01:32.138+0000] {processor.py:830} INFO - Processing file /opt/airflow/dags/job_etl_dag.py for tasks to queue
[2026-05-11T23:01:32.144+0000] {logging_mixin.py:188} INFO - [2026-05-11T23:01:32.142+0000] {dagbag.py:538} INFO - Filling up the DagBag from /opt/airflow/dags/job_etl_dag.py
[2026-05-11T23:01:32.216+0000] {processor.py:840} INFO - DAG(s) 'job_market_etl' retrieved from /opt/airflow/dags/job_etl_dag.py
[2026-05-11T23:01:32.301+0000] {logging_mixin.py:188} INFO - [2026-05-11T23:01:32.300+0000] {dag.py:3036} INFO - Sync 1 DAGs
[2026-05-11T23:01:32.338+0000] {logging_mixin.py:188} INFO - [2026-05-11T23:01:32.338+0000] {dag.py:3823} INFO - Setting next_dagrun for job_market_etl to None, run_after=None
[2026-05-11T23:01:32.400+0000] {processor.py:183} INFO - Processing /opt/airflow/dags/job_etl_dag.py took 0.282 seconds
[2026-05-11T23:02:02.739+0000] {processor.py:161} INFO - Started process (PID=2137) to work on /opt/airflow/dags/job_etl_dag.py
[2026-05-11T23:02:02.742+0000] {processor.py:830} INFO - Processing file /opt/airflow/dags/job_etl_dag.py for tasks to queue
[2026-05-11T23:02:02.745+0000] {logging_mixin.py:188} INFO - [2026-05-11T23:02:02.744+0000] {dagbag.py:538} INFO - Filling up the DagBag from /opt/airflow/dags/job_etl_dag.py
[2026-05-11T23:02:02.799+0000] {processor.py:840} INFO - DAG(s) 'job_market_etl' retrieved from /opt/airflow/dags/job_etl_dag.py
[2026-05-11T23:02:02.885+0000] {logging_mixin.py:188} INFO - [2026-05-11T23:02:02.885+0000] {dag.py:3036} INFO - Sync 1 DAGs
[2026-05-11T23:02:02.934+0000] {logging_mixin.py:188} INFO - [2026-05-11T23:02:02.934+0000] {dag.py:3823} INFO - Setting next_dagrun for job_market_etl to None, run_after=None
[2026-05-11T23:02:02.986+0000] {processor.py:183} INFO - Processing /opt/airflow/dags/job_etl_dag.py took 0.258 seconds
[2026-05-11T23:02:33.163+0000] {processor.py:161} INFO - Started process (PID=2138) to work on /opt/airflow/dags/job_etl_dag.py
[2026-05-11T23:02:33.167+0000] {processor.py:830} INFO - Processing file /opt/airflow/dags/job_etl_dag.py for tasks to queue
[2026-05-11T23:02:33.171+0000] {logging_mixin.py:188} INFO - [2026-05-11T23:02:33.170+0000] {dagbag.py:538} INFO - Filling up the DagBag from /opt/airflow/dags/job_etl_dag.py
[2026-05-11T23:02:33.246+0000] {processor.py:840} INFO - DAG(s) 'job_market_etl' retrieved from /opt/airflow/dags/job_etl_dag.py
[2026-05-11T23:02:33.327+0000] {logging_mixin.py:188} INFO - [2026-05-11T23:02:33.326+0000] {dag.py:3036} INFO - Sync 1 DAGs
[2026-05-11T23:02:33.356+0000] {logging_mixin.py:188} INFO - [2026-05-11T23:02:33.356+0000] {dag.py:3823} INFO - Setting next_dagrun for job_market_etl to None, run_after=None
[2026-05-11T23:02:33.405+0000] {processor.py:183} INFO - Processing /opt/airflow/dags/job_etl_dag.py took 0.255 seconds
[2026-05-11T23:03:03.758+0000] {processor.py:161} INFO - Started process (PID=2139) to work on /opt/airflow/dags/job_etl_dag.py
[2026-05-11T23:03:03.762+0000] {processor.py:830} INFO - Processing file /opt/airflow/dags/job_etl_dag.py for tasks to queue
[2026-05-11T23:03:03.766+0000] {logging_mixin.py:188} INFO - [2026-05-11T23:03:03.765+0000] {dagbag.py:538} INFO - Filling up the DagBag from /opt/airflow/dags/job_etl_dag.py
[2026-05-11T23:03:03.832+0000] {processor.py:840} INFO - DAG(s) 'job_market_etl' retrieved from /opt/airflow/dags/job_etl_dag.py
[2026-05-11T23:03:03.925+0000] {logging_mixin.py:188} INFO - [2026-05-11T23:03:03.924+0000] {dag.py:3036} INFO - Sync 1 DAGs
[2026-05-11T23:03:03.962+0000] {logging_mixin.py:188} INFO - [2026-05-11T23:03:03.961+0000] {dag.py:3823} INFO - Setting next_dagrun for job_market_etl to None, run_after=None
[2026-05-11T23:03:04.039+0000] {processor.py:183} INFO - Processing /opt/airflow/dags/job_etl_dag.py took 0.297 seconds
[2026-05-11T23:03:34.217+0000] {processor.py:161} INFO - Started process (PID=2140) to work on /opt/airflow/dags/job_etl_dag.py
[2026-05-11T23:03:34.221+0000] {processor.py:830} INFO - Processing file /opt/airflow/dags/job_etl_dag.py for tasks to queue
[2026-05-11T23:03:34.226+0000] {logging_mixin.py:188} INFO - [2026-05-11T23:03:34.225+0000] {dagbag.py:538} INFO - Filling up the DagBag from /opt/airflow/dags/job_etl_dag.py
[2026-05-11T23:03:34.298+0000] {processor.py:840} INFO - DAG(s) 'job_market_etl' retrieved from /opt/airflow/dags/job_etl_dag.py
[2026-05-11T23:03:34.395+0000] {logging_mixin.py:188} INFO - [2026-05-11T23:03:34.395+0000] {dag.py:3036} INFO - Sync 1 DAGs
[2026-05-11T23:03:34.431+0000] {logging_mixin.py:188} INFO - [2026-05-11T23:03:34.431+0000] {dag.py:3823} INFO - Setting next_dagrun for job_market_etl to None, run_after=None
[2026-05-11T23:03:34.501+0000] {processor.py:183} INFO - Processing /opt/airflow/dags/job_etl_dag.py took 0.295 seconds
[2026-05-11T23:04:04.870+0000] {processor.py:161} INFO - Started process (PID=2141) to work on /opt/airflow/dags/job_etl_dag.py
[2026-05-11T23:04:04.875+0000] {processor.py:830} INFO - Processing file /opt/airflow/dags/job_etl_dag.py for tasks to queue
[2026-05-11T23:04:04.879+0000] {logging_mixin.py:188} INFO - [2026-05-11T23:04:04.878+0000] {dagbag.py:538} INFO - Filling up the DagBag from /opt/airflow/dags/job_etl_dag.py
[2026-05-11T23:04:04.949+0000] {processor.py:840} INFO - DAG(s) 'job_market_etl' retrieved from /opt/airflow/dags/job_etl_dag.py
[2026-05-11T23:04:05.044+0000] {logging_mixin.py:188} INFO - [2026-05-11T23:04:05.043+0000] {dag.py:3036} INFO - Sync 1 DAGs
[2026-05-11T23:04:05.081+0000] {logging_mixin.py:188} INFO - [2026-05-11T23:04:05.081+0000] {dag.py:3823} INFO - Setting next_dagrun for job_market_etl to None, run_after=None
[2026-05-11T23:04:05.164+0000] {processor.py:183} INFO - Processing /opt/airflow/dags/job_etl_dag.py took 0.306 seconds
[2026-05-11T23:04:35.323+0000] {processor.py:161} INFO - Started process (PID=2142) to work on /opt/airflow/dags/job_etl_dag.py
[2026-05-11T23:04:35.328+0000] {processor.py:830} INFO - Processing file /opt/airflow/dags/job_etl_dag.py for tasks to queue
[2026-05-11T23:04:35.331+0000] {logging_mixin.py:188} INFO - [2026-05-11T23:04:35.330+0000] {dagbag.py:538} INFO - Filling up the DagBag from /opt/airflow/dags/job_etl_dag.py
[2026-05-11T23:04:35.401+0000] {processor.py:840} INFO - DAG(s) 'job_market_etl' retrieved from /opt/airflow/dags/job_etl_dag.py
[2026-05-11T23:04:35.491+0000] {logging_mixin.py:188} INFO - [2026-05-11T23:04:35.491+0000] {dag.py:3036} INFO - Sync 1 DAGs
[2026-05-11T23:04:35.525+0000] {logging_mixin.py:188} INFO - [2026-05-11T23:04:35.525+0000] {dag.py:3823} INFO - Setting next_dagrun for job_market_etl to None, run_after=None
[2026-05-11T23:04:35.597+0000] {processor.py:183} INFO - Processing /opt/airflow/dags/job_etl_dag.py took 0.290 seconds
[2026-05-11T23:05:05.981+0000] {processor.py:161} INFO - Started process (PID=2143) to work on /opt/airflow/dags/job_etl_dag.py
[2026-05-11T23:05:05.984+0000] {processor.py:830} INFO - Processing file /opt/airflow/dags/job_etl_dag.py for tasks to queue
[2026-05-11T23:05:05.988+0000] {logging_mixin.py:188} INFO - [2026-05-11T23:05:05.987+0000] {dagbag.py:538} INFO - Filling up the DagBag from /opt/airflow/dags/job_etl_dag.py
[2026-05-11T23:05:06.055+0000] {processor.py:840} INFO - DAG(s) 'job_market_etl' retrieved from /opt/airflow/dags/job_etl_dag.py
[2026-05-11T23:05:06.153+0000] {logging_mixin.py:188} INFO - [2026-05-11T23:05:06.152+0000] {dag.py:3036} INFO - Sync 1 DAGs
[2026-05-11T23:05:06.189+0000] {logging_mixin.py:188} INFO - [2026-05-11T23:05:06.189+0000] {dag.py:3823} INFO - Setting next_dagrun for job_market_etl to None, run_after=None
[2026-05-11T23:05:06.266+0000] {processor.py:183} INFO - Processing /opt/airflow/dags/job_etl_dag.py took 0.295 seconds
[2026-05-11T23:05:36.424+0000] {processor.py:161} INFO - Started process (PID=2144) to work on /opt/airflow/dags/job_etl_dag.py
[2026-05-11T23:05:36.428+0000] {processor.py:830} INFO - Processing file /opt/airflow/dags/job_etl_dag.py for tasks to queue
[2026-05-11T23:05:36.432+0000] {logging_mixin.py:188} INFO - [2026-05-11T23:05:36.431+0000] {dagbag.py:538} INFO - Filling up the DagBag from /opt/airflow/dags/job_etl_dag.py
[2026-05-11T23:05:36.509+0000] {processor.py:840} INFO - DAG(s) 'job_market_etl' retrieved from /opt/airflow/dags/job_etl_dag.py
[2026-05-11T23:05:36.623+0000] {logging_mixin.py:188} INFO - [2026-05-11T23:05:36.623+0000] {dag.py:3036} INFO - Sync 1 DAGs
[2026-05-11T23:05:36.660+0000] {logging_mixin.py:188} INFO - [2026-05-11T23:05:36.660+0000] {dag.py:3823} INFO - Setting next_dagrun for job_market_etl to None, run_after=None
[2026-05-11T23:05:36.738+0000] {processor.py:183} INFO - Processing /opt/airflow/dags/job_etl_dag.py took 0.329 seconds
[2026-05-11T23:06:07.218+0000] {processor.py:161} INFO - Started process (PID=2145) to work on /opt/airflow/dags/job_etl_dag.py
[2026-05-11T23:06:07.222+0000] {processor.py:830} INFO - Processing file /opt/airflow/dags/job_etl_dag.py for tasks to queue
[2026-05-11T23:06:07.226+0000] {logging_mixin.py:188} INFO - [2026-05-11T23:06:07.225+0000] {dagbag.py:538} INFO - Filling up the DagBag from /opt/airflow/dags/job_etl_dag.py
[2026-05-11T23:06:07.292+0000] {processor.py:840} INFO - DAG(s) 'job_market_etl' retrieved from /opt/airflow/dags/job_etl_dag.py
[2026-05-11T23:06:07.378+0000] {logging_mixin.py:188} INFO - [2026-05-11T23:06:07.377+0000] {dag.py:3036} INFO - Sync 1 DAGs
[2026-05-11T23:06:07.416+0000] {logging_mixin.py:188} INFO - [2026-05-11T23:06:07.415+0000] {dag.py:3823} INFO - Setting next_dagrun for job_market_etl to None, run_after=None
[2026-05-11T23:06:07.491+0000] {processor.py:183} INFO - Processing /opt/airflow/dags/job_etl_dag.py took 0.286 seconds
[2026-05-11T23:06:37.638+0000] {processor.py:161} INFO - Started process (PID=2146) to work on /opt/airflow/dags/job_etl_dag.py
[2026-05-11T23:06:37.645+0000] {processor.py:830} INFO - Processing file /opt/airflow/dags/job_etl_dag.py for tasks to queue
[2026-05-11T23:06:37.650+0000] {logging_mixin.py:188} INFO - [2026-05-11T23:06:37.648+0000] {dagbag.py:538} INFO - Filling up the DagBag from /opt/airflow/dags/job_etl_dag.py
[2026-05-11T23:06:37.718+0000] {processor.py:840} INFO - DAG(s) 'job_market_etl' retrieved from /opt/airflow/dags/job_etl_dag.py
[2026-05-11T23:06:37.817+0000] {logging_mixin.py:188} INFO - [2026-05-11T23:06:37.816+0000] {dag.py:3036} INFO - Sync 1 DAGs
[2026-05-11T23:06:37.850+0000] {logging_mixin.py:188} INFO - [2026-05-11T23:06:37.849+0000] {dag.py:3823} INFO - Setting next_dagrun for job_market_etl to None, run_after=None
[2026-05-11T23:06:37.912+0000] {processor.py:183} INFO - Processing /opt/airflow/dags/job_etl_dag.py took 0.285 seconds
[2026-05-11T23:07:08.350+0000] {processor.py:161} INFO - Started process (PID=2147) to work on /opt/airflow/dags/job_etl_dag.py
[2026-05-11T23:07:08.354+0000] {processor.py:830} INFO - Processing file /opt/airflow/dags/job_etl_dag.py for tasks to queue
[2026-05-11T23:07:08.357+0000] {logging_mixin.py:188} INFO - [2026-05-11T23:07:08.356+0000] {dagbag.py:538} INFO - Filling up the DagBag from /opt/airflow/dags/job_etl_dag.py
[2026-05-11T23:07:08.426+0000] {processor.py:840} INFO - DAG(s) 'job_market_etl' retrieved from /opt/airflow/dags/job_etl_dag.py
[2026-05-11T23:07:08.530+0000] {logging_mixin.py:188} INFO - [2026-05-11T23:07:08.528+0000] {dag.py:3036} INFO - Sync 1 DAGs
[2026-05-11T23:07:08.578+0000] {logging_mixin.py:188} INFO - [2026-05-11T23:07:08.577+0000] {dag.py:3823} INFO - Setting next_dagrun for job_market_etl to None, run_after=None
[2026-05-11T23:07:08.646+0000] {processor.py:183} INFO - Processing /opt/airflow/dags/job_etl_dag.py took 0.307 seconds
[2026-05-11T23:07:39.123+0000] {processor.py:161} INFO - Started process (PID=2148) to work on /opt/airflow/dags/job_etl_dag.py
[2026-05-11T23:07:39.128+0000] {processor.py:830} INFO - Processing file /opt/airflow/dags/job_etl_dag.py for tasks to queue
[2026-05-11T23:07:39.133+0000] {logging_mixin.py:188} INFO - [2026-05-11T23:07:39.132+0000] {dagbag.py:538} INFO - Filling up the DagBag from /opt/airflow/dags/job_etl_dag.py
[2026-05-11T23:07:39.212+0000] {processor.py:840} INFO - DAG(s) 'job_market_etl' retrieved from /opt/airflow/dags/job_etl_dag.py
[2026-05-11T23:07:39.314+0000] {logging_mixin.py:188} INFO - [2026-05-11T23:07:39.313+0000] {dag.py:3036} INFO - Sync 1 DAGs
[2026-05-11T23:07:39.352+0000] {logging_mixin.py:188} INFO - [2026-05-11T23:07:39.351+0000] {dag.py:3823} INFO - Setting next_dagrun for job_market_etl to None, run_after=None
[2026-05-11T23:07:39.413+0000] {processor.py:183} INFO - Processing /opt/airflow/dags/job_etl_dag.py took 0.307 seconds
[2026-05-11T23:08:09.546+0000] {processor.py:161} INFO - Started process (PID=2149) to work on /opt/airflow/dags/job_etl_dag.py
[2026-05-11T23:08:09.550+0000] {processor.py:830} INFO - Processing file /opt/airflow/dags/job_etl_dag.py for tasks to queue
[2026-05-11T23:08:09.554+0000] {logging_mixin.py:188} INFO - [2026-05-11T23:08:09.553+0000] {dagbag.py:538} INFO - Filling up the DagBag from /opt/airflow/dags/job_etl_dag.py
[2026-05-11T23:08:09.623+0000] {processor.py:840} INFO - DAG(s) 'job_market_etl' retrieved from /opt/airflow/dags/job_etl_dag.py
[2026-05-11T23:08:09.739+0000] {logging_mixin.py:188} INFO - [2026-05-11T23:08:09.738+0000] {dag.py:3036} INFO - Sync 1 DAGs
[2026-05-11T23:08:09.779+0000] {logging_mixin.py:188} INFO - [2026-05-11T23:08:09.778+0000] {dag.py:3823} INFO - Setting next_dagrun for job_market_etl to None, run_after=None
[2026-05-11T23:08:09.850+0000] {processor.py:183} INFO - Processing /opt/airflow/dags/job_etl_dag.py took 0.331 seconds
[2026-05-11T23:08:40.235+0000] {processor.py:161} INFO - Started process (PID=2150) to work on /opt/airflow/dags/job_etl_dag.py
[2026-05-11T23:08:40.239+0000] {processor.py:830} INFO - Processing file /opt/airflow/dags/job_etl_dag.py for tasks to queue
[2026-05-11T23:08:40.244+0000] {logging_mixin.py:188} INFO - [2026-05-11T23:08:40.242+0000] {dagbag.py:538} INFO - Filling up the DagBag from /opt/airflow/dags/job_etl_dag.py
[2026-05-11T23:08:40.308+0000] {processor.py:840} INFO - DAG(s) 'job_market_etl' retrieved from /opt/airflow/dags/job_etl_dag.py
[2026-05-11T23:08:40.396+0000] {logging_mixin.py:188} INFO - [2026-05-11T23:08:40.395+0000] {dag.py:3036} INFO - Sync 1 DAGs
[2026-05-11T23:08:40.430+0000] {logging_mixin.py:188} INFO - [2026-05-11T23:08:40.429+0000] {dag.py:3823} INFO - Setting next_dagrun for job_market_etl to None, run_after=None
[2026-05-11T23:08:40.499+0000] {processor.py:183} INFO - Processing /opt/airflow/dags/job_etl_dag.py took 0.278 seconds
[2026-05-11T23:09:10.655+0000] {processor.py:161} INFO - Started process (PID=2151) to work on /opt/airflow/dags/job_etl_dag.py
[2026-05-11T23:09:10.659+0000] {processor.py:830} INFO - Processing file /opt/airflow/dags/job_etl_dag.py for tasks to queue
[2026-05-11T23:09:10.663+0000] {logging_mixin.py:188} INFO - [2026-05-11T23:09:10.662+0000] {dagbag.py:538} INFO - Filling up the DagBag from /opt/airflow/dags/job_etl_dag.py
[2026-05-11T23:09:10.733+0000] {processor.py:840} INFO - DAG(s) 'job_market_etl' retrieved from /opt/airflow/dags/job_etl_dag.py
[2026-05-11T23:09:10.844+0000] {logging_mixin.py:188} INFO - [2026-05-11T23:09:10.843+0000] {dag.py:3036} INFO - Sync 1 DAGs
[2026-05-11T23:09:10.885+0000] {logging_mixin.py:188} INFO - [2026-05-11T23:09:10.884+0000] {dag.py:3823} INFO - Setting next_dagrun for job_market_etl to None, run_after=None
[2026-05-11T23:09:10.951+0000] {processor.py:183} INFO - Processing /opt/airflow/dags/job_etl_dag.py took 0.309 seconds
[2026-05-11T23:09:41.295+0000] {processor.py:161} INFO - Started process (PID=2152) to work on /opt/airflow/dags/job_etl_dag.py
[2026-05-11T23:09:41.299+0000] {processor.py:830} INFO - Processing file /opt/airflow/dags/job_etl_dag.py for tasks to queue
[2026-05-11T23:09:41.304+0000] {logging_mixin.py:188} INFO - [2026-05-11T23:09:41.302+0000] {dagbag.py:538} INFO - Filling up the DagBag from /opt/airflow/dags/job_etl_dag.py
[2026-05-11T23:09:41.377+0000] {processor.py:840} INFO - DAG(s) 'job_market_etl' retrieved from /opt/airflow/dags/job_etl_dag.py
[2026-05-11T23:09:41.483+0000] {logging_mixin.py:188} INFO - [2026-05-11T23:09:41.483+0000] {dag.py:3036} INFO - Sync 1 DAGs
[2026-05-11T23:09:41.519+0000] {logging_mixin.py:188} INFO - [2026-05-11T23:09:41.519+0000] {dag.py:3823} INFO - Setting next_dagrun for job_market_etl to None, run_after=None
[2026-05-11T23:09:41.586+0000] {processor.py:183} INFO - Processing /opt/airflow/dags/job_etl_dag.py took 0.302 seconds
[2026-05-11T23:10:11.852+0000] {processor.py:161} INFO - Started process (PID=2153) to work on /opt/airflow/dags/job_etl_dag.py
[2026-05-11T23:10:11.856+0000] {processor.py:830} INFO - Processing file /opt/airflow/dags/job_etl_dag.py for tasks to queue
[2026-05-11T23:10:11.859+0000] {logging_mixin.py:188} INFO - [2026-05-11T23:10:11.858+0000] {dagbag.py:538} INFO - Filling up the DagBag from /opt/airflow/dags/job_etl_dag.py
[2026-05-11T23:10:11.918+0000] {processor.py:840} INFO - DAG(s) 'job_market_etl' retrieved from /opt/airflow/dags/job_etl_dag.py
[2026-05-11T23:10:11.990+0000] {logging_mixin.py:188} INFO - [2026-05-11T23:10:11.989+0000] {dag.py:3036} INFO - Sync 1 DAGs
[2026-05-11T23:10:12.018+0000] {logging_mixin.py:188} INFO - [2026-05-11T23:10:12.018+0000] {dag.py:3823} INFO - Setting next_dagrun for job_market_etl to None, run_after=None
[2026-05-11T23:10:12.070+0000] {processor.py:183} INFO - Processing /opt/airflow/dags/job_etl_dag.py took 0.231 seconds
[2026-05-11T23:10:42.389+0000] {processor.py:161} INFO - Started process (PID=2154) to work on /opt/airflow/dags/job_etl_dag.py
[2026-05-11T23:10:42.394+0000] {processor.py:830} INFO - Processing file /opt/airflow/dags/job_etl_dag.py for tasks to queue
[2026-05-11T23:10:42.398+0000] {logging_mixin.py:188} INFO - [2026-05-11T23:10:42.397+0000] {dagbag.py:538} INFO - Filling up the DagBag from /opt/airflow/dags/job_etl_dag.py
[2026-05-11T23:10:42.466+0000] {processor.py:840} INFO - DAG(s) 'job_market_etl' retrieved from /opt/airflow/dags/job_etl_dag.py
[2026-05-11T23:10:42.549+0000] {logging_mixin.py:188} INFO - [2026-05-11T23:10:42.548+0000] {dag.py:3036} INFO - Sync 1 DAGs
[2026-05-11T23:10:42.584+0000] {logging_mixin.py:188} INFO - [2026-05-11T23:10:42.583+0000] {dag.py:3823} INFO - Setting next_dagrun for job_market_etl to None, run_after=None
[2026-05-11T23:10:42.650+0000] {processor.py:183} INFO - Processing /opt/airflow/dags/job_etl_dag.py took 0.272 seconds
[2026-05-11T23:11:12.970+0000] {processor.py:161} INFO - Started process (PID=2155) to work on /opt/airflow/dags/job_etl_dag.py
[2026-05-11T23:11:12.975+0000] {processor.py:830} INFO - Processing file /opt/airflow/dags/job_etl_dag.py for tasks to queue
[2026-05-11T23:11:12.980+0000] {logging_mixin.py:188} INFO - [2026-05-11T23:11:12.979+0000] {dagbag.py:538} INFO - Filling up the DagBag from /opt/airflow/dags/job_etl_dag.py
[2026-05-11T23:11:13.054+0000] {processor.py:840} INFO - DAG(s) 'job_market_etl' retrieved from /opt/airflow/dags/job_etl_dag.py
[2026-05-11T23:11:13.161+0000] {logging_mixin.py:188} INFO - [2026-05-11T23:11:13.160+0000] {dag.py:3036} INFO - Sync 1 DAGs
[2026-05-11T23:11:13.204+0000] {logging_mixin.py:188} INFO - [2026-05-11T23:11:13.203+0000] {dag.py:3823} INFO - Setting next_dagrun for job_market_etl to None, run_after=None
[2026-05-11T23:11:13.271+0000] {processor.py:183} INFO - Processing /opt/airflow/dags/job_etl_dag.py took 0.317 seconds
[2026-05-11T23:11:43.439+0000] {processor.py:161} INFO - Started process (PID=2156) to work on /opt/airflow/dags/job_etl_dag.py
[2026-05-11T23:11:43.444+0000] {processor.py:830} INFO - Processing file /opt/airflow/dags/job_etl_dag.py for tasks to queue
[2026-05-11T23:11:43.448+0000] {logging_mixin.py:188} INFO - [2026-05-11T23:11:43.447+0000] {dagbag.py:538} INFO - Filling up the DagBag from /opt/airflow/dags/job_etl_dag.py
[2026-05-11T23:11:43.513+0000] {processor.py:840} INFO - DAG(s) 'job_market_etl' retrieved from /opt/airflow/dags/job_etl_dag.py
[2026-05-11T23:11:43.600+0000] {logging_mixin.py:188} INFO - [2026-05-11T23:11:43.599+0000] {dag.py:3036} INFO - Sync 1 DAGs
[2026-05-11T23:11:43.632+0000] {logging_mixin.py:188} INFO - [2026-05-11T23:11:43.631+0000] {dag.py:3823} INFO - Setting next_dagrun for job_market_etl to None, run_after=None
[2026-05-11T23:11:43.701+0000] {processor.py:183} INFO - Processing /opt/airflow/dags/job_etl_dag.py took 0.274 seconds
[2026-05-11T23:12:14.062+0000] {processor.py:161} INFO - Started process (PID=2157) to work on /opt/airflow/dags/job_etl_dag.py
[2026-05-11T23:12:14.065+0000] {processor.py:830} INFO - Processing file /opt/airflow/dags/job_etl_dag.py for tasks to queue
[2026-05-11T23:12:14.069+0000] {logging_mixin.py:188} INFO - [2026-05-11T23:12:14.068+0000] {dagbag.py:538} INFO - Filling up the DagBag from /opt/airflow/dags/job_etl_dag.py
[2026-05-11T23:12:14.126+0000] {processor.py:840} INFO - DAG(s) 'job_market_etl' retrieved from /opt/airflow/dags/job_etl_dag.py
[2026-05-11T23:12:14.208+0000] {logging_mixin.py:188} INFO - [2026-05-11T23:12:14.208+0000] {dag.py:3036} INFO - Sync 1 DAGs
[2026-05-11T23:12:14.240+0000] {logging_mixin.py:188} INFO - [2026-05-11T23:12:14.240+0000] {dag.py:3823} INFO - Setting next_dagrun for job_market_etl to None, run_after=None
[2026-05-11T23:12:14.301+0000] {processor.py:183} INFO - Processing /opt/airflow/dags/job_etl_dag.py took 0.249 seconds
[2026-05-11T23:12:44.494+0000] {processor.py:161} INFO - Started process (PID=2158) to work on /opt/airflow/dags/job_etl_dag.py
[2026-05-11T23:12:44.499+0000] {processor.py:830} INFO - Processing file /opt/airflow/dags/job_etl_dag.py for tasks to queue
[2026-05-11T23:12:44.502+0000] {logging_mixin.py:188} INFO - [2026-05-11T23:12:44.501+0000] {dagbag.py:538} INFO - Filling up the DagBag from /opt/airflow/dags/job_etl_dag.py
[2026-05-11T23:12:44.581+0000] {processor.py:840} INFO - DAG(s) 'job_market_etl' retrieved from /opt/airflow/dags/job_etl_dag.py
[2026-05-11T23:12:44.688+0000] {logging_mixin.py:188} INFO - [2026-05-11T23:12:44.687+0000] {dag.py:3036} INFO - Sync 1 DAGs
[2026-05-11T23:12:44.723+0000] {logging_mixin.py:188} INFO - [2026-05-11T23:12:44.723+0000] {dag.py:3823} INFO - Setting next_dagrun for job_market_etl to None, run_after=None
[2026-05-11T23:12:44.795+0000] {processor.py:183} INFO - Processing /opt/airflow/dags/job_etl_dag.py took 0.315 seconds
[2026-05-11T23:13:15.073+0000] {processor.py:161} INFO - Started process (PID=2159) to work on /opt/airflow/dags/job_etl_dag.py
[2026-05-11T23:13:15.077+0000] {processor.py:830} INFO - Processing file /opt/airflow/dags/job_etl_dag.py for tasks to queue
[2026-05-11T23:13:15.080+0000] {logging_mixin.py:188} INFO - [2026-05-11T23:13:15.079+0000] {dagbag.py:538} INFO - Filling up the DagBag from /opt/airflow/dags/job_etl_dag.py
[2026-05-11T23:13:15.140+0000] {processor.py:840} INFO - DAG(s) 'job_market_etl' retrieved from /opt/airflow/dags/job_etl_dag.py
[2026-05-11T23:13:15.228+0000] {logging_mixin.py:188} INFO - [2026-05-11T23:13:15.227+0000] {dag.py:3036} INFO - Sync 1 DAGs
[2026-05-11T23:13:15.265+0000] {logging_mixin.py:188} INFO - [2026-05-11T23:13:15.264+0000] {dag.py:3823} INFO - Setting next_dagrun for job_market_etl to None, run_after=None
[2026-05-11T23:13:15.320+0000] {processor.py:183} INFO - Processing /opt/airflow/dags/job_etl_dag.py took 0.258 seconds
[2026-05-11T23:13:45.608+0000] {processor.py:161} INFO - Started process (PID=2160) to work on /opt/airflow/dags/job_etl_dag.py
[2026-05-11T23:13:45.613+0000] {processor.py:830} INFO - Processing file /opt/airflow/dags/job_etl_dag.py for tasks to queue
[2026-05-11T23:13:45.617+0000] {logging_mixin.py:188} INFO - [2026-05-11T23:13:45.616+0000] {dagbag.py:538} INFO - Filling up the DagBag from /opt/airflow/dags/job_etl_dag.py
[2026-05-11T23:13:45.697+0000] {processor.py:840} INFO - DAG(s) 'job_market_etl' retrieved from /opt/airflow/dags/job_etl_dag.py
[2026-05-11T23:13:45.792+0000] {logging_mixin.py:188} INFO - [2026-05-11T23:13:45.792+0000] {dag.py:3036} INFO - Sync 1 DAGs
[2026-05-11T23:13:45.840+0000] {logging_mixin.py:188} INFO - [2026-05-11T23:13:45.839+0000] {dag.py:3823} INFO - Setting next_dagrun for job_market_etl to None, run_after=None
[2026-05-11T23:13:45.921+0000] {processor.py:183} INFO - Processing /opt/airflow/dags/job_etl_dag.py took 0.326 seconds
[2026-05-11T23:14:16.124+0000] {processor.py:161} INFO - Started process (PID=2161) to work on /opt/airflow/dags/job_etl_dag.py
[2026-05-11T23:14:16.129+0000] {processor.py:830} INFO - Processing file /opt/airflow/dags/job_etl_dag.py for tasks to queue
[2026-05-11T23:14:16.135+0000] {logging_mixin.py:188} INFO - [2026-05-11T23:14:16.133+0000] {dagbag.py:538} INFO - Filling up the DagBag from /opt/airflow/dags/job_etl_dag.py
[2026-05-11T23:14:16.207+0000] {processor.py:840} INFO - DAG(s) 'job_market_etl' retrieved from /opt/airflow/dags/job_etl_dag.py
[2026-05-11T23:14:16.311+0000] {logging_mixin.py:188} INFO - [2026-05-11T23:14:16.310+0000] {dag.py:3036} INFO - Sync 1 DAGs
[2026-05-11T23:14:16.341+0000] {logging_mixin.py:188} INFO - [2026-05-11T23:14:16.340+0000] {dag.py:3823} INFO - Setting next_dagrun for job_market_etl to None, run_after=None
[2026-05-11T23:14:16.413+0000] {processor.py:183} INFO - Processing /opt/airflow/dags/job_etl_dag.py took 0.300 seconds
[2026-05-11T23:14:46.768+0000] {processor.py:161} INFO - Started process (PID=2162) to work on /opt/airflow/dags/job_etl_dag.py
[2026-05-11T23:14:46.774+0000] {processor.py:830} INFO - Processing file /opt/airflow/dags/job_etl_dag.py for tasks to queue
[2026-05-11T23:14:46.778+0000] {logging_mixin.py:188} INFO - [2026-05-11T23:14:46.777+0000] {dagbag.py:538} INFO - Filling up the DagBag from /opt/airflow/dags/job_etl_dag.py
[2026-05-11T23:14:46.849+0000] {processor.py:840} INFO - DAG(s) 'job_market_etl' retrieved from /opt/airflow/dags/job_etl_dag.py
[2026-05-11T23:14:46.944+0000] {logging_mixin.py:188} INFO - [2026-05-11T23:14:46.944+0000] {dag.py:3036} INFO - Sync 1 DAGs
[2026-05-11T23:14:46.984+0000] {logging_mixin.py:188} INFO - [2026-05-11T23:14:46.984+0000] {dag.py:3823} INFO - Setting next_dagrun for job_market_etl to None, run_after=None
[2026-05-11T23:14:47.063+0000] {processor.py:183} INFO - Processing /opt/airflow/dags/job_etl_dag.py took 0.313 seconds
[2026-05-11T23:15:17.231+0000] {processor.py:161} INFO - Started process (PID=2163) to work on /opt/airflow/dags/job_etl_dag.py
[2026-05-11T23:15:17.236+0000] {processor.py:830} INFO - Processing file /opt/airflow/dags/job_etl_dag.py for tasks to queue
[2026-05-11T23:15:17.241+0000] {logging_mixin.py:188} INFO - [2026-05-11T23:15:17.239+0000] {dagbag.py:538} INFO - Filling up the DagBag from /opt/airflow/dags/job_etl_dag.py
[2026-05-11T23:15:17.314+0000] {processor.py:840} INFO - DAG(s) 'job_market_etl' retrieved from /opt/airflow/dags/job_etl_dag.py
[2026-05-11T23:15:17.413+0000] {logging_mixin.py:188} INFO - [2026-05-11T23:15:17.412+0000] {dag.py:3036} INFO - Sync 1 DAGs
[2026-05-11T23:15:17.453+0000] {logging_mixin.py:188} INFO - [2026-05-11T23:15:17.452+0000] {dag.py:3823} INFO - Setting next_dagrun for job_market_etl to None, run_after=None
[2026-05-11T23:15:17.520+0000] {processor.py:183} INFO - Processing /opt/airflow/dags/job_etl_dag.py took 0.305 seconds
[2026-05-11T23:15:47.913+0000] {processor.py:161} INFO - Started process (PID=2164) to work on /opt/airflow/dags/job_etl_dag.py
[2026-05-11T23:15:47.916+0000] {processor.py:830} INFO - Processing file /opt/airflow/dags/job_etl_dag.py for tasks to queue
[2026-05-11T23:15:47.920+0000] {logging_mixin.py:188} INFO - [2026-05-11T23:15:47.919+0000] {dagbag.py:538} INFO - Filling up the DagBag from /opt/airflow/dags/job_etl_dag.py
[2026-05-11T23:15:47.983+0000] {processor.py:840} INFO - DAG(s) 'job_market_etl' retrieved from /opt/airflow/dags/job_etl_dag.py
[2026-05-11T23:15:48.166+0000] {logging_mixin.py:188} INFO - [2026-05-11T23:15:48.165+0000] {dag.py:3036} INFO - Sync 1 DAGs
[2026-05-11T23:15:48.235+0000] {logging_mixin.py:188} INFO - [2026-05-11T23:15:48.234+0000] {dag.py:3823} INFO - Setting next_dagrun for job_market_etl to None, run_after=None
[2026-05-11T23:15:48.305+0000] {processor.py:183} INFO - Processing /opt/airflow/dags/job_etl_dag.py took 0.407 seconds
[2026-05-11T23:16:18.792+0000] {processor.py:161} INFO - Started process (PID=2165) to work on /opt/airflow/dags/job_etl_dag.py
[2026-05-11T23:16:18.797+0000] {processor.py:830} INFO - Processing file /opt/airflow/dags/job_etl_dag.py for tasks to queue
[2026-05-11T23:16:18.802+0000] {logging_mixin.py:188} INFO - [2026-05-11T23:16:18.801+0000] {dagbag.py:538} INFO - Filling up the DagBag from /opt/airflow/dags/job_etl_dag.py
[2026-05-11T23:16:18.873+0000] {processor.py:840} INFO - DAG(s) 'job_market_etl' retrieved from /opt/airflow/dags/job_etl_dag.py
[2026-05-11T23:16:18.958+0000] {logging_mixin.py:188} INFO - [2026-05-11T23:16:18.957+0000] {dag.py:3036} INFO - Sync 1 DAGs
[2026-05-11T23:16:18.991+0000] {logging_mixin.py:188} INFO - [2026-05-11T23:16:18.990+0000] {dag.py:3823} INFO - Setting next_dagrun for job_market_etl to None, run_after=None
[2026-05-11T23:16:19.065+0000] {processor.py:183} INFO - Processing /opt/airflow/dags/job_etl_dag.py took 0.292 seconds
[2026-05-11T23:16:49.521+0000] {processor.py:161} INFO - Started process (PID=2166) to work on /opt/airflow/dags/job_etl_dag.py
[2026-05-11T23:16:49.525+0000] {processor.py:830} INFO - Processing file /opt/airflow/dags/job_etl_dag.py for tasks to queue
[2026-05-11T23:16:49.530+0000] {logging_mixin.py:188} INFO - [2026-05-11T23:16:49.528+0000] {dagbag.py:538} INFO - Filling up the DagBag from /opt/airflow/dags/job_etl_dag.py
[2026-05-11T23:16:49.599+0000] {processor.py:840} INFO - DAG(s) 'job_market_etl' retrieved from /opt/airflow/dags/job_etl_dag.py
[2026-05-11T23:16:49.689+0000] {logging_mixin.py:188} INFO - [2026-05-11T23:16:49.688+0000] {dag.py:3036} INFO - Sync 1 DAGs
[2026-05-11T23:16:49.734+0000] {logging_mixin.py:188} INFO - [2026-05-11T23:16:49.733+0000] {dag.py:3823} INFO - Setting next_dagrun for job_market_etl to None, run_after=None
[2026-05-11T23:16:49.815+0000] {processor.py:183} INFO - Processing /opt/airflow/dags/job_etl_dag.py took 0.306 seconds
[2026-05-11T23:17:20.301+0000] {processor.py:161} INFO - Started process (PID=2167) to work on /opt/airflow/dags/job_etl_dag.py
[2026-05-11T23:17:20.305+0000] {processor.py:830} INFO - Processing file /opt/airflow/dags/job_etl_dag.py for tasks to queue
[2026-05-11T23:17:20.308+0000] {logging_mixin.py:188} INFO - [2026-05-11T23:17:20.308+0000] {dagbag.py:538} INFO - Filling up the DagBag from /opt/airflow/dags/job_etl_dag.py
[2026-05-11T23:17:20.375+0000] {processor.py:840} INFO - DAG(s) 'job_market_etl' retrieved from /opt/airflow/dags/job_etl_dag.py
[2026-05-11T23:17:20.462+0000] {logging_mixin.py:188} INFO - [2026-05-11T23:17:20.461+0000] {dag.py:3036} INFO - Sync 1 DAGs
[2026-05-11T23:17:20.493+0000] {logging_mixin.py:188} INFO - [2026-05-11T23:17:20.493+0000] {dag.py:3823} INFO - Setting next_dagrun for job_market_etl to None, run_after=None
[2026-05-11T23:17:20.568+0000] {processor.py:183} INFO - Processing /opt/airflow/dags/job_etl_dag.py took 0.283 seconds
[2026-05-11T23:17:51.028+0000] {processor.py:161} INFO - Started process (PID=2168) to work on /opt/airflow/dags/job_etl_dag.py
[2026-05-11T23:17:51.032+0000] {processor.py:830} INFO - Processing file /opt/airflow/dags/job_etl_dag.py for tasks to queue
[2026-05-11T23:17:51.037+0000] {logging_mixin.py:188} INFO - [2026-05-11T23:17:51.035+0000] {dagbag.py:538} INFO - Filling up the DagBag from /opt/airflow/dags/job_etl_dag.py
[2026-05-11T23:17:51.107+0000] {processor.py:840} INFO - DAG(s) 'job_market_etl' retrieved from /opt/airflow/dags/job_etl_dag.py
[2026-05-11T23:17:51.210+0000] {logging_mixin.py:188} INFO - [2026-05-11T23:17:51.209+0000] {dag.py:3036} INFO - Sync 1 DAGs
[2026-05-11T23:17:51.259+0000] {logging_mixin.py:188} INFO - [2026-05-11T23:17:51.258+0000] {dag.py:3823} INFO - Setting next_dagrun for job_market_etl to None, run_after=None
[2026-05-11T23:17:51.342+0000] {processor.py:183} INFO - Processing /opt/airflow/dags/job_etl_dag.py took 0.327 seconds
[2026-05-11T23:18:21.839+0000] {processor.py:161} INFO - Started process (PID=2169) to work on /opt/airflow/dags/job_etl_dag.py
[2026-05-11T23:18:21.845+0000] {processor.py:830} INFO - Processing file /opt/airflow/dags/job_etl_dag.py for tasks to queue
[2026-05-11T23:18:21.851+0000] {logging_mixin.py:188} INFO - [2026-05-11T23:18:21.849+0000] {dagbag.py:538} INFO - Filling up the DagBag from /opt/airflow/dags/job_etl_dag.py
[2026-05-11T23:18:21.947+0000] {processor.py:840} INFO - DAG(s) 'job_market_etl' retrieved from /opt/airflow/dags/job_etl_dag.py
[2026-05-11T23:18:22.078+0000] {logging_mixin.py:188} INFO - [2026-05-11T23:18:22.077+0000] {dag.py:3036} INFO - Sync 1 DAGs
[2026-05-11T23:18:22.118+0000] {logging_mixin.py:188} INFO - [2026-05-11T23:18:22.117+0000] {dag.py:3823} INFO - Setting next_dagrun for job_market_etl to None, run_after=None
[2026-05-11T23:18:22.191+0000] {processor.py:183} INFO - Processing /opt/airflow/dags/job_etl_dag.py took 0.376 seconds
[2026-05-11T23:18:52.663+0000] {processor.py:161} INFO - Started process (PID=2170) to work on /opt/airflow/dags/job_etl_dag.py
[2026-05-11T23:18:52.667+0000] {processor.py:830} INFO - Processing file /opt/airflow/dags/job_etl_dag.py for tasks to queue
[2026-05-11T23:18:52.671+0000] {logging_mixin.py:188} INFO - [2026-05-11T23:18:52.670+0000] {dagbag.py:538} INFO - Filling up the DagBag from /opt/airflow/dags/job_etl_dag.py
[2026-05-11T23:18:52.743+0000] {processor.py:840} INFO - DAG(s) 'job_market_etl' retrieved from /opt/airflow/dags/job_etl_dag.py
[2026-05-11T23:18:52.826+0000] {logging_mixin.py:188} INFO - [2026-05-11T23:18:52.825+0000] {dag.py:3036} INFO - Sync 1 DAGs
[2026-05-11T23:18:52.856+0000] {logging_mixin.py:188} INFO - [2026-05-11T23:18:52.856+0000] {dag.py:3823} INFO - Setting next_dagrun for job_market_etl to None, run_after=None
[2026-05-11T23:18:52.921+0000] {processor.py:183} INFO - Processing /opt/airflow/dags/job_etl_dag.py took 0.269 seconds
[2026-05-11T23:19:23.040+0000] {processor.py:161} INFO - Started process (PID=2171) to work on /opt/airflow/dags/job_etl_dag.py
[2026-05-11T23:19:23.044+0000] {processor.py:830} INFO - Processing file /opt/airflow/dags/job_etl_dag.py for tasks to queue
[2026-05-11T23:19:23.049+0000] {logging_mixin.py:188} INFO - [2026-05-11T23:19:23.047+0000] {dagbag.py:538} INFO - Filling up the DagBag from /opt/airflow/dags/job_etl_dag.py
[2026-05-11T23:19:23.119+0000] {processor.py:840} INFO - DAG(s) 'job_market_etl' retrieved from /opt/airflow/dags/job_etl_dag.py
[2026-05-11T23:19:23.211+0000] {logging_mixin.py:188} INFO - [2026-05-11T23:19:23.210+0000] {dag.py:3036} INFO - Sync 1 DAGs
[2026-05-11T23:19:23.249+0000] {logging_mixin.py:188} INFO - [2026-05-11T23:19:23.249+0000] {dag.py:3823} INFO - Setting next_dagrun for job_market_etl to None, run_after=None
[2026-05-11T23:19:23.328+0000] {processor.py:183} INFO - Processing /opt/airflow/dags/job_etl_dag.py took 0.301 seconds
[2026-05-11T23:19:53.721+0000] {processor.py:161} INFO - Started process (PID=2172) to work on /opt/airflow/dags/job_etl_dag.py
[2026-05-11T23:19:53.737+0000] {processor.py:830} INFO - Processing file /opt/airflow/dags/job_etl_dag.py for tasks to queue
[2026-05-11T23:19:53.743+0000] {logging_mixin.py:188} INFO - [2026-05-11T23:19:53.741+0000] {dagbag.py:538} INFO - Filling up the DagBag from /opt/airflow/dags/job_etl_dag.py
[2026-05-11T23:19:53.857+0000] {processor.py:840} INFO - DAG(s) 'job_market_etl' retrieved from /opt/airflow/dags/job_etl_dag.py
[2026-05-11T23:19:53.945+0000] {logging_mixin.py:188} INFO - [2026-05-11T23:19:53.944+0000] {dag.py:3036} INFO - Sync 1 DAGs
[2026-05-11T23:19:53.986+0000] {logging_mixin.py:188} INFO - [2026-05-11T23:19:53.985+0000] {dag.py:3823} INFO - Setting next_dagrun for job_market_etl to None, run_after=None
[2026-05-11T23:19:54.061+0000] {processor.py:183} INFO - Processing /opt/airflow/dags/job_etl_dag.py took 0.362 seconds
[2026-05-11T23:20:24.523+0000] {processor.py:161} INFO - Started process (PID=2173) to work on /opt/airflow/dags/job_etl_dag.py
[2026-05-11T23:20:24.527+0000] {processor.py:830} INFO - Processing file /opt/airflow/dags/job_etl_dag.py for tasks to queue
[2026-05-11T23:20:24.532+0000] {logging_mixin.py:188} INFO - [2026-05-11T23:20:24.531+0000] {dagbag.py:538} INFO - Filling up the DagBag from /opt/airflow/dags/job_etl_dag.py
[2026-05-11T23:20:24.607+0000] {processor.py:840} INFO - DAG(s) 'job_market_etl' retrieved from /opt/airflow/dags/job_etl_dag.py
[2026-05-11T23:20:24.710+0000] {logging_mixin.py:188} INFO - [2026-05-11T23:20:24.709+0000] {dag.py:3036} INFO - Sync 1 DAGs
[2026-05-11T23:20:24.749+0000] {logging_mixin.py:188} INFO - [2026-05-11T23:20:24.748+0000] {dag.py:3823} INFO - Setting next_dagrun for job_market_etl to None, run_after=None
[2026-05-11T23:20:24.816+0000] {processor.py:183} INFO - Processing /opt/airflow/dags/job_etl_dag.py took 0.307 seconds
[2026-05-11T23:20:55.341+0000] {processor.py:161} INFO - Started process (PID=2174) to work on /opt/airflow/dags/job_etl_dag.py
[2026-05-11T23:20:55.345+0000] {processor.py:830} INFO - Processing file /opt/airflow/dags/job_etl_dag.py for tasks to queue
[2026-05-11T23:20:55.348+0000] {logging_mixin.py:188} INFO - [2026-05-11T23:20:55.347+0000] {dagbag.py:538} INFO - Filling up the DagBag from /opt/airflow/dags/job_etl_dag.py
[2026-05-11T23:20:55.421+0000] {processor.py:840} INFO - DAG(s) 'job_market_etl' retrieved from /opt/airflow/dags/job_etl_dag.py
[2026-05-11T23:20:55.512+0000] {logging_mixin.py:188} INFO - [2026-05-11T23:20:55.511+0000] {dag.py:3036} INFO - Sync 1 DAGs
[2026-05-11T23:20:55.549+0000] {logging_mixin.py:188} INFO - [2026-05-11T23:20:55.548+0000] {dag.py:3823} INFO - Setting next_dagrun for job_market_etl to None, run_after=None
[2026-05-11T23:20:55.633+0000] {processor.py:183} INFO - Processing /opt/airflow/dags/job_etl_dag.py took 0.305 seconds
[2026-05-11T23:21:25.797+0000] {processor.py:161} INFO - Started process (PID=2175) to work on /opt/airflow/dags/job_etl_dag.py
[2026-05-11T23:21:25.801+0000] {processor.py:830} INFO - Processing file /opt/airflow/dags/job_etl_dag.py for tasks to queue
[2026-05-11T23:21:25.804+0000] {logging_mixin.py:188} INFO - [2026-05-11T23:21:25.804+0000] {dagbag.py:538} INFO - Filling up the DagBag from /opt/airflow/dags/job_etl_dag.py
[2026-05-11T23:21:25.876+0000] {processor.py:840} INFO - DAG(s) 'job_market_etl' retrieved from /opt/airflow/dags/job_etl_dag.py
[2026-05-11T23:21:25.968+0000] {logging_mixin.py:188} INFO - [2026-05-11T23:21:25.968+0000] {dag.py:3036} INFO - Sync 1 DAGs
[2026-05-11T23:21:25.999+0000] {logging_mixin.py:188} INFO - [2026-05-11T23:21:25.998+0000] {dag.py:3823} INFO - Setting next_dagrun for job_market_etl to None, run_after=None
[2026-05-11T23:21:26.057+0000] {processor.py:183} INFO - Processing /opt/airflow/dags/job_etl_dag.py took 0.277 seconds
[2026-05-11T23:21:56.448+0000] {processor.py:161} INFO - Started process (PID=2176) to work on /opt/airflow/dags/job_etl_dag.py
[2026-05-11T23:21:56.453+0000] {processor.py:830} INFO - Processing file /opt/airflow/dags/job_etl_dag.py for tasks to queue
[2026-05-11T23:21:56.457+0000] {logging_mixin.py:188} INFO - [2026-05-11T23:21:56.456+0000] {dagbag.py:538} INFO - Filling up the DagBag from /opt/airflow/dags/job_etl_dag.py
[2026-05-11T23:21:56.516+0000] {processor.py:840} INFO - DAG(s) 'job_market_etl' retrieved from /opt/airflow/dags/job_etl_dag.py
[2026-05-11T23:21:56.617+0000] {logging_mixin.py:188} INFO - [2026-05-11T23:21:56.617+0000] {dag.py:3036} INFO - Sync 1 DAGs
[2026-05-11T23:21:56.667+0000] {logging_mixin.py:188} INFO - [2026-05-11T23:21:56.667+0000] {dag.py:3823} INFO - Setting next_dagrun for job_market_etl to None, run_after=None
[2026-05-11T23:21:56.725+0000] {processor.py:183} INFO - Processing /opt/airflow/dags/job_etl_dag.py took 0.288 seconds
[2026-05-11T23:22:26.866+0000] {processor.py:161} INFO - Started process (PID=2177) to work on /opt/airflow/dags/job_etl_dag.py
[2026-05-11T23:22:26.871+0000] {processor.py:830} INFO - Processing file /opt/airflow/dags/job_etl_dag.py for tasks to queue
[2026-05-11T23:22:26.875+0000] {logging_mixin.py:188} INFO - [2026-05-11T23:22:26.874+0000] {dagbag.py:538} INFO - Filling up the DagBag from /opt/airflow/dags/job_etl_dag.py
[2026-05-11T23:22:26.955+0000] {processor.py:840} INFO - DAG(s) 'job_market_etl' retrieved from /opt/airflow/dags/job_etl_dag.py
[2026-05-11T23:22:27.056+0000] {logging_mixin.py:188} INFO - [2026-05-11T23:22:27.055+0000] {dag.py:3036} INFO - Sync 1 DAGs
[2026-05-11T23:22:27.092+0000] {logging_mixin.py:188} INFO - [2026-05-11T23:22:27.091+0000] {dag.py:3823} INFO - Setting next_dagrun for job_market_etl to None, run_after=None
[2026-05-11T23:22:27.175+0000] {processor.py:183} INFO - Processing /opt/airflow/dags/job_etl_dag.py took 0.325 seconds
[2026-05-11T23:22:57.557+0000] {processor.py:161} INFO - Started process (PID=2178) to work on /opt/airflow/dags/job_etl_dag.py
[2026-05-11T23:22:57.561+0000] {processor.py:830} INFO - Processing file /opt/airflow/dags/job_etl_dag.py for tasks to queue
[2026-05-11T23:22:57.564+0000] {logging_mixin.py:188} INFO - [2026-05-11T23:22:57.563+0000] {dagbag.py:538} INFO - Filling up the DagBag from /opt/airflow/dags/job_etl_dag.py
[2026-05-11T23:22:57.631+0000] {processor.py:840} INFO - DAG(s) 'job_market_etl' retrieved from /opt/airflow/dags/job_etl_dag.py
[2026-05-11T23:22:57.724+0000] {logging_mixin.py:188} INFO - [2026-05-11T23:22:57.724+0000] {dag.py:3036} INFO - Sync 1 DAGs
[2026-05-11T23:22:57.763+0000] {logging_mixin.py:188} INFO - [2026-05-11T23:22:57.763+0000] {dag.py:3823} INFO - Setting next_dagrun for job_market_etl to None, run_after=None
[2026-05-11T23:22:57.845+0000] {processor.py:183} INFO - Processing /opt/airflow/dags/job_etl_dag.py took 0.304 seconds
[2026-05-11T23:23:28.028+0000] {processor.py:161} INFO - Started process (PID=2179) to work on /opt/airflow/dags/job_etl_dag.py
[2026-05-11T23:23:28.032+0000] {processor.py:830} INFO - Processing file /opt/airflow/dags/job_etl_dag.py for tasks to queue
[2026-05-11T23:23:28.036+0000] {logging_mixin.py:188} INFO - [2026-05-11T23:23:28.034+0000] {dagbag.py:538} INFO - Filling up the DagBag from /opt/airflow/dags/job_etl_dag.py
[2026-05-11T23:23:28.105+0000] {processor.py:840} INFO - DAG(s) 'job_market_etl' retrieved from /opt/airflow/dags/job_etl_dag.py
[2026-05-11T23:23:28.206+0000] {logging_mixin.py:188} INFO - [2026-05-11T23:23:28.205+0000] {dag.py:3036} INFO - Sync 1 DAGs
[2026-05-11T23:23:28.245+0000] {logging_mixin.py:188} INFO - [2026-05-11T23:23:28.244+0000] {dag.py:3823} INFO - Setting next_dagrun for job_market_etl to None, run_after=None
[2026-05-11T23:23:28.321+0000] {processor.py:183} INFO - Processing /opt/airflow/dags/job_etl_dag.py took 0.305 seconds
[2026-05-11T23:23:58.676+0000] {processor.py:161} INFO - Started process (PID=2180) to work on /opt/airflow/dags/job_etl_dag.py
[2026-05-11T23:23:58.680+0000] {processor.py:830} INFO - Processing file /opt/airflow/dags/job_etl_dag.py for tasks to queue
[2026-05-11T23:23:58.684+0000] {logging_mixin.py:188} INFO - [2026-05-11T23:23:58.683+0000] {dagbag.py:538} INFO - Filling up the DagBag from /opt/airflow/dags/job_etl_dag.py
[2026-05-11T23:23:58.757+0000] {processor.py:840} INFO - DAG(s) 'job_market_etl' retrieved from /opt/airflow/dags/job_etl_dag.py
[2026-05-11T23:23:58.845+0000] {logging_mixin.py:188} INFO - [2026-05-11T23:23:58.844+0000] {dag.py:3036} INFO - Sync 1 DAGs
[2026-05-11T23:23:58.879+0000] {logging_mixin.py:188} INFO - [2026-05-11T23:23:58.879+0000] {dag.py:3823} INFO - Setting next_dagrun for job_market_etl to None, run_after=None
[2026-05-11T23:23:58.951+0000] {processor.py:183} INFO - Processing /opt/airflow/dags/job_etl_dag.py took 0.290 seconds
[2026-05-11T23:24:29.135+0000] {processor.py:161} INFO - Started process (PID=2181) to work on /opt/airflow/dags/job_etl_dag.py
[2026-05-11T23:24:29.139+0000] {processor.py:830} INFO - Processing file /opt/airflow/dags/job_etl_dag.py for tasks to queue
[2026-05-11T23:24:29.144+0000] {logging_mixin.py:188} INFO - [2026-05-11T23:24:29.142+0000] {dagbag.py:538} INFO - Filling up the DagBag from /opt/airflow/dags/job_etl_dag.py
[2026-05-11T23:24:29.216+0000] {processor.py:840} INFO - DAG(s) 'job_market_etl' retrieved from /opt/airflow/dags/job_etl_dag.py
[2026-05-11T23:24:29.308+0000] {logging_mixin.py:188} INFO - [2026-05-11T23:24:29.307+0000] {dag.py:3036} INFO - Sync 1 DAGs
[2026-05-11T23:24:29.340+0000] {logging_mixin.py:188} INFO - [2026-05-11T23:24:29.339+0000] {dag.py:3823} INFO - Setting next_dagrun for job_market_etl to None, run_after=None
[2026-05-11T23:24:29.411+0000] {processor.py:183} INFO - Processing /opt/airflow/dags/job_etl_dag.py took 0.291 seconds
[2026-05-11T23:24:59.731+0000] {processor.py:161} INFO - Started process (PID=2182) to work on /opt/airflow/dags/job_etl_dag.py
[2026-05-11T23:24:59.735+0000] {processor.py:830} INFO - Processing file /opt/airflow/dags/job_etl_dag.py for tasks to queue
[2026-05-11T23:24:59.739+0000] {logging_mixin.py:188} INFO - [2026-05-11T23:24:59.737+0000] {dagbag.py:538} INFO - Filling up the DagBag from /opt/airflow/dags/job_etl_dag.py
[2026-05-11T23:24:59.807+0000] {processor.py:840} INFO - DAG(s) 'job_market_etl' retrieved from /opt/airflow/dags/job_etl_dag.py
[2026-05-11T23:24:59.889+0000] {logging_mixin.py:188} INFO - [2026-05-11T23:24:59.889+0000] {dag.py:3036} INFO - Sync 1 DAGs
[2026-05-11T23:24:59.924+0000] {logging_mixin.py:188} INFO - [2026-05-11T23:24:59.923+0000] {dag.py:3823} INFO - Setting next_dagrun for job_market_etl to None, run_after=None
[2026-05-11T23:24:59.996+0000] {processor.py:183} INFO - Processing /opt/airflow/dags/job_etl_dag.py took 0.277 seconds
[2026-05-11T23:25:30.207+0000] {processor.py:161} INFO - Started process (PID=2183) to work on /opt/airflow/dags/job_etl_dag.py
[2026-05-11T23:25:30.212+0000] {processor.py:830} INFO - Processing file /opt/airflow/dags/job_etl_dag.py for tasks to queue
[2026-05-11T23:25:30.218+0000] {logging_mixin.py:188} INFO - [2026-05-11T23:25:30.216+0000] {dagbag.py:538} INFO - Filling up the DagBag from /opt/airflow/dags/job_etl_dag.py
[2026-05-11T23:25:30.303+0000] {processor.py:840} INFO - DAG(s) 'job_market_etl' retrieved from /opt/airflow/dags/job_etl_dag.py
[2026-05-11T23:25:30.395+0000] {logging_mixin.py:188} INFO - [2026-05-11T23:25:30.395+0000] {dag.py:3036} INFO - Sync 1 DAGs
[2026-05-11T23:25:30.428+0000] {logging_mixin.py:188} INFO - [2026-05-11T23:25:30.427+0000] {dag.py:3823} INFO - Setting next_dagrun for job_market_etl to None, run_after=None
[2026-05-11T23:25:30.504+0000] {processor.py:183} INFO - Processing /opt/airflow/dags/job_etl_dag.py took 0.312 seconds
[2026-05-11T23:26:00.912+0000] {processor.py:161} INFO - Started process (PID=2184) to work on /opt/airflow/dags/job_etl_dag.py
[2026-05-11T23:26:00.916+0000] {processor.py:830} INFO - Processing file /opt/airflow/dags/job_etl_dag.py for tasks to queue
[2026-05-11T23:26:00.921+0000] {logging_mixin.py:188} INFO - [2026-05-11T23:26:00.920+0000] {dagbag.py:538} INFO - Filling up the DagBag from /opt/airflow/dags/job_etl_dag.py
[2026-05-11T23:26:00.997+0000] {processor.py:840} INFO - DAG(s) 'job_market_etl' retrieved from /opt/airflow/dags/job_etl_dag.py
[2026-05-11T23:26:01.092+0000] {logging_mixin.py:188} INFO - [2026-05-11T23:26:01.091+0000] {dag.py:3036} INFO - Sync 1 DAGs
[2026-05-11T23:26:01.147+0000] {logging_mixin.py:188} INFO - [2026-05-11T23:26:01.146+0000] {dag.py:3823} INFO - Setting next_dagrun for job_market_etl to None, run_after=None
[2026-05-11T23:26:01.227+0000] {processor.py:183} INFO - Processing /opt/airflow/dags/job_etl_dag.py took 0.326 seconds
[2026-05-11T23:26:31.679+0000] {processor.py:161} INFO - Started process (PID=2185) to work on /opt/airflow/dags/job_etl_dag.py
[2026-05-11T23:26:31.684+0000] {processor.py:830} INFO - Processing file /opt/airflow/dags/job_etl_dag.py for tasks to queue
[2026-05-11T23:26:31.689+0000] {logging_mixin.py:188} INFO - [2026-05-11T23:26:31.687+0000] {dagbag.py:538} INFO - Filling up the DagBag from /opt/airflow/dags/job_etl_dag.py
[2026-05-11T23:26:31.769+0000] {processor.py:840} INFO - DAG(s) 'job_market_etl' retrieved from /opt/airflow/dags/job_etl_dag.py
[2026-05-11T23:26:31.891+0000] {logging_mixin.py:188} INFO - [2026-05-11T23:26:31.889+0000] {dag.py:3036} INFO - Sync 1 DAGs
[2026-05-11T23:26:31.940+0000] {logging_mixin.py:188} INFO - [2026-05-11T23:26:31.939+0000] {dag.py:3823} INFO - Setting next_dagrun for job_market_etl to None, run_after=None
[2026-05-11T23:26:32.027+0000] {processor.py:183} INFO - Processing /opt/airflow/dags/job_etl_dag.py took 0.365 seconds
[2026-05-11T23:27:02.525+0000] {processor.py:161} INFO - Started process (PID=2186) to work on /opt/airflow/dags/job_etl_dag.py
[2026-05-11T23:27:02.529+0000] {processor.py:830} INFO - Processing file /opt/airflow/dags/job_etl_dag.py for tasks to queue
[2026-05-11T23:27:02.533+0000] {logging_mixin.py:188} INFO - [2026-05-11T23:27:02.532+0000] {dagbag.py:538} INFO - Filling up the DagBag from /opt/airflow/dags/job_etl_dag.py
[2026-05-11T23:27:02.604+0000] {processor.py:840} INFO - DAG(s) 'job_market_etl' retrieved from /opt/airflow/dags/job_etl_dag.py
[2026-05-11T23:27:02.678+0000] {logging_mixin.py:188} INFO - [2026-05-11T23:27:02.677+0000] {dag.py:3036} INFO - Sync 1 DAGs
[2026-05-11T23:27:02.705+0000] {logging_mixin.py:188} INFO - [2026-05-11T23:27:02.705+0000] {dag.py:3823} INFO - Setting next_dagrun for job_market_etl to None, run_after=None
[2026-05-11T23:27:02.768+0000] {processor.py:183} INFO - Processing /opt/airflow/dags/job_etl_dag.py took 0.253 seconds
[2026-05-11T23:27:32.878+0000] {processor.py:161} INFO - Started process (PID=2187) to work on /opt/airflow/dags/job_etl_dag.py
[2026-05-11T23:27:32.882+0000] {processor.py:830} INFO - Processing file /opt/airflow/dags/job_etl_dag.py for tasks to queue
[2026-05-11T23:27:32.885+0000] {logging_mixin.py:188} INFO - [2026-05-11T23:27:32.884+0000] {dagbag.py:538} INFO - Filling up the DagBag from /opt/airflow/dags/job_etl_dag.py
[2026-05-11T23:27:32.954+0000] {processor.py:840} INFO - DAG(s) 'job_market_etl' retrieved from /opt/airflow/dags/job_etl_dag.py
[2026-05-11T23:27:33.036+0000] {logging_mixin.py:188} INFO - [2026-05-11T23:27:33.036+0000] {dag.py:3036} INFO - Sync 1 DAGs
[2026-05-11T23:27:33.067+0000] {logging_mixin.py:188} INFO - [2026-05-11T23:27:33.066+0000] {dag.py:3823} INFO - Setting next_dagrun for job_market_etl to None, run_after=None
[2026-05-11T23:27:33.131+0000] {processor.py:183} INFO - Processing /opt/airflow/dags/job_etl_dag.py took 0.263 seconds
[2026-05-11T23:28:03.574+0000] {processor.py:161} INFO - Started process (PID=2188) to work on /opt/airflow/dags/job_etl_dag.py
[2026-05-11T23:28:03.578+0000] {processor.py:830} INFO - Processing file /opt/airflow/dags/job_etl_dag.py for tasks to queue
[2026-05-11T23:28:03.582+0000] {logging_mixin.py:188} INFO - [2026-05-11T23:28:03.581+0000] {dagbag.py:538} INFO - Filling up the DagBag from /opt/airflow/dags/job_etl_dag.py
[2026-05-11T23:28:03.645+0000] {processor.py:840} INFO - DAG(s) 'job_market_etl' retrieved from /opt/airflow/dags/job_etl_dag.py
[2026-05-11T23:28:03.733+0000] {logging_mixin.py:188} INFO - [2026-05-11T23:28:03.732+0000] {dag.py:3036} INFO - Sync 1 DAGs
[2026-05-11T23:28:03.774+0000] {logging_mixin.py:188} INFO - [2026-05-11T23:28:03.773+0000] {dag.py:3823} INFO - Setting next_dagrun for job_market_etl to None, run_after=None
[2026-05-11T23:28:03.850+0000] {processor.py:183} INFO - Processing /opt/airflow/dags/job_etl_dag.py took 0.286 seconds
[2026-05-11T23:28:34.000+0000] {processor.py:161} INFO - Started process (PID=2189) to work on /opt/airflow/dags/job_etl_dag.py
[2026-05-11T23:28:34.005+0000] {processor.py:830} INFO - Processing file /opt/airflow/dags/job_etl_dag.py for tasks to queue
[2026-05-11T23:28:34.008+0000] {logging_mixin.py:188} INFO - [2026-05-11T23:28:34.007+0000] {dagbag.py:538} INFO - Filling up the DagBag from /opt/airflow/dags/job_etl_dag.py
[2026-05-11T23:28:34.075+0000] {processor.py:840} INFO - DAG(s) 'job_market_etl' retrieved from /opt/airflow/dags/job_etl_dag.py
[2026-05-11T23:28:34.211+0000] {logging_mixin.py:188} INFO - [2026-05-11T23:28:34.210+0000] {dag.py:3036} INFO - Sync 1 DAGs
[2026-05-11T23:28:34.258+0000] {logging_mixin.py:188} INFO - [2026-05-11T23:28:34.257+0000] {dag.py:3823} INFO - Setting next_dagrun for job_market_etl to None, run_after=None
[2026-05-11T23:28:34.318+0000] {processor.py:183} INFO - Processing /opt/airflow/dags/job_etl_dag.py took 0.335 seconds
[2026-05-11T23:29:04.670+0000] {processor.py:161} INFO - Started process (PID=2190) to work on /opt/airflow/dags/job_etl_dag.py
[2026-05-11T23:29:04.674+0000] {processor.py:830} INFO - Processing file /opt/airflow/dags/job_etl_dag.py for tasks to queue
[2026-05-11T23:29:04.678+0000] {logging_mixin.py:188} INFO - [2026-05-11T23:29:04.677+0000] {dagbag.py:538} INFO - Filling up the DagBag from /opt/airflow/dags/job_etl_dag.py
[2026-05-11T23:29:04.745+0000] {processor.py:840} INFO - DAG(s) 'job_market_etl' retrieved from /opt/airflow/dags/job_etl_dag.py
[2026-05-11T23:29:04.827+0000] {logging_mixin.py:188} INFO - [2026-05-11T23:29:04.826+0000] {dag.py:3036} INFO - Sync 1 DAGs
[2026-05-11T23:29:04.860+0000] {logging_mixin.py:188} INFO - [2026-05-11T23:29:04.859+0000] {dag.py:3823} INFO - Setting next_dagrun for job_market_etl to None, run_after=None
[2026-05-11T23:29:04.942+0000] {processor.py:183} INFO - Processing /opt/airflow/dags/job_etl_dag.py took 0.286 seconds
[2026-05-11T23:29:35.162+0000] {processor.py:161} INFO - Started process (PID=2191) to work on /opt/airflow/dags/job_etl_dag.py
[2026-05-11T23:29:35.168+0000] {processor.py:830} INFO - Processing file /opt/airflow/dags/job_etl_dag.py for tasks to queue
[2026-05-11T23:29:35.172+0000] {logging_mixin.py:188} INFO - [2026-05-11T23:29:35.171+0000] {dagbag.py:538} INFO - Filling up the DagBag from /opt/airflow/dags/job_etl_dag.py
[2026-05-11T23:29:35.245+0000] {processor.py:840} INFO - DAG(s) 'job_market_etl' retrieved from /opt/airflow/dags/job_etl_dag.py
[2026-05-11T23:29:35.349+0000] {logging_mixin.py:188} INFO - [2026-05-11T23:29:35.349+0000] {dag.py:3036} INFO - Sync 1 DAGs
[2026-05-11T23:29:35.384+0000] {logging_mixin.py:188} INFO - [2026-05-11T23:29:35.383+0000] {dag.py:3823} INFO - Setting next_dagrun for job_market_etl to None, run_after=None
[2026-05-11T23:29:35.461+0000] {processor.py:183} INFO - Processing /opt/airflow/dags/job_etl_dag.py took 0.328 seconds
[2026-05-11T23:30:05.783+0000] {processor.py:161} INFO - Started process (PID=2192) to work on /opt/airflow/dags/job_etl_dag.py
[2026-05-11T23:30:05.787+0000] {processor.py:830} INFO - Processing file /opt/airflow/dags/job_etl_dag.py for tasks to queue
[2026-05-11T23:30:05.791+0000] {logging_mixin.py:188} INFO - [2026-05-11T23:30:05.790+0000] {dagbag.py:538} INFO - Filling up the DagBag from /opt/airflow/dags/job_etl_dag.py
[2026-05-11T23:30:05.868+0000] {processor.py:840} INFO - DAG(s) 'job_market_etl' retrieved from /opt/airflow/dags/job_etl_dag.py
[2026-05-11T23:30:05.963+0000] {logging_mixin.py:188} INFO - [2026-05-11T23:30:05.962+0000] {dag.py:3036} INFO - Sync 1 DAGs
[2026-05-11T23:30:05.994+0000] {logging_mixin.py:188} INFO - [2026-05-11T23:30:05.993+0000] {dag.py:3823} INFO - Setting next_dagrun for job_market_etl to None, run_after=None
[2026-05-11T23:30:06.066+0000] {processor.py:183} INFO - Processing /opt/airflow/dags/job_etl_dag.py took 0.296 seconds
[2026-05-11T23:30:36.283+0000] {processor.py:161} INFO - Started process (PID=2193) to work on /opt/airflow/dags/job_etl_dag.py
[2026-05-11T23:30:36.288+0000] {processor.py:830} INFO - Processing file /opt/airflow/dags/job_etl_dag.py for tasks to queue
[2026-05-11T23:30:36.292+0000] {logging_mixin.py:188} INFO - [2026-05-11T23:30:36.291+0000] {dagbag.py:538} INFO - Filling up the DagBag from /opt/airflow/dags/job_etl_dag.py
[2026-05-11T23:30:36.361+0000] {processor.py:840} INFO - DAG(s) 'job_market_etl' retrieved from /opt/airflow/dags/job_etl_dag.py
[2026-05-11T23:30:36.458+0000] {logging_mixin.py:188} INFO - [2026-05-11T23:30:36.457+0000] {dag.py:3036} INFO - Sync 1 DAGs
[2026-05-11T23:30:36.497+0000] {logging_mixin.py:188} INFO - [2026-05-11T23:30:36.496+0000] {dag.py:3823} INFO - Setting next_dagrun for job_market_etl to None, run_after=None
[2026-05-11T23:30:36.576+0000] {processor.py:183} INFO - Processing /opt/airflow/dags/job_etl_dag.py took 0.306 seconds
[2026-05-11T23:31:06.991+0000] {processor.py:161} INFO - Started process (PID=2194) to work on /opt/airflow/dags/job_etl_dag.py
[2026-05-11T23:31:06.994+0000] {processor.py:830} INFO - Processing file /opt/airflow/dags/job_etl_dag.py for tasks to queue
[2026-05-11T23:31:06.997+0000] {logging_mixin.py:188} INFO - [2026-05-11T23:31:06.997+0000] {dagbag.py:538} INFO - Filling up the DagBag from /opt/airflow/dags/job_etl_dag.py
[2026-05-11T23:31:07.069+0000] {processor.py:840} INFO - DAG(s) 'job_market_etl' retrieved from /opt/airflow/dags/job_etl_dag.py
[2026-05-11T23:31:07.157+0000] {logging_mixin.py:188} INFO - [2026-05-11T23:31:07.157+0000] {dag.py:3036} INFO - Sync 1 DAGs
[2026-05-11T23:31:07.193+0000] {logging_mixin.py:188} INFO - [2026-05-11T23:31:07.192+0000] {dag.py:3823} INFO - Setting next_dagrun for job_market_etl to None, run_after=None
[2026-05-11T23:31:07.273+0000] {processor.py:183} INFO - Processing /opt/airflow/dags/job_etl_dag.py took 0.291 seconds
[2026-05-11T23:31:37.454+0000] {processor.py:161} INFO - Started process (PID=2195) to work on /opt/airflow/dags/job_etl_dag.py
[2026-05-11T23:31:37.460+0000] {processor.py:830} INFO - Processing file /opt/airflow/dags/job_etl_dag.py for tasks to queue
[2026-05-11T23:31:37.463+0000] {logging_mixin.py:188} INFO - [2026-05-11T23:31:37.462+0000] {dagbag.py:538} INFO - Filling up the DagBag from /opt/airflow/dags/job_etl_dag.py
[2026-05-11T23:31:37.539+0000] {processor.py:840} INFO - DAG(s) 'job_market_etl' retrieved from /opt/airflow/dags/job_etl_dag.py
[2026-05-11T23:31:37.647+0000] {logging_mixin.py:188} INFO - [2026-05-11T23:31:37.646+0000] {dag.py:3036} INFO - Sync 1 DAGs
[2026-05-11T23:31:37.686+0000] {logging_mixin.py:188} INFO - [2026-05-11T23:31:37.686+0000] {dag.py:3823} INFO - Setting next_dagrun for job_market_etl to None, run_after=None
[2026-05-11T23:31:37.762+0000] {processor.py:183} INFO - Processing /opt/airflow/dags/job_etl_dag.py took 0.321 seconds
[2026-05-11T23:32:08.108+0000] {processor.py:161} INFO - Started process (PID=2196) to work on /opt/airflow/dags/job_etl_dag.py
[2026-05-11T23:32:08.113+0000] {processor.py:830} INFO - Processing file /opt/airflow/dags/job_etl_dag.py for tasks to queue
[2026-05-11T23:32:08.117+0000] {logging_mixin.py:188} INFO - [2026-05-11T23:32:08.116+0000] {dagbag.py:538} INFO - Filling up the DagBag from /opt/airflow/dags/job_etl_dag.py
[2026-05-11T23:32:08.185+0000] {processor.py:840} INFO - DAG(s) 'job_market_etl' retrieved from /opt/airflow/dags/job_etl_dag.py
[2026-05-11T23:32:08.269+0000] {logging_mixin.py:188} INFO - [2026-05-11T23:32:08.268+0000] {dag.py:3036} INFO - Sync 1 DAGs
[2026-05-11T23:32:08.301+0000] {logging_mixin.py:188} INFO - [2026-05-11T23:32:08.300+0000] {dag.py:3823} INFO - Setting next_dagrun for job_market_etl to None, run_after=None
[2026-05-11T23:32:08.362+0000] {processor.py:183} INFO - Processing /opt/airflow/dags/job_etl_dag.py took 0.264 seconds
[2026-05-11T23:32:38.634+0000] {processor.py:161} INFO - Started process (PID=2197) to work on /opt/airflow/dags/job_etl_dag.py
[2026-05-11T23:32:38.639+0000] {processor.py:830} INFO - Processing file /opt/airflow/dags/job_etl_dag.py for tasks to queue
[2026-05-11T23:32:38.643+0000] {logging_mixin.py:188} INFO - [2026-05-11T23:32:38.642+0000] {dagbag.py:538} INFO - Filling up the DagBag from /opt/airflow/dags/job_etl_dag.py
[2026-05-11T23:32:38.713+0000] {processor.py:840} INFO - DAG(s) 'job_market_etl' retrieved from /opt/airflow/dags/job_etl_dag.py
[2026-05-11T23:32:38.798+0000] {logging_mixin.py:188} INFO - [2026-05-11T23:32:38.797+0000] {dag.py:3036} INFO - Sync 1 DAGs
[2026-05-11T23:32:38.831+0000] {logging_mixin.py:188} INFO - [2026-05-11T23:32:38.830+0000] {dag.py:3823} INFO - Setting next_dagrun for job_market_etl to None, run_after=None
[2026-05-11T23:32:38.905+0000] {processor.py:183} INFO - Processing /opt/airflow/dags/job_etl_dag.py took 0.285 seconds
[2026-05-11T23:33:09.189+0000] {processor.py:161} INFO - Started process (PID=2198) to work on /opt/airflow/dags/job_etl_dag.py
[2026-05-11T23:33:09.194+0000] {processor.py:830} INFO - Processing file /opt/airflow/dags/job_etl_dag.py for tasks to queue
[2026-05-11T23:33:09.197+0000] {logging_mixin.py:188} INFO - [2026-05-11T23:33:09.196+0000] {dagbag.py:538} INFO - Filling up the DagBag from /opt/airflow/dags/job_etl_dag.py
[2026-05-11T23:33:09.272+0000] {processor.py:840} INFO - DAG(s) 'job_market_etl' retrieved from /opt/airflow/dags/job_etl_dag.py
[2026-05-11T23:33:09.359+0000] {logging_mixin.py:188} INFO - [2026-05-11T23:33:09.358+0000] {dag.py:3036} INFO - Sync 1 DAGs
[2026-05-11T23:33:09.392+0000] {logging_mixin.py:188} INFO - [2026-05-11T23:33:09.391+0000] {dag.py:3823} INFO - Setting next_dagrun for job_market_etl to None, run_after=None
[2026-05-11T23:33:09.468+0000] {processor.py:183} INFO - Processing /opt/airflow/dags/job_etl_dag.py took 0.292 seconds
[2026-05-11T23:33:39.718+0000] {processor.py:161} INFO - Started process (PID=2199) to work on /opt/airflow/dags/job_etl_dag.py
[2026-05-11T23:33:39.722+0000] {processor.py:830} INFO - Processing file /opt/airflow/dags/job_etl_dag.py for tasks to queue
[2026-05-11T23:33:39.725+0000] {logging_mixin.py:188} INFO - [2026-05-11T23:33:39.724+0000] {dagbag.py:538} INFO - Filling up the DagBag from /opt/airflow/dags/job_etl_dag.py
[2026-05-11T23:33:39.795+0000] {processor.py:840} INFO - DAG(s) 'job_market_etl' retrieved from /opt/airflow/dags/job_etl_dag.py
[2026-05-11T23:33:39.903+0000] {logging_mixin.py:188} INFO - [2026-05-11T23:33:39.902+0000] {dag.py:3036} INFO - Sync 1 DAGs
[2026-05-11T23:33:39.939+0000] {logging_mixin.py:188} INFO - [2026-05-11T23:33:39.938+0000] {dag.py:3823} INFO - Setting next_dagrun for job_market_etl to None, run_after=None
[2026-05-11T23:33:40.006+0000] {processor.py:183} INFO - Processing /opt/airflow/dags/job_etl_dag.py took 0.300 seconds
[2026-05-11T23:34:10.297+0000] {processor.py:161} INFO - Started process (PID=2200) to work on /opt/airflow/dags/job_etl_dag.py
[2026-05-11T23:34:10.303+0000] {processor.py:830} INFO - Processing file /opt/airflow/dags/job_etl_dag.py for tasks to queue
[2026-05-11T23:34:10.307+0000] {logging_mixin.py:188} INFO - [2026-05-11T23:34:10.306+0000] {dagbag.py:538} INFO - Filling up the DagBag from /opt/airflow/dags/job_etl_dag.py
[2026-05-11T23:34:10.375+0000] {processor.py:840} INFO - DAG(s) 'job_market_etl' retrieved from /opt/airflow/dags/job_etl_dag.py
[2026-05-11T23:34:10.447+0000] {logging_mixin.py:188} INFO - [2026-05-11T23:34:10.446+0000] {dag.py:3036} INFO - Sync 1 DAGs
[2026-05-11T23:34:10.476+0000] {logging_mixin.py:188} INFO - [2026-05-11T23:34:10.475+0000] {dag.py:3823} INFO - Setting next_dagrun for job_market_etl to None, run_after=None
[2026-05-11T23:34:10.544+0000] {processor.py:183} INFO - Processing /opt/airflow/dags/job_etl_dag.py took 0.259 seconds
[2026-05-11T23:34:40.857+0000] {processor.py:161} INFO - Started process (PID=2201) to work on /opt/airflow/dags/job_etl_dag.py
[2026-05-11T23:34:40.861+0000] {processor.py:830} INFO - Processing file /opt/airflow/dags/job_etl_dag.py for tasks to queue
[2026-05-11T23:34:40.866+0000] {logging_mixin.py:188} INFO - [2026-05-11T23:34:40.864+0000] {dagbag.py:538} INFO - Filling up the DagBag from /opt/airflow/dags/job_etl_dag.py
[2026-05-11T23:34:40.950+0000] {processor.py:840} INFO - DAG(s) 'job_market_etl' retrieved from /opt/airflow/dags/job_etl_dag.py
[2026-05-11T23:34:41.038+0000] {logging_mixin.py:188} INFO - [2026-05-11T23:34:41.037+0000] {dag.py:3036} INFO - Sync 1 DAGs
[2026-05-11T23:34:41.076+0000] {logging_mixin.py:188} INFO - [2026-05-11T23:34:41.075+0000] {dag.py:3823} INFO - Setting next_dagrun for job_market_etl to None, run_after=None
[2026-05-11T23:34:41.152+0000] {processor.py:183} INFO - Processing /opt/airflow/dags/job_etl_dag.py took 0.319 seconds
[2026-05-11T23:35:11.417+0000] {processor.py:161} INFO - Started process (PID=2202) to work on /opt/airflow/dags/job_etl_dag.py
[2026-05-11T23:35:11.423+0000] {processor.py:830} INFO - Processing file /opt/airflow/dags/job_etl_dag.py for tasks to queue
[2026-05-11T23:35:11.428+0000] {logging_mixin.py:188} INFO - [2026-05-11T23:35:11.427+0000] {dagbag.py:538} INFO - Filling up the DagBag from /opt/airflow/dags/job_etl_dag.py
[2026-05-11T23:35:11.510+0000] {processor.py:840} INFO - DAG(s) 'job_market_etl' retrieved from /opt/airflow/dags/job_etl_dag.py
[2026-05-11T23:35:11.621+0000] {logging_mixin.py:188} INFO - [2026-05-11T23:35:11.620+0000] {dag.py:3036} INFO - Sync 1 DAGs
[2026-05-11T23:35:11.668+0000] {logging_mixin.py:188} INFO - [2026-05-11T23:35:11.667+0000] {dag.py:3823} INFO - Setting next_dagrun for job_market_etl to None, run_after=None
[2026-05-11T23:35:11.754+0000] {processor.py:183} INFO - Processing /opt/airflow/dags/job_etl_dag.py took 0.355 seconds
[2026-05-11T23:35:42.019+0000] {processor.py:161} INFO - Started process (PID=2203) to work on /opt/airflow/dags/job_etl_dag.py
[2026-05-11T23:35:42.023+0000] {processor.py:830} INFO - Processing file /opt/airflow/dags/job_etl_dag.py for tasks to queue
[2026-05-11T23:35:42.027+0000] {logging_mixin.py:188} INFO - [2026-05-11T23:35:42.026+0000] {dagbag.py:538} INFO - Filling up the DagBag from /opt/airflow/dags/job_etl_dag.py
[2026-05-11T23:35:42.108+0000] {processor.py:840} INFO - DAG(s) 'job_market_etl' retrieved from /opt/airflow/dags/job_etl_dag.py
[2026-05-11T23:35:42.227+0000] {logging_mixin.py:188} INFO - [2026-05-11T23:35:42.226+0000] {dag.py:3036} INFO - Sync 1 DAGs
[2026-05-11T23:35:42.276+0000] {logging_mixin.py:188} INFO - [2026-05-11T23:35:42.276+0000] {dag.py:3823} INFO - Setting next_dagrun for job_market_etl to None, run_after=None
[2026-05-11T23:35:42.353+0000] {processor.py:183} INFO - Processing /opt/airflow/dags/job_etl_dag.py took 0.353 seconds
[2026-05-11T23:36:12.746+0000] {processor.py:161} INFO - Started process (PID=2204) to work on /opt/airflow/dags/job_etl_dag.py
[2026-05-11T23:36:12.751+0000] {processor.py:830} INFO - Processing file /opt/airflow/dags/job_etl_dag.py for tasks to queue
[2026-05-11T23:36:12.755+0000] {logging_mixin.py:188} INFO - [2026-05-11T23:36:12.754+0000] {dagbag.py:538} INFO - Filling up the DagBag from /opt/airflow/dags/job_etl_dag.py
[2026-05-11T23:36:12.851+0000] {processor.py:840} INFO - DAG(s) 'job_market_etl' retrieved from /opt/airflow/dags/job_etl_dag.py
[2026-05-11T23:36:12.992+0000] {logging_mixin.py:188} INFO - [2026-05-11T23:36:12.992+0000] {dag.py:3036} INFO - Sync 1 DAGs
[2026-05-11T23:36:13.044+0000] {logging_mixin.py:188} INFO - [2026-05-11T23:36:13.043+0000] {dag.py:3823} INFO - Setting next_dagrun for job_market_etl to None, run_after=None
[2026-05-11T23:36:13.125+0000] {processor.py:183} INFO - Processing /opt/airflow/dags/job_etl_dag.py took 0.392 seconds
[2026-05-11T23:36:43.602+0000] {processor.py:161} INFO - Started process (PID=2205) to work on /opt/airflow/dags/job_etl_dag.py
[2026-05-11T23:36:43.604+0000] {processor.py:830} INFO - Processing file /opt/airflow/dags/job_etl_dag.py for tasks to queue
[2026-05-11T23:36:43.607+0000] {logging_mixin.py:188} INFO - [2026-05-11T23:36:43.607+0000] {dagbag.py:538} INFO - Filling up the DagBag from /opt/airflow/dags/job_etl_dag.py
[2026-05-11T23:36:43.672+0000] {processor.py:840} INFO - DAG(s) 'job_market_etl' retrieved from /opt/airflow/dags/job_etl_dag.py
[2026-05-11T23:36:43.759+0000] {logging_mixin.py:188} INFO - [2026-05-11T23:36:43.759+0000] {dag.py:3036} INFO - Sync 1 DAGs
[2026-05-11T23:36:43.795+0000] {logging_mixin.py:188} INFO - [2026-05-11T23:36:43.795+0000] {dag.py:3823} INFO - Setting next_dagrun for job_market_etl to None, run_after=None
[2026-05-11T23:36:43.854+0000] {processor.py:183} INFO - Processing /opt/airflow/dags/job_etl_dag.py took 0.264 seconds
[2026-05-11T23:37:14.053+0000] {processor.py:161} INFO - Started process (PID=2206) to work on /opt/airflow/dags/job_etl_dag.py
[2026-05-11T23:37:14.056+0000] {processor.py:830} INFO - Processing file /opt/airflow/dags/job_etl_dag.py for tasks to queue
[2026-05-11T23:37:14.060+0000] {logging_mixin.py:188} INFO - [2026-05-11T23:37:14.059+0000] {dagbag.py:538} INFO - Filling up the DagBag from /opt/airflow/dags/job_etl_dag.py
[2026-05-11T23:37:14.129+0000] {processor.py:840} INFO - DAG(s) 'job_market_etl' retrieved from /opt/airflow/dags/job_etl_dag.py
[2026-05-11T23:37:14.228+0000] {logging_mixin.py:188} INFO - [2026-05-11T23:37:14.227+0000] {dag.py:3036} INFO - Sync 1 DAGs
[2026-05-11T23:37:14.270+0000] {logging_mixin.py:188} INFO - [2026-05-11T23:37:14.269+0000] {dag.py:3823} INFO - Setting next_dagrun for job_market_etl to None, run_after=None
[2026-05-11T23:37:14.356+0000] {processor.py:183} INFO - Processing /opt/airflow/dags/job_etl_dag.py took 0.316 seconds
[2026-05-11T23:37:44.742+0000] {processor.py:161} INFO - Started process (PID=2207) to work on /opt/airflow/dags/job_etl_dag.py
[2026-05-11T23:37:44.745+0000] {processor.py:830} INFO - Processing file /opt/airflow/dags/job_etl_dag.py for tasks to queue
[2026-05-11T23:37:44.748+0000] {logging_mixin.py:188} INFO - [2026-05-11T23:37:44.747+0000] {dagbag.py:538} INFO - Filling up the DagBag from /opt/airflow/dags/job_etl_dag.py
[2026-05-11T23:37:44.808+0000] {processor.py:840} INFO - DAG(s) 'job_market_etl' retrieved from /opt/airflow/dags/job_etl_dag.py
[2026-05-11T23:37:44.892+0000] {logging_mixin.py:188} INFO - [2026-05-11T23:37:44.891+0000] {dag.py:3036} INFO - Sync 1 DAGs
[2026-05-11T23:37:44.931+0000] {logging_mixin.py:188} INFO - [2026-05-11T23:37:44.930+0000] {dag.py:3823} INFO - Setting next_dagrun for job_market_etl to None, run_after=None
[2026-05-11T23:37:45.020+0000] {processor.py:183} INFO - Processing /opt/airflow/dags/job_etl_dag.py took 0.286 seconds
[2026-05-11T23:38:15.165+0000] {processor.py:161} INFO - Started process (PID=2208) to work on /opt/airflow/dags/job_etl_dag.py
[2026-05-11T23:38:15.169+0000] {processor.py:830} INFO - Processing file /opt/airflow/dags/job_etl_dag.py for tasks to queue
[2026-05-11T23:38:15.174+0000] {logging_mixin.py:188} INFO - [2026-05-11T23:38:15.172+0000] {dagbag.py:538} INFO - Filling up the DagBag from /opt/airflow/dags/job_etl_dag.py
[2026-05-11T23:38:15.244+0000] {processor.py:840} INFO - DAG(s) 'job_market_etl' retrieved from /opt/airflow/dags/job_etl_dag.py
[2026-05-11T23:38:15.327+0000] {logging_mixin.py:188} INFO - [2026-05-11T23:38:15.327+0000] {dag.py:3036} INFO - Sync 1 DAGs
[2026-05-11T23:38:15.358+0000] {logging_mixin.py:188} INFO - [2026-05-11T23:38:15.358+0000] {dag.py:3823} INFO - Setting next_dagrun for job_market_etl to None, run_after=None
[2026-05-11T23:38:15.422+0000] {processor.py:183} INFO - Processing /opt/airflow/dags/job_etl_dag.py took 0.270 seconds
[2026-05-11T23:38:45.806+0000] {processor.py:161} INFO - Started process (PID=2209) to work on /opt/airflow/dags/job_etl_dag.py
[2026-05-11T23:38:45.808+0000] {processor.py:830} INFO - Processing file /opt/airflow/dags/job_etl_dag.py for tasks to queue
[2026-05-11T23:38:45.812+0000] {logging_mixin.py:188} INFO - [2026-05-11T23:38:45.811+0000] {dagbag.py:538} INFO - Filling up the DagBag from /opt/airflow/dags/job_etl_dag.py
[2026-05-11T23:38:45.880+0000] {processor.py:840} INFO - DAG(s) 'job_market_etl' retrieved from /opt/airflow/dags/job_etl_dag.py
[2026-05-11T23:38:45.979+0000] {logging_mixin.py:188} INFO - [2026-05-11T23:38:45.978+0000] {dag.py:3036} INFO - Sync 1 DAGs
[2026-05-11T23:38:46.016+0000] {logging_mixin.py:188} INFO - [2026-05-11T23:38:46.015+0000] {dag.py:3823} INFO - Setting next_dagrun for job_market_etl to None, run_after=None
[2026-05-11T23:38:46.097+0000] {processor.py:183} INFO - Processing /opt/airflow/dags/job_etl_dag.py took 0.302 seconds
[2026-05-11T23:39:16.362+0000] {processor.py:161} INFO - Started process (PID=2210) to work on /opt/airflow/dags/job_etl_dag.py
[2026-05-11T23:39:16.365+0000] {processor.py:830} INFO - Processing file /opt/airflow/dags/job_etl_dag.py for tasks to queue
[2026-05-11T23:39:16.368+0000] {logging_mixin.py:188} INFO - [2026-05-11T23:39:16.367+0000] {dagbag.py:538} INFO - Filling up the DagBag from /opt/airflow/dags/job_etl_dag.py
[2026-05-11T23:39:16.440+0000] {processor.py:840} INFO - DAG(s) 'job_market_etl' retrieved from /opt/airflow/dags/job_etl_dag.py
[2026-05-11T23:39:16.531+0000] {logging_mixin.py:188} INFO - [2026-05-11T23:39:16.530+0000] {dag.py:3036} INFO - Sync 1 DAGs
[2026-05-11T23:39:16.568+0000] {logging_mixin.py:188} INFO - [2026-05-11T23:39:16.568+0000] {dag.py:3823} INFO - Setting next_dagrun for job_market_etl to None, run_after=None
[2026-05-11T23:39:16.639+0000] {processor.py:183} INFO - Processing /opt/airflow/dags/job_etl_dag.py took 0.291 seconds
[2026-05-11T23:39:46.903+0000] {processor.py:161} INFO - Started process (PID=2211) to work on /opt/airflow/dags/job_etl_dag.py
[2026-05-11T23:39:46.906+0000] {processor.py:830} INFO - Processing file /opt/airflow/dags/job_etl_dag.py for tasks to queue
[2026-05-11T23:39:46.910+0000] {logging_mixin.py:188} INFO - [2026-05-11T23:39:46.909+0000] {dagbag.py:538} INFO - Filling up the DagBag from /opt/airflow/dags/job_etl_dag.py
[2026-05-11T23:39:46.979+0000] {processor.py:840} INFO - DAG(s) 'job_market_etl' retrieved from /opt/airflow/dags/job_etl_dag.py
[2026-05-11T23:39:47.069+0000] {logging_mixin.py:188} INFO - [2026-05-11T23:39:47.068+0000] {dag.py:3036} INFO - Sync 1 DAGs
[2026-05-11T23:39:47.105+0000] {logging_mixin.py:188} INFO - [2026-05-11T23:39:47.105+0000] {dag.py:3823} INFO - Setting next_dagrun for job_market_etl to None, run_after=None
[2026-05-11T23:39:47.171+0000] {processor.py:183} INFO - Processing /opt/airflow/dags/job_etl_dag.py took 0.279 seconds
[2026-05-11T23:40:17.420+0000] {processor.py:161} INFO - Started process (PID=2212) to work on /opt/airflow/dags/job_etl_dag.py
[2026-05-11T23:40:17.423+0000] {processor.py:830} INFO - Processing file /opt/airflow/dags/job_etl_dag.py for tasks to queue
[2026-05-11T23:40:17.426+0000] {logging_mixin.py:188} INFO - [2026-05-11T23:40:17.426+0000] {dagbag.py:538} INFO - Filling up the DagBag from /opt/airflow/dags/job_etl_dag.py
[2026-05-11T23:40:17.492+0000] {processor.py:840} INFO - DAG(s) 'job_market_etl' retrieved from /opt/airflow/dags/job_etl_dag.py
[2026-05-11T23:40:17.574+0000] {logging_mixin.py:188} INFO - [2026-05-11T23:40:17.574+0000] {dag.py:3036} INFO - Sync 1 DAGs
[2026-05-11T23:40:17.607+0000] {logging_mixin.py:188} INFO - [2026-05-11T23:40:17.606+0000] {dag.py:3823} INFO - Setting next_dagrun for job_market_etl to None, run_after=None
[2026-05-11T23:40:17.682+0000] {processor.py:183} INFO - Processing /opt/airflow/dags/job_etl_dag.py took 0.271 seconds
[2026-05-11T23:40:47.957+0000] {processor.py:161} INFO - Started process (PID=2213) to work on /opt/airflow/dags/job_etl_dag.py
[2026-05-11T23:40:47.960+0000] {processor.py:830} INFO - Processing file /opt/airflow/dags/job_etl_dag.py for tasks to queue
[2026-05-11T23:40:47.965+0000] {logging_mixin.py:188} INFO - [2026-05-11T23:40:47.963+0000] {dagbag.py:538} INFO - Filling up the DagBag from /opt/airflow/dags/job_etl_dag.py
[2026-05-11T23:40:48.042+0000] {processor.py:840} INFO - DAG(s) 'job_market_etl' retrieved from /opt/airflow/dags/job_etl_dag.py
[2026-05-11T23:40:48.135+0000] {logging_mixin.py:188} INFO - [2026-05-11T23:40:48.134+0000] {dag.py:3036} INFO - Sync 1 DAGs
[2026-05-11T23:40:48.165+0000] {logging_mixin.py:188} INFO - [2026-05-11T23:40:48.164+0000] {dag.py:3823} INFO - Setting next_dagrun for job_market_etl to None, run_after=None
[2026-05-11T23:40:48.236+0000] {processor.py:183} INFO - Processing /opt/airflow/dags/job_etl_dag.py took 0.292 seconds
[2026-05-11T23:41:18.477+0000] {processor.py:161} INFO - Started process (PID=2214) to work on /opt/airflow/dags/job_etl_dag.py
[2026-05-11T23:41:18.480+0000] {processor.py:830} INFO - Processing file /opt/airflow/dags/job_etl_dag.py for tasks to queue
[2026-05-11T23:41:18.484+0000] {logging_mixin.py:188} INFO - [2026-05-11T23:41:18.483+0000] {dagbag.py:538} INFO - Filling up the DagBag from /opt/airflow/dags/job_etl_dag.py
[2026-05-11T23:41:18.555+0000] {processor.py:840} INFO - DAG(s) 'job_market_etl' retrieved from /opt/airflow/dags/job_etl_dag.py
[2026-05-11T23:41:18.655+0000] {logging_mixin.py:188} INFO - [2026-05-11T23:41:18.655+0000] {dag.py:3036} INFO - Sync 1 DAGs
[2026-05-11T23:41:18.690+0000] {logging_mixin.py:188} INFO - [2026-05-11T23:41:18.689+0000] {dag.py:3823} INFO - Setting next_dagrun for job_market_etl to None, run_after=None
[2026-05-11T23:41:18.751+0000] {processor.py:183} INFO - Processing /opt/airflow/dags/job_etl_dag.py took 0.286 seconds
[2026-05-11T23:41:49.129+0000] {processor.py:161} INFO - Started process (PID=2215) to work on /opt/airflow/dags/job_etl_dag.py
[2026-05-11T23:41:49.132+0000] {processor.py:830} INFO - Processing file /opt/airflow/dags/job_etl_dag.py for tasks to queue
[2026-05-11T23:41:49.136+0000] {logging_mixin.py:188} INFO - [2026-05-11T23:41:49.135+0000] {dagbag.py:538} INFO - Filling up the DagBag from /opt/airflow/dags/job_etl_dag.py
[2026-05-11T23:41:49.195+0000] {processor.py:840} INFO - DAG(s) 'job_market_etl' retrieved from /opt/airflow/dags/job_etl_dag.py
[2026-05-11T23:41:49.273+0000] {logging_mixin.py:188} INFO - [2026-05-11T23:41:49.272+0000] {dag.py:3036} INFO - Sync 1 DAGs
[2026-05-11T23:41:49.310+0000] {logging_mixin.py:188} INFO - [2026-05-11T23:41:49.309+0000] {dag.py:3823} INFO - Setting next_dagrun for job_market_etl to None, run_after=None
[2026-05-11T23:41:49.385+0000] {processor.py:183} INFO - Processing /opt/airflow/dags/job_etl_dag.py took 0.267 seconds
[2026-05-11T23:42:19.553+0000] {processor.py:161} INFO - Started process (PID=2216) to work on /opt/airflow/dags/job_etl_dag.py
[2026-05-11T23:42:19.557+0000] {processor.py:830} INFO - Processing file /opt/airflow/dags/job_etl_dag.py for tasks to queue
[2026-05-11T23:42:19.561+0000] {logging_mixin.py:188} INFO - [2026-05-11T23:42:19.560+0000] {dagbag.py:538} INFO - Filling up the DagBag from /opt/airflow/dags/job_etl_dag.py
[2026-05-11T23:42:19.622+0000] {processor.py:840} INFO - DAG(s) 'job_market_etl' retrieved from /opt/airflow/dags/job_etl_dag.py
[2026-05-11T23:42:19.710+0000] {logging_mixin.py:188} INFO - [2026-05-11T23:42:19.709+0000] {dag.py:3036} INFO - Sync 1 DAGs
[2026-05-11T23:42:19.755+0000] {logging_mixin.py:188} INFO - [2026-05-11T23:42:19.755+0000] {dag.py:3823} INFO - Setting next_dagrun for job_market_etl to None, run_after=None
[2026-05-11T23:42:19.829+0000] {processor.py:183} INFO - Processing /opt/airflow/dags/job_etl_dag.py took 0.296 seconds
[2026-05-11T23:42:50.200+0000] {processor.py:161} INFO - Started process (PID=2217) to work on /opt/airflow/dags/job_etl_dag.py
[2026-05-11T23:42:50.203+0000] {processor.py:830} INFO - Processing file /opt/airflow/dags/job_etl_dag.py for tasks to queue
[2026-05-11T23:42:50.208+0000] {logging_mixin.py:188} INFO - [2026-05-11T23:42:50.206+0000] {dagbag.py:538} INFO - Filling up the DagBag from /opt/airflow/dags/job_etl_dag.py
[2026-05-11T23:42:50.280+0000] {processor.py:840} INFO - DAG(s) 'job_market_etl' retrieved from /opt/airflow/dags/job_etl_dag.py
[2026-05-11T23:42:50.376+0000] {logging_mixin.py:188} INFO - [2026-05-11T23:42:50.375+0000] {dag.py:3036} INFO - Sync 1 DAGs
[2026-05-11T23:42:50.416+0000] {logging_mixin.py:188} INFO - [2026-05-11T23:42:50.416+0000] {dag.py:3823} INFO - Setting next_dagrun for job_market_etl to None, run_after=None
[2026-05-11T23:42:50.480+0000] {processor.py:183} INFO - Processing /opt/airflow/dags/job_etl_dag.py took 0.295 seconds
[2026-05-11T23:43:20.617+0000] {processor.py:161} INFO - Started process (PID=2218) to work on /opt/airflow/dags/job_etl_dag.py
[2026-05-11T23:43:20.621+0000] {processor.py:830} INFO - Processing file /opt/airflow/dags/job_etl_dag.py for tasks to queue
[2026-05-11T23:43:20.624+0000] {logging_mixin.py:188} INFO - [2026-05-11T23:43:20.623+0000] {dagbag.py:538} INFO - Filling up the DagBag from /opt/airflow/dags/job_etl_dag.py
[2026-05-11T23:43:20.693+0000] {processor.py:840} INFO - DAG(s) 'job_market_etl' retrieved from /opt/airflow/dags/job_etl_dag.py
[2026-05-11T23:43:20.788+0000] {logging_mixin.py:188} INFO - [2026-05-11T23:43:20.788+0000] {dag.py:3036} INFO - Sync 1 DAGs
[2026-05-11T23:43:20.828+0000] {logging_mixin.py:188} INFO - [2026-05-11T23:43:20.828+0000] {dag.py:3823} INFO - Setting next_dagrun for job_market_etl to None, run_after=None
[2026-05-11T23:43:20.898+0000] {processor.py:183} INFO - Processing /opt/airflow/dags/job_etl_dag.py took 0.295 seconds
[2026-05-11T23:43:51.256+0000] {processor.py:161} INFO - Started process (PID=2219) to work on /opt/airflow/dags/job_etl_dag.py
[2026-05-11T23:43:51.260+0000] {processor.py:830} INFO - Processing file /opt/airflow/dags/job_etl_dag.py for tasks to queue
[2026-05-11T23:43:51.266+0000] {logging_mixin.py:188} INFO - [2026-05-11T23:43:51.264+0000] {dagbag.py:538} INFO - Filling up the DagBag from /opt/airflow/dags/job_etl_dag.py
[2026-05-11T23:43:51.343+0000] {processor.py:840} INFO - DAG(s) 'job_market_etl' retrieved from /opt/airflow/dags/job_etl_dag.py
[2026-05-11T23:43:51.430+0000] {logging_mixin.py:188} INFO - [2026-05-11T23:43:51.430+0000] {dag.py:3036} INFO - Sync 1 DAGs
[2026-05-11T23:43:51.464+0000] {logging_mixin.py:188} INFO - [2026-05-11T23:43:51.463+0000] {dag.py:3823} INFO - Setting next_dagrun for job_market_etl to None, run_after=None
[2026-05-11T23:43:51.540+0000] {processor.py:183} INFO - Processing /opt/airflow/dags/job_etl_dag.py took 0.297 seconds
[2026-05-11T23:44:21.678+0000] {processor.py:161} INFO - Started process (PID=2220) to work on /opt/airflow/dags/job_etl_dag.py
[2026-05-11T23:44:21.681+0000] {processor.py:830} INFO - Processing file /opt/airflow/dags/job_etl_dag.py for tasks to queue
[2026-05-11T23:44:21.684+0000] {logging_mixin.py:188} INFO - [2026-05-11T23:44:21.683+0000] {dagbag.py:538} INFO - Filling up the DagBag from /opt/airflow/dags/job_etl_dag.py
[2026-05-11T23:44:21.739+0000] {processor.py:840} INFO - DAG(s) 'job_market_etl' retrieved from /opt/airflow/dags/job_etl_dag.py
[2026-05-11T23:44:21.813+0000] {logging_mixin.py:188} INFO - [2026-05-11T23:44:21.813+0000] {dag.py:3036} INFO - Sync 1 DAGs
[2026-05-11T23:44:21.842+0000] {logging_mixin.py:188} INFO - [2026-05-11T23:44:21.841+0000] {dag.py:3823} INFO - Setting next_dagrun for job_market_etl to None, run_after=None
[2026-05-11T23:44:21.905+0000] {processor.py:183} INFO - Processing /opt/airflow/dags/job_etl_dag.py took 0.237 seconds
[2026-05-11T23:44:52.336+0000] {processor.py:161} INFO - Started process (PID=2221) to work on /opt/airflow/dags/job_etl_dag.py
[2026-05-11T23:44:52.339+0000] {processor.py:830} INFO - Processing file /opt/airflow/dags/job_etl_dag.py for tasks to queue
[2026-05-11T23:44:52.343+0000] {logging_mixin.py:188} INFO - [2026-05-11T23:44:52.342+0000] {dagbag.py:538} INFO - Filling up the DagBag from /opt/airflow/dags/job_etl_dag.py
[2026-05-11T23:44:52.409+0000] {processor.py:840} INFO - DAG(s) 'job_market_etl' retrieved from /opt/airflow/dags/job_etl_dag.py
[2026-05-11T23:44:52.503+0000] {logging_mixin.py:188} INFO - [2026-05-11T23:44:52.502+0000] {dag.py:3036} INFO - Sync 1 DAGs
[2026-05-11T23:44:52.554+0000] {logging_mixin.py:188} INFO - [2026-05-11T23:44:52.553+0000] {dag.py:3823} INFO - Setting next_dagrun for job_market_etl to None, run_after=None
[2026-05-11T23:44:52.628+0000] {processor.py:183} INFO - Processing /opt/airflow/dags/job_etl_dag.py took 0.302 seconds
[2026-05-11T23:45:22.798+0000] {processor.py:161} INFO - Started process (PID=2222) to work on /opt/airflow/dags/job_etl_dag.py
[2026-05-11T23:45:22.803+0000] {processor.py:830} INFO - Processing file /opt/airflow/dags/job_etl_dag.py for tasks to queue
[2026-05-11T23:45:22.808+0000] {logging_mixin.py:188} INFO - [2026-05-11T23:45:22.806+0000] {dagbag.py:538} INFO - Filling up the DagBag from /opt/airflow/dags/job_etl_dag.py
[2026-05-11T23:45:22.889+0000] {processor.py:840} INFO - DAG(s) 'job_market_etl' retrieved from /opt/airflow/dags/job_etl_dag.py
[2026-05-11T23:45:22.986+0000] {logging_mixin.py:188} INFO - [2026-05-11T23:45:22.985+0000] {dag.py:3036} INFO - Sync 1 DAGs
[2026-05-11T23:45:23.017+0000] {logging_mixin.py:188} INFO - [2026-05-11T23:45:23.016+0000] {dag.py:3823} INFO - Setting next_dagrun for job_market_etl to None, run_after=None
[2026-05-11T23:45:23.092+0000] {processor.py:183} INFO - Processing /opt/airflow/dags/job_etl_dag.py took 0.312 seconds
[2026-05-11T23:45:53.498+0000] {processor.py:161} INFO - Started process (PID=2223) to work on /opt/airflow/dags/job_etl_dag.py
[2026-05-11T23:45:53.501+0000] {processor.py:830} INFO - Processing file /opt/airflow/dags/job_etl_dag.py for tasks to queue
[2026-05-11T23:45:53.506+0000] {logging_mixin.py:188} INFO - [2026-05-11T23:45:53.505+0000] {dagbag.py:538} INFO - Filling up the DagBag from /opt/airflow/dags/job_etl_dag.py
[2026-05-11T23:45:53.589+0000] {processor.py:840} INFO - DAG(s) 'job_market_etl' retrieved from /opt/airflow/dags/job_etl_dag.py
[2026-05-11T23:45:53.692+0000] {logging_mixin.py:188} INFO - [2026-05-11T23:45:53.692+0000] {dag.py:3036} INFO - Sync 1 DAGs
[2026-05-11T23:45:53.729+0000] {logging_mixin.py:188} INFO - [2026-05-11T23:45:53.728+0000] {dag.py:3823} INFO - Setting next_dagrun for job_market_etl to None, run_after=None
[2026-05-11T23:45:53.795+0000] {processor.py:183} INFO - Processing /opt/airflow/dags/job_etl_dag.py took 0.328 seconds
[2026-05-11T23:46:24.088+0000] {processor.py:161} INFO - Started process (PID=2224) to work on /opt/airflow/dags/job_etl_dag.py
[2026-05-11T23:46:24.091+0000] {processor.py:830} INFO - Processing file /opt/airflow/dags/job_etl_dag.py for tasks to queue
[2026-05-11T23:46:24.093+0000] {logging_mixin.py:188} INFO - [2026-05-11T23:46:24.093+0000] {dagbag.py:538} INFO - Filling up the DagBag from /opt/airflow/dags/job_etl_dag.py
[2026-05-11T23:46:24.153+0000] {processor.py:840} INFO - DAG(s) 'job_market_etl' retrieved from /opt/airflow/dags/job_etl_dag.py
[2026-05-11T23:46:24.231+0000] {logging_mixin.py:188} INFO - [2026-05-11T23:46:24.230+0000] {dag.py:3036} INFO - Sync 1 DAGs
[2026-05-11T23:46:24.259+0000] {logging_mixin.py:188} INFO - [2026-05-11T23:46:24.259+0000] {dag.py:3823} INFO - Setting next_dagrun for job_market_etl to None, run_after=None
[2026-05-11T23:46:24.321+0000] {processor.py:183} INFO - Processing /opt/airflow/dags/job_etl_dag.py took 0.244 seconds
[2026-05-11T23:46:54.605+0000] {processor.py:161} INFO - Started process (PID=2225) to work on /opt/airflow/dags/job_etl_dag.py
[2026-05-11T23:46:54.608+0000] {processor.py:830} INFO - Processing file /opt/airflow/dags/job_etl_dag.py for tasks to queue
[2026-05-11T23:46:54.611+0000] {logging_mixin.py:188} INFO - [2026-05-11T23:46:54.610+0000] {dagbag.py:538} INFO - Filling up the DagBag from /opt/airflow/dags/job_etl_dag.py
[2026-05-11T23:46:54.681+0000] {processor.py:840} INFO - DAG(s) 'job_market_etl' retrieved from /opt/airflow/dags/job_etl_dag.py
[2026-05-11T23:46:54.776+0000] {logging_mixin.py:188} INFO - [2026-05-11T23:46:54.775+0000] {dag.py:3036} INFO - Sync 1 DAGs
[2026-05-11T23:46:54.810+0000] {logging_mixin.py:188} INFO - [2026-05-11T23:46:54.809+0000] {dag.py:3823} INFO - Setting next_dagrun for job_market_etl to None, run_after=None
[2026-05-11T23:46:54.887+0000] {processor.py:183} INFO - Processing /opt/airflow/dags/job_etl_dag.py took 0.291 seconds
[2026-05-11T23:47:25.171+0000] {processor.py:161} INFO - Started process (PID=2226) to work on /opt/airflow/dags/job_etl_dag.py
[2026-05-11T23:47:25.175+0000] {processor.py:830} INFO - Processing file /opt/airflow/dags/job_etl_dag.py for tasks to queue
[2026-05-11T23:47:25.178+0000] {logging_mixin.py:188} INFO - [2026-05-11T23:47:25.177+0000] {dagbag.py:538} INFO - Filling up the DagBag from /opt/airflow/dags/job_etl_dag.py
[2026-05-11T23:47:25.246+0000] {processor.py:840} INFO - DAG(s) 'job_market_etl' retrieved from /opt/airflow/dags/job_etl_dag.py
[2026-05-11T23:47:25.326+0000] {logging_mixin.py:188} INFO - [2026-05-11T23:47:25.325+0000] {dag.py:3036} INFO - Sync 1 DAGs
[2026-05-11T23:47:25.360+0000] {logging_mixin.py:188} INFO - [2026-05-11T23:47:25.359+0000] {dag.py:3823} INFO - Setting next_dagrun for job_market_etl to None, run_after=None
[2026-05-11T23:47:25.430+0000] {processor.py:183} INFO - Processing /opt/airflow/dags/job_etl_dag.py took 0.271 seconds
[2026-05-11T23:47:55.678+0000] {processor.py:161} INFO - Started process (PID=2227) to work on /opt/airflow/dags/job_etl_dag.py
[2026-05-11T23:47:55.681+0000] {processor.py:830} INFO - Processing file /opt/airflow/dags/job_etl_dag.py for tasks to queue
[2026-05-11T23:47:55.684+0000] {logging_mixin.py:188} INFO - [2026-05-11T23:47:55.683+0000] {dagbag.py:538} INFO - Filling up the DagBag from /opt/airflow/dags/job_etl_dag.py
[2026-05-11T23:47:55.747+0000] {processor.py:840} INFO - DAG(s) 'job_market_etl' retrieved from /opt/airflow/dags/job_etl_dag.py
[2026-05-11T23:47:55.829+0000] {logging_mixin.py:188} INFO - [2026-05-11T23:47:55.828+0000] {dag.py:3036} INFO - Sync 1 DAGs
[2026-05-11T23:47:55.857+0000] {logging_mixin.py:188} INFO - [2026-05-11T23:47:55.857+0000] {dag.py:3823} INFO - Setting next_dagrun for job_market_etl to None, run_after=None
[2026-05-11T23:47:55.917+0000] {processor.py:183} INFO - Processing /opt/airflow/dags/job_etl_dag.py took 0.251 seconds
[2026-05-11T23:48:26.197+0000] {processor.py:161} INFO - Started process (PID=2228) to work on /opt/airflow/dags/job_etl_dag.py
[2026-05-11T23:48:26.200+0000] {processor.py:830} INFO - Processing file /opt/airflow/dags/job_etl_dag.py for tasks to queue
[2026-05-11T23:48:26.203+0000] {logging_mixin.py:188} INFO - [2026-05-11T23:48:26.202+0000] {dagbag.py:538} INFO - Filling up the DagBag from /opt/airflow/dags/job_etl_dag.py
[2026-05-11T23:48:26.259+0000] {processor.py:840} INFO - DAG(s) 'job_market_etl' retrieved from /opt/airflow/dags/job_etl_dag.py
[2026-05-11T23:48:26.348+0000] {logging_mixin.py:188} INFO - [2026-05-11T23:48:26.348+0000] {dag.py:3036} INFO - Sync 1 DAGs
[2026-05-11T23:48:26.381+0000] {logging_mixin.py:188} INFO - [2026-05-11T23:48:26.380+0000] {dag.py:3823} INFO - Setting next_dagrun for job_market_etl to None, run_after=None
[2026-05-11T23:48:26.435+0000] {processor.py:183} INFO - Processing /opt/airflow/dags/job_etl_dag.py took 0.250 seconds
[2026-05-11T23:48:56.730+0000] {processor.py:161} INFO - Started process (PID=2229) to work on /opt/airflow/dags/job_etl_dag.py
[2026-05-11T23:48:56.734+0000] {processor.py:830} INFO - Processing file /opt/airflow/dags/job_etl_dag.py for tasks to queue
[2026-05-11T23:48:56.738+0000] {logging_mixin.py:188} INFO - [2026-05-11T23:48:56.737+0000] {dagbag.py:538} INFO - Filling up the DagBag from /opt/airflow/dags/job_etl_dag.py
[2026-05-11T23:48:56.809+0000] {processor.py:840} INFO - DAG(s) 'job_market_etl' retrieved from /opt/airflow/dags/job_etl_dag.py
[2026-05-11T23:48:56.904+0000] {logging_mixin.py:188} INFO - [2026-05-11T23:48:56.903+0000] {dag.py:3036} INFO - Sync 1 DAGs
[2026-05-11T23:48:56.940+0000] {logging_mixin.py:188} INFO - [2026-05-11T23:48:56.940+0000] {dag.py:3823} INFO - Setting next_dagrun for job_market_etl to None, run_after=None
[2026-05-11T23:48:56.987+0000] {processor.py:183} INFO - Processing /opt/airflow/dags/job_etl_dag.py took 0.268 seconds
[2026-05-11T23:49:27.235+0000] {processor.py:161} INFO - Started process (PID=2230) to work on /opt/airflow/dags/job_etl_dag.py
[2026-05-11T23:49:27.239+0000] {processor.py:830} INFO - Processing file /opt/airflow/dags/job_etl_dag.py for tasks to queue
[2026-05-11T23:49:27.244+0000] {logging_mixin.py:188} INFO - [2026-05-11T23:49:27.243+0000] {dagbag.py:538} INFO - Filling up the DagBag from /opt/airflow/dags/job_etl_dag.py
[2026-05-11T23:49:27.328+0000] {processor.py:840} INFO - DAG(s) 'job_market_etl' retrieved from /opt/airflow/dags/job_etl_dag.py
[2026-05-11T23:49:27.411+0000] {logging_mixin.py:188} INFO - [2026-05-11T23:49:27.411+0000] {dag.py:3036} INFO - Sync 1 DAGs
[2026-05-11T23:49:27.442+0000] {logging_mixin.py:188} INFO - [2026-05-11T23:49:27.442+0000] {dag.py:3823} INFO - Setting next_dagrun for job_market_etl to None, run_after=None
[2026-05-11T23:49:27.498+0000] {processor.py:183} INFO - Processing /opt/airflow/dags/job_etl_dag.py took 0.274 seconds
[2026-05-11T23:49:57.772+0000] {processor.py:161} INFO - Started process (PID=2231) to work on /opt/airflow/dags/job_etl_dag.py
[2026-05-11T23:49:57.775+0000] {processor.py:830} INFO - Processing file /opt/airflow/dags/job_etl_dag.py for tasks to queue
[2026-05-11T23:49:57.779+0000] {logging_mixin.py:188} INFO - [2026-05-11T23:49:57.778+0000] {dagbag.py:538} INFO - Filling up the DagBag from /opt/airflow/dags/job_etl_dag.py
[2026-05-11T23:49:57.849+0000] {processor.py:840} INFO - DAG(s) 'job_market_etl' retrieved from /opt/airflow/dags/job_etl_dag.py
[2026-05-11T23:49:57.944+0000] {logging_mixin.py:188} INFO - [2026-05-11T23:49:57.943+0000] {dag.py:3036} INFO - Sync 1 DAGs
[2026-05-11T23:49:57.982+0000] {logging_mixin.py:188} INFO - [2026-05-11T23:49:57.981+0000] {dag.py:3823} INFO - Setting next_dagrun for job_market_etl to None, run_after=None
[2026-05-11T23:49:58.059+0000] {processor.py:183} INFO - Processing /opt/airflow/dags/job_etl_dag.py took 0.300 seconds
[2026-05-11T23:50:28.315+0000] {processor.py:161} INFO - Started process (PID=2232) to work on /opt/airflow/dags/job_etl_dag.py
[2026-05-11T23:50:28.318+0000] {processor.py:830} INFO - Processing file /opt/airflow/dags/job_etl_dag.py for tasks to queue
[2026-05-11T23:50:28.322+0000] {logging_mixin.py:188} INFO - [2026-05-11T23:50:28.321+0000] {dagbag.py:538} INFO - Filling up the DagBag from /opt/airflow/dags/job_etl_dag.py
[2026-05-11T23:50:28.394+0000] {processor.py:840} INFO - DAG(s) 'job_market_etl' retrieved from /opt/airflow/dags/job_etl_dag.py
[2026-05-11T23:50:28.502+0000] {logging_mixin.py:188} INFO - [2026-05-11T23:50:28.501+0000] {dag.py:3036} INFO - Sync 1 DAGs
[2026-05-11T23:50:28.549+0000] {logging_mixin.py:188} INFO - [2026-05-11T23:50:28.548+0000] {dag.py:3823} INFO - Setting next_dagrun for job_market_etl to None, run_after=None
[2026-05-11T23:50:28.635+0000] {processor.py:183} INFO - Processing /opt/airflow/dags/job_etl_dag.py took 0.344 seconds
[2026-05-11T23:50:58.969+0000] {processor.py:161} INFO - Started process (PID=2233) to work on /opt/airflow/dags/job_etl_dag.py
[2026-05-11T23:50:58.972+0000] {processor.py:830} INFO - Processing file /opt/airflow/dags/job_etl_dag.py for tasks to queue
[2026-05-11T23:50:58.975+0000] {logging_mixin.py:188} INFO - [2026-05-11T23:50:58.974+0000] {dagbag.py:538} INFO - Filling up the DagBag from /opt/airflow/dags/job_etl_dag.py
[2026-05-11T23:50:59.039+0000] {processor.py:840} INFO - DAG(s) 'job_market_etl' retrieved from /opt/airflow/dags/job_etl_dag.py
[2026-05-11T23:50:59.135+0000] {logging_mixin.py:188} INFO - [2026-05-11T23:50:59.134+0000] {dag.py:3036} INFO - Sync 1 DAGs
[2026-05-11T23:50:59.171+0000] {logging_mixin.py:188} INFO - [2026-05-11T23:50:59.170+0000] {dag.py:3823} INFO - Setting next_dagrun for job_market_etl to None, run_after=None
[2026-05-11T23:50:59.241+0000] {processor.py:183} INFO - Processing /opt/airflow/dags/job_etl_dag.py took 0.287 seconds
[2026-05-11T23:51:29.469+0000] {processor.py:161} INFO - Started process (PID=2234) to work on /opt/airflow/dags/job_etl_dag.py
[2026-05-11T23:51:29.473+0000] {processor.py:830} INFO - Processing file /opt/airflow/dags/job_etl_dag.py for tasks to queue
[2026-05-11T23:51:29.476+0000] {logging_mixin.py:188} INFO - [2026-05-11T23:51:29.475+0000] {dagbag.py:538} INFO - Filling up the DagBag from /opt/airflow/dags/job_etl_dag.py
[2026-05-11T23:51:29.539+0000] {processor.py:840} INFO - DAG(s) 'job_market_etl' retrieved from /opt/airflow/dags/job_etl_dag.py
[2026-05-11T23:51:29.631+0000] {logging_mixin.py:188} INFO - [2026-05-11T23:51:29.630+0000] {dag.py:3036} INFO - Sync 1 DAGs
[2026-05-11T23:51:29.666+0000] {logging_mixin.py:188} INFO - [2026-05-11T23:51:29.666+0000] {dag.py:3823} INFO - Setting next_dagrun for job_market_etl to None, run_after=None
[2026-05-11T23:51:29.742+0000] {processor.py:183} INFO - Processing /opt/airflow/dags/job_etl_dag.py took 0.286 seconds
[2026-05-11T23:52:00.033+0000] {processor.py:161} INFO - Started process (PID=2235) to work on /opt/airflow/dags/job_etl_dag.py
[2026-05-11T23:52:00.036+0000] {processor.py:830} INFO - Processing file /opt/airflow/dags/job_etl_dag.py for tasks to queue
[2026-05-11T23:52:00.040+0000] {logging_mixin.py:188} INFO - [2026-05-11T23:52:00.039+0000] {dagbag.py:538} INFO - Filling up the DagBag from /opt/airflow/dags/job_etl_dag.py
[2026-05-11T23:52:00.102+0000] {processor.py:840} INFO - DAG(s) 'job_market_etl' retrieved from /opt/airflow/dags/job_etl_dag.py
[2026-05-11T23:52:00.182+0000] {logging_mixin.py:188} INFO - [2026-05-11T23:52:00.181+0000] {dag.py:3036} INFO - Sync 1 DAGs
[2026-05-11T23:52:00.213+0000] {logging_mixin.py:188} INFO - [2026-05-11T23:52:00.212+0000] {dag.py:3823} INFO - Setting next_dagrun for job_market_etl to None, run_after=None
[2026-05-11T23:52:00.265+0000] {processor.py:183} INFO - Processing /opt/airflow/dags/job_etl_dag.py took 0.248 seconds
[2026-05-11T23:52:30.564+0000] {processor.py:161} INFO - Started process (PID=2236) to work on /opt/airflow/dags/job_etl_dag.py
[2026-05-11T23:52:30.567+0000] {processor.py:830} INFO - Processing file /opt/airflow/dags/job_etl_dag.py for tasks to queue
[2026-05-11T23:52:30.572+0000] {logging_mixin.py:188} INFO - [2026-05-11T23:52:30.570+0000] {dagbag.py:538} INFO - Filling up the DagBag from /opt/airflow/dags/job_etl_dag.py
[2026-05-11T23:52:30.646+0000] {processor.py:840} INFO - DAG(s) 'job_market_etl' retrieved from /opt/airflow/dags/job_etl_dag.py
[2026-05-11T23:52:30.745+0000] {logging_mixin.py:188} INFO - [2026-05-11T23:52:30.744+0000] {dag.py:3036} INFO - Sync 1 DAGs
[2026-05-11T23:52:30.784+0000] {logging_mixin.py:188} INFO - [2026-05-11T23:52:30.783+0000] {dag.py:3823} INFO - Setting next_dagrun for job_market_etl to None, run_after=None
[2026-05-11T23:52:30.845+0000] {processor.py:183} INFO - Processing /opt/airflow/dags/job_etl_dag.py took 0.296 seconds
[2026-05-11T23:53:01.060+0000] {processor.py:161} INFO - Started process (PID=2237) to work on /opt/airflow/dags/job_etl_dag.py
[2026-05-11T23:53:01.064+0000] {processor.py:830} INFO - Processing file /opt/airflow/dags/job_etl_dag.py for tasks to queue
[2026-05-11T23:53:01.067+0000] {logging_mixin.py:188} INFO - [2026-05-11T23:53:01.066+0000] {dagbag.py:538} INFO - Filling up the DagBag from /opt/airflow/dags/job_etl_dag.py
[2026-05-11T23:53:01.136+0000] {processor.py:840} INFO - DAG(s) 'job_market_etl' retrieved from /opt/airflow/dags/job_etl_dag.py
[2026-05-11T23:53:01.222+0000] {logging_mixin.py:188} INFO - [2026-05-11T23:53:01.222+0000] {dag.py:3036} INFO - Sync 1 DAGs
[2026-05-11T23:53:01.261+0000] {logging_mixin.py:188} INFO - [2026-05-11T23:53:01.261+0000] {dag.py:3823} INFO - Setting next_dagrun for job_market_etl to None, run_after=None
[2026-05-11T23:53:01.340+0000] {processor.py:183} INFO - Processing /opt/airflow/dags/job_etl_dag.py took 0.293 seconds
[2026-05-11T23:53:31.644+0000] {processor.py:161} INFO - Started process (PID=2238) to work on /opt/airflow/dags/job_etl_dag.py
[2026-05-11T23:53:31.647+0000] {processor.py:830} INFO - Processing file /opt/airflow/dags/job_etl_dag.py for tasks to queue
[2026-05-11T23:53:31.649+0000] {logging_mixin.py:188} INFO - [2026-05-11T23:53:31.649+0000] {dagbag.py:538} INFO - Filling up the DagBag from /opt/airflow/dags/job_etl_dag.py
[2026-05-11T23:53:31.712+0000] {processor.py:840} INFO - DAG(s) 'job_market_etl' retrieved from /opt/airflow/dags/job_etl_dag.py
[2026-05-11T23:53:31.788+0000] {logging_mixin.py:188} INFO - [2026-05-11T23:53:31.788+0000] {dag.py:3036} INFO - Sync 1 DAGs
[2026-05-11T23:53:31.818+0000] {logging_mixin.py:188} INFO - [2026-05-11T23:53:31.818+0000] {dag.py:3823} INFO - Setting next_dagrun for job_market_etl to None, run_after=None
[2026-05-11T23:53:31.879+0000] {processor.py:183} INFO - Processing /opt/airflow/dags/job_etl_dag.py took 0.246 seconds
[2026-05-11T23:54:02.023+0000] {processor.py:161} INFO - Started process (PID=2239) to work on /opt/airflow/dags/job_etl_dag.py
[2026-05-11T23:54:02.024+0000] {processor.py:830} INFO - Processing file /opt/airflow/dags/job_etl_dag.py for tasks to queue
[2026-05-11T23:54:02.026+0000] {logging_mixin.py:188} INFO - [2026-05-11T23:54:02.026+0000] {dagbag.py:538} INFO - Filling up the DagBag from /opt/airflow/dags/job_etl_dag.py
[2026-05-11T23:54:02.054+0000] {processor.py:840} INFO - DAG(s) 'job_market_etl' retrieved from /opt/airflow/dags/job_etl_dag.py
[2026-05-11T23:54:02.099+0000] {logging_mixin.py:188} INFO - [2026-05-11T23:54:02.099+0000] {dag.py:3036} INFO - Sync 1 DAGs
[2026-05-11T23:54:02.116+0000] {logging_mixin.py:188} INFO - [2026-05-11T23:54:02.116+0000] {dag.py:3823} INFO - Setting next_dagrun for job_market_etl to None, run_after=None
[2026-05-11T23:54:02.151+0000] {processor.py:183} INFO - Processing /opt/airflow/dags/job_etl_dag.py took 0.133 seconds
[2026-05-11T23:54:32.272+0000] {processor.py:161} INFO - Started process (PID=2240) to work on /opt/airflow/dags/job_etl_dag.py
[2026-05-11T23:54:32.273+0000] {processor.py:830} INFO - Processing file /opt/airflow/dags/job_etl_dag.py for tasks to queue
[2026-05-11T23:54:32.276+0000] {logging_mixin.py:188} INFO - [2026-05-11T23:54:32.275+0000] {dagbag.py:538} INFO - Filling up the DagBag from /opt/airflow/dags/job_etl_dag.py
[2026-05-11T23:54:32.306+0000] {processor.py:840} INFO - DAG(s) 'job_market_etl' retrieved from /opt/airflow/dags/job_etl_dag.py
[2026-05-11T23:54:32.353+0000] {logging_mixin.py:188} INFO - [2026-05-11T23:54:32.353+0000] {dag.py:3036} INFO - Sync 1 DAGs
[2026-05-11T23:54:32.370+0000] {logging_mixin.py:188} INFO - [2026-05-11T23:54:32.369+0000] {dag.py:3823} INFO - Setting next_dagrun for job_market_etl to None, run_after=None
[2026-05-11T23:54:32.413+0000] {processor.py:183} INFO - Processing /opt/airflow/dags/job_etl_dag.py took 0.146 seconds
[2026-05-11T23:55:02.633+0000] {processor.py:161} INFO - Started process (PID=2241) to work on /opt/airflow/dags/job_etl_dag.py
[2026-05-11T23:55:02.635+0000] {processor.py:830} INFO - Processing file /opt/airflow/dags/job_etl_dag.py for tasks to queue
[2026-05-11T23:55:02.636+0000] {logging_mixin.py:188} INFO - [2026-05-11T23:55:02.636+0000] {dagbag.py:538} INFO - Filling up the DagBag from /opt/airflow/dags/job_etl_dag.py
[2026-05-11T23:55:02.669+0000] {processor.py:840} INFO - DAG(s) 'job_market_etl' retrieved from /opt/airflow/dags/job_etl_dag.py
[2026-05-11T23:55:02.716+0000] {logging_mixin.py:188} INFO - [2026-05-11T23:55:02.715+0000] {dag.py:3036} INFO - Sync 1 DAGs
[2026-05-11T23:55:02.731+0000] {logging_mixin.py:188} INFO - [2026-05-11T23:55:02.731+0000] {dag.py:3823} INFO - Setting next_dagrun for job_market_etl to None, run_after=None
[2026-05-11T23:55:02.775+0000] {processor.py:183} INFO - Processing /opt/airflow/dags/job_etl_dag.py took 0.146 seconds
[2026-05-11T23:55:32.902+0000] {processor.py:161} INFO - Started process (PID=2242) to work on /opt/airflow/dags/job_etl_dag.py
[2026-05-11T23:55:32.904+0000] {processor.py:830} INFO - Processing file /opt/airflow/dags/job_etl_dag.py for tasks to queue
[2026-05-11T23:55:32.905+0000] {logging_mixin.py:188} INFO - [2026-05-11T23:55:32.905+0000] {dagbag.py:538} INFO - Filling up the DagBag from /opt/airflow/dags/job_etl_dag.py
[2026-05-11T23:55:32.937+0000] {processor.py:840} INFO - DAG(s) 'job_market_etl' retrieved from /opt/airflow/dags/job_etl_dag.py
[2026-05-11T23:55:32.977+0000] {logging_mixin.py:188} INFO - [2026-05-11T23:55:32.977+0000] {dag.py:3036} INFO - Sync 1 DAGs
[2026-05-11T23:55:32.992+0000] {logging_mixin.py:188} INFO - [2026-05-11T23:55:32.992+0000] {dag.py:3823} INFO - Setting next_dagrun for job_market_etl to None, run_after=None
[2026-05-11T23:55:33.023+0000] {processor.py:183} INFO - Processing /opt/airflow/dags/job_etl_dag.py took 0.127 seconds
[2026-05-11T23:56:03.303+0000] {processor.py:161} INFO - Started process (PID=2243) to work on /opt/airflow/dags/job_etl_dag.py
[2026-05-11T23:56:03.304+0000] {processor.py:830} INFO - Processing file /opt/airflow/dags/job_etl_dag.py for tasks to queue
[2026-05-11T23:56:03.307+0000] {logging_mixin.py:188} INFO - [2026-05-11T23:56:03.305+0000] {dagbag.py:538} INFO - Filling up the DagBag from /opt/airflow/dags/job_etl_dag.py
[2026-05-11T23:56:03.338+0000] {processor.py:840} INFO - DAG(s) 'job_market_etl' retrieved from /opt/airflow/dags/job_etl_dag.py
[2026-05-11T23:56:03.378+0000] {logging_mixin.py:188} INFO - [2026-05-11T23:56:03.378+0000] {dag.py:3036} INFO - Sync 1 DAGs
[2026-05-11T23:56:03.393+0000] {logging_mixin.py:188} INFO - [2026-05-11T23:56:03.393+0000] {dag.py:3823} INFO - Setting next_dagrun for job_market_etl to None, run_after=None
[2026-05-11T23:56:03.438+0000] {processor.py:183} INFO - Processing /opt/airflow/dags/job_etl_dag.py took 0.140 seconds
[2026-05-11T23:56:33.554+0000] {processor.py:161} INFO - Started process (PID=2244) to work on /opt/airflow/dags/job_etl_dag.py
[2026-05-11T23:56:33.556+0000] {processor.py:830} INFO - Processing file /opt/airflow/dags/job_etl_dag.py for tasks to queue
[2026-05-11T23:56:33.559+0000] {logging_mixin.py:188} INFO - [2026-05-11T23:56:33.558+0000] {dagbag.py:538} INFO - Filling up the DagBag from /opt/airflow/dags/job_etl_dag.py
[2026-05-11T23:56:33.592+0000] {processor.py:840} INFO - DAG(s) 'job_market_etl' retrieved from /opt/airflow/dags/job_etl_dag.py
[2026-05-11T23:56:33.632+0000] {logging_mixin.py:188} INFO - [2026-05-11T23:56:33.632+0000] {dag.py:3036} INFO - Sync 1 DAGs
[2026-05-11T23:56:33.646+0000] {logging_mixin.py:188} INFO - [2026-05-11T23:56:33.646+0000] {dag.py:3823} INFO - Setting next_dagrun for job_market_etl to None, run_after=None
[2026-05-11T23:56:33.678+0000] {processor.py:183} INFO - Processing /opt/airflow/dags/job_etl_dag.py took 0.130 seconds
[2026-05-11T23:57:03.913+0000] {processor.py:161} INFO - Started process (PID=2245) to work on /opt/airflow/dags/job_etl_dag.py
[2026-05-11T23:57:03.914+0000] {processor.py:830} INFO - Processing file /opt/airflow/dags/job_etl_dag.py for tasks to queue
[2026-05-11T23:57:03.916+0000] {logging_mixin.py:188} INFO - [2026-05-11T23:57:03.916+0000] {dagbag.py:538} INFO - Filling up the DagBag from /opt/airflow/dags/job_etl_dag.py
[2026-05-11T23:57:03.952+0000] {processor.py:840} INFO - DAG(s) 'job_market_etl' retrieved from /opt/airflow/dags/job_etl_dag.py
[2026-05-11T23:57:03.995+0000] {logging_mixin.py:188} INFO - [2026-05-11T23:57:03.994+0000] {dag.py:3036} INFO - Sync 1 DAGs
[2026-05-11T23:57:04.015+0000] {logging_mixin.py:188} INFO - [2026-05-11T23:57:04.014+0000] {dag.py:3823} INFO - Setting next_dagrun for job_market_etl to None, run_after=None
[2026-05-11T23:57:04.051+0000] {processor.py:183} INFO - Processing /opt/airflow/dags/job_etl_dag.py took 0.142 seconds
[2026-05-11T23:57:34.173+0000] {processor.py:161} INFO - Started process (PID=2246) to work on /opt/airflow/dags/job_etl_dag.py
[2026-05-11T23:57:34.175+0000] {processor.py:830} INFO - Processing file /opt/airflow/dags/job_etl_dag.py for tasks to queue
[2026-05-11T23:57:34.177+0000] {logging_mixin.py:188} INFO - [2026-05-11T23:57:34.176+0000] {dagbag.py:538} INFO - Filling up the DagBag from /opt/airflow/dags/job_etl_dag.py
[2026-05-11T23:57:34.209+0000] {processor.py:840} INFO - DAG(s) 'job_market_etl' retrieved from /opt/airflow/dags/job_etl_dag.py
[2026-05-11T23:57:34.252+0000] {logging_mixin.py:188} INFO - [2026-05-11T23:57:34.251+0000] {dag.py:3036} INFO - Sync 1 DAGs
[2026-05-11T23:57:34.274+0000] {logging_mixin.py:188} INFO - [2026-05-11T23:57:34.274+0000] {dag.py:3823} INFO - Setting next_dagrun for job_market_etl to None, run_after=None
[2026-05-11T23:57:34.310+0000] {processor.py:183} INFO - Processing /opt/airflow/dags/job_etl_dag.py took 0.143 seconds
[2026-05-11T23:58:04.536+0000] {processor.py:161} INFO - Started process (PID=2247) to work on /opt/airflow/dags/job_etl_dag.py
[2026-05-11T23:58:04.538+0000] {processor.py:830} INFO - Processing file /opt/airflow/dags/job_etl_dag.py for tasks to queue
[2026-05-11T23:58:04.540+0000] {logging_mixin.py:188} INFO - [2026-05-11T23:58:04.539+0000] {dagbag.py:538} INFO - Filling up the DagBag from /opt/airflow/dags/job_etl_dag.py
[2026-05-11T23:58:04.574+0000] {processor.py:840} INFO - DAG(s) 'job_market_etl' retrieved from /opt/airflow/dags/job_etl_dag.py
[2026-05-11T23:58:04.618+0000] {logging_mixin.py:188} INFO - [2026-05-11T23:58:04.617+0000] {dag.py:3036} INFO - Sync 1 DAGs
[2026-05-11T23:58:04.634+0000] {logging_mixin.py:188} INFO - [2026-05-11T23:58:04.634+0000] {dag.py:3823} INFO - Setting next_dagrun for job_market_etl to None, run_after=None
[2026-05-11T23:58:04.679+0000] {processor.py:183} INFO - Processing /opt/airflow/dags/job_etl_dag.py took 0.146 seconds
[2026-05-11T23:58:34.793+0000] {processor.py:161} INFO - Started process (PID=2248) to work on /opt/airflow/dags/job_etl_dag.py
[2026-05-11T23:58:34.795+0000] {processor.py:830} INFO - Processing file /opt/airflow/dags/job_etl_dag.py for tasks to queue
[2026-05-11T23:58:34.797+0000] {logging_mixin.py:188} INFO - [2026-05-11T23:58:34.797+0000] {dagbag.py:538} INFO - Filling up the DagBag from /opt/airflow/dags/job_etl_dag.py
[2026-05-11T23:58:34.830+0000] {processor.py:840} INFO - DAG(s) 'job_market_etl' retrieved from /opt/airflow/dags/job_etl_dag.py
[2026-05-11T23:58:34.875+0000] {logging_mixin.py:188} INFO - [2026-05-11T23:58:34.875+0000] {dag.py:3036} INFO - Sync 1 DAGs
[2026-05-11T23:58:34.892+0000] {logging_mixin.py:188} INFO - [2026-05-11T23:58:34.891+0000] {dag.py:3823} INFO - Setting next_dagrun for job_market_etl to None, run_after=None
[2026-05-11T23:58:34.938+0000] {processor.py:183} INFO - Processing /opt/airflow/dags/job_etl_dag.py took 0.151 seconds
[2026-05-11T23:59:05.166+0000] {processor.py:161} INFO - Started process (PID=2249) to work on /opt/airflow/dags/job_etl_dag.py
[2026-05-11T23:59:05.167+0000] {processor.py:830} INFO - Processing file /opt/airflow/dags/job_etl_dag.py for tasks to queue
[2026-05-11T23:59:05.169+0000] {logging_mixin.py:188} INFO - [2026-05-11T23:59:05.168+0000] {dagbag.py:538} INFO - Filling up the DagBag from /opt/airflow/dags/job_etl_dag.py
[2026-05-11T23:59:05.202+0000] {processor.py:840} INFO - DAG(s) 'job_market_etl' retrieved from /opt/airflow/dags/job_etl_dag.py
[2026-05-11T23:59:05.241+0000] {logging_mixin.py:188} INFO - [2026-05-11T23:59:05.241+0000] {dag.py:3036} INFO - Sync 1 DAGs
[2026-05-11T23:59:05.256+0000] {logging_mixin.py:188} INFO - [2026-05-11T23:59:05.256+0000] {dag.py:3823} INFO - Setting next_dagrun for job_market_etl to None, run_after=None
[2026-05-11T23:59:05.287+0000] {processor.py:183} INFO - Processing /opt/airflow/dags/job_etl_dag.py took 0.125 seconds
[2026-05-11T23:59:35.423+0000] {processor.py:161} INFO - Started process (PID=2250) to work on /opt/airflow/dags/job_etl_dag.py
[2026-05-11T23:59:35.424+0000] {processor.py:830} INFO - Processing file /opt/airflow/dags/job_etl_dag.py for tasks to queue
[2026-05-11T23:59:35.427+0000] {logging_mixin.py:188} INFO - [2026-05-11T23:59:35.426+0000] {dagbag.py:538} INFO - Filling up the DagBag from /opt/airflow/dags/job_etl_dag.py
[2026-05-11T23:59:35.458+0000] {processor.py:840} INFO - DAG(s) 'job_market_etl' retrieved from /opt/airflow/dags/job_etl_dag.py
[2026-05-11T23:59:35.515+0000] {logging_mixin.py:188} INFO - [2026-05-11T23:59:35.514+0000] {dag.py:3036} INFO - Sync 1 DAGs
[2026-05-11T23:59:35.532+0000] {logging_mixin.py:188} INFO - [2026-05-11T23:59:35.532+0000] {dag.py:3823} INFO - Setting next_dagrun for job_market_etl to None, run_after=None
[2026-05-11T23:59:35.575+0000] {processor.py:183} INFO - Processing /opt/airflow/dags/job_etl_dag.py took 0.156 seconds
